month,account_id,arr_eur,new_arr_eur,expansion_arr_eur,contraction_arr_eur,churned_arr_eur,usage_overage_revenue_eur,total_executions
2025-05-01,001A000015,32292.00,32292.00,0.00,0.00,0.00,0.00,11787
2025-06-01,001A000015,32292.00,0.00,0.00,0.00,0.00,0.00,11698
2025-07-01,001A000015,32292.00,0.00,0.00,0.00,0.00,0.00,15299
2025-08-01,001A000015,32292.00,0.00,0.00,0.00,0.00,0.00,11032
2025-09-01,001A000015,32292.00,0.00,0.00,0.00,0.00,0.00,15147
2025-10-01,001A000015,32292.00,0.00,0.00,0.00,0.00,0.00,21732
2025-11-01,001A000015,32292.00,0.00,0.00,0.00,0.00,0.00,24035
2025-12-01,001A000015,32292.00,0.00,0.00,0.00,0.00,0.00,24023
2026-01-01,001A000015,32292.00,0.00,0.00,0.00,0.00,0.00,13915
2026-02-01,001A000015,32292.00,0.00,0.00,0.00,0.00,0.00,43950
2026-03-01,001A000015,32292.00,0.00,0.00,0.00,0.00,0.00,32178
2026-04-01,001A000015,32292.00,0.00,0.00,0.00,0.00,0.00,36771
2026-05-01,001A000015,36592.00,0.00,4300.00,0.00,0.00,0.00,29349
2026-06-01,001A000015,36592.00,0.00,0.00,0.00,0.00,0.00,60223
2026-07-01,001A000015,36592.00,0.00,0.00,0.00,0.00,0.00,49934
2026-08-01,001A000015,36592.00,0.00,0.00,0.00,0.00,0.00,25318
2026-09-01,001A000015,36592.00,0.00,0.00,0.00,0.00,0.00,85791
2025-11-01,001A000018,18860.00,18860.00,0.00,0.00,0.00,0.00,815
2025-12-01,001A000018,18860.00,0.00,0.00,0.00,0.00,0.00,1254
2026-01-01,001A000018,18860.00,0.00,0.00,0.00,0.00,0.00,1088
2026-02-01,001A000018,18860.00,0.00,0.00,0.00,0.00,0.00,1044
2026-03-01,001A000018,18860.00,0.00,0.00,0.00,0.00,0.00,1010
2026-04-01,001A000018,18860.00,0.00,0.00,0.00,0.00,0.00,1117
2026-05-01,001A000018,18860.00,0.00,0.00,0.00,0.00,0.00,872
2026-06-01,001A000018,18860.00,0.00,0.00,0.00,0.00,0.00,901
2026-07-01,001A000018,18860.00,0.00,0.00,0.00,0.00,0.00,925
2026-08-01,001A000018,18860.00,0.00,0.00,0.00,0.00,0.00,1143
2026-09-01,001A000018,18860.00,0.00,0.00,0.00,0.00,0.00,677
2025-09-01,001A000021,26500.00,26500.00,0.00,0.00,0.00,0.00,678
2025-10-01,001A000021,26500.00,0.00,0.00,0.00,0.00,0.00,1391
2025-11-01,001A000021,26500.00,0.00,0.00,0.00,0.00,0.00,2110
2025-12-01,001A000021,26500.00,0.00,0.00,0.00,0.00,0.00,4449
2026-01-01,001A000021,26500.00,0.00,0.00,0.00,0.00,0.00,2688
2026-02-01,001A000021,26500.00,0.00,0.00,0.00,0.00,0.00,3589
2026-03-01,001A000021,26500.00,0.00,0.00,0.00,0.00,0.00,4472
2026-04-01,001A000021,26500.00,0.00,0.00,0.00,0.00,0.00,5701
2026-05-01,001A000021,26500.00,0.00,0.00,0.00,0.00,0.00,5583
2026-06-01,001A000021,26500.00,0.00,0.00,0.00,0.00,0.00,9822
2026-07-01,001A000021,26500.00,0.00,0.00,0.00,0.00,0.00,7533
2026-08-01,001A000021,26500.00,0.00,0.00,0.00,0.00,0.00,11930
2026-09-01,001A000021,28000.00,0.00,1500.00,0.00,0.00,0.00,14901
2026-06-01,001A000039,69276.00,69276.00,0.00,0.00,0.00,0.00,6762
2026-07-01,001A000039,69276.00,0.00,0.00,0.00,0.00,0.00,5870
2026-08-01,001A000039,69276.00,0.00,0.00,0.00,0.00,0.00,6532
2026-09-01,001A000039,69276.00,0.00,0.00,0.00,0.00,0.00,11226
2025-11-01,001A000049,14500.00,14500.00,0.00,0.00,0.00,0.00,8366
2025-12-01,001A000049,14500.00,0.00,0.00,0.00,0.00,0.00,13173
2026-01-01,001A000049,14500.00,0.00,0.00,0.00,0.00,0.00,9651
2026-02-01,001A000049,14500.00,0.00,0.00,0.00,0.00,0.00,8379
2026-03-01,001A000049,14500.00,0.00,0.00,0.00,0.00,0.00,9554
2026-04-01,001A000049,14500.00,0.00,0.00,0.00,0.00,0.00,14200
2026-05-01,001A000049,14500.00,0.00,0.00,0.00,0.00,0.00,18988
2026-06-01,001A000049,14500.00,0.00,0.00,0.00,0.00,0.00,20462
2026-07-01,001A000049,14500.00,0.00,0.00,0.00,0.00,0.00,28918
2026-08-01,001A000049,21200.00,0.00,6700.00,0.00,0.00,0.00,29576
2026-09-01,001A000049,21200.00,0.00,0.00,0.00,0.00,0.00,43562
2025-05-01,001A000055,40664.00,40664.00,0.00,0.00,0.00,0.00,6236
2025-06-01,001A000055,40664.00,0.00,0.00,0.00,0.00,0.00,1919
2025-07-01,001A000055,40664.00,0.00,0.00,0.00,0.00,0.00,2229
2025-08-01,001A000055,40664.00,0.00,0.00,0.00,0.00,0.00,1802
2025-09-01,001A000055,40664.00,0.00,0.00,0.00,0.00,0.00,5032
2025-10-01,001A000055,40664.00,0.00,0.00,0.00,0.00,0.00,4748
2025-11-01,001A000055,40664.00,0.00,0.00,0.00,0.00,0.00,12206
2025-12-01,001A000055,40664.00,0.00,0.00,0.00,0.00,0.00,10788
2026-01-01,001A000055,40664.00,0.00,0.00,0.00,0.00,0.00,14590
2026-02-01,001A000055,40664.00,0.00,0.00,0.00,0.00,0.00,27829
2026-03-01,001A000055,40664.00,0.00,0.00,0.00,0.00,0.00,21712
2026-04-01,001A000055,40664.00,0.00,0.00,0.00,0.00,0.00,18781
2026-05-01,001A000055,40664.00,0.00,0.00,0.00,0.00,0.00,20891
2026-06-01,001A000055,40664.00,0.00,0.00,0.00,0.00,0.00,19421
2026-07-01,001A000055,40664.00,0.00,0.00,0.00,0.00,0.00,28207
2026-08-01,001A000055,49588.00,0.00,8924.00,0.00,0.00,0.00,29871
2026-09-01,001A000055,49588.00,0.00,0.00,0.00,0.00,0.00,22433
2026-02-01,001A000059,20500.00,20500.00,0.00,0.00,0.00,0.00,8903
2026-03-01,001A000059,20500.00,0.00,0.00,0.00,0.00,0.00,10263
2026-04-01,001A000059,20500.00,0.00,0.00,0.00,0.00,0.00,17580
2026-05-01,001A000059,20500.00,0.00,0.00,0.00,0.00,0.00,14188
2026-06-01,001A000059,20500.00,0.00,0.00,0.00,0.00,0.00,13125
2026-07-01,001A000059,20500.00,0.00,0.00,0.00,0.00,0.00,18286
2026-08-01,001A000059,20500.00,0.00,0.00,0.00,0.00,0.00,15854
2026-09-01,001A000059,20500.00,0.00,0.00,0.00,0.00,0.00,14576
2025-06-01,001A000060,64492.00,64492.00,0.00,0.00,0.00,0.00,9571
2025-07-01,001A000060,64492.00,0.00,0.00,0.00,0.00,0.00,12986
2025-08-01,001A000060,64492.00,0.00,0.00,0.00,0.00,0.00,15290
2025-09-01,001A000060,64492.00,0.00,0.00,0.00,0.00,0.00,23570
2025-10-01,001A000060,64492.00,0.00,0.00,0.00,0.00,0.00,20505
2025-11-01,001A000060,64492.00,0.00,0.00,0.00,0.00,0.00,22246
2025-12-01,001A000060,64492.00,0.00,0.00,0.00,0.00,0.00,20704
2026-01-01,001A000060,64492.00,0.00,0.00,0.00,0.00,0.00,34696
2026-02-01,001A000060,64492.00,0.00,0.00,0.00,0.00,0.00,44429
2026-03-01,001A000060,64492.00,0.00,0.00,0.00,0.00,0.00,44494
2026-04-01,001A000060,82616.00,0.00,18124.00,0.00,0.00,0.00,40202
2026-05-01,001A000060,82616.00,0.00,0.00,0.00,0.00,0.00,60918
2026-06-01,001A000060,70816.00,0.00,0.00,-11800.00,0.00,0.00,82598
2026-07-01,001A000060,70816.00,0.00,0.00,0.00,0.00,0.00,58313
2026-08-01,001A000060,70816.00,0.00,0.00,0.00,0.00,0.00,54986
2026-09-01,001A000060,70816.00,0.00,0.00,0.00,0.00,0.00,108305
2025-12-01,001A000067,55200.00,55200.00,0.00,0.00,0.00,0.00,3906
2026-01-01,001A000067,55200.00,0.00,0.00,0.00,0.00,0.00,638
2026-02-01,001A000067,55200.00,0.00,0.00,0.00,0.00,0.00,1206
2026-03-01,001A000067,55200.00,0.00,0.00,0.00,0.00,0.00,943
2026-04-01,001A000067,55200.00,0.00,0.00,0.00,0.00,0.00,1420
2026-05-01,001A000067,55200.00,0.00,0.00,0.00,0.00,0.00,1438
2026-06-01,001A000067,55200.00,0.00,0.00,0.00,0.00,0.00,863
2026-07-01,001A000067,55200.00,0.00,0.00,0.00,0.00,0.00,699
2026-08-01,001A000067,55200.00,0.00,0.00,0.00,0.00,0.00,955
2026-09-01,001A000067,55200.00,0.00,0.00,0.00,0.00,0.00,1312
2026-06-01,001A000072,33948.00,33948.00,0.00,0.00,0.00,0.00,1003
2026-07-01,001A000072,33948.00,0.00,0.00,0.00,0.00,0.00,2018
2026-08-01,001A000072,33948.00,0.00,0.00,0.00,0.00,0.00,913
2026-09-01,001A000072,33948.00,0.00,0.00,0.00,0.00,0.00,2077
2025-04-01,001A000073,21528.00,21528.00,0.00,0.00,0.00,0.00,25783
2025-05-01,001A000073,21528.00,0.00,0.00,0.00,0.00,0.00,51654
2025-06-01,001A000073,21528.00,0.00,0.00,0.00,0.00,0.00,54817
2025-07-01,001A000073,21528.00,0.00,0.00,0.00,0.00,0.00,56308
2025-08-01,001A000073,21528.00,0.00,0.00,0.00,0.00,0.00,58977
2025-09-01,001A000073,24570.00,0.00,3042.00,0.00,0.00,0.00,85482
2025-10-01,001A000073,24570.00,0.00,0.00,0.00,0.00,0.00,49579
2025-11-01,001A000073,24570.00,0.00,0.00,0.00,0.00,184.69,169022
2025-12-01,001A000073,24570.00,0.00,0.00,0.00,0.00,0.00,102067
2026-01-01,001A000073,24570.00,0.00,0.00,0.00,0.00,203.10,173625
2026-02-01,001A000073,24570.00,0.00,0.00,0.00,0.00,329.62,205256
2026-03-01,001A000073,24570.00,0.00,0.00,0.00,0.00,850.00,335351
2026-04-01,001A000073,34632.00,0.00,10062.00,0.00,0.00,1125.95,454648
2026-05-01,001A000073,34632.00,0.00,0.00,0.00,0.00,767.59,365058
2026-06-01,001A000073,34632.00,0.00,0.00,0.00,0.00,1860.90,638385
2026-07-01,001A000073,34632.00,0.00,0.00,0.00,0.00,4377.32,1267491
2026-08-01,001A000073,34632.00,0.00,0.00,0.00,0.00,1483.18,543954
2026-09-01,001A000073,34632.00,0.00,0.00,0.00,0.00,1764.04,614169
2025-09-01,001A000074,116700.00,116700.00,0.00,0.00,0.00,0.00,19865
2025-10-01,001A000074,116700.00,0.00,0.00,0.00,0.00,0.00,23924
2025-11-01,001A000074,116700.00,0.00,0.00,0.00,0.00,0.00,34456
2025-12-01,001A000074,116700.00,0.00,0.00,0.00,0.00,0.00,31546
2026-01-01,001A000074,116700.00,0.00,0.00,0.00,0.00,0.00,20214
2026-02-01,001A000074,139600.00,0.00,22900.00,0.00,0.00,0.00,43268
2026-03-01,001A000074,139600.00,0.00,0.00,0.00,0.00,0.00,38624
2026-04-01,001A000074,139600.00,0.00,0.00,0.00,0.00,0.00,39788
2026-05-01,001A000074,139600.00,0.00,0.00,0.00,0.00,0.00,46814
2026-06-01,001A000074,139600.00,0.00,0.00,0.00,0.00,0.00,74834
2026-07-01,001A000074,139600.00,0.00,0.00,0.00,0.00,0.00,61833
2026-08-01,001A000074,139600.00,0.00,0.00,0.00,0.00,0.00,57286
2026-09-01,001A000074,139600.00,0.00,0.00,0.00,0.00,0.00,69803
2026-03-01,001A000078,5700.00,5700.00,0.00,0.00,0.00,0.00,6127
2026-04-01,001A000078,5700.00,0.00,0.00,0.00,0.00,0.00,6647
2026-05-01,001A000078,5700.00,0.00,0.00,0.00,0.00,0.00,8413
2026-06-01,001A000078,5700.00,0.00,0.00,0.00,0.00,0.00,12302
2026-07-01,001A000078,9300.00,0.00,3600.00,0.00,0.00,0.00,6768
2026-08-01,001A000078,9300.00,0.00,0.00,0.00,0.00,0.00,5477
2026-09-01,001A000078,9300.00,0.00,0.00,0.00,0.00,0.00,9013
2026-09-01,001A000090,22400.00,22400.00,0.00,0.00,0.00,0.00,20816
2025-06-01,001A000096,9300.00,9300.00,0.00,0.00,0.00,0.00,25716
2025-07-01,001A000096,9300.00,0.00,0.00,0.00,0.00,0.00,29527
2025-08-01,001A000096,9300.00,0.00,0.00,0.00,0.00,0.00,20769
2025-09-01,001A000096,9300.00,0.00,0.00,0.00,0.00,0.00,32325
2025-10-01,001A000096,9300.00,0.00,0.00,0.00,0.00,76.38,65596
2025-11-01,001A000096,9300.00,0.00,0.00,0.00,0.00,112.64,74659
2025-12-01,001A000096,9300.00,0.00,0.00,0.00,0.00,72.11,64528
2026-01-01,001A000096,9300.00,0.00,0.00,0.00,0.00,50.81,59202
2026-02-01,001A000096,9300.00,0.00,0.00,0.00,0.00,187.70,93424
2026-03-01,001A000096,9300.00,0.00,0.00,0.00,0.00,116.47,75617
2026-04-01,001A000096,9300.00,0.00,0.00,0.00,0.00,278.40,116099
2026-05-01,001A000096,9300.00,0.00,0.00,0.00,0.00,160.23,86557
2026-06-01,001A000096,10400.00,0.00,1100.00,0.00,0.00,702.42,227606
2026-07-01,001A000096,10400.00,0.00,0.00,0.00,0.00,466.09,168523
2026-08-01,001A000096,10400.00,0.00,0.00,0.00,0.00,834.41,260603
2026-09-01,001A000096,10400.00,0.00,0.00,0.00,0.00,1254.18,365545
2026-01-01,001A000119,22908.00,22908.00,0.00,0.00,0.00,0.00,1674
2026-02-01,001A000119,22908.00,0.00,0.00,0.00,0.00,0.00,1479
2026-03-01,001A000119,22908.00,0.00,0.00,0.00,0.00,0.00,975
2026-04-01,001A000119,22908.00,0.00,0.00,0.00,0.00,0.00,1252
2026-05-01,001A000119,22908.00,0.00,0.00,0.00,0.00,0.00,945
2026-06-01,001A000119,22908.00,0.00,0.00,0.00,0.00,0.00,1144
2026-07-01,001A000119,22908.00,0.00,0.00,0.00,0.00,0.00,1378
2026-08-01,001A000119,31004.00,0.00,8096.00,0.00,0.00,0.00,1128
2026-09-01,001A000119,31004.00,0.00,0.00,0.00,0.00,0.00,1392
2026-01-01,001A000126,14000.00,14000.00,0.00,0.00,0.00,0.00,15426
2026-02-01,001A000126,14000.00,0.00,0.00,0.00,0.00,0.00,17197
2026-03-01,001A000126,14000.00,0.00,0.00,0.00,0.00,0.00,14816
2026-04-01,001A000126,14000.00,0.00,0.00,0.00,0.00,0.00,3515
2026-05-01,001A000126,14000.00,0.00,0.00,0.00,0.00,0.00,3975
2026-06-01,001A000126,14000.00,0.00,0.00,0.00,0.00,0.00,5036
2026-07-01,001A000126,14000.00,0.00,0.00,0.00,0.00,0.00,3552
2026-08-01,001A000126,14000.00,0.00,0.00,0.00,0.00,0.00,5641
2026-09-01,001A000126,14000.00,0.00,0.00,0.00,0.00,0.00,4403
2026-03-01,001A000132,72772.00,72772.00,0.00,0.00,0.00,0.00,49010
2026-04-01,001A000132,72772.00,0.00,0.00,0.00,0.00,0.00,56032
2026-05-01,001A000132,72772.00,0.00,0.00,0.00,0.00,0.00,51605
2026-06-01,001A000132,72772.00,0.00,0.00,0.00,0.00,0.00,62964
2026-07-01,001A000132,72772.00,0.00,0.00,0.00,0.00,0.00,67590
2026-08-01,001A000132,72772.00,0.00,0.00,0.00,0.00,0.00,54416
2026-09-01,001A000132,72772.00,0.00,0.00,0.00,0.00,0.00,64021
2025-10-01,001A000135,17900.00,17900.00,0.00,0.00,0.00,0.00,3350
2025-11-01,001A000135,17900.00,0.00,0.00,0.00,0.00,0.00,4620
2025-12-01,001A000135,17900.00,0.00,0.00,0.00,0.00,0.00,8509
2026-01-01,001A000135,17900.00,0.00,0.00,0.00,0.00,0.00,5994
2026-02-01,001A000135,17900.00,0.00,0.00,0.00,0.00,0.00,7504
2026-03-01,001A000135,17900.00,0.00,0.00,0.00,0.00,0.00,14757
2026-04-01,001A000135,17900.00,0.00,0.00,0.00,0.00,0.00,12381
2026-05-01,001A000135,17900.00,0.00,0.00,0.00,0.00,0.00,6980
2026-06-01,001A000135,17900.00,0.00,0.00,0.00,0.00,0.00,9955
2026-07-01,001A000135,17900.00,0.00,0.00,0.00,0.00,0.00,7344
2026-08-01,001A000135,17900.00,0.00,0.00,0.00,0.00,0.00,8698
2026-09-01,001A000135,17900.00,0.00,0.00,0.00,0.00,0.00,12780
2026-04-01,001A000152,40600.00,40600.00,0.00,0.00,0.00,0.00,22573
2026-05-01,001A000152,40600.00,0.00,0.00,0.00,0.00,0.00,23141
2026-06-01,001A000152,40600.00,0.00,0.00,0.00,0.00,0.00,21343
2026-07-01,001A000152,40600.00,0.00,0.00,0.00,0.00,0.00,25317
2026-08-01,001A000152,40600.00,0.00,0.00,0.00,0.00,0.00,25495
2026-09-01,001A000152,40600.00,0.00,0.00,0.00,0.00,0.00,40307
2026-08-01,001A000153,15900.00,15900.00,0.00,0.00,0.00,0.00,19058
2026-09-01,001A000153,15900.00,0.00,0.00,0.00,0.00,0.00,16353
2025-01-01,001A000167,50140.00,50140.00,0.00,0.00,0.00,0.00,7497
2025-02-01,001A000167,50140.00,0.00,0.00,0.00,0.00,0.00,4513
2025-03-01,001A000167,50140.00,0.00,0.00,0.00,0.00,0.00,4170
2025-04-01,001A000167,50140.00,0.00,0.00,0.00,0.00,0.00,6573
2025-05-01,001A000167,50140.00,0.00,0.00,0.00,0.00,0.00,4050
2025-06-01,001A000167,50140.00,0.00,0.00,0.00,0.00,0.00,5873
2025-07-01,001A000167,50140.00,0.00,0.00,0.00,0.00,0.00,5305
2025-08-01,001A000167,50140.00,0.00,0.00,0.00,0.00,0.00,4032
2025-09-01,001A000167,50140.00,0.00,0.00,0.00,0.00,0.00,5400
2025-10-01,001A000167,50140.00,0.00,0.00,0.00,0.00,0.00,3829
2025-11-01,001A000167,50140.00,0.00,0.00,0.00,0.00,0.00,9793
2025-12-01,001A000167,50140.00,0.00,0.00,0.00,0.00,0.00,10238
2026-01-01,001A000167,50140.00,0.00,0.00,0.00,0.00,0.00,7410
2026-02-01,001A000167,50140.00,0.00,0.00,0.00,0.00,0.00,9106
2026-03-01,001A000167,50140.00,0.00,0.00,0.00,0.00,0.00,12492
2026-04-01,001A000167,50140.00,0.00,0.00,0.00,0.00,0.00,10551
2026-05-01,001A000167,50140.00,0.00,0.00,0.00,0.00,0.00,10418
2026-06-01,001A000167,50140.00,0.00,0.00,0.00,0.00,0.00,24834
2026-07-01,001A000167,50140.00,0.00,0.00,0.00,0.00,0.00,10105
2026-08-01,001A000167,50140.00,0.00,0.00,0.00,0.00,0.00,12579
2026-09-01,001A000167,50140.00,0.00,0.00,0.00,0.00,0.00,0
2026-03-01,001A000174,32900.00,32900.00,0.00,0.00,0.00,0.00,5999
2026-04-01,001A000174,32900.00,0.00,0.00,0.00,0.00,0.00,7328
2026-05-01,001A000174,32900.00,0.00,0.00,0.00,0.00,0.00,9912
2026-06-01,001A000174,32900.00,0.00,0.00,0.00,0.00,0.00,10702
2026-07-01,001A000174,32900.00,0.00,0.00,0.00,0.00,0.00,10485
2026-08-01,001A000174,32900.00,0.00,0.00,0.00,0.00,0.00,10823
2026-09-01,001A000174,32900.00,0.00,0.00,0.00,0.00,0.00,9849
2025-08-01,001A000195,15500.00,15500.00,0.00,0.00,0.00,0.00,7711
2025-09-01,001A000195,15500.00,0.00,0.00,0.00,0.00,0.00,18482
2025-10-01,001A000195,15500.00,0.00,0.00,0.00,0.00,0.00,13428
2025-11-01,001A000195,15500.00,0.00,0.00,0.00,0.00,0.00,11735
2025-12-01,001A000195,15500.00,0.00,0.00,0.00,0.00,0.00,24499
2026-01-01,001A000195,15500.00,0.00,0.00,0.00,0.00,0.00,12530
2026-02-01,001A000195,15500.00,0.00,0.00,0.00,0.00,0.00,9326
2026-03-01,001A000195,15500.00,0.00,0.00,0.00,0.00,0.00,15628
2026-04-01,001A000195,15500.00,0.00,0.00,0.00,0.00,0.00,12581
2026-05-01,001A000195,15500.00,0.00,0.00,0.00,0.00,0.00,16169
2026-06-01,001A000195,15500.00,0.00,0.00,0.00,0.00,0.00,8368
2026-07-01,001A000195,15500.00,0.00,0.00,0.00,0.00,0.00,11809
2026-08-01,001A000195,15500.00,0.00,0.00,0.00,0.00,0.00,8346
2026-09-01,001A000195,15500.00,0.00,0.00,0.00,0.00,0.00,14603
2026-01-01,001A000215,39560.00,39560.00,0.00,0.00,0.00,0.00,45843
2026-02-01,001A000215,39560.00,0.00,0.00,0.00,0.00,0.00,51811
2026-03-01,001A000215,39560.00,0.00,0.00,0.00,0.00,0.00,52034
2026-04-01,001A000215,39560.00,0.00,0.00,0.00,0.00,0.00,94466
2026-05-01,001A000215,39560.00,0.00,0.00,0.00,0.00,0.00,74195
2026-06-01,001A000215,39560.00,0.00,0.00,0.00,0.00,0.00,99181
2026-07-01,001A000215,39560.00,0.00,0.00,0.00,0.00,0.00,134400
2026-08-01,001A000215,39560.00,0.00,0.00,0.00,0.00,0.00,108659
2026-09-01,001A000215,39560.00,0.00,0.00,0.00,0.00,0.00,123199
2024-11-01,001A000232,187404.00,187404.00,0.00,0.00,0.00,0.00,35191
2024-12-01,001A000232,187404.00,0.00,0.00,0.00,0.00,0.00,43881
2025-01-01,001A000232,187404.00,0.00,0.00,0.00,0.00,0.00,59523
2025-02-01,001A000232,187404.00,0.00,0.00,0.00,0.00,0.00,51688
2025-03-01,001A000232,187404.00,0.00,0.00,0.00,0.00,0.00,60545
2025-04-01,001A000232,187404.00,0.00,0.00,0.00,0.00,0.00,85487
2025-05-01,001A000232,187404.00,0.00,0.00,0.00,0.00,0.00,121187
2025-06-01,001A000232,187404.00,0.00,0.00,0.00,0.00,0.00,86422
2025-07-01,001A000232,187404.00,0.00,0.00,0.00,0.00,0.00,101285
2025-08-01,001A000232,187404.00,0.00,0.00,0.00,0.00,0.00,123289
2025-09-01,001A000232,187404.00,0.00,0.00,0.00,0.00,0.00,123036
2025-10-01,001A000232,187404.00,0.00,0.00,0.00,0.00,0.00,162005
2025-11-01,001A000232,212704.00,0.00,25300.00,0.00,0.00,0.00,211131
2025-12-01,001A000232,212704.00,0.00,0.00,0.00,0.00,0.00,187614
2026-01-01,001A000232,212704.00,0.00,0.00,0.00,0.00,0.00,299070
2026-02-01,001A000232,212704.00,0.00,0.00,0.00,0.00,0.00,271777
2026-03-01,001A000232,287132.00,0.00,74428.00,0.00,0.00,0.00,320248
2026-04-01,001A000232,287132.00,0.00,0.00,0.00,0.00,0.00,453453
2026-05-01,001A000232,287132.00,0.00,0.00,0.00,0.00,0.00,415961
2026-06-01,001A000232,287132.00,0.00,0.00,0.00,0.00,0.00,567975
2026-07-01,001A000232,287132.00,0.00,0.00,0.00,0.00,0.00,604202
2026-08-01,001A000232,287132.00,0.00,0.00,0.00,0.00,0.00,791188
2026-09-01,001A000232,314364.00,0.00,27232.00,0.00,0.00,0.00,1268539
2025-09-01,001A000233,21528.00,21528.00,0.00,0.00,0.00,0.00,11278
2025-10-01,001A000233,21528.00,0.00,0.00,0.00,0.00,0.00,12358
2025-11-01,001A000233,21528.00,0.00,0.00,0.00,0.00,0.00,11596
2025-12-01,001A000233,21528.00,0.00,0.00,0.00,0.00,0.00,15252
2026-01-01,001A000233,21528.00,0.00,0.00,0.00,0.00,0.00,24130
2026-02-01,001A000233,21528.00,0.00,0.00,0.00,0.00,0.00,17520
2026-03-01,001A000233,26220.00,0.00,4692.00,0.00,0.00,0.00,18909
2026-04-01,001A000233,26220.00,0.00,0.00,0.00,0.00,0.00,22492
2026-05-01,001A000233,26220.00,0.00,0.00,0.00,0.00,0.00,20542
2026-06-01,001A000233,26220.00,0.00,0.00,0.00,0.00,0.00,11261
2026-07-01,001A000233,26220.00,0.00,0.00,0.00,0.00,0.00,10280
2026-08-01,001A000233,26220.00,0.00,0.00,0.00,0.00,0.00,13329
2026-09-01,001A000233,26220.00,0.00,0.00,0.00,0.00,0.00,19786
2026-03-01,001A000236,13900.00,13900.00,0.00,0.00,0.00,0.00,2176
2026-04-01,001A000236,13900.00,0.00,0.00,0.00,0.00,0.00,3066
2026-05-01,001A000236,13900.00,0.00,0.00,0.00,0.00,0.00,3363
2026-06-01,001A000236,13900.00,0.00,0.00,0.00,0.00,0.00,5659
2026-07-01,001A000236,13900.00,0.00,0.00,0.00,0.00,0.00,4106
2026-08-01,001A000236,13900.00,0.00,0.00,0.00,0.00,0.00,4831
2026-09-01,001A000236,13900.00,0.00,0.00,0.00,0.00,0.00,5424
2026-05-01,001A000237,10672.00,10672.00,0.00,0.00,0.00,0.00,2112
2026-06-01,001A000237,10672.00,0.00,0.00,0.00,0.00,0.00,2611
2026-07-01,001A000237,10672.00,0.00,0.00,0.00,0.00,0.00,2199
2026-08-01,001A000237,10672.00,0.00,0.00,0.00,0.00,0.00,2496
2026-09-01,001A000237,10672.00,0.00,0.00,0.00,0.00,0.00,3861
2026-04-01,001A000238,14100.00,14100.00,0.00,0.00,0.00,0.00,18578
2026-05-01,001A000238,14100.00,0.00,0.00,0.00,0.00,0.00,30437
2026-06-01,001A000238,14100.00,0.00,0.00,0.00,0.00,0.00,46393
2026-07-01,001A000238,14100.00,0.00,0.00,0.00,0.00,0.00,29345
2026-08-01,001A000238,14100.00,0.00,0.00,0.00,0.00,0.00,41999
2026-09-01,001A000238,14100.00,0.00,0.00,0.00,0.00,0.00,49544
2024-11-01,001A000251,28980.00,28980.00,0.00,0.00,0.00,0.00,1001
2024-12-01,001A000251,28980.00,0.00,0.00,0.00,0.00,0.00,1120
2025-01-01,001A000251,28980.00,0.00,0.00,0.00,0.00,0.00,1446
2025-02-01,001A000251,28980.00,0.00,0.00,0.00,0.00,0.00,2495
2025-03-01,001A000251,28980.00,0.00,0.00,0.00,0.00,0.00,3330
2025-04-01,001A000251,28980.00,0.00,0.00,0.00,0.00,0.00,3806
2025-05-01,001A000251,28980.00,0.00,0.00,0.00,0.00,0.00,2611
2025-06-01,001A000251,28980.00,0.00,0.00,0.00,0.00,0.00,2200
2025-07-01,001A000251,28980.00,0.00,0.00,0.00,0.00,0.00,3596
2025-08-01,001A000251,28980.00,0.00,0.00,0.00,0.00,0.00,3629
2025-09-01,001A000251,28980.00,0.00,0.00,0.00,0.00,0.00,2602
2025-10-01,001A000251,28980.00,0.00,0.00,0.00,0.00,0.00,2263
2025-11-01,001A000251,28980.00,0.00,0.00,0.00,0.00,0.00,3940
2025-12-01,001A000251,28980.00,0.00,0.00,0.00,0.00,0.00,3785
2026-01-01,001A000251,28980.00,0.00,0.00,0.00,0.00,0.00,835
2026-02-01,001A000251,28980.00,0.00,0.00,0.00,0.00,0.00,814
2026-03-01,001A000251,28980.00,0.00,0.00,0.00,0.00,0.00,918
2026-04-01,001A000251,28980.00,0.00,0.00,0.00,0.00,0.00,1440
2026-05-01,001A000251,28980.00,0.00,0.00,0.00,0.00,0.00,1041
2026-06-01,001A000251,28980.00,0.00,0.00,0.00,0.00,0.00,1488
2026-07-01,001A000251,28980.00,0.00,0.00,0.00,0.00,0.00,1960
2026-08-01,001A000251,28980.00,0.00,0.00,0.00,0.00,0.00,1021
2026-09-01,001A000251,28980.00,0.00,0.00,0.00,0.00,0.00,1192
2024-08-01,001A000263,11900.00,11900.00,0.00,0.00,0.00,0.00,2941
2024-09-01,001A000263,11900.00,0.00,0.00,0.00,0.00,0.00,4024
2024-10-01,001A000263,11900.00,0.00,0.00,0.00,0.00,0.00,3762
2024-11-01,001A000263,11900.00,0.00,0.00,0.00,0.00,0.00,3515
2024-12-01,001A000263,11900.00,0.00,0.00,0.00,0.00,0.00,4000
2025-01-01,001A000263,11900.00,0.00,0.00,0.00,0.00,0.00,4921
2025-02-01,001A000263,11900.00,0.00,0.00,0.00,0.00,0.00,2763
2025-03-01,001A000263,17100.00,0.00,5200.00,0.00,0.00,0.00,9453
2025-04-01,001A000263,17100.00,0.00,0.00,0.00,0.00,0.00,7875
2025-05-01,001A000263,17100.00,0.00,0.00,0.00,0.00,0.00,10055
2025-06-01,001A000263,17100.00,0.00,0.00,0.00,0.00,0.00,10604
2025-07-01,001A000263,17100.00,0.00,0.00,0.00,0.00,0.00,17040
2025-08-01,001A000263,17100.00,0.00,0.00,0.00,0.00,0.00,11648
2025-09-01,001A000263,17100.00,0.00,0.00,0.00,0.00,0.00,13757
2025-10-01,001A000263,17100.00,0.00,0.00,0.00,0.00,0.00,22194
2025-11-01,001A000263,17100.00,0.00,0.00,0.00,0.00,0.00,26623
2025-12-01,001A000263,17100.00,0.00,0.00,0.00,0.00,0.00,15945
2026-01-01,001A000263,17100.00,0.00,0.00,0.00,0.00,0.00,35386
2026-02-01,001A000263,17100.00,0.00,0.00,0.00,0.00,0.00,35705
2026-03-01,001A000263,17100.00,0.00,0.00,0.00,0.00,0.00,31666
2026-04-01,001A000263,20100.00,0.00,3000.00,0.00,0.00,0.00,41511
2026-05-01,001A000263,20100.00,0.00,0.00,0.00,0.00,0.00,63538
2026-06-01,001A000263,20100.00,0.00,0.00,0.00,0.00,0.00,60435
2026-07-01,001A000263,20100.00,0.00,0.00,0.00,0.00,0.00,73726
2026-08-01,001A000263,24200.00,0.00,4100.00,0.00,0.00,0.00,47567
2026-09-01,001A000263,24200.00,0.00,0.00,0.00,0.00,0.00,47966
2026-03-01,001A000266,215748.00,215748.00,0.00,0.00,0.00,0.00,2186
2026-04-01,001A000266,215748.00,0.00,0.00,0.00,0.00,0.00,4804
2026-05-01,001A000266,215748.00,0.00,0.00,0.00,0.00,0.00,5077
2026-06-01,001A000266,215748.00,0.00,0.00,0.00,0.00,0.00,3542
2026-07-01,001A000266,215748.00,0.00,0.00,0.00,0.00,0.00,191
2026-08-01,001A000266,314847.00,0.00,99099.00,0.00,0.00,0.00,182
2026-09-01,001A000266,314847.00,0.00,0.00,0.00,0.00,0.00,181
2025-10-01,001A000268,39700.00,39700.00,0.00,0.00,0.00,0.00,13903
2025-11-01,001A000268,39700.00,0.00,0.00,0.00,0.00,0.00,6571
2025-12-01,001A000268,39700.00,0.00,0.00,0.00,0.00,0.00,14690
2026-01-01,001A000268,39700.00,0.00,0.00,0.00,0.00,0.00,17904
2026-02-01,001A000268,39700.00,0.00,0.00,0.00,0.00,0.00,19441
2026-03-01,001A000268,39700.00,0.00,0.00,0.00,0.00,0.00,26794
2026-04-01,001A000268,39700.00,0.00,0.00,0.00,0.00,0.00,19213
2026-05-01,001A000268,39700.00,0.00,0.00,0.00,0.00,0.00,17452
2026-06-01,001A000268,39700.00,0.00,0.00,0.00,0.00,0.00,22104
2026-07-01,001A000268,39700.00,0.00,0.00,0.00,0.00,0.00,26672
2026-08-01,001A000268,39700.00,0.00,0.00,0.00,0.00,0.00,16126
2026-09-01,001A000268,39700.00,0.00,0.00,0.00,0.00,0.00,31497
2026-02-01,001A000304,11224.00,11224.00,0.00,0.00,0.00,0.00,13175
2026-03-01,001A000304,11224.00,0.00,0.00,0.00,0.00,0.00,11823
2026-04-01,001A000304,11224.00,0.00,0.00,0.00,0.00,0.00,10831
2026-05-01,001A000304,11224.00,0.00,0.00,0.00,0.00,0.00,11118
2026-06-01,001A000304,11224.00,0.00,0.00,0.00,0.00,0.00,12993
2026-07-01,001A000304,11224.00,0.00,0.00,0.00,0.00,0.00,17366
2026-08-01,001A000304,11224.00,0.00,0.00,0.00,0.00,0.00,15546
2026-09-01,001A000304,11224.00,0.00,0.00,0.00,0.00,0.00,18063
2024-10-01,001A000310,9500.00,9500.00,0.00,0.00,0.00,0.00,949
2024-11-01,001A000310,9500.00,0.00,0.00,0.00,0.00,0.00,1807
2024-12-01,001A000310,9500.00,0.00,0.00,0.00,0.00,0.00,2027
2025-01-01,001A000310,9500.00,0.00,0.00,0.00,0.00,0.00,4792
2025-02-01,001A000310,9500.00,0.00,0.00,0.00,0.00,0.00,7305
2025-03-01,001A000310,9500.00,0.00,0.00,0.00,0.00,0.00,3538
2025-04-01,001A000310,9500.00,0.00,0.00,0.00,0.00,0.00,6724
2025-05-01,001A000310,35900.00,0.00,26400.00,0.00,0.00,0.00,8036
2025-06-01,001A000310,35900.00,0.00,0.00,0.00,0.00,0.00,11502
2025-07-01,001A000310,35900.00,0.00,0.00,0.00,0.00,0.00,10982
2025-08-01,001A000310,35900.00,0.00,0.00,0.00,0.00,0.00,9235
2025-09-01,001A000310,35900.00,0.00,0.00,0.00,0.00,0.00,10978
2025-10-01,001A000310,41900.00,0.00,6000.00,0.00,0.00,0.00,12442
2025-11-01,001A000310,41900.00,0.00,0.00,0.00,0.00,0.00,18435
2025-12-01,001A000310,41900.00,0.00,0.00,0.00,0.00,0.00,13412
2026-01-01,001A000310,41900.00,0.00,0.00,0.00,0.00,0.00,17513
2026-02-01,001A000310,41900.00,0.00,0.00,0.00,0.00,0.00,18777
2026-03-01,001A000310,41900.00,0.00,0.00,0.00,0.00,0.00,26981
2026-04-01,001A000310,41900.00,0.00,0.00,0.00,0.00,0.00,29973
2026-05-01,001A000310,41900.00,0.00,0.00,0.00,0.00,0.00,37252
2026-06-01,001A000310,41900.00,0.00,0.00,0.00,0.00,0.00,30913
2026-07-01,001A000310,41900.00,0.00,0.00,0.00,0.00,0.00,54879
2026-08-01,001A000310,41900.00,0.00,0.00,0.00,0.00,0.00,45323
2026-09-01,001A000310,41900.00,0.00,0.00,0.00,0.00,0.00,42975
2025-08-01,001A000347,15444.00,15444.00,0.00,0.00,0.00,0.00,36237
2025-09-01,001A000347,15444.00,0.00,0.00,0.00,0.00,0.00,54652
2025-10-01,001A000347,15444.00,0.00,0.00,0.00,0.00,0.00,61062
2025-11-01,001A000347,15444.00,0.00,0.00,0.00,0.00,0.19,77267
2025-12-01,001A000347,15444.00,0.00,0.00,0.00,0.00,0.00,62075
2026-01-01,001A000347,15444.00,0.00,0.00,0.00,0.00,149.96,114711
2026-02-01,001A000347,15444.00,0.00,0.00,0.00,0.00,19.14,82005
2026-03-01,001A000347,15444.00,0.00,0.00,0.00,0.00,350.07,164737
2026-04-01,001A000347,15444.00,0.00,0.00,0.00,0.00,5.57,78613
2026-05-01,001A000347,15444.00,0.00,0.00,0.00,0.00,792.34,275306
2026-06-01,001A000347,15444.00,0.00,0.00,0.00,0.00,254.09,140742
2026-07-01,001A000347,15444.00,0.00,0.00,0.00,0.00,593.33,225553
2026-08-01,001A000347,15444.00,0.00,0.00,0.00,0.00,468.36,194311
2026-09-01,001A000347,15444.00,0.00,0.00,0.00,0.00,554.37,215813
2026-08-01,001A000351,36000.00,36000.00,0.00,0.00,0.00,0.00,7088
2026-09-01,001A000351,36000.00,0.00,0.00,0.00,0.00,0.00,4517
2025-04-01,001A000359,24472.00,24472.00,0.00,0.00,0.00,0.00,42965
2025-05-01,001A000359,24472.00,0.00,0.00,0.00,0.00,0.00,62179
2025-06-01,001A000359,24472.00,0.00,0.00,0.00,0.00,0.00,45994
2025-07-01,001A000359,24472.00,0.00,0.00,0.00,0.00,0.00,75442
2025-08-01,001A000359,31556.00,0.00,7084.00,0.00,0.00,0.00,44941
2025-09-01,001A000359,31556.00,0.00,0.00,0.00,0.00,0.00,82214
2025-10-01,001A000359,31556.00,0.00,0.00,0.00,0.00,0.00,116432
2025-11-01,001A000359,31556.00,0.00,0.00,0.00,0.00,0.00,38551
2025-12-01,001A000359,31556.00,0.00,0.00,0.00,0.00,17.49,162153
2026-01-01,001A000359,31556.00,0.00,0.00,0.00,0.00,0.00,83896
2026-02-01,001A000359,31556.00,0.00,0.00,0.00,0.00,0.00,102316
2026-03-01,001A000359,35972.00,0.00,4416.00,0.00,0.00,5.60,181259
2026-04-01,001A000359,35972.00,0.00,0.00,0.00,0.00,0.00,133629
2026-05-01,001A000359,35972.00,0.00,0.00,0.00,0.00,0.00,173092
2026-06-01,001A000359,35972.00,0.00,0.00,0.00,0.00,0.00,153639
2026-07-01,001A000359,48576.00,0.00,12604.00,0.00,0.00,0.00,211992
2026-08-01,001A000359,48576.00,0.00,0.00,0.00,0.00,0.00,133328
2026-09-01,001A000359,48576.00,0.00,0.00,0.00,0.00,0.00,208828
2024-12-01,001A000369,31924.00,31924.00,0.00,0.00,0.00,0.00,2947
2025-01-01,001A000369,31924.00,0.00,0.00,0.00,0.00,0.00,3156
2025-02-01,001A000369,31924.00,0.00,0.00,0.00,0.00,0.00,4509
2025-03-01,001A000369,31924.00,0.00,0.00,0.00,0.00,0.00,6049
2025-04-01,001A000369,31924.00,0.00,0.00,0.00,0.00,0.00,4799
2025-05-01,001A000369,31924.00,0.00,0.00,0.00,0.00,0.00,6309
2025-06-01,001A000369,45448.00,0.00,13524.00,0.00,0.00,0.00,6593
2025-07-01,001A000369,45448.00,0.00,0.00,0.00,0.00,0.00,5766
2025-08-01,001A000369,45448.00,0.00,0.00,0.00,0.00,0.00,4420
2025-09-01,001A000369,45448.00,0.00,0.00,0.00,0.00,0.00,5836
2025-10-01,001A000369,45448.00,0.00,0.00,0.00,0.00,0.00,7650
2025-11-01,001A000369,45448.00,0.00,0.00,0.00,0.00,0.00,8911
2025-12-01,001A000369,49148.00,0.00,3700.00,0.00,0.00,0.00,4029
2026-01-01,001A000369,49148.00,0.00,0.00,0.00,0.00,0.00,6791
2026-02-01,001A000369,57336.00,0.00,8188.00,0.00,0.00,0.00,6172
2026-03-01,001A000369,57336.00,0.00,0.00,0.00,0.00,0.00,8419
2026-04-01,001A000369,57336.00,0.00,0.00,0.00,0.00,0.00,5732
2026-05-01,001A000369,57336.00,0.00,0.00,0.00,0.00,0.00,10217
2026-06-01,001A000369,57336.00,0.00,0.00,0.00,0.00,0.00,9913
2026-07-01,001A000369,57336.00,0.00,0.00,0.00,0.00,0.00,12618
2026-08-01,001A000369,57336.00,0.00,0.00,0.00,0.00,0.00,8603
2026-09-01,001A000369,57336.00,0.00,0.00,0.00,0.00,0.00,10345
2026-05-01,001A000392,45632.00,45632.00,0.00,0.00,0.00,0.00,13259
2026-06-01,001A000392,45632.00,0.00,0.00,0.00,0.00,0.00,8731
2026-07-01,001A000392,45632.00,0.00,0.00,0.00,0.00,0.00,15413
2026-08-01,001A000392,45632.00,0.00,0.00,0.00,0.00,0.00,10215
2026-09-01,001A000392,45632.00,0.00,0.00,0.00,0.00,0.00,9355
2024-11-01,001A000393,38364.00,38364.00,0.00,0.00,0.00,0.00,5088
2024-12-01,001A000393,38364.00,0.00,0.00,0.00,0.00,0.00,4015
2025-01-01,001A000393,38364.00,0.00,0.00,0.00,0.00,0.00,8626
2025-02-01,001A000393,38364.00,0.00,0.00,0.00,0.00,0.00,6886
2025-03-01,001A000393,38364.00,0.00,0.00,0.00,0.00,0.00,6466
2025-04-01,001A000393,45264.00,0.00,6900.00,0.00,0.00,0.00,11685
2025-05-01,001A000393,45264.00,0.00,0.00,0.00,0.00,0.00,9974
2025-06-01,001A000393,45264.00,0.00,0.00,0.00,0.00,0.00,9700
2025-07-01,001A000393,45264.00,0.00,0.00,0.00,0.00,0.00,10903
2025-08-01,001A000393,45264.00,0.00,0.00,0.00,0.00,0.00,11185
2025-09-01,001A000393,45264.00,0.00,0.00,0.00,0.00,0.00,10906
2025-10-01,001A000393,45264.00,0.00,0.00,0.00,0.00,0.00,17918
2025-11-01,001A000393,56364.00,0.00,11100.00,0.00,0.00,0.00,37838
2025-12-01,001A000393,56364.00,0.00,0.00,0.00,0.00,0.00,40007
2026-01-01,001A000393,56364.00,0.00,0.00,0.00,0.00,0.00,40909
2026-02-01,001A000393,56364.00,0.00,0.00,0.00,0.00,0.00,59639
2026-03-01,001A000393,56364.00,0.00,0.00,0.00,0.00,0.00,87584
2026-04-01,001A000393,70716.00,0.00,14352.00,0.00,0.00,0.00,55678
2026-05-01,001A000393,70716.00,0.00,0.00,0.00,0.00,0.00,85908
2026-06-01,001A000393,70716.00,0.00,0.00,0.00,0.00,0.00,75427
2026-07-01,001A000393,70716.00,0.00,0.00,0.00,0.00,0.00,94006
2026-08-01,001A000393,70716.00,0.00,0.00,0.00,0.00,0.00,95986
2026-09-01,001A000393,70716.00,0.00,0.00,0.00,0.00,0.00,90701
2026-09-01,001A000400,8800.00,8800.00,0.00,0.00,0.00,0.00,14191
2026-03-01,001A000420,27140.00,27140.00,0.00,0.00,0.00,0.00,46402
2026-04-01,001A000420,27140.00,0.00,0.00,0.00,0.00,0.00,56004
2026-05-01,001A000420,27140.00,0.00,0.00,0.00,0.00,0.00,58106
2026-06-01,001A000420,27140.00,0.00,0.00,0.00,0.00,0.00,85366
2026-07-01,001A000420,27140.00,0.00,0.00,0.00,0.00,0.00,108534
2026-08-01,001A000420,27140.00,0.00,0.00,0.00,0.00,0.00,106481
2026-09-01,001A000420,32016.00,0.00,4876.00,0.00,0.00,0.00,120411
2026-02-01,001A000421,14000.00,14000.00,0.00,0.00,0.00,0.00,517
2026-03-01,001A000421,14000.00,0.00,0.00,0.00,0.00,0.00,597
2026-04-01,001A000421,14000.00,0.00,0.00,0.00,0.00,0.00,372
2026-05-01,001A000421,14000.00,0.00,0.00,0.00,0.00,0.00,685
2026-06-01,001A000421,14000.00,0.00,0.00,0.00,0.00,0.00,536
2026-07-01,001A000421,17600.00,0.00,3600.00,0.00,0.00,0.00,819
2026-08-01,001A000421,17600.00,0.00,0.00,0.00,0.00,0.00,579
2026-09-01,001A000421,17600.00,0.00,0.00,0.00,0.00,0.00,804
2025-06-01,001A000423,132800.00,132800.00,0.00,0.00,0.00,0.00,13276
2025-07-01,001A000423,132800.00,0.00,0.00,0.00,0.00,0.00,21196
2025-08-01,001A000423,132800.00,0.00,0.00,0.00,0.00,0.00,24493
2025-09-01,001A000423,132800.00,0.00,0.00,0.00,0.00,0.00,30657
2025-10-01,001A000423,132800.00,0.00,0.00,0.00,0.00,0.00,26208
2025-11-01,001A000423,143800.00,0.00,11000.00,0.00,0.00,0.00,28239
2025-12-01,001A000423,143800.00,0.00,0.00,0.00,0.00,0.00,25239
2026-01-01,001A000423,143800.00,0.00,0.00,0.00,0.00,0.00,30738
2026-02-01,001A000423,143800.00,0.00,0.00,0.00,0.00,0.00,20688
2026-03-01,001A000423,143800.00,0.00,0.00,0.00,0.00,0.00,25095
2026-04-01,001A000423,161600.00,0.00,17800.00,0.00,0.00,0.00,0
2026-05-01,001A000423,161600.00,0.00,0.00,0.00,0.00,0.00,0
2026-06-01,001A000423,0.00,0.00,0.00,0.00,-161600.00,0.00,0
2026-06-01,001A000433,11776.00,11776.00,0.00,0.00,0.00,0.00,5412
2026-07-01,001A000433,11776.00,0.00,0.00,0.00,0.00,0.00,4876
2026-08-01,001A000433,11776.00,0.00,0.00,0.00,0.00,0.00,5176
2026-09-01,001A000433,11776.00,0.00,0.00,0.00,0.00,0.00,7386
2026-09-01,001A000458,66700.00,66700.00,0.00,0.00,0.00,0.00,7933
2026-02-01,001A000470,11100.00,11100.00,0.00,0.00,0.00,0.00,2182
2026-03-01,001A000470,11100.00,0.00,0.00,0.00,0.00,0.00,3819
2026-04-01,001A000470,11100.00,0.00,0.00,0.00,0.00,0.00,3915
2026-05-01,001A000470,11100.00,0.00,0.00,0.00,0.00,0.00,4070
2026-06-01,001A000470,11100.00,0.00,0.00,0.00,0.00,0.00,2826
2026-07-01,001A000470,11100.00,0.00,0.00,0.00,0.00,0.00,3517
2026-08-01,001A000470,11100.00,0.00,0.00,0.00,0.00,0.00,3157
2026-09-01,001A000470,11100.00,0.00,0.00,0.00,0.00,0.00,5131
2026-06-01,001A000514,26200.00,26200.00,0.00,0.00,0.00,80.22,151055
2026-07-01,001A000514,26200.00,0.00,0.00,0.00,0.00,335.06,214764
2026-08-01,001A000514,26200.00,0.00,0.00,0.00,0.00,358.94,220736
2026-09-01,001A000514,26200.00,0.00,0.00,0.00,0.00,282.48,201619
2026-04-01,001A000534,223100.00,223100.00,0.00,0.00,0.00,0.00,7471
2026-05-01,001A000534,223100.00,0.00,0.00,0.00,0.00,0.00,5942
2026-06-01,001A000534,223100.00,0.00,0.00,0.00,0.00,0.00,4700
2026-07-01,001A000534,223100.00,0.00,0.00,0.00,0.00,0.00,4200
2026-08-01,001A000534,223100.00,0.00,0.00,0.00,0.00,0.00,6642
2026-09-01,001A000534,296400.00,0.00,73300.00,0.00,0.00,0.00,5107
2025-05-01,001A000564,7452.00,7452.00,0.00,0.00,0.00,0.00,1592
2025-06-01,001A000564,7452.00,0.00,0.00,0.00,0.00,0.00,1989
2025-07-01,001A000564,7452.00,0.00,0.00,0.00,0.00,0.00,2030
2025-08-01,001A000564,7452.00,0.00,0.00,0.00,0.00,0.00,1721
2025-09-01,001A000564,7452.00,0.00,0.00,0.00,0.00,0.00,1637
2025-10-01,001A000564,7452.00,0.00,0.00,0.00,0.00,0.00,2045
2025-11-01,001A000564,7452.00,0.00,0.00,0.00,0.00,0.00,2009
2025-12-01,001A000564,7452.00,0.00,0.00,0.00,0.00,0.00,2860
2026-01-01,001A000564,7452.00,0.00,0.00,0.00,0.00,0.00,2194
2026-02-01,001A000564,7452.00,0.00,0.00,0.00,0.00,0.00,3025
2026-03-01,001A000564,7452.00,0.00,0.00,0.00,0.00,0.00,3047
2026-04-01,001A000564,7452.00,0.00,0.00,0.00,0.00,0.00,1658
2026-05-01,001A000564,0.00,0.00,0.00,0.00,-7452.00,0.00,0
2025-09-01,001A000576,32200.00,32200.00,0.00,0.00,0.00,0.00,18186
2025-10-01,001A000576,32200.00,0.00,0.00,0.00,0.00,0.00,13253
2025-11-01,001A000576,32200.00,0.00,0.00,0.00,0.00,0.00,20073
2025-12-01,001A000576,32200.00,0.00,0.00,0.00,0.00,0.00,26144
2026-01-01,001A000576,32200.00,0.00,0.00,0.00,0.00,0.00,40109
2026-02-01,001A000576,32200.00,0.00,0.00,0.00,0.00,0.00,33168
2026-03-01,001A000576,32200.00,0.00,0.00,0.00,0.00,0.00,46816
2026-04-01,001A000576,58144.00,0.00,25944.00,0.00,0.00,0.00,64122
2026-05-01,001A000576,58144.00,0.00,0.00,0.00,0.00,0.00,56010
2026-06-01,001A000576,58144.00,0.00,0.00,0.00,0.00,0.00,81562
2026-07-01,001A000576,58144.00,0.00,0.00,0.00,0.00,0.00,72249
2026-08-01,001A000576,58144.00,0.00,0.00,0.00,0.00,0.00,64283
2026-09-01,001A000576,72144.00,0.00,14000.00,0.00,0.00,0.00,160804
2026-03-01,001A000584,16928.00,16928.00,0.00,0.00,0.00,0.00,3505
2026-04-01,001A000584,16928.00,0.00,0.00,0.00,0.00,0.00,3932
2026-05-01,001A000584,16928.00,0.00,0.00,0.00,0.00,0.00,6099
2026-06-01,001A000584,16928.00,0.00,0.00,0.00,0.00,0.00,2969
2026-07-01,001A000584,16928.00,0.00,0.00,0.00,0.00,0.00,4152
2026-08-01,001A000584,16928.00,0.00,0.00,0.00,0.00,0.00,3246
2026-09-01,001A000584,16928.00,0.00,0.00,0.00,0.00,0.00,5316
2026-07-01,001A000596,5888.00,5888.00,0.00,0.00,0.00,0.00,26020
2026-08-01,001A000596,5888.00,0.00,0.00,0.00,0.00,0.00,21543
2026-09-01,001A000596,5888.00,0.00,0.00,0.00,0.00,60.04,44449
2025-09-01,001A000620,18768.00,18768.00,0.00,0.00,0.00,0.00,7379
2025-10-01,001A000620,18768.00,0.00,0.00,0.00,0.00,0.00,8211
2025-11-01,001A000620,18768.00,0.00,0.00,0.00,0.00,0.00,8009
2025-12-01,001A000620,18768.00,0.00,0.00,0.00,0.00,0.00,4882
2026-01-01,001A000620,18768.00,0.00,0.00,0.00,0.00,0.00,7187
2026-02-01,001A000620,18768.00,0.00,0.00,0.00,0.00,0.00,7421
2026-03-01,001A000620,18768.00,0.00,0.00,0.00,0.00,0.00,8227
2026-04-01,001A000620,18768.00,0.00,0.00,0.00,0.00,0.00,8778
2026-05-01,001A000620,18768.00,0.00,0.00,0.00,0.00,0.00,6208
2026-06-01,001A000620,18768.00,0.00,0.00,0.00,0.00,0.00,5099
2026-07-01,001A000620,18768.00,0.00,0.00,0.00,0.00,0.00,4548
2026-08-01,001A000620,18768.00,0.00,0.00,0.00,0.00,0.00,6314
2026-09-01,001A000620,18768.00,0.00,0.00,0.00,0.00,0.00,4847
2025-04-01,001A000624,90344.00,90344.00,0.00,0.00,0.00,0.00,667
2025-05-01,001A000624,90344.00,0.00,0.00,0.00,0.00,0.00,1130
2025-06-01,001A000624,90344.00,0.00,0.00,0.00,0.00,0.00,952
2025-07-01,001A000624,90344.00,0.00,0.00,0.00,0.00,0.00,646
2025-08-01,001A000624,90344.00,0.00,0.00,0.00,0.00,0.00,1457
2025-09-01,001A000624,90344.00,0.00,0.00,0.00,0.00,0.00,2131
2025-10-01,001A000624,90344.00,0.00,0.00,0.00,0.00,0.00,3704
2025-11-01,001A000624,90344.00,0.00,0.00,0.00,0.00,0.00,2992
2025-12-01,001A000624,90344.00,0.00,0.00,0.00,0.00,0.00,2134
2026-01-01,001A000624,90344.00,0.00,0.00,0.00,0.00,0.00,3704
2026-02-01,001A000624,90344.00,0.00,0.00,0.00,0.00,0.00,2804
2026-03-01,001A000624,90344.00,0.00,0.00,0.00,0.00,0.00,3390
2026-04-01,001A000624,90344.00,0.00,0.00,0.00,0.00,0.00,4331
2026-05-01,001A000624,90344.00,0.00,0.00,0.00,0.00,0.00,3072
2026-06-01,001A000624,90344.00,0.00,0.00,0.00,0.00,0.00,3558
2026-07-01,001A000624,90344.00,0.00,0.00,0.00,0.00,0.00,3218
2026-08-01,001A000624,90344.00,0.00,0.00,0.00,0.00,0.00,2820
2026-09-01,001A000624,90344.00,0.00,0.00,0.00,0.00,0.00,3803
2026-06-01,001A000629,23828.00,23828.00,0.00,0.00,0.00,0.00,20756
2026-07-01,001A000629,23828.00,0.00,0.00,0.00,0.00,0.00,13906
2026-08-01,001A000629,23828.00,0.00,0.00,0.00,0.00,0.00,13009
2026-09-01,001A000629,23828.00,0.00,0.00,0.00,0.00,0.00,12616
2026-08-01,001A000637,22816.00,22816.00,0.00,0.00,0.00,0.00,43608
2026-09-01,001A000637,22816.00,0.00,0.00,0.00,0.00,0.00,56225
2026-08-01,001A000654,35328.00,35328.00,0.00,0.00,0.00,0.00,6903
2026-09-01,001A000654,35328.00,0.00,0.00,0.00,0.00,0.00,5087
2026-09-01,001A000661,6440.00,6440.00,0.00,0.00,0.00,196.68,81370
2026-09-01,001A000669,44500.00,44500.00,0.00,0.00,0.00,0.00,17205
2026-08-01,001A000672,4416.00,4416.00,0.00,0.00,0.00,0.00,2710
2026-09-01,001A000672,4416.00,0.00,0.00,0.00,0.00,0.00,3341
2025-08-01,001A000675,31000.00,31000.00,0.00,0.00,0.00,0.00,7038
2025-09-01,001A000675,31000.00,0.00,0.00,0.00,0.00,0.00,7900
2025-10-01,001A000675,31000.00,0.00,0.00,0.00,0.00,0.00,9562
2025-11-01,001A000675,31000.00,0.00,0.00,0.00,0.00,0.00,10475
2025-12-01,001A000675,31000.00,0.00,0.00,0.00,0.00,0.00,18493
2026-01-01,001A000675,31000.00,0.00,0.00,0.00,0.00,0.00,19064
2026-02-01,001A000675,31000.00,0.00,0.00,0.00,0.00,0.00,23991
2026-03-01,001A000675,31000.00,0.00,0.00,0.00,0.00,0.00,24381
2026-04-01,001A000675,31000.00,0.00,0.00,0.00,0.00,0.00,30662
2026-05-01,001A000675,46300.00,0.00,15300.00,0.00,0.00,0.00,31423
2026-06-01,001A000675,46300.00,0.00,0.00,0.00,0.00,0.00,29882
2026-07-01,001A000675,46300.00,0.00,0.00,0.00,0.00,0.00,29376
2026-08-01,001A000675,36200.00,0.00,0.00,-10100.00,0.00,0.00,27548
2026-09-01,001A000675,36200.00,0.00,0.00,0.00,0.00,0.00,22614
2026-03-01,001A000684,11224.00,11224.00,0.00,0.00,0.00,0.00,3911
2026-04-01,001A000684,11224.00,0.00,0.00,0.00,0.00,0.00,4160
2026-05-01,001A000684,11224.00,0.00,0.00,0.00,0.00,0.00,4900
2026-06-01,001A000684,11224.00,0.00,0.00,0.00,0.00,0.00,5796
2026-07-01,001A000684,11224.00,0.00,0.00,0.00,0.00,0.00,6120
2026-08-01,001A000684,11224.00,0.00,0.00,0.00,0.00,0.00,5771
2026-09-01,001A000684,11224.00,0.00,0.00,0.00,0.00,0.00,3763
2025-07-01,001A000685,32400.00,32400.00,0.00,0.00,0.00,0.00,628
2025-08-01,001A000685,32400.00,0.00,0.00,0.00,0.00,0.00,954
2025-09-01,001A000685,32400.00,0.00,0.00,0.00,0.00,0.00,783
2025-10-01,001A000685,32400.00,0.00,0.00,0.00,0.00,0.00,1232
2025-11-01,001A000685,32400.00,0.00,0.00,0.00,0.00,0.00,788
2025-12-01,001A000685,32400.00,0.00,0.00,0.00,0.00,0.00,1148
2026-01-01,001A000685,32400.00,0.00,0.00,0.00,0.00,0.00,1298
2026-02-01,001A000685,32400.00,0.00,0.00,0.00,0.00,0.00,1080
2026-03-01,001A000685,32400.00,0.00,0.00,0.00,0.00,0.00,1499
2026-04-01,001A000685,32400.00,0.00,0.00,0.00,0.00,0.00,1829
2026-05-01,001A000685,32400.00,0.00,0.00,0.00,0.00,0.00,1010
2026-06-01,001A000685,32400.00,0.00,0.00,0.00,0.00,0.00,1075
2026-07-01,001A000685,35500.00,0.00,3100.00,0.00,0.00,0.00,2665
2026-08-01,001A000685,35500.00,0.00,0.00,0.00,0.00,0.00,2036
2026-09-01,001A000685,35500.00,0.00,0.00,0.00,0.00,0.00,1539
2025-05-01,001A000688,134044.00,134044.00,0.00,0.00,0.00,0.00,4401
2025-06-01,001A000688,134044.00,0.00,0.00,0.00,0.00,0.00,6854
2025-07-01,001A000688,134044.00,0.00,0.00,0.00,0.00,0.00,5750
2025-08-01,001A000688,134044.00,0.00,0.00,0.00,0.00,0.00,6235
2025-09-01,001A000688,134044.00,0.00,0.00,0.00,0.00,0.00,10346
2025-10-01,001A000688,134044.00,0.00,0.00,0.00,0.00,0.00,14962
2025-11-01,001A000688,134044.00,0.00,0.00,0.00,0.00,0.00,14583
2025-12-01,001A000688,134044.00,0.00,0.00,0.00,0.00,0.00,15100
2026-01-01,001A000688,134044.00,0.00,0.00,0.00,0.00,0.00,11740
2026-02-01,001A000688,134044.00,0.00,0.00,0.00,0.00,0.00,23304
2026-03-01,001A000688,210404.00,0.00,76360.00,0.00,0.00,0.00,22967
2026-04-01,001A000688,210404.00,0.00,0.00,0.00,0.00,0.00,38446
2026-05-01,001A000688,210404.00,0.00,0.00,0.00,0.00,0.00,54773
2026-06-01,001A000688,210404.00,0.00,0.00,0.00,0.00,0.00,64953
2026-07-01,001A000688,210404.00,0.00,0.00,0.00,0.00,0.00,65100
2026-08-01,001A000688,210404.00,0.00,0.00,0.00,0.00,0.00,82316
2026-09-01,001A000688,210404.00,0.00,0.00,0.00,0.00,0.00,126761
2026-03-01,001A000701,12200.00,12200.00,0.00,0.00,0.00,0.00,8936
2026-04-01,001A000701,12200.00,0.00,0.00,0.00,0.00,0.00,4666
2026-05-01,001A000701,12200.00,0.00,0.00,0.00,0.00,0.00,7520
2026-06-01,001A000701,12200.00,0.00,0.00,0.00,0.00,0.00,7683
2026-07-01,001A000701,12200.00,0.00,0.00,0.00,0.00,0.00,5865
2026-08-01,001A000701,12200.00,0.00,0.00,0.00,0.00,0.00,6051
2026-09-01,001A000701,12200.00,0.00,0.00,0.00,0.00,0.00,7529
2026-03-01,001A000723,19780.00,19780.00,0.00,0.00,0.00,4372.76,1192089
2026-04-01,001A000723,19780.00,0.00,0.00,0.00,0.00,6970.70,1841576
2026-05-01,001A000723,19780.00,0.00,0.00,0.00,0.00,9966.77,2590593
2026-06-01,001A000723,19780.00,0.00,0.00,0.00,0.00,6241.00,1659150
2026-07-01,001A000723,19780.00,0.00,0.00,0.00,0.00,7702.03,2024408
2026-08-01,001A000723,19780.00,0.00,0.00,0.00,0.00,9984.84,2595111
2026-09-01,001A000723,26128.00,0.00,6348.00,0.00,0.00,11124.22,2911694
2024-07-01,001A000731,15400.00,15400.00,0.00,0.00,0.00,0.00,33451
2024-08-01,001A000731,15400.00,0.00,0.00,0.00,0.00,0.00,40736
2024-09-01,001A000731,15400.00,0.00,0.00,0.00,0.00,0.00,41478
2024-10-01,001A000731,15400.00,0.00,0.00,0.00,0.00,0.00,64768
2024-11-01,001A000731,15400.00,0.00,0.00,0.00,0.00,0.00,76227
2024-12-01,001A000731,15400.00,0.00,0.00,0.00,0.00,13.84,80459
2025-01-01,001A000731,15400.00,0.00,0.00,0.00,0.00,83.49,97873
2025-02-01,001A000731,19100.00,0.00,3700.00,0.00,0.00,249.33,157832
2025-03-01,001A000731,19100.00,0.00,0.00,0.00,0.00,12.96,98740
2025-04-01,001A000731,19100.00,0.00,0.00,0.00,0.00,287.30,167325
2025-05-01,001A000731,19100.00,0.00,0.00,0.00,0.00,134.28,129070
2025-06-01,001A000731,19100.00,0.00,0.00,0.00,0.00,176.91,139727
2025-07-01,001A000731,13600.00,0.00,0.00,-5500.00,0.00,434.01,176502
2025-08-01,001A000731,13600.00,0.00,0.00,0.00,0.00,189.93,115482
2025-09-01,001A000731,13600.00,0.00,0.00,0.00,0.00,765.96,259489
2025-10-01,001A000731,13600.00,0.00,0.00,0.00,0.00,608.76,220190
2025-11-01,001A000731,13600.00,0.00,0.00,0.00,0.00,441.35,178337
2025-12-01,001A000731,13600.00,0.00,0.00,0.00,0.00,1448.51,430127
2026-01-01,001A000731,13600.00,0.00,0.00,0.00,0.00,740.50,253126
2026-02-01,001A000731,13600.00,0.00,0.00,0.00,0.00,1128.35,350088
2026-03-01,001A000731,18300.00,0.00,4700.00,0.00,0.00,1301.98,416996
2026-04-01,001A000731,18300.00,0.00,0.00,0.00,0.00,1151.51,379378
2026-05-01,001A000731,18300.00,0.00,0.00,0.00,0.00,1330.42,424106
2026-06-01,001A000731,18300.00,0.00,0.00,0.00,0.00,1868.14,558536
2026-07-01,001A000731,21100.00,0.00,2800.00,0.00,0.00,1967.94,597485
2026-08-01,001A000731,21100.00,0.00,0.00,0.00,0.00,1639.25,515312
2026-09-01,001A000731,26300.00,0.00,5200.00,0.00,0.00,2175.69,675422
2025-07-01,001A000740,22200.00,22200.00,0.00,0.00,0.00,0.00,1441
2025-08-01,001A000740,22200.00,0.00,0.00,0.00,0.00,0.00,2170
2025-09-01,001A000740,22200.00,0.00,0.00,0.00,0.00,0.00,2091
2025-10-01,001A000740,22200.00,0.00,0.00,0.00,0.00,0.00,1480
2025-11-01,001A000740,22200.00,0.00,0.00,0.00,0.00,0.00,3987
2025-12-01,001A000740,22200.00,0.00,0.00,0.00,0.00,0.00,2179
2026-01-01,001A000740,22200.00,0.00,0.00,0.00,0.00,0.00,0
2026-02-01,001A000740,22200.00,0.00,0.00,0.00,0.00,0.00,73
2026-03-01,001A000740,22200.00,0.00,0.00,0.00,0.00,0.00,530
2026-04-01,001A000740,25200.00,0.00,3000.00,0.00,0.00,0.00,1514
2026-05-01,001A000740,25200.00,0.00,0.00,0.00,0.00,0.00,2806
2026-06-01,001A000740,25200.00,0.00,0.00,0.00,0.00,0.00,345
2026-07-01,001A000740,0.00,0.00,0.00,0.00,-25200.00,0.00,0
2026-01-01,001A000793,14900.00,14900.00,0.00,0.00,0.00,0.00,2311
2026-02-01,001A000793,14900.00,0.00,0.00,0.00,0.00,0.00,2773
2026-03-01,001A000793,14900.00,0.00,0.00,0.00,0.00,0.00,3284
2026-04-01,001A000793,14900.00,0.00,0.00,0.00,0.00,0.00,1887
2026-05-01,001A000793,14900.00,0.00,0.00,0.00,0.00,0.00,3162
2026-06-01,001A000793,14900.00,0.00,0.00,0.00,0.00,0.00,3980
2026-07-01,001A000793,14900.00,0.00,0.00,0.00,0.00,0.00,3341
2026-08-01,001A000793,14900.00,0.00,0.00,0.00,0.00,0.00,2803
2026-09-01,001A000793,14900.00,0.00,0.00,0.00,0.00,0.00,3663
2026-08-01,001A000800,11592.00,11592.00,0.00,0.00,0.00,0.00,14774
2026-09-01,001A000800,11592.00,0.00,0.00,0.00,0.00,0.00,18087
2025-12-01,001A000801,4900.00,4900.00,0.00,0.00,0.00,0.00,20642
2026-01-01,001A000801,4900.00,0.00,0.00,0.00,0.00,40.35,34588
2026-02-01,001A000801,4900.00,0.00,0.00,0.00,0.00,13.58,27895
2026-03-01,001A000801,8800.00,0.00,3900.00,0.00,0.00,39.68,53920
2026-04-01,001A000801,8800.00,0.00,0.00,0.00,0.00,57.52,58380
2026-05-01,001A000801,8800.00,0.00,0.00,0.00,0.00,14.23,47558
2026-06-01,001A000801,8800.00,0.00,0.00,0.00,0.00,136.81,78202
2026-07-01,001A000801,8800.00,0.00,0.00,0.00,0.00,121.64,74411
2026-08-01,001A000801,8800.00,0.00,0.00,0.00,0.00,111.02,71755
2026-09-01,001A000801,8800.00,0.00,0.00,0.00,0.00,261.23,109308
2025-06-01,001A000803,23460.00,23460.00,0.00,0.00,0.00,0.00,3718
2025-07-01,001A000803,23460.00,0.00,0.00,0.00,0.00,0.00,3711
2025-08-01,001A000803,23460.00,0.00,0.00,0.00,0.00,0.00,2517
2025-09-01,001A000803,23460.00,0.00,0.00,0.00,0.00,0.00,3396
2025-10-01,001A000803,25944.00,0.00,2484.00,0.00,0.00,0.00,4131
2025-11-01,001A000803,25944.00,0.00,0.00,0.00,0.00,0.00,2216
2025-12-01,001A000803,25944.00,0.00,0.00,0.00,0.00,0.00,7246
2026-01-01,001A000803,25944.00,0.00,0.00,0.00,0.00,0.00,3187
2026-02-01,001A000803,25944.00,0.00,0.00,0.00,0.00,0.00,2914
2026-03-01,001A000803,25944.00,0.00,0.00,0.00,0.00,0.00,3298
2026-04-01,001A000803,25944.00,0.00,0.00,0.00,0.00,0.00,2745
2026-05-01,001A000803,25944.00,0.00,0.00,0.00,0.00,0.00,2227
2026-06-01,001A000803,25944.00,0.00,0.00,0.00,0.00,0.00,1890
2026-07-01,001A000803,31188.00,0.00,5244.00,0.00,0.00,0.00,4326
2026-08-01,001A000803,31188.00,0.00,0.00,0.00,0.00,0.00,1783
2026-09-01,001A000803,31188.00,0.00,0.00,0.00,0.00,0.00,4621
2026-02-01,001A000806,47196.00,47196.00,0.00,0.00,0.00,0.00,737
2026-03-01,001A000806,47196.00,0.00,0.00,0.00,0.00,0.00,860
2026-04-01,001A000806,47196.00,0.00,0.00,0.00,0.00,0.00,593
2026-05-01,001A000806,47196.00,0.00,0.00,0.00,0.00,0.00,619
2026-06-01,001A000806,47196.00,0.00,0.00,0.00,0.00,0.00,437
2026-07-01,001A000806,47196.00,0.00,0.00,0.00,0.00,0.00,832
2026-08-01,001A000806,47196.00,0.00,0.00,0.00,0.00,0.00,673
2026-09-01,001A000806,47196.00,0.00,0.00,0.00,0.00,0.00,745
2025-03-01,001A000809,20056.00,20056.00,0.00,0.00,0.00,0.00,558
2025-04-01,001A000809,20056.00,0.00,0.00,0.00,0.00,0.00,429
2025-05-01,001A000809,20056.00,0.00,0.00,0.00,0.00,0.00,907
2025-06-01,001A000809,20056.00,0.00,0.00,0.00,0.00,0.00,637
2025-07-01,001A000809,20056.00,0.00,0.00,0.00,0.00,0.00,698
2025-08-01,001A000809,20056.00,0.00,0.00,0.00,0.00,0.00,470
2025-09-01,001A000809,20056.00,0.00,0.00,0.00,0.00,0.00,595
2025-10-01,001A000809,20056.00,0.00,0.00,0.00,0.00,0.00,774
2025-11-01,001A000809,22080.00,0.00,2024.00,0.00,0.00,0.00,413
2025-12-01,001A000809,22080.00,0.00,0.00,0.00,0.00,0.00,809
2026-01-01,001A000809,22080.00,0.00,0.00,0.00,0.00,0.00,529
2026-02-01,001A000809,22080.00,0.00,0.00,0.00,0.00,0.00,714
2026-03-01,001A000809,22080.00,0.00,0.00,0.00,0.00,0.00,1052
2026-04-01,001A000809,22080.00,0.00,0.00,0.00,0.00,0.00,1053
2026-05-01,001A000809,22080.00,0.00,0.00,0.00,0.00,0.00,772
2026-06-01,001A000809,22080.00,0.00,0.00,0.00,0.00,0.00,540
2026-07-01,001A000809,22080.00,0.00,0.00,0.00,0.00,0.00,834
2026-08-01,001A000809,22080.00,0.00,0.00,0.00,0.00,0.00,513
2026-09-01,001A000809,22080.00,0.00,0.00,0.00,0.00,0.00,0
2025-04-01,001A000813,14076.00,14076.00,0.00,0.00,0.00,0.00,1356
2025-05-01,001A000813,14076.00,0.00,0.00,0.00,0.00,0.00,2243
2025-06-01,001A000813,14076.00,0.00,0.00,0.00,0.00,0.00,2839
2025-07-01,001A000813,14076.00,0.00,0.00,0.00,0.00,0.00,2562
2025-08-01,001A000813,14076.00,0.00,0.00,0.00,0.00,0.00,3414
2025-09-01,001A000813,14076.00,0.00,0.00,0.00,0.00,0.00,2549
2025-10-01,001A000813,14076.00,0.00,0.00,0.00,0.00,0.00,2814
2025-11-01,001A000813,14076.00,0.00,0.00,0.00,0.00,0.00,1288
2025-12-01,001A000813,14076.00,0.00,0.00,0.00,0.00,0.00,1151
2026-01-01,001A000813,14076.00,0.00,0.00,0.00,0.00,0.00,1498
2026-02-01,001A000813,14076.00,0.00,0.00,0.00,0.00,0.00,1572
2026-03-01,001A000813,14076.00,0.00,0.00,0.00,0.00,0.00,1673
2026-04-01,001A000813,14076.00,0.00,0.00,0.00,0.00,0.00,2137
2026-05-01,001A000813,14076.00,0.00,0.00,0.00,0.00,0.00,2008
2026-06-01,001A000813,14076.00,0.00,0.00,0.00,0.00,0.00,1512
2026-07-01,001A000813,14076.00,0.00,0.00,0.00,0.00,0.00,3032
2026-08-01,001A000813,14076.00,0.00,0.00,0.00,0.00,0.00,3389
2026-09-01,001A000813,14076.00,0.00,0.00,0.00,0.00,0.00,4331
2024-08-01,001A000820,9900.00,9900.00,0.00,0.00,0.00,0.00,0
2024-09-01,001A000820,9900.00,0.00,0.00,0.00,0.00,0.00,0
2024-10-01,001A000820,9900.00,0.00,0.00,0.00,0.00,0.00,0
2024-11-01,001A000820,9900.00,0.00,0.00,0.00,0.00,0.00,0
2024-12-01,001A000820,9900.00,0.00,0.00,0.00,0.00,0.00,0
2025-01-01,001A000820,9900.00,0.00,0.00,0.00,0.00,0.00,0
2025-02-01,001A000820,9900.00,0.00,0.00,0.00,0.00,0.00,0
2025-03-01,001A000820,9900.00,0.00,0.00,0.00,0.00,0.00,0
2025-04-01,001A000820,9900.00,0.00,0.00,0.00,0.00,0.00,0
2025-05-01,001A000820,9900.00,0.00,0.00,0.00,0.00,0.00,0
2025-06-01,001A000820,9900.00,0.00,0.00,0.00,0.00,0.00,0
2025-07-01,001A000820,9900.00,0.00,0.00,0.00,0.00,0.00,0
2025-08-01,001A000820,9900.00,0.00,0.00,0.00,0.00,0.00,0
2025-09-01,001A000820,9900.00,0.00,0.00,0.00,0.00,0.00,123
2025-10-01,001A000820,9900.00,0.00,0.00,0.00,0.00,0.00,519
2025-11-01,001A000820,9900.00,0.00,0.00,0.00,0.00,0.00,1022
2025-12-01,001A000820,9900.00,0.00,0.00,0.00,0.00,0.00,744
2026-01-01,001A000820,9900.00,0.00,0.00,0.00,0.00,0.00,985
2026-02-01,001A000820,9900.00,0.00,0.00,0.00,0.00,0.00,566
2026-03-01,001A000820,9900.00,0.00,0.00,0.00,0.00,0.00,1610
2026-04-01,001A000820,9900.00,0.00,0.00,0.00,0.00,0.00,711
2026-05-01,001A000820,9900.00,0.00,0.00,0.00,0.00,0.00,1159
2026-06-01,001A000820,9900.00,0.00,0.00,0.00,0.00,0.00,1915
2026-07-01,001A000820,9900.00,0.00,0.00,0.00,0.00,0.00,2248
2026-08-01,001A000820,10400.00,0.00,500.00,0.00,0.00,0.00,927
2026-09-01,001A000820,10400.00,0.00,0.00,0.00,0.00,0.00,2231
2026-01-01,001A000838,89900.00,89900.00,0.00,0.00,0.00,0.00,31181
2026-02-01,001A000838,89900.00,0.00,0.00,0.00,0.00,0.00,49967
2026-03-01,001A000838,89900.00,0.00,0.00,0.00,0.00,0.00,52849
2026-04-01,001A000838,89900.00,0.00,0.00,0.00,0.00,0.00,37913
2026-05-01,001A000838,89900.00,0.00,0.00,0.00,0.00,0.00,57944
2026-06-01,001A000838,89900.00,0.00,0.00,0.00,0.00,0.00,53995
2026-07-01,001A000838,89900.00,0.00,0.00,0.00,0.00,0.00,48992
2026-08-01,001A000838,89900.00,0.00,0.00,0.00,0.00,0.00,36293
2026-09-01,001A000838,89900.00,0.00,0.00,0.00,0.00,0.00,21614
2026-08-01,001A000844,14000.00,14000.00,0.00,0.00,0.00,0.00,12733
2026-09-01,001A000844,14000.00,0.00,0.00,0.00,0.00,0.00,12722
2026-07-01,001A000862,9660.00,9660.00,0.00,0.00,0.00,62.87,64018
2026-08-01,001A000862,9660.00,0.00,0.00,0.00,0.00,82.82,69004
2026-09-01,001A000862,9660.00,0.00,0.00,0.00,0.00,0.00,3620
2025-05-01,001A000899,106600.00,106600.00,0.00,0.00,0.00,0.00,24046
2025-06-01,001A000899,106600.00,0.00,0.00,0.00,0.00,0.00,24995
2025-07-01,001A000899,106600.00,0.00,0.00,0.00,0.00,0.00,20595
2025-08-01,001A000899,106600.00,0.00,0.00,0.00,0.00,0.00,17378
2025-09-01,001A000899,106600.00,0.00,0.00,0.00,0.00,0.00,25327
2025-10-01,001A000899,106600.00,0.00,0.00,0.00,0.00,0.00,32711
2025-11-01,001A000899,106600.00,0.00,0.00,0.00,0.00,0.00,33576
2025-12-01,001A000899,125200.00,0.00,18600.00,0.00,0.00,0.00,37448
2026-01-01,001A000899,125200.00,0.00,0.00,0.00,0.00,0.00,52657
2026-02-01,001A000899,125200.00,0.00,0.00,0.00,0.00,0.00,53810
2026-03-01,001A000899,125200.00,0.00,0.00,0.00,0.00,0.00,55372
2026-04-01,001A000899,125200.00,0.00,0.00,0.00,0.00,0.00,74800
2026-05-01,001A000899,147800.00,0.00,22600.00,0.00,0.00,0.00,85370
2026-06-01,001A000899,147800.00,0.00,0.00,0.00,0.00,0.00,116393
2026-07-01,001A000899,147800.00,0.00,0.00,0.00,0.00,0.00,93387
2026-08-01,001A000899,147800.00,0.00,0.00,0.00,0.00,0.00,100199
2026-09-01,001A000899,147800.00,0.00,0.00,0.00,0.00,0.00,87426
2024-07-01,001A000901,59670.00,59670.00,0.00,0.00,0.00,0.00,1196
2024-08-01,001A000901,59670.00,0.00,0.00,0.00,0.00,0.00,1696
2024-09-01,001A000901,59670.00,0.00,0.00,0.00,0.00,0.00,708
2024-10-01,001A000901,59670.00,0.00,0.00,0.00,0.00,0.00,2114
2024-11-01,001A000901,59670.00,0.00,0.00,0.00,0.00,0.00,2022
2024-12-01,001A000901,59670.00,0.00,0.00,0.00,0.00,0.00,3777
2025-01-01,001A000901,59670.00,0.00,0.00,0.00,0.00,0.00,2445
2025-02-01,001A000901,59670.00,0.00,0.00,0.00,0.00,0.00,3118
2025-03-01,001A000901,59670.00,0.00,0.00,0.00,0.00,0.00,3073
2025-04-01,001A000901,59670.00,0.00,0.00,0.00,0.00,0.00,3670
2025-05-01,001A000901,59670.00,0.00,0.00,0.00,0.00,0.00,7093
2025-06-01,001A000901,59670.00,0.00,0.00,0.00,0.00,0.00,9532
2025-07-01,001A000901,59670.00,0.00,0.00,0.00,0.00,0.00,7243
2025-08-01,001A000901,59670.00,0.00,0.00,0.00,0.00,0.00,5205
2025-09-01,001A000901,59670.00,0.00,0.00,0.00,0.00,0.00,16623
2025-10-01,001A000901,59670.00,0.00,0.00,0.00,0.00,0.00,11670
2025-11-01,001A000901,59670.00,0.00,0.00,0.00,0.00,0.00,11605
2025-12-01,001A000901,59670.00,0.00,0.00,0.00,0.00,0.00,24228
2026-01-01,001A000901,59670.00,0.00,0.00,0.00,0.00,0.00,16188
2026-02-01,001A000901,59670.00,0.00,0.00,0.00,0.00,0.00,19593
2026-03-01,001A000901,59670.00,0.00,0.00,0.00,0.00,0.00,32953
2026-04-01,001A000901,59670.00,0.00,0.00,0.00,0.00,0.00,30002
2026-05-01,001A000901,59670.00,0.00,0.00,0.00,0.00,0.00,36254
2026-06-01,001A000901,59670.00,0.00,0.00,0.00,0.00,0.00,38809
2026-07-01,001A000901,59670.00,0.00,0.00,0.00,0.00,0.00,36263
2026-08-01,001A000901,59670.00,0.00,0.00,0.00,0.00,0.00,23969
2026-09-01,001A000901,85761.00,0.00,26091.00,0.00,0.00,0.00,36787
2024-11-01,001A000911,50232.00,50232.00,0.00,0.00,0.00,0.00,13419
2024-12-01,001A000911,50232.00,0.00,0.00,0.00,0.00,0.00,15255
2025-01-01,001A000911,50232.00,0.00,0.00,0.00,0.00,0.00,11036
2025-02-01,001A000911,50232.00,0.00,0.00,0.00,0.00,0.00,13801
2025-03-01,001A000911,50232.00,0.00,0.00,0.00,0.00,0.00,13458
2025-04-01,001A000911,50232.00,0.00,0.00,0.00,0.00,0.00,9576
2025-05-01,001A000911,50232.00,0.00,0.00,0.00,0.00,0.00,287
2025-06-01,001A000911,50232.00,0.00,0.00,0.00,0.00,0.00,604
2025-07-01,001A000911,50232.00,0.00,0.00,0.00,0.00,0.00,1011
2025-08-01,001A000911,50232.00,0.00,0.00,0.00,0.00,0.00,968
2025-09-01,001A000911,50232.00,0.00,0.00,0.00,0.00,0.00,754
2025-10-01,001A000911,50232.00,0.00,0.00,0.00,0.00,0.00,1877
2025-11-01,001A000911,41932.00,0.00,0.00,-8300.00,0.00,0.00,833
2025-12-01,001A000911,41932.00,0.00,0.00,0.00,0.00,0.00,711
2026-01-01,001A000911,41932.00,0.00,0.00,0.00,0.00,0.00,1061
2026-02-01,001A000911,41932.00,0.00,0.00,0.00,0.00,0.00,1316
2026-03-01,001A000911,41932.00,0.00,0.00,0.00,0.00,0.00,1233
2026-04-01,001A000911,41932.00,0.00,0.00,0.00,0.00,0.00,1311
2026-05-01,001A000911,41932.00,0.00,0.00,0.00,0.00,0.00,2292
2026-06-01,001A000911,41932.00,0.00,0.00,0.00,0.00,0.00,1217
2026-07-01,001A000911,41932.00,0.00,0.00,0.00,0.00,0.00,1728
2026-08-01,001A000911,41932.00,0.00,0.00,0.00,0.00,0.00,1308
2026-09-01,001A000911,41932.00,0.00,0.00,0.00,0.00,0.00,2432
2026-08-01,001A000916,7700.00,7700.00,0.00,0.00,0.00,0.00,30890
2026-09-01,001A000916,7700.00,0.00,0.00,0.00,0.00,36.76,47690
2026-01-01,001A000921,35144.00,35144.00,0.00,0.00,0.00,0.00,6318
2026-02-01,001A000921,35144.00,0.00,0.00,0.00,0.00,0.00,14562
2026-03-01,001A000921,35144.00,0.00,0.00,0.00,0.00,0.00,14055
2026-04-01,001A000921,35144.00,0.00,0.00,0.00,0.00,0.00,12328
2026-05-01,001A000921,35144.00,0.00,0.00,0.00,0.00,0.00,19973
2026-06-01,001A000921,35144.00,0.00,0.00,0.00,0.00,0.00,19829
2026-07-01,001A000921,35144.00,0.00,0.00,0.00,0.00,0.00,31870
2026-08-01,001A000921,35144.00,0.00,0.00,0.00,0.00,0.00,22265
2026-09-01,001A000921,46276.00,0.00,11132.00,0.00,0.00,0.00,29720
2025-10-01,001A000924,36400.00,36400.00,0.00,0.00,0.00,0.00,2568
2025-11-01,001A000924,36400.00,0.00,0.00,0.00,0.00,0.00,1788
2025-12-01,001A000924,36400.00,0.00,0.00,0.00,0.00,0.00,2605
2026-01-01,001A000924,36400.00,0.00,0.00,0.00,0.00,0.00,3081
2026-02-01,001A000924,36400.00,0.00,0.00,0.00,0.00,0.00,4467
2026-03-01,001A000924,36400.00,0.00,0.00,0.00,0.00,0.00,3633
2026-04-01,001A000924,36400.00,0.00,0.00,0.00,0.00,0.00,4886
2026-05-01,001A000924,36400.00,0.00,0.00,0.00,0.00,0.00,5080
2026-06-01,001A000924,36400.00,0.00,0.00,0.00,0.00,0.00,4995
2026-07-01,001A000924,36400.00,0.00,0.00,0.00,0.00,0.00,4990
2026-08-01,001A000924,36400.00,0.00,0.00,0.00,0.00,0.00,3695
2026-09-01,001A000924,36400.00,0.00,0.00,0.00,0.00,0.00,1823
2024-12-01,001A000925,12402.00,12402.00,0.00,0.00,0.00,0.00,1622
2025-01-01,001A000925,12402.00,0.00,0.00,0.00,0.00,0.00,1783
2025-02-01,001A000925,12402.00,0.00,0.00,0.00,0.00,0.00,1587
2025-03-01,001A000925,12402.00,0.00,0.00,0.00,0.00,0.00,1427
2025-04-01,001A000925,12402.00,0.00,0.00,0.00,0.00,0.00,1543
2025-05-01,001A000925,12402.00,0.00,0.00,0.00,0.00,0.00,1843
2025-06-01,001A000925,12402.00,0.00,0.00,0.00,0.00,0.00,2398
2025-07-01,001A000925,12402.00,0.00,0.00,0.00,0.00,0.00,2589
2025-08-01,001A000925,12402.00,0.00,0.00,0.00,0.00,0.00,3040
2025-09-01,001A000925,12402.00,0.00,0.00,0.00,0.00,0.00,2510
2025-10-01,001A000925,12402.00,0.00,0.00,0.00,0.00,0.00,2935
2025-11-01,001A000925,12402.00,0.00,0.00,0.00,0.00,0.00,2482
2025-12-01,001A000925,0.00,0.00,0.00,0.00,-12402.00,0.00,3940
2026-09-01,001A000930,29600.00,29600.00,0.00,0.00,0.00,0.00,21066
2026-09-01,001A000948,15272.00,15272.00,0.00,0.00,0.00,0.00,358
2025-12-01,001A000959,16900.00,16900.00,0.00,0.00,0.00,0.00,4212
2026-01-01,001A000959,16900.00,0.00,0.00,0.00,0.00,0.00,5735
2026-02-01,001A000959,16900.00,0.00,0.00,0.00,0.00,0.00,5474
2026-03-01,001A000959,16900.00,0.00,0.00,0.00,0.00,0.00,6252
2026-04-01,001A000959,16900.00,0.00,0.00,0.00,0.00,0.00,8873
2026-05-01,001A000959,16900.00,0.00,0.00,0.00,0.00,0.00,5910
2026-06-01,001A000959,16900.00,0.00,0.00,0.00,0.00,0.00,11056
2026-07-01,001A000959,16900.00,0.00,0.00,0.00,0.00,0.00,7136
2026-08-01,001A000959,16900.00,0.00,0.00,0.00,0.00,0.00,6986
2026-09-01,001A000959,20100.00,0.00,3200.00,0.00,0.00,0.00,8048
2025-09-01,001A000963,18600.00,18600.00,0.00,0.00,0.00,0.00,2915
2025-10-01,001A000963,18600.00,0.00,0.00,0.00,0.00,0.00,2257
2025-11-01,001A000963,18600.00,0.00,0.00,0.00,0.00,0.00,4630
2025-12-01,001A000963,18600.00,0.00,0.00,0.00,0.00,0.00,7463
2026-01-01,001A000963,18600.00,0.00,0.00,0.00,0.00,0.00,7655
2026-02-01,001A000963,18600.00,0.00,0.00,0.00,0.00,0.00,9991
2026-03-01,001A000963,18600.00,0.00,0.00,0.00,0.00,0.00,13297
2026-04-01,001A000963,18600.00,0.00,0.00,0.00,0.00,0.00,16789
2026-05-01,001A000963,18600.00,0.00,0.00,0.00,0.00,0.00,19344
2026-06-01,001A000963,18600.00,0.00,0.00,0.00,0.00,0.00,24309
2026-07-01,001A000963,18600.00,0.00,0.00,0.00,0.00,0.00,24235
2026-08-01,001A000963,18600.00,0.00,0.00,0.00,0.00,0.00,24674
2026-09-01,001A000963,12600.00,0.00,0.00,-6000.00,0.00,0.00,30201
2025-11-01,001A000964,4324.00,4324.00,0.00,0.00,0.00,0.00,7559
2025-12-01,001A000964,4324.00,0.00,0.00,0.00,0.00,0.00,8607
2026-01-01,001A000964,4324.00,0.00,0.00,0.00,0.00,0.00,7842
2026-02-01,001A000964,4324.00,0.00,0.00,0.00,0.00,0.00,6661
2026-03-01,001A000964,4324.00,0.00,0.00,0.00,0.00,0.00,8223
2026-04-01,001A000964,4324.00,0.00,0.00,0.00,0.00,0.00,10466
2026-05-01,001A000964,4324.00,0.00,0.00,0.00,0.00,0.00,341
2026-06-01,001A000964,4324.00,0.00,0.00,0.00,0.00,0.00,958
2026-07-01,001A000964,4324.00,0.00,0.00,0.00,0.00,0.00,570
2026-08-01,001A000964,4324.00,0.00,0.00,0.00,0.00,0.00,1027
2026-09-01,001A000964,4324.00,0.00,0.00,0.00,0.00,0.00,661
2025-05-01,001A000976,10100.00,10100.00,0.00,0.00,0.00,0.00,28214
2025-06-01,001A000976,10100.00,0.00,0.00,0.00,0.00,0.00,15626
2025-07-01,001A000976,10100.00,0.00,0.00,0.00,0.00,0.00,21005
2025-08-01,001A000976,10100.00,0.00,0.00,0.00,0.00,0.00,14531
2025-09-01,001A000976,10100.00,0.00,0.00,0.00,0.00,0.00,24791
2025-10-01,001A000976,10100.00,0.00,0.00,0.00,0.00,0.00,23260
2025-11-01,001A000976,10100.00,0.00,0.00,0.00,0.00,0.00,23760
2025-12-01,001A000976,10100.00,0.00,0.00,0.00,0.00,0.00,38692
2026-01-01,001A000976,10100.00,0.00,0.00,0.00,0.00,0.00,29870
2026-02-01,001A000976,10100.00,0.00,0.00,0.00,0.00,28.12,57531
2026-03-01,001A000976,10100.00,0.00,0.00,0.00,0.00,0.00,34215
2026-04-01,001A000976,10100.00,0.00,0.00,0.00,0.00,0.00,41751
2026-05-01,001A000976,13700.00,0.00,3600.00,0.00,0.00,0.00,62832
2026-06-01,001A000976,13700.00,0.00,0.00,0.00,0.00,106.32,95080
2026-07-01,001A000976,13700.00,0.00,0.00,0.00,0.00,19.08,73270
2026-08-01,001A000976,13700.00,0.00,0.00,0.00,0.00,0.00,59577
2026-09-01,001A000976,13700.00,0.00,0.00,0.00,0.00,136.14,102536
2025-07-01,001A000987,86800.00,86800.00,0.00,0.00,0.00,0.00,7601
2025-08-01,001A000987,86800.00,0.00,0.00,0.00,0.00,0.00,3598
2025-09-01,001A000987,86800.00,0.00,0.00,0.00,0.00,0.00,6694
2025-10-01,001A000987,86800.00,0.00,0.00,0.00,0.00,0.00,5870
2025-11-01,001A000987,86800.00,0.00,0.00,0.00,0.00,0.00,8451
2025-12-01,001A000987,86800.00,0.00,0.00,0.00,0.00,0.00,10226
2026-01-01,001A000987,86800.00,0.00,0.00,0.00,0.00,0.00,9431
2026-02-01,001A000987,86800.00,0.00,0.00,0.00,0.00,0.00,11915
2026-03-01,001A000987,86800.00,0.00,0.00,0.00,0.00,0.00,10045
2026-04-01,001A000987,86800.00,0.00,0.00,0.00,0.00,0.00,13894
2026-05-01,001A000987,86800.00,0.00,0.00,0.00,0.00,0.00,14011
2026-06-01,001A000987,86800.00,0.00,0.00,0.00,0.00,0.00,16499
2026-07-01,001A000987,86800.00,0.00,0.00,0.00,0.00,0.00,12758
2026-08-01,001A000987,86800.00,0.00,0.00,0.00,0.00,0.00,12961
2026-09-01,001A000987,86800.00,0.00,0.00,0.00,0.00,0.00,17578
2025-05-01,001A000988,4700.00,4700.00,0.00,0.00,0.00,0.00,10836
2025-06-01,001A000988,4700.00,0.00,0.00,0.00,0.00,57.91,37978
2025-07-01,001A000988,4700.00,0.00,0.00,0.00,0.00,45.81,34952
2025-08-01,001A000988,4700.00,0.00,0.00,0.00,0.00,0.00,19793
2025-09-01,001A000988,4700.00,0.00,0.00,0.00,0.00,6.24,25060
2025-10-01,001A000988,4700.00,0.00,0.00,0.00,0.00,16.24,27560
2025-11-01,001A000988,4700.00,0.00,0.00,0.00,0.00,40.14,33534
2025-12-01,001A000988,4700.00,0.00,0.00,0.00,0.00,28.95,30738
2026-01-01,001A000988,4700.00,0.00,0.00,0.00,0.00,79.56,43390
2026-02-01,001A000988,4700.00,0.00,0.00,0.00,0.00,132.62,56656
2026-03-01,001A000988,4700.00,0.00,0.00,0.00,0.00,146.75,60187
2026-04-01,001A000988,4700.00,0.00,0.00,0.00,0.00,323.90,104474
2026-05-01,001A000988,4700.00,0.00,0.00,0.00,0.00,201.79,73948
2026-06-01,001A000988,4700.00,0.00,0.00,0.00,0.00,248.78,85696
2026-07-01,001A000988,4700.00,0.00,0.00,0.00,0.00,464.88,139720
2026-08-01,001A000988,4700.00,0.00,0.00,0.00,0.00,255.14,87284
2026-09-01,001A000988,4700.00,0.00,0.00,0.00,0.00,386.72,120179
2026-07-01,001A001000,10800.00,10800.00,0.00,0.00,0.00,0.00,43151
2026-08-01,001A001000,10800.00,0.00,0.00,0.00,0.00,0.00,19743
2026-09-01,001A001000,10800.00,0.00,0.00,0.00,0.00,0.00,44257
2026-06-01,001A001007,14800.00,14800.00,0.00,0.00,0.00,0.00,10459
2026-07-01,001A001007,14800.00,0.00,0.00,0.00,0.00,0.00,11398
2026-08-01,001A001007,14800.00,0.00,0.00,0.00,0.00,0.00,8201
2026-09-01,001A001007,14800.00,0.00,0.00,0.00,0.00,0.00,12412
2025-03-01,001A001035,191084.00,191084.00,0.00,0.00,0.00,0.00,14472
2025-04-01,001A001035,191084.00,0.00,0.00,0.00,0.00,0.00,13849
2025-05-01,001A001035,191084.00,0.00,0.00,0.00,0.00,0.00,15819
2025-06-01,001A001035,191084.00,0.00,0.00,0.00,0.00,0.00,21677
2025-07-01,001A001035,191084.00,0.00,0.00,0.00,0.00,0.00,16563
2025-08-01,001A001035,253368.00,0.00,62284.00,0.00,0.00,0.00,23296
2025-09-01,001A001035,253368.00,0.00,0.00,0.00,0.00,0.00,31245
2025-10-01,001A001035,253368.00,0.00,0.00,0.00,0.00,0.00,40638
2025-11-01,001A001035,253368.00,0.00,0.00,0.00,0.00,0.00,49001
2025-12-01,001A001035,253368.00,0.00,0.00,0.00,0.00,0.00,46622
2026-01-01,001A001035,253368.00,0.00,0.00,0.00,0.00,0.00,48196
2026-02-01,001A001035,253368.00,0.00,0.00,0.00,0.00,0.00,59374
2026-03-01,001A001035,285768.00,0.00,32400.00,0.00,0.00,0.00,74461
2026-04-01,001A001035,285768.00,0.00,0.00,0.00,0.00,0.00,161752
2026-05-01,001A001035,285768.00,0.00,0.00,0.00,0.00,0.00,119975
2026-06-01,001A001035,285768.00,0.00,0.00,0.00,0.00,0.00,146151
2026-07-01,001A001035,346120.00,0.00,60352.00,0.00,0.00,0.00,217201
2026-08-01,001A001035,346120.00,0.00,0.00,0.00,0.00,0.00,168098
2026-09-01,001A001035,346120.00,0.00,0.00,0.00,0.00,0.00,203158
2025-02-01,001A001073,5152.00,5152.00,0.00,0.00,0.00,0.00,11001
2025-03-01,001A001073,5152.00,0.00,0.00,0.00,0.00,0.00,11206
2025-04-01,001A001073,5152.00,0.00,0.00,0.00,0.00,0.00,18346
2025-05-01,001A001073,8924.00,0.00,3772.00,0.00,0.00,0.00,20230
2025-06-01,001A001073,8924.00,0.00,0.00,0.00,0.00,0.00,19793
2025-07-01,001A001073,8924.00,0.00,0.00,0.00,0.00,0.00,21691
2025-08-01,001A001073,8924.00,0.00,0.00,0.00,0.00,0.00,25394
2025-09-01,001A001073,8924.00,0.00,0.00,0.00,0.00,0.00,25695
2025-10-01,001A001073,8924.00,0.00,0.00,0.00,0.00,0.00,25678
2025-11-01,001A001073,8924.00,0.00,0.00,0.00,0.00,18.40,49221
2025-12-01,001A001073,8924.00,0.00,0.00,0.00,0.00,0.00,41204
2026-01-01,001A001073,12512.00,0.00,3588.00,0.00,0.00,0.00,59060
2026-02-01,001A001073,9112.00,0.00,0.00,-3400.00,0.00,0.00,41629
2026-03-01,001A001073,9112.00,0.00,0.00,0.00,0.00,0.00,7248
2026-04-01,001A001073,9112.00,0.00,0.00,0.00,0.00,0.00,10416
2026-05-01,001A001073,9112.00,0.00,0.00,0.00,0.00,0.00,12752
2026-06-01,001A001073,9112.00,0.00,0.00,0.00,0.00,0.00,11228
2026-07-01,001A001073,9112.00,0.00,0.00,0.00,0.00,0.00,11894
2026-08-01,001A001073,9112.00,0.00,0.00,0.00,0.00,0.00,11779
2026-09-01,001A001073,9112.00,0.00,0.00,0.00,0.00,0.00,13512
2025-10-01,001A001075,7600.00,7600.00,0.00,0.00,0.00,0.00,3362
2025-11-01,001A001075,7600.00,0.00,0.00,0.00,0.00,0.00,4716
2025-12-01,001A001075,7600.00,0.00,0.00,0.00,0.00,0.00,4303
2026-01-01,001A001075,7600.00,0.00,0.00,0.00,0.00,0.00,5379
2026-02-01,001A001075,7600.00,0.00,0.00,0.00,0.00,0.00,3620
2026-03-01,001A001075,7600.00,0.00,0.00,0.00,0.00,0.00,6956
2026-04-01,001A001075,7600.00,0.00,0.00,0.00,0.00,0.00,6222
2026-05-01,001A001075,7600.00,0.00,0.00,0.00,0.00,0.00,4862
2026-06-01,001A001075,7600.00,0.00,0.00,0.00,0.00,0.00,6572
2026-07-01,001A001075,7600.00,0.00,0.00,0.00,0.00,0.00,5528
2026-08-01,001A001075,7600.00,0.00,0.00,0.00,0.00,0.00,6191
2026-09-01,001A001075,7600.00,0.00,0.00,0.00,0.00,0.00,4845
2026-08-01,001A001090,43875.00,43875.00,0.00,0.00,0.00,0.00,5855
2026-09-01,001A001090,43875.00,0.00,0.00,0.00,0.00,0.00,6885
2026-02-01,001A001091,8280.00,8280.00,0.00,0.00,0.00,0.00,16067
2026-03-01,001A001091,8280.00,0.00,0.00,0.00,0.00,0.00,21612
2026-04-01,001A001091,8280.00,0.00,0.00,0.00,0.00,0.00,22651
2026-05-01,001A001091,8280.00,0.00,0.00,0.00,0.00,0.00,31089
2026-06-01,001A001091,13984.00,0.00,5704.00,0.00,0.00,0.00,38160
2026-07-01,001A001091,13984.00,0.00,0.00,0.00,0.00,0.00,23515
2026-08-01,001A001091,13984.00,0.00,0.00,0.00,0.00,0.00,23721
2026-09-01,001A001091,13984.00,0.00,0.00,0.00,0.00,0.00,24249
2026-06-01,001A001103,8740.00,8740.00,0.00,0.00,0.00,0.00,13394
2026-07-01,001A001103,8740.00,0.00,0.00,0.00,0.00,0.00,19436
2026-08-01,001A001103,8740.00,0.00,0.00,0.00,0.00,0.00,15703
2026-09-01,001A001103,8740.00,0.00,0.00,0.00,0.00,0.00,28418
2025-04-01,001A001105,217948.00,217948.00,0.00,0.00,0.00,0.00,6890
2025-05-01,001A001105,217948.00,0.00,0.00,0.00,0.00,0.00,9350
2025-06-01,001A001105,217948.00,0.00,0.00,0.00,0.00,0.00,10901
2025-07-01,001A001105,217948.00,0.00,0.00,0.00,0.00,0.00,9411
2025-08-01,001A001105,217948.00,0.00,0.00,0.00,0.00,0.00,9863
2025-09-01,001A001105,217948.00,0.00,0.00,0.00,0.00,0.00,14384
2025-10-01,001A001105,217948.00,0.00,0.00,0.00,0.00,0.00,8453
2025-11-01,001A001105,217948.00,0.00,0.00,0.00,0.00,0.00,11393
2025-12-01,001A001105,217948.00,0.00,0.00,0.00,0.00,0.00,10708
2026-01-01,001A001105,217948.00,0.00,0.00,0.00,0.00,0.00,13984
2026-02-01,001A001105,217948.00,0.00,0.00,0.00,0.00,0.00,15495
2026-03-01,001A001105,217948.00,0.00,0.00,0.00,0.00,0.00,19061
2026-04-01,001A001105,165348.00,0.00,0.00,-52600.00,0.00,0.00,18227
2026-05-01,001A001105,165348.00,0.00,0.00,0.00,0.00,0.00,24721
2026-06-01,001A001105,165348.00,0.00,0.00,0.00,0.00,0.00,0
2026-07-01,001A001105,165348.00,0.00,0.00,0.00,0.00,0.00,647
2026-08-01,001A001105,165348.00,0.00,0.00,0.00,0.00,0.00,1194
2026-09-01,001A001105,165348.00,0.00,0.00,0.00,0.00,0.00,2015
2026-05-01,001A001108,11500.00,11500.00,0.00,0.00,0.00,0.00,1318
2026-06-01,001A001108,11500.00,0.00,0.00,0.00,0.00,0.00,1823
2026-07-01,001A001108,11500.00,0.00,0.00,0.00,0.00,0.00,2252
2026-08-01,001A001108,11500.00,0.00,0.00,0.00,0.00,0.00,2080
2026-09-01,001A001108,11500.00,0.00,0.00,0.00,0.00,0.00,1885
2025-07-01,001A001114,34408.00,34408.00,0.00,0.00,0.00,0.00,17219
2025-08-01,001A001114,34408.00,0.00,0.00,0.00,0.00,0.00,11023
2025-09-01,001A001114,34408.00,0.00,0.00,0.00,0.00,0.00,19737
2025-10-01,001A001114,34408.00,0.00,0.00,0.00,0.00,0.00,21103
2025-11-01,001A001114,34408.00,0.00,0.00,0.00,0.00,0.00,21550
2025-12-01,001A001114,34408.00,0.00,0.00,0.00,0.00,0.00,15602
2026-01-01,001A001114,34408.00,0.00,0.00,0.00,0.00,0.00,21777
2026-02-01,001A001114,34408.00,0.00,0.00,0.00,0.00,0.00,36442
2026-03-01,001A001114,34408.00,0.00,0.00,0.00,0.00,0.00,24567
2026-04-01,001A001114,34408.00,0.00,0.00,0.00,0.00,0.00,6988
2026-05-01,001A001114,34408.00,0.00,0.00,0.00,0.00,0.00,6034
2026-06-01,001A001114,34408.00,0.00,0.00,0.00,0.00,0.00,10581
2026-07-01,001A001114,34408.00,0.00,0.00,0.00,0.00,0.00,7011
2026-08-01,001A001114,34408.00,0.00,0.00,0.00,0.00,0.00,5297
2026-09-01,001A001114,34408.00,0.00,0.00,0.00,0.00,0.00,6249
2025-01-01,001A001128,6624.00,6624.00,0.00,0.00,0.00,0.00,1866
2025-02-01,001A001128,6624.00,0.00,0.00,0.00,0.00,0.00,2658
2025-03-01,001A001128,6624.00,0.00,0.00,0.00,0.00,0.00,2320
2025-04-01,001A001128,6624.00,0.00,0.00,0.00,0.00,0.00,2972
2025-05-01,001A001128,6624.00,0.00,0.00,0.00,0.00,0.00,4886
2025-06-01,001A001128,6624.00,0.00,0.00,0.00,0.00,0.00,7266
2025-07-01,001A001128,6624.00,0.00,0.00,0.00,0.00,0.00,4256
2025-08-01,001A001128,6624.00,0.00,0.00,0.00,0.00,0.00,2711
2025-09-01,001A001128,6624.00,0.00,0.00,0.00,0.00,0.00,4745
2025-10-01,001A001128,6624.00,0.00,0.00,0.00,0.00,0.00,6194
2025-11-01,001A001128,10304.00,0.00,3680.00,0.00,0.00,0.00,7353
2025-12-01,001A001128,10304.00,0.00,0.00,0.00,0.00,0.00,10195
2026-01-01,001A001128,12404.00,0.00,2100.00,0.00,0.00,0.00,7238
2026-02-01,001A001128,12404.00,0.00,0.00,0.00,0.00,0.00,11266
2026-03-01,001A001128,12404.00,0.00,0.00,0.00,0.00,0.00,7461
2026-04-01,001A001128,12404.00,0.00,0.00,0.00,0.00,0.00,8782
2026-05-01,001A001128,12404.00,0.00,0.00,0.00,0.00,0.00,15261
2026-06-01,001A001128,12404.00,0.00,0.00,0.00,0.00,0.00,15024
2026-07-01,001A001128,12404.00,0.00,0.00,0.00,0.00,0.00,1266
2026-08-01,001A001128,12404.00,0.00,0.00,0.00,0.00,0.00,805
2026-09-01,001A001128,12404.00,0.00,0.00,0.00,0.00,0.00,2052
2026-01-01,001A001145,17600.00,17600.00,0.00,0.00,0.00,0.00,2781
2026-02-01,001A001145,17600.00,0.00,0.00,0.00,0.00,0.00,2812
2026-03-01,001A001145,17600.00,0.00,0.00,0.00,0.00,0.00,2571
2026-04-01,001A001145,17600.00,0.00,0.00,0.00,0.00,0.00,4118
2026-05-01,001A001145,17600.00,0.00,0.00,0.00,0.00,0.00,4093
2026-06-01,001A001145,22200.00,0.00,4600.00,0.00,0.00,0.00,3120
2026-07-01,001A001145,22200.00,0.00,0.00,0.00,0.00,0.00,5887
2026-08-01,001A001145,22200.00,0.00,0.00,0.00,0.00,0.00,3817
2026-09-01,001A001145,22200.00,0.00,0.00,0.00,0.00,0.00,7112
2024-10-01,001A001150,5900.00,5900.00,0.00,0.00,0.00,0.00,2978
2024-11-01,001A001150,5900.00,0.00,0.00,0.00,0.00,0.00,5452
2024-12-01,001A001150,5900.00,0.00,0.00,0.00,0.00,0.00,10497
2025-01-01,001A001150,5900.00,0.00,0.00,0.00,0.00,0.00,10374
2025-02-01,001A001150,5900.00,0.00,0.00,0.00,0.00,0.00,12074
2025-03-01,001A001150,5900.00,0.00,0.00,0.00,0.00,0.00,15048
2025-04-01,001A001150,5900.00,0.00,0.00,0.00,0.00,0.00,16699
2025-05-01,001A001150,11300.00,0.00,5400.00,0.00,0.00,0.00,22394
2025-06-01,001A001150,11300.00,0.00,0.00,0.00,0.00,0.00,22984
2025-07-01,001A001150,11300.00,0.00,0.00,0.00,0.00,0.00,29123
2025-08-01,001A001150,11300.00,0.00,0.00,0.00,0.00,0.00,36219
2025-09-01,001A001150,14700.00,0.00,3400.00,0.00,0.00,0.00,43071
2025-10-01,001A001150,14700.00,0.00,0.00,0.00,0.00,0.00,45118
2025-11-01,001A001150,14700.00,0.00,0.00,0.00,0.00,0.00,50342
2025-12-01,001A001150,14700.00,0.00,0.00,0.00,0.00,0.00,58681
2026-01-01,001A001150,14700.00,0.00,0.00,0.00,0.00,0.00,69672
2026-02-01,001A001150,14700.00,0.00,0.00,0.00,0.00,89.04,95759
2026-03-01,001A001150,20400.00,0.00,5700.00,0.00,0.00,8.78,104195
2026-04-01,001A001150,20400.00,0.00,0.00,0.00,0.00,45.58,113395
2026-05-01,001A001150,20400.00,0.00,0.00,0.00,0.00,25.59,108397
2026-06-01,001A001150,20400.00,0.00,0.00,0.00,0.00,136.13,136033
2026-07-01,001A001150,20400.00,0.00,0.00,0.00,0.00,118.27,131568
2026-08-01,001A001150,20400.00,0.00,0.00,0.00,0.00,221.26,157315
2026-09-01,001A001150,20400.00,0.00,0.00,0.00,0.00,361.12,192281
2025-10-01,001A001151,25484.00,25484.00,0.00,0.00,0.00,0.00,7672
2025-11-01,001A001151,25484.00,0.00,0.00,0.00,0.00,0.00,10155
2025-12-01,001A001151,25484.00,0.00,0.00,0.00,0.00,0.00,7319
2026-01-01,001A001151,25484.00,0.00,0.00,0.00,0.00,0.00,12619
2026-02-01,001A001151,25484.00,0.00,0.00,0.00,0.00,0.00,10393
2026-03-01,001A001151,25484.00,0.00,0.00,0.00,0.00,0.00,11407
2026-04-01,001A001151,25484.00,0.00,0.00,0.00,0.00,0.00,11670
2026-05-01,001A001151,25484.00,0.00,0.00,0.00,0.00,0.00,21749
2026-06-01,001A001151,25484.00,0.00,0.00,0.00,0.00,0.00,23373
2026-07-01,001A001151,25484.00,0.00,0.00,0.00,0.00,0.00,14155
2026-08-01,001A001151,25484.00,0.00,0.00,0.00,0.00,0.00,9545
2026-09-01,001A001151,25484.00,0.00,0.00,0.00,0.00,0.00,10739
2026-02-01,001A001157,8200.00,8200.00,0.00,0.00,0.00,0.00,3221
2026-03-01,001A001157,8200.00,0.00,0.00,0.00,0.00,0.00,5450
2026-04-01,001A001157,8200.00,0.00,0.00,0.00,0.00,0.00,3138
2026-05-01,001A001157,8200.00,0.00,0.00,0.00,0.00,0.00,3897
2026-06-01,001A001157,8200.00,0.00,0.00,0.00,0.00,0.00,4743
2026-07-01,001A001157,8200.00,0.00,0.00,0.00,0.00,0.00,8539
2026-08-01,001A001157,8200.00,0.00,0.00,0.00,0.00,0.00,5640
2026-09-01,001A001157,8200.00,0.00,0.00,0.00,0.00,0.00,8645
2026-09-01,001A001165,15640.00,15640.00,0.00,0.00,0.00,0.00,3331
2026-05-01,001A001176,5400.00,5400.00,0.00,0.00,0.00,0.00,6821
2026-06-01,001A001176,5400.00,0.00,0.00,0.00,0.00,0.00,10023
2026-07-01,001A001176,5400.00,0.00,0.00,0.00,0.00,0.00,7855
2026-08-01,001A001176,5400.00,0.00,0.00,0.00,0.00,0.00,3473
2026-09-01,001A001176,5400.00,0.00,0.00,0.00,0.00,0.00,3908
2024-05-01,001A001179,18135.00,18135.00,0.00,0.00,0.00,0.00,0
2024-06-01,001A001179,18135.00,0.00,0.00,0.00,0.00,0.00,0
2024-07-01,001A001179,18135.00,0.00,0.00,0.00,0.00,0.00,0
2024-08-01,001A001179,18135.00,0.00,0.00,0.00,0.00,0.00,0
2024-09-01,001A001179,18135.00,0.00,0.00,0.00,0.00,0.00,0
2024-10-01,001A001179,18135.00,0.00,0.00,0.00,0.00,0.00,0
2024-11-01,001A001179,18135.00,0.00,0.00,0.00,0.00,0.00,0
2024-12-01,001A001179,18135.00,0.00,0.00,0.00,0.00,0.00,0
2025-01-01,001A001179,18135.00,0.00,0.00,0.00,0.00,0.00,0
2025-02-01,001A001179,18135.00,0.00,0.00,0.00,0.00,0.00,0
2025-03-01,001A001179,18135.00,0.00,0.00,0.00,0.00,0.00,0
2025-04-01,001A001179,18135.00,0.00,0.00,0.00,0.00,0.00,0
2025-05-01,001A001179,0.00,0.00,0.00,0.00,-18135.00,0.00,0
2026-04-01,001A001191,27200.00,27200.00,0.00,0.00,0.00,0.00,312
2026-05-01,001A001191,27200.00,0.00,0.00,0.00,0.00,0.00,819
2026-06-01,001A001191,27200.00,0.00,0.00,0.00,0.00,0.00,573
2026-07-01,001A001191,27200.00,0.00,0.00,0.00,0.00,0.00,690
2026-08-01,001A001191,27200.00,0.00,0.00,0.00,0.00,0.00,712
2026-09-01,001A001191,27200.00,0.00,0.00,0.00,0.00,0.00,407
2025-10-01,001A001196,31473.00,31473.00,0.00,0.00,0.00,0.00,15661
2025-11-01,001A001196,31473.00,0.00,0.00,0.00,0.00,0.00,21740
2025-12-01,001A001196,31473.00,0.00,0.00,0.00,0.00,0.00,26936
2026-01-01,001A001196,31473.00,0.00,0.00,0.00,0.00,0.00,27077
2026-02-01,001A001196,40950.00,0.00,9477.00,0.00,0.00,0.00,39196
2026-03-01,001A001196,40950.00,0.00,0.00,0.00,0.00,0.00,46254
2026-04-01,001A001196,40950.00,0.00,0.00,0.00,0.00,0.00,56314
2026-05-01,001A001196,40950.00,0.00,0.00,0.00,0.00,0.00,54994
2026-06-01,001A001196,40950.00,0.00,0.00,0.00,0.00,0.00,45849
2026-07-01,001A001196,40950.00,0.00,0.00,0.00,0.00,0.00,51219
2026-08-01,001A001196,53352.00,0.00,12402.00,0.00,0.00,0.00,43534
2026-09-01,001A001196,53352.00,0.00,0.00,0.00,0.00,0.00,67277
2025-03-01,001A001199,15364.00,15364.00,0.00,0.00,0.00,0.00,38915
2025-04-01,001A001199,15364.00,0.00,0.00,0.00,0.00,0.00,33523
2025-05-01,001A001199,15364.00,0.00,0.00,0.00,0.00,0.00,68105
2025-06-01,001A001199,15364.00,0.00,0.00,0.00,0.00,0.00,48925
2025-07-01,001A001199,15364.00,0.00,0.00,0.00,0.00,0.00,64019
2025-08-01,001A001199,15364.00,0.00,0.00,0.00,0.00,0.00,58415
2025-09-01,001A001199,15364.00,0.00,0.00,0.00,0.00,97.94,101306
2025-10-01,001A001199,15364.00,0.00,0.00,0.00,0.00,97.16,101109
2025-11-01,001A001199,15364.00,0.00,0.00,0.00,0.00,78.76,96509
2025-12-01,001A001199,15364.00,0.00,0.00,0.00,0.00,405.85,178282
2026-01-01,001A001199,15364.00,0.00,0.00,0.00,0.00,591.74,224755
2026-02-01,001A001199,15364.00,0.00,0.00,0.00,0.00,490.96,199561
2026-03-01,001A001199,15364.00,0.00,0.00,0.00,0.00,440.84,187030
2026-04-01,001A001199,15364.00,0.00,0.00,0.00,0.00,799.62,276725
2026-05-01,001A001199,15364.00,0.00,0.00,0.00,0.00,1091.32,349651
2026-06-01,001A001199,15364.00,0.00,0.00,0.00,0.00,533.68,210240
2026-07-01,001A001199,15364.00,0.00,0.00,0.00,0.00,2348.80,664021
2026-08-01,001A001199,15364.00,0.00,0.00,0.00,0.00,1599.60,476719
2026-09-01,001A001199,15364.00,0.00,0.00,0.00,0.00,1516.88,456039
2025-08-01,001A001228,8924.00,8924.00,0.00,0.00,0.00,0.00,0
2025-09-01,001A001228,8924.00,0.00,0.00,0.00,0.00,0.00,0
2025-10-01,001A001228,8924.00,0.00,0.00,0.00,0.00,0.00,0
2025-11-01,001A001228,8924.00,0.00,0.00,0.00,0.00,0.00,0
2025-12-01,001A001228,8924.00,0.00,0.00,0.00,0.00,0.00,0
2026-01-01,001A001228,8924.00,0.00,0.00,0.00,0.00,0.00,0
2026-02-01,001A001228,8924.00,0.00,0.00,0.00,0.00,0.00,0
2026-03-01,001A001228,8924.00,0.00,0.00,0.00,0.00,0.00,0
2026-04-01,001A001228,8924.00,0.00,0.00,0.00,0.00,0.00,0
2026-05-01,001A001228,8924.00,0.00,0.00,0.00,0.00,0.00,0
2026-06-01,001A001228,8924.00,0.00,0.00,0.00,0.00,0.00,0
2026-07-01,001A001228,8924.00,0.00,0.00,0.00,0.00,0.00,0
2026-08-01,001A001228,0.00,0.00,0.00,0.00,-8924.00,0.00,0
2024-04-01,001A001239,6700.00,6700.00,0.00,0.00,0.00,0.00,5597
2024-05-01,001A001239,6700.00,0.00,0.00,0.00,0.00,0.00,11585
2024-06-01,001A001239,6700.00,0.00,0.00,0.00,0.00,0.00,11116
2024-07-01,001A001239,6700.00,0.00,0.00,0.00,0.00,0.00,11894
2024-08-01,001A001239,6700.00,0.00,0.00,0.00,0.00,0.00,9210
2024-09-01,001A001239,6700.00,0.00,0.00,0.00,0.00,0.00,11498
2024-10-01,001A001239,6700.00,0.00,0.00,0.00,0.00,0.00,15377
2024-11-01,001A001239,6700.00,0.00,0.00,0.00,0.00,0.00,14997
2024-12-01,001A001239,6700.00,0.00,0.00,0.00,0.00,0.00,13532
2025-01-01,001A001239,6700.00,0.00,0.00,0.00,0.00,0.00,19880
2025-02-01,001A001239,6700.00,0.00,0.00,0.00,0.00,0.00,19580
2025-03-01,001A001239,6700.00,0.00,0.00,0.00,0.00,0.00,18621
2025-04-01,001A001239,6700.00,0.00,0.00,0.00,0.00,0.00,30853
2025-05-01,001A001239,6700.00,0.00,0.00,0.00,0.00,0.00,24003
2025-06-01,001A001239,6700.00,0.00,0.00,0.00,0.00,0.00,23846
2025-07-01,001A001239,6700.00,0.00,0.00,0.00,0.00,0.00,30624
2025-08-01,001A001239,6700.00,0.00,0.00,0.00,0.00,0.00,20461
2025-09-01,001A001239,6700.00,0.00,0.00,0.00,0.00,0.00,25743
2025-10-01,001A001239,6700.00,0.00,0.00,0.00,0.00,2.94,34234
2025-11-01,001A001239,6700.00,0.00,0.00,0.00,0.00,0.00,26171
2025-12-01,001A001239,6700.00,0.00,0.00,0.00,0.00,9.28,35821
2026-01-01,001A001239,6700.00,0.00,0.00,0.00,0.00,0.00,32027
2026-02-01,001A001239,6700.00,0.00,0.00,0.00,0.00,0.00,6605
2026-03-01,001A001239,10500.00,0.00,3800.00,0.00,0.00,0.00,6373
2026-04-01,001A001239,0.00,0.00,0.00,0.00,-10500.00,0.00,6537
2025-12-01,001A001286,24600.00,24600.00,0.00,0.00,0.00,0.00,5620
2026-01-01,001A001286,24600.00,0.00,0.00,0.00,0.00,0.00,9160
2026-02-01,001A001286,24600.00,0.00,0.00,0.00,0.00,0.00,7966
2026-03-01,001A001286,24600.00,0.00,0.00,0.00,0.00,0.00,8407
2026-04-01,001A001286,24600.00,0.00,0.00,0.00,0.00,0.00,10561
2026-05-01,001A001286,24600.00,0.00,0.00,0.00,0.00,0.00,14940
2026-06-01,001A001286,24600.00,0.00,0.00,0.00,0.00,0.00,12112
2026-07-01,001A001286,24600.00,0.00,0.00,0.00,0.00,0.00,11607
2026-08-01,001A001286,24600.00,0.00,0.00,0.00,0.00,0.00,13055
2026-09-01,001A001286,24600.00,0.00,0.00,0.00,0.00,0.00,19138
2026-06-01,001A001288,25800.00,25800.00,0.00,0.00,0.00,0.00,13685
2026-07-01,001A001288,25800.00,0.00,0.00,0.00,0.00,0.00,29284
2026-08-01,001A001288,25800.00,0.00,0.00,0.00,0.00,0.00,19801
2026-09-01,001A001288,25800.00,0.00,0.00,0.00,0.00,0.00,35108
2026-05-01,001A001292,84400.00,84400.00,0.00,0.00,0.00,0.00,12009
2026-06-01,001A001292,84400.00,0.00,0.00,0.00,0.00,0.00,14670
2026-07-01,001A001292,84400.00,0.00,0.00,0.00,0.00,0.00,11466
2026-08-01,001A001292,84400.00,0.00,0.00,0.00,0.00,0.00,10684
2026-09-01,001A001292,84400.00,0.00,0.00,0.00,0.00,0.00,7320
2024-09-01,001A001308,87600.00,87600.00,0.00,0.00,0.00,0.00,0
2024-10-01,001A001308,87600.00,0.00,0.00,0.00,0.00,0.00,0
2024-11-01,001A001308,87600.00,0.00,0.00,0.00,0.00,0.00,0
2024-12-01,001A001308,87600.00,0.00,0.00,0.00,0.00,0.00,0
2025-01-01,001A001308,87600.00,0.00,0.00,0.00,0.00,0.00,0
2025-02-01,001A001308,87600.00,0.00,0.00,0.00,0.00,0.00,0
2025-03-01,001A001308,87600.00,0.00,0.00,0.00,0.00,0.00,1117
2025-04-01,001A001308,87600.00,0.00,0.00,0.00,0.00,0.00,2786
2025-05-01,001A001308,87600.00,0.00,0.00,0.00,0.00,0.00,2551
2025-06-01,001A001308,87600.00,0.00,0.00,0.00,0.00,0.00,4078
2025-07-01,001A001308,87600.00,0.00,0.00,0.00,0.00,0.00,4939
2025-08-01,001A001308,87600.00,0.00,0.00,0.00,0.00,0.00,3328
2025-09-01,001A001308,0.00,0.00,0.00,0.00,-87600.00,0.00,6818
2025-03-01,001A001338,22632.00,22632.00,0.00,0.00,0.00,0.00,2888
2025-04-01,001A001338,22632.00,0.00,0.00,0.00,0.00,0.00,1747
2025-05-01,001A001338,22632.00,0.00,0.00,0.00,0.00,0.00,1887
2025-06-01,001A001338,22632.00,0.00,0.00,0.00,0.00,0.00,1673
2025-07-01,001A001338,22632.00,0.00,0.00,0.00,0.00,0.00,1598
2025-08-01,001A001338,22632.00,0.00,0.00,0.00,0.00,0.00,1918
2025-09-01,001A001338,22632.00,0.00,0.00,0.00,0.00,0.00,2237
2025-10-01,001A001338,22632.00,0.00,0.00,0.00,0.00,0.00,2150
2025-11-01,001A001338,22632.00,0.00,0.00,0.00,0.00,0.00,2715
2025-12-01,001A001338,22632.00,0.00,0.00,0.00,0.00,0.00,2212
2026-01-01,001A001338,22632.00,0.00,0.00,0.00,0.00,0.00,2039
2026-02-01,001A001338,22632.00,0.00,0.00,0.00,0.00,0.00,2944
2026-03-01,001A001338,17160.00,0.00,3128.00,-8600.00,0.00,0.00,3013
2026-04-01,001A001338,17160.00,0.00,0.00,0.00,0.00,0.00,3771
2026-05-01,001A001338,17160.00,0.00,0.00,0.00,0.00,0.00,5136
2026-06-01,001A001338,17160.00,0.00,0.00,0.00,0.00,0.00,4710
2026-07-01,001A001338,17160.00,0.00,0.00,0.00,0.00,0.00,3775
2026-08-01,001A001338,17160.00,0.00,0.00,0.00,0.00,0.00,4941
2026-09-01,001A001338,22128.00,0.00,4968.00,0.00,0.00,0.00,4509
2026-06-01,001A001342,49400.00,49400.00,0.00,0.00,0.00,0.00,13238
2026-07-01,001A001342,49400.00,0.00,0.00,0.00,0.00,0.00,13149
2026-08-01,001A001342,49400.00,0.00,0.00,0.00,0.00,0.00,6127
2026-09-01,001A001342,49400.00,0.00,0.00,0.00,0.00,0.00,11965
2026-02-01,001A001345,20976.00,20976.00,0.00,0.00,0.00,0.00,3799
2026-03-01,001A001345,20976.00,0.00,0.00,0.00,0.00,0.00,3067
2026-04-01,001A001345,20976.00,0.00,0.00,0.00,0.00,0.00,3588
2026-05-01,001A001345,20976.00,0.00,0.00,0.00,0.00,0.00,4892
2026-06-01,001A001345,20976.00,0.00,0.00,0.00,0.00,0.00,4107
2026-07-01,001A001345,20976.00,0.00,0.00,0.00,0.00,0.00,3296
2026-08-01,001A001345,20976.00,0.00,0.00,0.00,0.00,0.00,4283
2026-09-01,001A001345,20976.00,0.00,0.00,0.00,0.00,0.00,7183
2026-08-01,001A001374,62652.00,62652.00,0.00,0.00,0.00,0.00,654
2026-09-01,001A001374,62652.00,0.00,0.00,0.00,0.00,0.00,385
2025-07-01,001A001376,4324.00,4324.00,0.00,0.00,0.00,0.00,561
2025-08-01,001A001376,4324.00,0.00,0.00,0.00,0.00,0.00,312
2025-09-01,001A001376,4324.00,0.00,0.00,0.00,0.00,0.00,753
2025-10-01,001A001376,4324.00,0.00,0.00,0.00,0.00,0.00,951
2025-11-01,001A001376,4324.00,0.00,0.00,0.00,0.00,0.00,626
2025-12-01,001A001376,4324.00,0.00,0.00,0.00,0.00,0.00,740
2026-01-01,001A001376,4324.00,0.00,0.00,0.00,0.00,0.00,952
2026-02-01,001A001376,4324.00,0.00,0.00,0.00,0.00,0.00,1051
2026-03-01,001A001376,4324.00,0.00,0.00,0.00,0.00,0.00,0
2026-04-01,001A001376,4324.00,0.00,0.00,0.00,0.00,0.00,0
2026-05-01,001A001376,4324.00,0.00,0.00,0.00,0.00,0.00,0
2026-06-01,001A001376,4324.00,0.00,0.00,0.00,0.00,0.00,0
2026-07-01,001A001376,4324.00,0.00,0.00,0.00,0.00,0.00,0
2026-08-01,001A001376,4324.00,0.00,0.00,0.00,0.00,0.00,0
2026-09-01,001A001376,4324.00,0.00,0.00,0.00,0.00,0.00,0
2026-07-01,001A001384,60628.00,60628.00,0.00,0.00,0.00,0.00,25850
2026-08-01,001A001384,60628.00,0.00,0.00,0.00,0.00,0.00,27362
2026-09-01,001A001384,60628.00,0.00,0.00,0.00,0.00,0.00,36255
2026-08-01,001A001399,6900.00,6900.00,0.00,0.00,0.00,0.00,29318
2026-09-01,001A001399,6900.00,0.00,0.00,0.00,0.00,0.00,30278
2025-06-01,001A001401,127200.00,127200.00,0.00,0.00,0.00,0.00,3220
2025-07-01,001A001401,127200.00,0.00,0.00,0.00,0.00,0.00,5117
2025-08-01,001A001401,127200.00,0.00,0.00,0.00,0.00,0.00,4548
2025-09-01,001A001401,127200.00,0.00,0.00,0.00,0.00,0.00,5444
2025-10-01,001A001401,127200.00,0.00,0.00,0.00,0.00,0.00,5123
2025-11-01,001A001401,127200.00,0.00,0.00,0.00,0.00,0.00,7435
2025-12-01,001A001401,127200.00,0.00,0.00,0.00,0.00,0.00,12210
2026-01-01,001A001401,127200.00,0.00,0.00,0.00,0.00,0.00,4170
2026-02-01,001A001401,127200.00,0.00,0.00,0.00,0.00,0.00,1690
2026-03-01,001A001401,127200.00,0.00,0.00,0.00,0.00,0.00,3383
2026-04-01,001A001401,127200.00,0.00,0.00,0.00,0.00,0.00,5696
2026-05-01,001A001401,127200.00,0.00,0.00,0.00,0.00,0.00,8968
2026-06-01,001A001401,138600.00,0.00,11400.00,0.00,0.00,0.00,9537
2026-07-01,001A001401,138600.00,0.00,0.00,0.00,0.00,0.00,8423
2026-08-01,001A001401,138600.00,0.00,0.00,0.00,0.00,0.00,6545
2026-09-01,001A001401,138600.00,0.00,0.00,0.00,0.00,0.00,6534
2026-09-01,001A001403,6700.00,6700.00,0.00,0.00,0.00,0.00,2489
2026-08-01,001A001411,62376.00,62376.00,0.00,0.00,0.00,0.00,28501
2026-09-01,001A001411,62376.00,0.00,0.00,0.00,0.00,0.00,34000
2026-03-01,001A001426,8300.00,8300.00,0.00,0.00,0.00,86.57,63143
2026-04-01,001A001426,8300.00,0.00,0.00,0.00,0.00,125.27,72817
2026-05-01,001A001426,8300.00,0.00,0.00,0.00,0.00,75.62,60406
2026-06-01,001A001426,8300.00,0.00,0.00,0.00,0.00,87.40,63349
2026-07-01,001A001426,8300.00,0.00,0.00,0.00,0.00,464.07,157517
2026-08-01,001A001426,8300.00,0.00,0.00,0.00,0.00,311.39,119348
2026-09-01,001A001426,8300.00,0.00,0.00,0.00,0.00,254.09,105022
2025-01-01,001A001446,18400.00,18400.00,0.00,0.00,0.00,0.00,16229
2025-02-01,001A001446,18400.00,0.00,0.00,0.00,0.00,0.00,17950
2025-03-01,001A001446,18400.00,0.00,0.00,0.00,0.00,0.00,18592
2025-04-01,001A001446,18400.00,0.00,0.00,0.00,0.00,0.00,22822
2025-05-01,001A001446,18400.00,0.00,0.00,0.00,0.00,0.00,28310
2025-06-01,001A001446,18400.00,0.00,0.00,0.00,0.00,0.00,41802
2025-07-01,001A001446,18400.00,0.00,0.00,0.00,0.00,0.00,46850
2025-08-01,001A001446,18400.00,0.00,0.00,0.00,0.00,0.00,54203
2025-09-01,001A001446,18400.00,0.00,0.00,0.00,0.00,0.00,80316
2025-10-01,001A001446,18400.00,0.00,0.00,0.00,0.00,0.00,64649
2025-11-01,001A001446,18400.00,0.00,0.00,0.00,0.00,0.00,77816
2025-12-01,001A001446,18400.00,0.00,0.00,0.00,0.00,15.97,95992
2026-01-01,001A001446,18400.00,0.00,0.00,0.00,0.00,70.58,109646
2026-02-01,001A001446,25576.00,0.00,7176.00,0.00,0.00,0.00,106690
2026-03-01,001A001446,25576.00,0.00,0.00,0.00,0.00,27.68,134799
2026-04-01,001A001446,25576.00,0.00,0.00,0.00,0.00,80.74,148066
2026-05-01,001A001446,25576.00,0.00,0.00,0.00,0.00,316.39,206978
2026-06-01,001A001446,25576.00,0.00,0.00,0.00,0.00,162.09,168403
2026-07-01,001A001446,25576.00,0.00,0.00,0.00,0.00,371.37,220723
2026-08-01,001A001446,41032.00,0.00,15456.00,0.00,0.00,0.00,198877
2026-09-01,001A001446,41032.00,0.00,0.00,0.00,0.00,0.00,201863
2025-11-01,001A001451,6532.00,6532.00,0.00,0.00,0.00,0.00,0
2025-12-01,001A001451,6532.00,0.00,0.00,0.00,0.00,0.00,39
2026-01-01,001A001451,6532.00,0.00,0.00,0.00,0.00,0.00,86
2026-02-01,001A001451,6532.00,0.00,0.00,0.00,0.00,0.00,239
2026-03-01,001A001451,6532.00,0.00,0.00,0.00,0.00,0.00,192
2026-04-01,001A001451,6532.00,0.00,0.00,0.00,0.00,0.00,0
2026-05-01,001A001451,6532.00,0.00,0.00,0.00,0.00,0.00,0
2026-06-01,001A001451,6532.00,0.00,0.00,0.00,0.00,0.00,0
2026-07-01,001A001451,6532.00,0.00,0.00,0.00,0.00,0.00,0
2026-08-01,001A001451,6532.00,0.00,0.00,0.00,0.00,0.00,0
2026-09-01,001A001451,6532.00,0.00,0.00,0.00,0.00,0.00,0
2025-06-01,001A001456,16263.00,16263.00,0.00,0.00,0.00,0.00,3867
2025-07-01,001A001456,16263.00,0.00,0.00,0.00,0.00,0.00,3936
2025-08-01,001A001456,16263.00,0.00,0.00,0.00,0.00,0.00,2682
2025-09-01,001A001456,16263.00,0.00,0.00,0.00,0.00,0.00,3843
2025-10-01,001A001456,16263.00,0.00,0.00,0.00,0.00,0.00,4164
2025-11-01,001A001456,16263.00,0.00,0.00,0.00,0.00,0.00,5204
2025-12-01,001A001456,16263.00,0.00,0.00,0.00,0.00,0.00,5817
2026-01-01,001A001456,16263.00,0.00,0.00,0.00,0.00,0.00,7338
2026-02-01,001A001456,16263.00,0.00,0.00,0.00,0.00,0.00,7101
2026-03-01,001A001456,16263.00,0.00,0.00,0.00,0.00,0.00,7987
2026-04-01,001A001456,16263.00,0.00,0.00,0.00,0.00,0.00,8216
2026-05-01,001A001456,16263.00,0.00,0.00,0.00,0.00,0.00,7736
2026-06-01,001A001456,18763.00,0.00,2500.00,0.00,0.00,0.00,7634
2026-07-01,001A001456,18763.00,0.00,0.00,0.00,0.00,0.00,7970
2026-08-01,001A001456,18763.00,0.00,0.00,0.00,0.00,0.00,6737
2026-09-01,001A001456,18763.00,0.00,0.00,0.00,0.00,0.00,7541
2026-08-01,001A001461,16000.00,16000.00,0.00,0.00,0.00,0.00,942
2026-09-01,001A001461,16000.00,0.00,0.00,0.00,0.00,0.00,766
2026-01-01,001A001475,36900.00,36900.00,0.00,0.00,0.00,0.00,19739
2026-02-01,001A001475,36900.00,0.00,0.00,0.00,0.00,0.00,45421
2026-03-01,001A001475,36900.00,0.00,0.00,0.00,0.00,0.00,28028
2026-04-01,001A001475,36900.00,0.00,0.00,0.00,0.00,0.00,33636
2026-05-01,001A001475,36900.00,0.00,0.00,0.00,0.00,0.00,39295
2026-06-01,001A001475,36900.00,0.00,0.00,0.00,0.00,0.00,38220
2026-07-01,001A001475,36900.00,0.00,0.00,0.00,0.00,0.00,79187
2026-08-01,001A001475,36900.00,0.00,0.00,0.00,0.00,0.00,59452
2026-09-01,001A001475,36900.00,0.00,0.00,0.00,0.00,0.00,105958
2026-01-01,001A001486,15180.00,15180.00,0.00,0.00,0.00,0.00,359
2026-02-01,001A001486,15180.00,0.00,0.00,0.00,0.00,0.00,547
2026-03-01,001A001486,15180.00,0.00,0.00,0.00,0.00,0.00,494
2026-04-01,001A001486,15180.00,0.00,0.00,0.00,0.00,0.00,611
2026-05-01,001A001486,15180.00,0.00,0.00,0.00,0.00,0.00,1260
2026-06-01,001A001486,15180.00,0.00,0.00,0.00,0.00,0.00,878
2026-07-01,001A001486,15180.00,0.00,0.00,0.00,0.00,0.00,3382
2026-08-01,001A001486,15180.00,0.00,0.00,0.00,0.00,0.00,4918
2026-09-01,001A001486,15180.00,0.00,0.00,0.00,0.00,0.00,8588
2026-03-01,001A001497,60260.00,60260.00,0.00,0.00,0.00,0.00,1744
2026-04-01,001A001497,60260.00,0.00,0.00,0.00,0.00,0.00,2592
2026-05-01,001A001497,60260.00,0.00,0.00,0.00,0.00,0.00,1142
2026-06-01,001A001497,60260.00,0.00,0.00,0.00,0.00,0.00,1722
2026-07-01,001A001497,60260.00,0.00,0.00,0.00,0.00,0.00,1992
2026-08-01,001A001497,60260.00,0.00,0.00,0.00,0.00,0.00,2120
2026-09-01,001A001497,60260.00,0.00,0.00,0.00,0.00,0.00,1966
2025-11-01,001A001503,15700.00,15700.00,0.00,0.00,0.00,0.00,1642
2025-12-01,001A001503,15700.00,0.00,0.00,0.00,0.00,0.00,1461
2026-01-01,001A001503,15700.00,0.00,0.00,0.00,0.00,0.00,2132
2026-02-01,001A001503,15700.00,0.00,0.00,0.00,0.00,0.00,1853
2026-03-01,001A001503,15700.00,0.00,0.00,0.00,0.00,0.00,1868
2026-04-01,001A001503,15700.00,0.00,0.00,0.00,0.00,0.00,2038
2026-05-01,001A001503,15700.00,0.00,0.00,0.00,0.00,0.00,1791
2026-06-01,001A001503,15700.00,0.00,0.00,0.00,0.00,0.00,1342
2026-07-01,001A001503,15700.00,0.00,0.00,0.00,0.00,0.00,602
2026-08-01,001A001503,15700.00,0.00,0.00,0.00,0.00,0.00,313
2026-09-01,001A001503,15700.00,0.00,0.00,0.00,0.00,0.00,378
2025-03-01,001A001511,64116.00,64116.00,0.00,0.00,0.00,0.00,11002
2025-04-01,001A001511,64116.00,0.00,0.00,0.00,0.00,0.00,10746
2025-05-01,001A001511,64116.00,0.00,0.00,0.00,0.00,0.00,11832
2025-06-01,001A001511,64116.00,0.00,0.00,0.00,0.00,0.00,12384
2025-07-01,001A001511,64116.00,0.00,0.00,0.00,0.00,0.00,11899
2025-08-01,001A001511,96408.00,0.00,32292.00,0.00,0.00,0.00,10996
2025-09-01,001A001511,96408.00,0.00,0.00,0.00,0.00,0.00,10321
2025-10-01,001A001511,96408.00,0.00,0.00,0.00,0.00,0.00,22752
2025-11-01,001A001511,96408.00,0.00,0.00,0.00,0.00,0.00,17505
2025-12-01,001A001511,96408.00,0.00,0.00,0.00,0.00,0.00,16448
2026-01-01,001A001511,96408.00,0.00,0.00,0.00,0.00,0.00,26168
2026-02-01,001A001511,96408.00,0.00,0.00,0.00,0.00,0.00,24175
2026-03-01,001A001511,96408.00,0.00,0.00,0.00,0.00,0.00,28399
2026-04-01,001A001511,96408.00,0.00,0.00,0.00,0.00,0.00,30037
2026-05-01,001A001511,135720.00,0.00,39312.00,0.00,0.00,0.00,38026
2026-06-01,001A001511,135720.00,0.00,0.00,0.00,0.00,0.00,37413
2026-07-01,001A001511,135720.00,0.00,0.00,0.00,0.00,0.00,37270
2026-08-01,001A001511,135720.00,0.00,0.00,0.00,0.00,0.00,38766
2026-09-01,001A001511,135720.00,0.00,0.00,0.00,0.00,0.00,38563
2025-04-01,001A001521,16800.00,16800.00,0.00,0.00,0.00,0.00,10412
2025-05-01,001A001521,16800.00,0.00,0.00,0.00,0.00,0.00,9573
2025-06-01,001A001521,16800.00,0.00,0.00,0.00,0.00,0.00,11607
2025-07-01,001A001521,16800.00,0.00,0.00,0.00,0.00,0.00,14804
2025-08-01,001A001521,16800.00,0.00,0.00,0.00,0.00,0.00,19015
2025-09-01,001A001521,16800.00,0.00,0.00,0.00,0.00,0.00,16081
2025-10-01,001A001521,16800.00,0.00,0.00,0.00,0.00,0.00,17959
2025-11-01,001A001521,16800.00,0.00,0.00,0.00,0.00,0.00,23834
2025-12-01,001A001521,16800.00,0.00,0.00,0.00,0.00,0.00,25116
2026-01-01,001A001521,16800.00,0.00,0.00,0.00,0.00,0.00,21482
2026-02-01,001A001521,16800.00,0.00,0.00,0.00,0.00,0.00,42111
2026-03-01,001A001521,16800.00,0.00,0.00,0.00,0.00,0.00,28594
2026-04-01,001A001521,16800.00,0.00,0.00,0.00,0.00,0.00,30309
2026-05-01,001A001521,16800.00,0.00,0.00,0.00,0.00,0.00,28559
2026-06-01,001A001521,16800.00,0.00,0.00,0.00,0.00,0.00,29608
2026-07-01,001A001521,16800.00,0.00,0.00,0.00,0.00,0.00,38685
2026-08-01,001A001521,16800.00,0.00,0.00,0.00,0.00,0.00,34012
2026-09-01,001A001521,16800.00,0.00,0.00,0.00,0.00,0.00,29574
2025-12-01,001A001524,10212.00,10212.00,0.00,0.00,0.00,30.12,58590
2026-01-01,001A001524,10212.00,0.00,0.00,0.00,0.00,144.84,87269
2026-02-01,001A001524,10212.00,0.00,0.00,0.00,0.00,190.94,98795
2026-03-01,001A001524,10212.00,0.00,0.00,0.00,0.00,170.62,93715
2026-04-01,001A001524,10212.00,0.00,0.00,0.00,0.00,627.56,207950
2026-05-01,001A001524,10212.00,0.00,0.00,0.00,0.00,286.38,122654
2026-06-01,001A001524,14536.00,0.00,4324.00,0.00,0.00,746.39,259278
2026-07-01,001A001524,14536.00,0.00,0.00,0.00,0.00,388.54,169816
2026-08-01,001A001524,14536.00,0.00,0.00,0.00,0.00,806.69,274352
2026-09-01,001A001524,14536.00,0.00,0.00,0.00,0.00,1048.93,334912
2025-11-01,001A001571,6716.00,6716.00,0.00,0.00,0.00,0.00,24925
2025-12-01,001A001571,6716.00,0.00,0.00,0.00,0.00,0.00,29135
2026-01-01,001A001571,6716.00,0.00,0.00,0.00,0.00,0.00,29772
2026-02-01,001A001571,6716.00,0.00,0.00,0.00,0.00,0.00,28662
2026-03-01,001A001571,6716.00,0.00,0.00,0.00,0.00,0.00,26678
2026-04-01,001A001571,6716.00,0.00,0.00,0.00,0.00,119.37,63422
2026-05-01,001A001571,9936.00,0.00,3220.00,0.00,0.00,6.62,51334
2026-06-01,001A001571,9936.00,0.00,0.00,0.00,0.00,13.43,53038
2026-07-01,001A001571,9936.00,0.00,0.00,0.00,0.00,10.33,52263
2026-08-01,001A001571,9936.00,0.00,0.00,0.00,0.00,0.00,43631
2026-09-01,001A001571,9936.00,0.00,0.00,0.00,0.00,45.16,60971
2025-03-01,001A001573,8556.00,8556.00,0.00,0.00,0.00,0.00,4777
2025-04-01,001A001573,8556.00,0.00,0.00,0.00,0.00,0.00,4525
2025-05-01,001A001573,8556.00,0.00,0.00,0.00,0.00,0.00,5116
2025-06-01,001A001573,8556.00,0.00,0.00,0.00,0.00,0.00,4746
2025-07-01,001A001573,8556.00,0.00,0.00,0.00,0.00,0.00,4870
2025-08-01,001A001573,8556.00,0.00,0.00,0.00,0.00,0.00,5052
2025-09-01,001A001573,8556.00,0.00,0.00,0.00,0.00,0.00,5184
2025-10-01,001A001573,8556.00,0.00,0.00,0.00,0.00,0.00,3344
2025-11-01,001A001573,8556.00,0.00,0.00,0.00,0.00,0.00,3172
2025-12-01,001A001573,8556.00,0.00,0.00,0.00,0.00,0.00,4466
2026-01-01,001A001573,8556.00,0.00,0.00,0.00,0.00,0.00,5181
2026-02-01,001A001573,8556.00,0.00,0.00,0.00,0.00,0.00,4677
2026-03-01,001A001573,8556.00,0.00,0.00,0.00,0.00,0.00,4734
2026-04-01,001A001573,8556.00,0.00,0.00,0.00,0.00,0.00,5841
2026-05-01,001A001573,8556.00,0.00,0.00,0.00,0.00,0.00,9028
2026-06-01,001A001573,8556.00,0.00,0.00,0.00,0.00,0.00,10604
2026-07-01,001A001573,8556.00,0.00,0.00,0.00,0.00,0.00,5542
2026-08-01,001A001573,8556.00,0.00,0.00,0.00,0.00,0.00,5349
2026-09-01,001A001573,8556.00,0.00,0.00,0.00,0.00,0.00,5390
2025-04-01,001A001577,11592.00,11592.00,0.00,0.00,0.00,0.00,1211
2025-05-01,001A001577,11592.00,0.00,0.00,0.00,0.00,0.00,1180
2025-06-01,001A001577,11592.00,0.00,0.00,0.00,0.00,0.00,1575
2025-07-01,001A001577,11592.00,0.00,0.00,0.00,0.00,0.00,1991
2025-08-01,001A001577,11592.00,0.00,0.00,0.00,0.00,0.00,2075
2025-09-01,001A001577,15916.00,0.00,4324.00,0.00,0.00,0.00,3638
2025-10-01,001A001577,15916.00,0.00,0.00,0.00,0.00,0.00,2935
2025-11-01,001A001577,15916.00,0.00,0.00,0.00,0.00,0.00,3384
2025-12-01,001A001577,15916.00,0.00,0.00,0.00,0.00,0.00,3336
2026-01-01,001A001577,15916.00,0.00,0.00,0.00,0.00,0.00,4484
2026-02-01,001A001577,15916.00,0.00,0.00,0.00,0.00,0.00,6371
2026-03-01,001A001577,15916.00,0.00,0.00,0.00,0.00,0.00,6509
2026-04-01,001A001577,15916.00,0.00,0.00,0.00,0.00,0.00,11775
2026-05-01,001A001577,15916.00,0.00,0.00,0.00,0.00,0.00,8542
2026-06-01,001A001577,15916.00,0.00,0.00,0.00,0.00,0.00,13824
2026-07-01,001A001577,15916.00,0.00,0.00,0.00,0.00,0.00,16885
2026-08-01,001A001577,15916.00,0.00,0.00,0.00,0.00,0.00,13261
2026-09-01,001A001577,15916.00,0.00,0.00,0.00,0.00,0.00,30725
2025-01-01,001A001585,26128.00,26128.00,0.00,0.00,0.00,0.00,680
2025-02-01,001A001585,26128.00,0.00,0.00,0.00,0.00,0.00,2369
2025-03-01,001A001585,26128.00,0.00,0.00,0.00,0.00,0.00,3029
2025-04-01,001A001585,26128.00,0.00,0.00,0.00,0.00,0.00,4595
2025-05-01,001A001585,26128.00,0.00,0.00,0.00,0.00,0.00,6707
2025-06-01,001A001585,26128.00,0.00,0.00,0.00,0.00,0.00,12679
2025-07-01,001A001585,26128.00,0.00,0.00,0.00,0.00,0.00,8915
2025-08-01,001A001585,26128.00,0.00,0.00,0.00,0.00,0.00,12722
2025-09-01,001A001585,26128.00,0.00,0.00,0.00,0.00,0.00,19687
2025-10-01,001A001585,26128.00,0.00,0.00,0.00,0.00,0.00,20180
2025-11-01,001A001585,26128.00,0.00,0.00,0.00,0.00,0.00,17790
2025-12-01,001A001585,26128.00,0.00,0.00,0.00,0.00,0.00,18840
2026-01-01,001A001585,30328.00,0.00,4200.00,0.00,0.00,0.00,29673
2026-02-01,001A001585,30328.00,0.00,0.00,0.00,0.00,0.00,27797
2026-03-01,001A001585,30328.00,0.00,0.00,0.00,0.00,0.00,41324
2026-04-01,001A001585,30328.00,0.00,0.00,0.00,0.00,0.00,41477
2026-05-01,001A001585,62528.00,0.00,32200.00,0.00,0.00,0.00,45282
2026-06-01,001A001585,62528.00,0.00,0.00,0.00,0.00,0.00,58157
2026-07-01,001A001585,62528.00,0.00,0.00,0.00,0.00,0.00,67222
2026-08-01,001A001585,62528.00,0.00,0.00,0.00,0.00,0.00,49040
2026-09-01,001A001585,62528.00,0.00,0.00,0.00,0.00,0.00,63836
2026-05-01,001A001606,6808.00,6808.00,0.00,0.00,0.00,0.00,11215
2026-06-01,001A001606,6808.00,0.00,0.00,0.00,0.00,0.00,11559
2026-07-01,001A001606,6808.00,0.00,0.00,0.00,0.00,0.00,11020
2026-08-01,001A001606,6808.00,0.00,0.00,0.00,0.00,0.00,8612
2026-09-01,001A001606,6808.00,0.00,0.00,0.00,0.00,0.00,16083
2024-11-01,001A001617,20148.00,20148.00,0.00,0.00,0.00,0.00,14249
2024-12-01,001A001617,20148.00,0.00,0.00,0.00,0.00,0.00,21520
2025-01-01,001A001617,20148.00,0.00,0.00,0.00,0.00,0.00,19572
2025-02-01,001A001617,20148.00,0.00,0.00,0.00,0.00,0.00,22435
2025-03-01,001A001617,20148.00,0.00,0.00,0.00,0.00,0.00,55575
2025-04-01,001A001617,20148.00,0.00,0.00,0.00,0.00,0.00,24455
2025-05-01,001A001617,20148.00,0.00,0.00,0.00,0.00,0.00,37150
2025-06-01,001A001617,20148.00,0.00,0.00,0.00,0.00,0.00,39642
2025-07-01,001A001617,20148.00,0.00,0.00,0.00,0.00,0.00,22274
2025-08-01,001A001617,20148.00,0.00,0.00,0.00,0.00,0.00,53339
2025-09-01,001A001617,20148.00,0.00,0.00,0.00,0.00,0.00,48912
2025-10-01,001A001617,20148.00,0.00,0.00,0.00,0.00,0.00,57120
2025-11-01,001A001617,17148.00,0.00,0.00,-3000.00,0.00,0.00,70373
2025-12-01,001A001617,21288.00,0.00,4140.00,0.00,0.00,0.00,78441
2026-01-01,001A001617,21288.00,0.00,0.00,0.00,0.00,9.08,108710
2026-02-01,001A001617,21288.00,0.00,0.00,0.00,0.00,3.81,107393
2026-03-01,001A001617,21288.00,0.00,0.00,0.00,0.00,0.00,74171
2026-04-01,001A001617,21288.00,0.00,0.00,0.00,0.00,22.04,111949
2026-05-01,001A001617,21288.00,0.00,0.00,0.00,0.00,269.46,173805
2026-06-01,001A001617,21288.00,0.00,0.00,0.00,0.00,285.44,177800
2026-07-01,001A001617,21288.00,0.00,0.00,0.00,0.00,31.35,114277
2026-08-01,001A001617,26992.00,0.00,5704.00,0.00,0.00,207.55,186847
2026-09-01,001A001617,26992.00,0.00,0.00,0.00,0.00,167.22,176766
2025-08-01,001A001626,15000.00,15000.00,0.00,0.00,0.00,0.00,9159
2025-09-01,001A001626,15000.00,0.00,0.00,0.00,0.00,0.00,10028
2025-10-01,001A001626,15000.00,0.00,0.00,0.00,0.00,0.00,7104
2025-11-01,001A001626,15000.00,0.00,0.00,0.00,0.00,0.00,10462
2025-12-01,001A001626,15000.00,0.00,0.00,0.00,0.00,0.00,567
2026-01-01,001A001626,15000.00,0.00,0.00,0.00,0.00,0.00,424
2026-02-01,001A001626,15000.00,0.00,0.00,0.00,0.00,0.00,492
2026-03-01,001A001626,15000.00,0.00,0.00,0.00,0.00,0.00,931
2026-04-01,001A001626,15000.00,0.00,0.00,0.00,0.00,0.00,0
2026-05-01,001A001626,15000.00,0.00,0.00,0.00,0.00,0.00,0
2026-06-01,001A001626,15000.00,0.00,0.00,0.00,0.00,0.00,0
2026-07-01,001A001626,15000.00,0.00,0.00,0.00,0.00,0.00,0
2026-08-01,001A001626,15000.00,0.00,0.00,0.00,0.00,0.00,0
2026-09-01,001A001626,15000.00,0.00,0.00,0.00,0.00,0.00,0
2026-03-01,001A001627,10400.00,10400.00,0.00,0.00,0.00,0.00,32848
2026-04-01,001A001627,10400.00,0.00,0.00,0.00,0.00,0.00,48183
2026-05-01,001A001627,10400.00,0.00,0.00,0.00,0.00,0.00,47402
2026-06-01,001A001627,10400.00,0.00,0.00,0.00,0.00,6.30,53574
2026-07-01,001A001627,10400.00,0.00,0.00,0.00,0.00,0.00,47543
2026-08-01,001A001627,10400.00,0.00,0.00,0.00,0.00,52.03,65008
2026-09-01,001A001627,10400.00,0.00,0.00,0.00,0.00,3.82,52956
2025-10-01,001A001629,57000.00,57000.00,0.00,0.00,0.00,0.00,9357
2025-11-01,001A001629,57000.00,0.00,0.00,0.00,0.00,0.00,9129
2025-12-01,001A001629,57000.00,0.00,0.00,0.00,0.00,0.00,10853
2026-01-01,001A001629,57000.00,0.00,0.00,0.00,0.00,0.00,14840
2026-02-01,001A001629,57000.00,0.00,0.00,0.00,0.00,0.00,10010
2026-03-01,001A001629,57000.00,0.00,0.00,0.00,0.00,0.00,15335
2026-04-01,001A001629,57000.00,0.00,0.00,0.00,0.00,0.00,12179
2026-05-01,001A001629,57000.00,0.00,0.00,0.00,0.00,0.00,27484
2026-06-01,001A001629,57000.00,0.00,0.00,0.00,0.00,0.00,22835
2026-07-01,001A001629,57000.00,0.00,0.00,0.00,0.00,0.00,21234
2026-08-01,001A001629,57000.00,0.00,0.00,0.00,0.00,0.00,31384
2026-09-01,001A001629,57000.00,0.00,0.00,0.00,0.00,0.00,29678
2025-01-01,001A001666,11500.00,11500.00,0.00,0.00,0.00,0.00,2022
2025-02-01,001A001666,11500.00,0.00,0.00,0.00,0.00,0.00,1555
2025-03-01,001A001666,11500.00,0.00,0.00,0.00,0.00,0.00,1524
2025-04-01,001A001666,11500.00,0.00,0.00,0.00,0.00,0.00,1552
2025-05-01,001A001666,11500.00,0.00,0.00,0.00,0.00,0.00,1452
2025-06-01,001A001666,11500.00,0.00,0.00,0.00,0.00,0.00,2169
2025-07-01,001A001666,11500.00,0.00,0.00,0.00,0.00,0.00,1489
2025-08-01,001A001666,11500.00,0.00,0.00,0.00,0.00,0.00,942
2025-09-01,001A001666,11500.00,0.00,0.00,0.00,0.00,0.00,866
2025-10-01,001A001666,11500.00,0.00,0.00,0.00,0.00,0.00,747
2025-11-01,001A001666,11500.00,0.00,0.00,0.00,0.00,0.00,1731
2025-12-01,001A001666,11500.00,0.00,0.00,0.00,0.00,0.00,2269
2026-01-01,001A001666,11500.00,0.00,0.00,0.00,0.00,0.00,4498
2026-02-01,001A001666,11500.00,0.00,0.00,0.00,0.00,0.00,9293
2026-03-01,001A001666,11500.00,0.00,0.00,0.00,0.00,0.00,7843
2026-04-01,001A001666,11500.00,0.00,0.00,0.00,0.00,0.00,15084
2026-05-01,001A001666,11500.00,0.00,0.00,0.00,0.00,0.00,11534
2026-06-01,001A001666,23552.00,0.00,12052.00,0.00,0.00,0.00,14120
2026-07-01,001A001666,23552.00,0.00,0.00,0.00,0.00,0.00,17909
2026-08-01,001A001666,23552.00,0.00,0.00,0.00,0.00,0.00,13394
2026-09-01,001A001666,23552.00,0.00,0.00,0.00,0.00,0.00,27193
2026-09-01,001A001668,17600.00,17600.00,0.00,0.00,0.00,0.00,11914
2026-06-01,001A001677,11300.00,11300.00,0.00,0.00,0.00,0.00,17657
2026-07-01,001A001677,11300.00,0.00,0.00,0.00,0.00,0.00,21243
2026-08-01,001A001677,11300.00,0.00,0.00,0.00,0.00,0.00,17072
2026-09-01,001A001677,11300.00,0.00,0.00,0.00,0.00,0.00,18675
2026-06-01,001A001687,30300.00,30300.00,0.00,0.00,0.00,136.84,185711
2026-07-01,001A001687,30300.00,0.00,0.00,0.00,0.00,180.98,196746
2026-08-01,001A001687,30300.00,0.00,0.00,0.00,0.00,467.88,268471
2026-09-01,001A001687,30300.00,0.00,0.00,0.00,0.00,588.58,298645
2025-11-01,001A001698,45080.00,45080.00,0.00,0.00,0.00,0.00,16538
2025-12-01,001A001698,45080.00,0.00,0.00,0.00,0.00,0.00,17298
2026-01-01,001A001698,45080.00,0.00,0.00,0.00,0.00,0.00,18877
2026-02-01,001A001698,45080.00,0.00,0.00,0.00,0.00,0.00,16419
2026-03-01,001A001698,45080.00,0.00,0.00,0.00,0.00,0.00,15916
2026-04-01,001A001698,45080.00,0.00,0.00,0.00,0.00,0.00,16113
2026-05-01,001A001698,45080.00,0.00,0.00,0.00,0.00,0.00,25923
2026-06-01,001A001698,45080.00,0.00,0.00,0.00,0.00,0.00,5636
2026-07-01,001A001698,45080.00,0.00,0.00,0.00,0.00,0.00,8558
2026-08-01,001A001698,45080.00,0.00,0.00,0.00,0.00,0.00,7362
2026-09-01,001A001698,45080.00,0.00,0.00,0.00,0.00,0.00,10473
2026-08-01,001A001706,16000.00,16000.00,0.00,0.00,0.00,0.00,16319
2026-09-01,001A001706,16000.00,0.00,0.00,0.00,0.00,0.00,16502
2026-04-01,001A001731,31800.00,31800.00,0.00,0.00,0.00,0.00,4112
2026-05-01,001A001731,31800.00,0.00,0.00,0.00,0.00,0.00,3149
2026-06-01,001A001731,31800.00,0.00,0.00,0.00,0.00,0.00,816
2026-07-01,001A001731,31800.00,0.00,0.00,0.00,0.00,0.00,1330
2026-08-01,001A001731,31800.00,0.00,0.00,0.00,0.00,0.00,1122
2026-09-01,001A001731,31800.00,0.00,0.00,0.00,0.00,0.00,1067
2025-05-01,001A001739,12696.00,12696.00,0.00,0.00,0.00,0.00,12320
2025-06-01,001A001739,12696.00,0.00,0.00,0.00,0.00,0.00,8464
2025-07-01,001A001739,12696.00,0.00,0.00,0.00,0.00,0.00,9972
2025-08-01,001A001739,12696.00,0.00,0.00,0.00,0.00,0.00,7409
2025-09-01,001A001739,12696.00,0.00,0.00,0.00,0.00,0.00,8799
2025-10-01,001A001739,12696.00,0.00,0.00,0.00,0.00,0.00,10823
2025-11-01,001A001739,12696.00,0.00,0.00,0.00,0.00,0.00,8322
2025-12-01,001A001739,12696.00,0.00,0.00,0.00,0.00,0.00,8767
2026-01-01,001A001739,12696.00,0.00,0.00,0.00,0.00,0.00,14685
2026-02-01,001A001739,12696.00,0.00,0.00,0.00,0.00,0.00,9095
2026-03-01,001A001739,12696.00,0.00,0.00,0.00,0.00,0.00,16353
2026-04-01,001A001739,12696.00,0.00,0.00,0.00,0.00,0.00,13247
2026-05-01,001A001739,12696.00,0.00,0.00,0.00,0.00,0.00,13058
2026-06-01,001A001739,12696.00,0.00,0.00,0.00,0.00,0.00,15884
2026-07-01,001A001739,12696.00,0.00,0.00,0.00,0.00,0.00,20529
2026-08-01,001A001739,12696.00,0.00,0.00,0.00,0.00,0.00,16519
2026-09-01,001A001739,12696.00,0.00,0.00,0.00,0.00,0.00,24507
2026-07-01,001A001742,43500.00,43500.00,0.00,0.00,0.00,0.00,7331
2026-08-01,001A001742,43500.00,0.00,0.00,0.00,0.00,0.00,4193
2026-09-01,001A001742,43500.00,0.00,0.00,0.00,0.00,0.00,4609
2026-05-01,001A001745,19320.00,19320.00,0.00,0.00,0.00,0.00,7407
2026-06-01,001A001745,19320.00,0.00,0.00,0.00,0.00,0.00,12548
2026-07-01,001A001745,19320.00,0.00,0.00,0.00,0.00,0.00,7928
2026-08-01,001A001745,19320.00,0.00,0.00,0.00,0.00,0.00,6192
2026-09-01,001A001745,19320.00,0.00,0.00,0.00,0.00,0.00,8492
2025-07-01,001A001756,22200.00,22200.00,0.00,0.00,0.00,0.00,5679
2025-08-01,001A001756,22200.00,0.00,0.00,0.00,0.00,0.00,6280
2025-09-01,001A001756,22200.00,0.00,0.00,0.00,0.00,0.00,6027
2025-10-01,001A001756,22200.00,0.00,0.00,0.00,0.00,0.00,7934
2025-11-01,001A001756,22200.00,0.00,0.00,0.00,0.00,0.00,2240
2025-12-01,001A001756,22200.00,0.00,0.00,0.00,0.00,0.00,2025
2026-01-01,001A001756,22200.00,0.00,0.00,0.00,0.00,0.00,2258
2026-02-01,001A001756,22200.00,0.00,0.00,0.00,0.00,0.00,2112
2026-03-01,001A001756,22200.00,0.00,0.00,0.00,0.00,0.00,4417
2026-04-01,001A001756,22200.00,0.00,0.00,0.00,0.00,0.00,4812
2026-05-01,001A001756,22200.00,0.00,0.00,0.00,0.00,0.00,4487
2026-06-01,001A001756,22200.00,0.00,0.00,0.00,0.00,0.00,8221
2026-07-01,001A001756,27500.00,0.00,5300.00,0.00,0.00,0.00,5487
2026-08-01,001A001756,27500.00,0.00,0.00,0.00,0.00,0.00,5718
2026-09-01,001A001756,27500.00,0.00,0.00,0.00,0.00,0.00,5259
2026-07-01,001A001771,19044.00,19044.00,0.00,0.00,0.00,0.00,20873
2026-08-01,001A001771,19044.00,0.00,0.00,0.00,0.00,0.00,21514
2026-09-01,001A001771,19044.00,0.00,0.00,0.00,0.00,0.00,32950
2026-01-01,001A001794,78936.00,78936.00,0.00,0.00,0.00,0.00,14343
2026-02-01,001A001794,78936.00,0.00,0.00,0.00,0.00,0.00,13472
2026-03-01,001A001794,78936.00,0.00,0.00,0.00,0.00,0.00,13560
2026-04-01,001A001794,78936.00,0.00,0.00,0.00,0.00,0.00,20339
2026-05-01,001A001794,78936.00,0.00,0.00,0.00,0.00,0.00,20149
2026-06-01,001A001794,78936.00,0.00,0.00,0.00,0.00,0.00,29462
2026-07-01,001A001794,78936.00,0.00,0.00,0.00,0.00,0.00,44040
2026-08-01,001A001794,78936.00,0.00,0.00,0.00,0.00,0.00,22807
2026-09-01,001A001794,78936.00,0.00,0.00,0.00,0.00,0.00,39625
2026-08-01,001A001815,98000.00,98000.00,0.00,0.00,0.00,0.00,14126
2026-09-01,001A001815,98000.00,0.00,0.00,0.00,0.00,0.00,13251
2026-07-01,001A001822,53200.00,53200.00,0.00,0.00,0.00,0.00,14362
2026-08-01,001A001822,53200.00,0.00,0.00,0.00,0.00,0.00,16872
2026-09-01,001A001822,53200.00,0.00,0.00,0.00,0.00,0.00,16806
2026-05-01,001A001823,30912.00,30912.00,0.00,0.00,0.00,0.00,2720
2026-06-01,001A001823,30912.00,0.00,0.00,0.00,0.00,0.00,2952
2026-07-01,001A001823,30912.00,0.00,0.00,0.00,0.00,0.00,2691
2026-08-01,001A001823,30912.00,0.00,0.00,0.00,0.00,0.00,3924
2026-09-01,001A001823,30912.00,0.00,0.00,0.00,0.00,0.00,7316
2025-11-01,001A001824,24472.00,24472.00,0.00,0.00,0.00,0.00,1393
2025-12-01,001A001824,24472.00,0.00,0.00,0.00,0.00,0.00,2185
2026-01-01,001A001824,24472.00,0.00,0.00,0.00,0.00,0.00,2108
2026-02-01,001A001824,24472.00,0.00,0.00,0.00,0.00,0.00,3038
2026-03-01,001A001824,30728.00,0.00,6256.00,0.00,0.00,0.00,2998
2026-04-01,001A001824,30728.00,0.00,0.00,0.00,0.00,0.00,2655
2026-05-01,001A001824,30728.00,0.00,0.00,0.00,0.00,0.00,4140
2026-06-01,001A001824,30728.00,0.00,0.00,0.00,0.00,0.00,2395
2026-07-01,001A001824,30728.00,0.00,0.00,0.00,0.00,0.00,2700
2026-08-01,001A001824,30728.00,0.00,0.00,0.00,0.00,0.00,3283
2026-09-01,001A001824,30728.00,0.00,0.00,0.00,0.00,0.00,2709
2026-01-01,001A001840,20400.00,20400.00,0.00,0.00,0.00,0.00,8422
2026-02-01,001A001840,20400.00,0.00,0.00,0.00,0.00,0.00,12495
2026-03-01,001A001840,20400.00,0.00,0.00,0.00,0.00,0.00,7559
2026-04-01,001A001840,20400.00,0.00,0.00,0.00,0.00,0.00,8551
2026-05-01,001A001840,20400.00,0.00,0.00,0.00,0.00,0.00,11765
2026-06-01,001A001840,20400.00,0.00,0.00,0.00,0.00,0.00,8848
2026-07-01,001A001840,20400.00,0.00,0.00,0.00,0.00,0.00,15305
2026-08-01,001A001840,20400.00,0.00,0.00,0.00,0.00,0.00,8829
2026-09-01,001A001840,20400.00,0.00,0.00,0.00,0.00,0.00,19100
2026-04-01,001A001851,23644.00,23644.00,0.00,0.00,0.00,0.00,569
2026-05-01,001A001851,23644.00,0.00,0.00,0.00,0.00,0.00,573
2026-06-01,001A001851,23644.00,0.00,0.00,0.00,0.00,0.00,801
2026-07-01,001A001851,23644.00,0.00,0.00,0.00,0.00,0.00,218
2026-08-01,001A001851,23644.00,0.00,0.00,0.00,0.00,0.00,327
2026-09-01,001A001851,23644.00,0.00,0.00,0.00,0.00,0.00,529
2024-09-01,001A001865,55108.00,55108.00,0.00,0.00,0.00,0.00,7302
2024-10-01,001A001865,55108.00,0.00,0.00,0.00,0.00,0.00,6491
2024-11-01,001A001865,55108.00,0.00,0.00,0.00,0.00,0.00,9163
2024-12-01,001A001865,55108.00,0.00,0.00,0.00,0.00,0.00,4935
2025-01-01,001A001865,55108.00,0.00,0.00,0.00,0.00,0.00,5883
2025-02-01,001A001865,55108.00,0.00,0.00,0.00,0.00,0.00,6510
2025-03-01,001A001865,55108.00,0.00,0.00,0.00,0.00,0.00,7207
2025-04-01,001A001865,55108.00,0.00,0.00,0.00,0.00,0.00,6523
2025-05-01,001A001865,55108.00,0.00,0.00,0.00,0.00,0.00,8037
2025-06-01,001A001865,55108.00,0.00,0.00,0.00,0.00,0.00,6986
2025-07-01,001A001865,55108.00,0.00,0.00,0.00,0.00,0.00,11974
2025-08-01,001A001865,55108.00,0.00,0.00,0.00,0.00,0.00,7833
2025-09-01,001A001865,55108.00,0.00,0.00,0.00,0.00,0.00,8632
2025-10-01,001A001865,55108.00,0.00,0.00,0.00,0.00,0.00,8225
2025-11-01,001A001865,55108.00,0.00,0.00,0.00,0.00,0.00,5843
2025-12-01,001A001865,55108.00,0.00,0.00,0.00,0.00,0.00,9445
2026-01-01,001A001865,55108.00,0.00,0.00,0.00,0.00,0.00,8306
2026-02-01,001A001865,55108.00,0.00,0.00,0.00,0.00,0.00,15474
2026-03-01,001A001865,55108.00,0.00,0.00,0.00,0.00,0.00,11428
2026-04-01,001A001865,55108.00,0.00,0.00,0.00,0.00,0.00,3358
2026-05-01,001A001865,55108.00,0.00,0.00,0.00,0.00,0.00,3404
2026-06-01,001A001865,70564.00,0.00,15456.00,0.00,0.00,0.00,4923
2026-07-01,001A001865,70564.00,0.00,0.00,0.00,0.00,0.00,7015
2026-08-01,001A001865,70564.00,0.00,0.00,0.00,0.00,0.00,4767
2026-09-01,001A001865,84064.00,0.00,13500.00,0.00,0.00,0.00,8205
2026-08-01,001A001867,23634.00,23634.00,0.00,0.00,0.00,0.00,822
2026-09-01,001A001867,23634.00,0.00,0.00,0.00,0.00,0.00,1291
2025-05-01,001A001872,24380.00,24380.00,0.00,0.00,0.00,0.00,3383
2025-06-01,001A001872,24380.00,0.00,0.00,0.00,0.00,0.00,1135
2025-07-01,001A001872,24380.00,0.00,0.00,0.00,0.00,0.00,1536
2025-08-01,001A001872,24380.00,0.00,0.00,0.00,0.00,0.00,1235
2025-09-01,001A001872,24380.00,0.00,0.00,0.00,0.00,0.00,2530
2025-10-01,001A001872,24380.00,0.00,0.00,0.00,0.00,0.00,2628
2025-11-01,001A001872,24380.00,0.00,0.00,0.00,0.00,0.00,1498
2025-12-01,001A001872,24380.00,0.00,0.00,0.00,0.00,0.00,2175
2026-01-01,001A001872,24380.00,0.00,0.00,0.00,0.00,0.00,2048
2026-02-01,001A001872,24380.00,0.00,0.00,0.00,0.00,0.00,1963
2026-03-01,001A001872,24380.00,0.00,0.00,0.00,0.00,0.00,1724
2026-04-01,001A001872,24380.00,0.00,0.00,0.00,0.00,0.00,2865
2026-05-01,001A001872,24380.00,0.00,0.00,0.00,0.00,0.00,2981
2026-06-01,001A001872,24380.00,0.00,0.00,0.00,0.00,0.00,1281
2026-07-01,001A001872,24380.00,0.00,0.00,0.00,0.00,0.00,1905
2026-08-01,001A001872,24380.00,0.00,0.00,0.00,0.00,0.00,1007
2026-09-01,001A001872,24380.00,0.00,0.00,0.00,0.00,0.00,1497
2025-12-01,001A001887,5800.00,5800.00,0.00,0.00,0.00,0.00,2721
2026-01-01,001A001887,5800.00,0.00,0.00,0.00,0.00,0.00,2719
2026-02-01,001A001887,5800.00,0.00,0.00,0.00,0.00,0.00,4017
2026-03-01,001A001887,5800.00,0.00,0.00,0.00,0.00,0.00,5288
2026-04-01,001A001887,5800.00,0.00,0.00,0.00,0.00,0.00,6541
2026-05-01,001A001887,5800.00,0.00,0.00,0.00,0.00,0.00,14389
2026-06-01,001A001887,5800.00,0.00,0.00,0.00,0.00,0.00,15344
2026-07-01,001A001887,5800.00,0.00,0.00,0.00,0.00,0.00,21153
2026-08-01,001A001887,5800.00,0.00,0.00,0.00,0.00,0.00,18361
2026-09-01,001A001887,5800.00,0.00,0.00,0.00,0.00,0.00,16107
2025-12-01,001A001894,17300.00,17300.00,0.00,0.00,0.00,0.00,38455
2026-01-01,001A001894,17300.00,0.00,0.00,0.00,0.00,0.00,36385
2026-02-01,001A001894,17300.00,0.00,0.00,0.00,0.00,0.00,35519
2026-03-01,001A001894,17300.00,0.00,0.00,0.00,0.00,0.00,51995
2026-04-01,001A001894,17300.00,0.00,0.00,0.00,0.00,0.00,78848
2026-05-01,001A001894,17300.00,0.00,0.00,0.00,0.00,0.00,65377
2026-06-01,001A001894,23200.00,0.00,5900.00,0.00,0.00,0.00,78282
2026-07-01,001A001894,23200.00,0.00,0.00,0.00,0.00,0.00,64836
2026-08-01,001A001894,23200.00,0.00,0.00,0.00,0.00,48.66,128164
2026-09-01,001A001894,23200.00,0.00,0.00,0.00,0.00,70.04,133509
2025-06-01,001A001923,7300.00,7300.00,0.00,0.00,0.00,0.00,650
2025-07-01,001A001923,7300.00,0.00,0.00,0.00,0.00,0.00,992
2025-08-01,001A001923,7300.00,0.00,0.00,0.00,0.00,0.00,818
2025-09-01,001A001923,7300.00,0.00,0.00,0.00,0.00,0.00,1001
2025-10-01,001A001923,7300.00,0.00,0.00,0.00,0.00,0.00,1230
2025-11-01,001A001923,7300.00,0.00,0.00,0.00,0.00,0.00,1391
2025-12-01,001A001923,7300.00,0.00,0.00,0.00,0.00,0.00,1525
2026-01-01,001A001923,7300.00,0.00,0.00,0.00,0.00,0.00,2358
2026-02-01,001A001923,7300.00,0.00,0.00,0.00,0.00,0.00,2501
2026-03-01,001A001923,7300.00,0.00,0.00,0.00,0.00,0.00,3732
2026-04-01,001A001923,7300.00,0.00,0.00,0.00,0.00,0.00,2892
2026-05-01,001A001923,7300.00,0.00,0.00,0.00,0.00,0.00,3182
2026-06-01,001A001923,8200.00,0.00,900.00,0.00,0.00,0.00,4956
2026-07-01,001A001923,8200.00,0.00,0.00,0.00,0.00,0.00,6781
2026-08-01,001A001923,8200.00,0.00,0.00,0.00,0.00,0.00,8612
2026-09-01,001A001923,13300.00,0.00,5100.00,0.00,0.00,0.00,10711
2024-09-01,001A001931,11960.00,11960.00,0.00,0.00,0.00,0.00,617
2024-10-01,001A001931,11960.00,0.00,0.00,0.00,0.00,0.00,764
2024-11-01,001A001931,11960.00,0.00,0.00,0.00,0.00,0.00,609
2024-12-01,001A001931,11960.00,0.00,0.00,0.00,0.00,0.00,479
2025-01-01,001A001931,11960.00,0.00,0.00,0.00,0.00,0.00,779
2025-02-01,001A001931,11960.00,0.00,0.00,0.00,0.00,0.00,486
2025-03-01,001A001931,11960.00,0.00,0.00,0.00,0.00,0.00,0
2025-04-01,001A001931,11960.00,0.00,0.00,0.00,0.00,0.00,0
2025-05-01,001A001931,11960.00,0.00,0.00,0.00,0.00,0.00,0
2025-06-01,001A001931,11960.00,0.00,0.00,0.00,0.00,0.00,0
2025-07-01,001A001931,11960.00,0.00,0.00,0.00,0.00,0.00,0
2025-08-01,001A001931,11960.00,0.00,0.00,0.00,0.00,0.00,0
2025-09-01,001A001931,11960.00,0.00,0.00,0.00,0.00,0.00,0
2025-10-01,001A001931,11960.00,0.00,0.00,0.00,0.00,0.00,0
2025-11-01,001A001931,11960.00,0.00,0.00,0.00,0.00,0.00,0
2025-12-01,001A001931,11960.00,0.00,0.00,0.00,0.00,0.00,0
2026-01-01,001A001931,11960.00,0.00,0.00,0.00,0.00,0.00,0
2026-02-01,001A001931,11960.00,0.00,0.00,0.00,0.00,0.00,0
2026-03-01,001A001931,11960.00,0.00,0.00,0.00,0.00,0.00,303
2026-04-01,001A001931,11960.00,0.00,0.00,0.00,0.00,0.00,638
2026-05-01,001A001931,11960.00,0.00,0.00,0.00,0.00,0.00,1059
2026-06-01,001A001931,11960.00,0.00,0.00,0.00,0.00,0.00,1388
2026-07-01,001A001931,11960.00,0.00,0.00,0.00,0.00,0.00,1584
2026-08-01,001A001931,11960.00,0.00,0.00,0.00,0.00,0.00,1602
2026-09-01,001A001931,8160.00,0.00,0.00,-3800.00,0.00,0.00,1502
2025-02-01,001A001934,14076.00,14076.00,0.00,0.00,0.00,0.00,26480
2025-03-01,001A001934,14076.00,0.00,0.00,0.00,0.00,0.00,25593
2025-04-01,001A001934,14076.00,0.00,0.00,0.00,0.00,0.00,45509
2025-05-01,001A001934,14076.00,0.00,0.00,0.00,0.00,0.00,32944
2025-06-01,001A001934,14076.00,0.00,0.00,0.00,0.00,0.00,29680
2025-07-01,001A001934,14076.00,0.00,0.00,0.00,0.00,0.00,35644
2025-08-01,001A001934,14076.00,0.00,0.00,0.00,0.00,0.00,47858
2025-09-01,001A001934,14076.00,0.00,0.00,0.00,0.00,0.00,51684
2025-10-01,001A001934,14076.00,0.00,0.00,0.00,0.00,24.74,76565
2025-11-01,001A001934,14076.00,0.00,0.00,0.00,0.00,0.00,68245
2025-12-01,001A001934,14076.00,0.00,0.00,0.00,0.00,0.78,70575
2026-01-01,001A001934,14076.00,0.00,0.00,0.00,0.00,22.03,75888
2026-02-01,001A001934,15176.00,0.00,1100.00,0.00,0.00,0.00,66431
2026-03-01,001A001934,15176.00,0.00,0.00,0.00,0.00,123.42,106734
2026-04-01,001A001934,15176.00,0.00,0.00,0.00,0.00,81.44,96239
2026-05-01,001A001934,15176.00,0.00,0.00,0.00,0.00,196.10,124904
2026-06-01,001A001934,15176.00,0.00,0.00,0.00,0.00,358.54,165515
2026-07-01,001A001934,15176.00,0.00,0.00,0.00,0.00,217.84,130341
2026-08-01,001A001934,15176.00,0.00,0.00,0.00,0.00,404.69,177052
2026-09-01,001A001934,15176.00,0.00,0.00,0.00,0.00,545.74,212314
2025-10-01,001A001948,22300.00,22300.00,0.00,0.00,0.00,0.00,5875
2025-11-01,001A001948,22300.00,0.00,0.00,0.00,0.00,0.00,4253
2025-12-01,001A001948,22300.00,0.00,0.00,0.00,0.00,0.00,5673
2026-01-01,001A001948,22300.00,0.00,0.00,0.00,0.00,0.00,5918
2026-02-01,001A001948,22300.00,0.00,0.00,0.00,0.00,0.00,6961
2026-03-01,001A001948,22300.00,0.00,0.00,0.00,0.00,0.00,9845
2026-04-01,001A001948,22300.00,0.00,0.00,0.00,0.00,0.00,17669
2026-05-01,001A001948,22300.00,0.00,0.00,0.00,0.00,0.00,19765
2026-06-01,001A001948,22300.00,0.00,0.00,0.00,0.00,0.00,11695
2026-07-01,001A001948,22300.00,0.00,0.00,0.00,0.00,0.00,15710
2026-08-01,001A001948,22300.00,0.00,0.00,0.00,0.00,0.00,32185
2026-09-01,001A001948,22300.00,0.00,0.00,0.00,0.00,0.00,21316
2026-09-01,001A001994,64500.00,64500.00,0.00,0.00,0.00,0.00,9029
2025-09-01,001A002018,61916.00,61916.00,0.00,0.00,0.00,0.00,2863
2025-10-01,001A002018,61916.00,0.00,0.00,0.00,0.00,0.00,2580
2025-11-01,001A002018,61916.00,0.00,0.00,0.00,0.00,0.00,2454
2025-12-01,001A002018,61916.00,0.00,0.00,0.00,0.00,0.00,3947
2026-01-01,001A002018,61916.00,0.00,0.00,0.00,0.00,0.00,3025
2026-02-01,001A002018,61916.00,0.00,0.00,0.00,0.00,0.00,3109
2026-03-01,001A002018,61916.00,0.00,0.00,0.00,0.00,0.00,3067
2026-04-01,001A002018,61916.00,0.00,0.00,0.00,0.00,0.00,4488
2026-05-01,001A002018,61916.00,0.00,0.00,0.00,0.00,0.00,0
2026-06-01,001A002018,61916.00,0.00,0.00,0.00,0.00,0.00,0
2026-07-01,001A002018,61916.00,0.00,0.00,0.00,0.00,0.00,0
2026-08-01,001A002018,61916.00,0.00,0.00,0.00,0.00,0.00,0
2026-09-01,001A002018,0.00,0.00,0.00,0.00,-61916.00,0.00,0
2024-05-01,001A002034,22000.00,22000.00,0.00,0.00,0.00,0.00,35271
2024-06-01,001A002034,22000.00,0.00,0.00,0.00,0.00,0.00,41432
2024-07-01,001A002034,22000.00,0.00,0.00,0.00,0.00,0.00,49141
2024-08-01,001A002034,22000.00,0.00,0.00,0.00,0.00,0.00,35199
2024-09-01,001A002034,30600.00,0.00,8600.00,0.00,0.00,0.00,59110
2024-10-01,001A002034,30600.00,0.00,0.00,0.00,0.00,0.00,45967
2024-11-01,001A002034,30600.00,0.00,0.00,0.00,0.00,0.00,64839
2024-12-01,001A002034,30600.00,0.00,0.00,0.00,0.00,0.00,42911
2025-01-01,001A002034,30600.00,0.00,0.00,0.00,0.00,0.00,48644
2025-02-01,001A002034,30600.00,0.00,0.00,0.00,0.00,0.00,53816
2025-03-01,001A002034,30600.00,0.00,0.00,0.00,0.00,0.00,77932
2025-04-01,001A002034,34400.00,0.00,3800.00,0.00,0.00,0.00,69830
2025-05-01,001A002034,34400.00,0.00,0.00,0.00,0.00,0.00,71975
2025-06-01,001A002034,34400.00,0.00,0.00,0.00,0.00,0.00,100600
2025-07-01,001A002034,34400.00,0.00,0.00,0.00,0.00,0.00,118129
2025-08-01,001A002034,34400.00,0.00,0.00,0.00,0.00,0.00,110458
2025-09-01,001A002034,34400.00,0.00,0.00,0.00,0.00,0.00,92523
2025-10-01,001A002034,34400.00,0.00,0.00,0.00,0.00,0.00,75289
2025-11-01,001A002034,34400.00,0.00,0.00,0.00,0.00,0.00,75011
2025-12-01,001A002034,34400.00,0.00,0.00,0.00,0.00,0.00,152114
2026-01-01,001A002034,34400.00,0.00,0.00,0.00,0.00,0.00,130153
2026-02-01,001A002034,34400.00,0.00,0.00,0.00,0.00,0.00,139736
2026-03-01,001A002034,34400.00,0.00,0.00,0.00,0.00,0.00,64428
2026-04-01,001A002034,34400.00,0.00,0.00,0.00,0.00,0.00,137747
2026-05-01,001A002034,44300.00,0.00,9900.00,0.00,0.00,0.00,146942
2026-06-01,001A002034,44300.00,0.00,0.00,0.00,0.00,0.00,181215
2026-07-01,001A002034,44300.00,0.00,0.00,0.00,0.00,0.00,158588
2026-08-01,001A002034,44300.00,0.00,0.00,0.00,0.00,0.00,113555
2026-09-01,001A002034,44300.00,0.00,0.00,0.00,0.00,0.00,136852
2024-06-01,001A002036,48944.00,48944.00,0.00,0.00,0.00,0.00,10524
2024-07-01,001A002036,48944.00,0.00,0.00,0.00,0.00,0.00,12643
2024-08-01,001A002036,48944.00,0.00,0.00,0.00,0.00,0.00,17835
2024-09-01,001A002036,48944.00,0.00,0.00,0.00,0.00,0.00,23332
2024-10-01,001A002036,48944.00,0.00,0.00,0.00,0.00,0.00,31932
2024-11-01,001A002036,48944.00,0.00,0.00,0.00,0.00,0.00,35033
2024-12-01,001A002036,97520.00,0.00,48576.00,0.00,0.00,0.00,40580
2025-01-01,001A002036,97520.00,0.00,0.00,0.00,0.00,0.00,58078
2025-02-01,001A002036,97520.00,0.00,0.00,0.00,0.00,0.00,55663
2025-03-01,001A002036,97520.00,0.00,0.00,0.00,0.00,0.00,48606
2025-04-01,001A002036,97520.00,0.00,0.00,0.00,0.00,0.00,60814
2025-05-01,001A002036,112148.00,0.00,14628.00,0.00,0.00,0.00,79008
2025-06-01,001A002036,121048.00,0.00,8900.00,0.00,0.00,0.00,107747
2025-07-01,001A002036,121048.00,0.00,0.00,0.00,0.00,0.00,101215
2025-08-01,001A002036,121048.00,0.00,0.00,0.00,0.00,0.00,96974
2025-09-01,001A002036,121048.00,0.00,0.00,0.00,0.00,0.00,169307
2025-10-01,001A002036,121048.00,0.00,0.00,0.00,0.00,0.00,129575
2025-11-01,001A002036,121048.00,0.00,0.00,0.00,0.00,0.00,209592
2025-12-01,001A002036,121048.00,0.00,0.00,0.00,0.00,0.00,204157
2026-01-01,001A002036,121048.00,0.00,0.00,0.00,0.00,0.00,263558
2026-02-01,001A002036,137792.00,0.00,16744.00,0.00,0.00,0.00,295295
2026-03-01,001A002036,137792.00,0.00,0.00,0.00,0.00,0.00,313083
2026-04-01,001A002036,137792.00,0.00,0.00,0.00,0.00,0.00,407980
2026-05-01,001A002036,137792.00,0.00,0.00,0.00,0.00,0.00,471606
2026-06-01,001A002036,137792.00,0.00,0.00,0.00,0.00,0.00,680350
2026-07-01,001A002036,154720.00,0.00,16928.00,0.00,0.00,0.00,736784
2026-08-01,001A002036,154720.00,0.00,0.00,0.00,0.00,0.00,586326
2026-09-01,001A002036,154720.00,0.00,0.00,0.00,0.00,942.53,1009233
2025-03-01,001A002051,6900.00,6900.00,0.00,0.00,0.00,0.00,1481
2025-04-01,001A002051,6900.00,0.00,0.00,0.00,0.00,0.00,2756
2025-05-01,001A002051,6900.00,0.00,0.00,0.00,0.00,0.00,2423
2025-06-01,001A002051,6900.00,0.00,0.00,0.00,0.00,0.00,3009
2025-07-01,001A002051,6900.00,0.00,0.00,0.00,0.00,0.00,4013
2025-08-01,001A002051,6900.00,0.00,0.00,0.00,0.00,0.00,2533
2025-09-01,001A002051,6900.00,0.00,0.00,0.00,0.00,0.00,2199
2025-10-01,001A002051,6900.00,0.00,0.00,0.00,0.00,0.00,4153
2025-11-01,001A002051,6900.00,0.00,0.00,0.00,0.00,0.00,3191
2025-12-01,001A002051,6900.00,0.00,0.00,0.00,0.00,0.00,3984
2026-01-01,001A002051,6900.00,0.00,0.00,0.00,0.00,0.00,4077
2026-02-01,001A002051,6900.00,0.00,0.00,0.00,0.00,0.00,5223
2026-03-01,001A002051,6900.00,0.00,0.00,0.00,0.00,0.00,4944
2026-04-01,001A002051,6900.00,0.00,0.00,0.00,0.00,0.00,7245
2026-05-01,001A002051,6900.00,0.00,0.00,0.00,0.00,0.00,4342
2026-06-01,001A002051,6900.00,0.00,0.00,0.00,0.00,0.00,5264
2026-07-01,001A002051,8400.00,0.00,1500.00,0.00,0.00,0.00,7128
2026-08-01,001A002051,8400.00,0.00,0.00,0.00,0.00,0.00,4978
2026-09-01,001A002051,8400.00,0.00,0.00,0.00,0.00,0.00,7458
2025-12-01,001A002060,8924.00,8924.00,0.00,0.00,0.00,0.00,613
2026-01-01,001A002060,8924.00,0.00,0.00,0.00,0.00,0.00,747
2026-02-01,001A002060,8924.00,0.00,0.00,0.00,0.00,0.00,2573
2026-03-01,001A002060,8924.00,0.00,0.00,0.00,0.00,0.00,5538
2026-04-01,001A002060,8924.00,0.00,0.00,0.00,0.00,0.00,17956
2026-05-01,001A002060,8924.00,0.00,0.00,0.00,0.00,0.00,20224
2026-06-01,001A002060,8924.00,0.00,0.00,0.00,0.00,0.00,15456
2026-07-01,001A002060,8924.00,0.00,0.00,0.00,0.00,0.00,17382
2026-08-01,001A002060,22908.00,0.00,13984.00,0.00,0.00,0.00,13284
2026-09-01,001A002060,22908.00,0.00,0.00,0.00,0.00,0.00,18300
2026-04-01,001A002072,10530.00,10530.00,0.00,0.00,0.00,0.00,21314
2026-05-01,001A002072,10530.00,0.00,0.00,0.00,0.00,0.00,33776
2026-06-01,001A002072,10530.00,0.00,0.00,0.00,0.00,18.18,57194
2026-07-01,001A002072,10530.00,0.00,0.00,0.00,0.00,0.00,42498
2026-08-01,001A002072,10530.00,0.00,0.00,0.00,0.00,0.00,49188
2026-09-01,001A002072,10530.00,0.00,0.00,0.00,0.00,0.86,52866
2025-07-01,001A002089,12900.00,12900.00,0.00,0.00,0.00,0.00,15771
2025-08-01,001A002089,12900.00,0.00,0.00,0.00,0.00,0.00,7510
2025-09-01,001A002089,12900.00,0.00,0.00,0.00,0.00,0.00,7101
2025-10-01,001A002089,12900.00,0.00,0.00,0.00,0.00,0.00,9021
2025-11-01,001A002089,12900.00,0.00,0.00,0.00,0.00,0.00,7877
2025-12-01,001A002089,12900.00,0.00,0.00,0.00,0.00,0.00,8736
2026-01-01,001A002089,12900.00,0.00,0.00,0.00,0.00,0.00,16443
2026-02-01,001A002089,12900.00,0.00,0.00,0.00,0.00,0.00,15776
2026-03-01,001A002089,12900.00,0.00,0.00,0.00,0.00,0.00,11829
2026-04-01,001A002089,12900.00,0.00,0.00,0.00,0.00,0.00,8132
2026-05-01,001A002089,12900.00,0.00,0.00,0.00,0.00,0.00,7420
2026-06-01,001A002089,12900.00,0.00,0.00,0.00,0.00,0.00,20315
2026-07-01,001A002089,0.00,0.00,0.00,0.00,-12900.00,0.00,7657
2025-05-01,001A002103,134688.00,134688.00,0.00,0.00,0.00,0.00,16911
2025-06-01,001A002103,134688.00,0.00,0.00,0.00,0.00,0.00,14903
2025-07-01,001A002103,134688.00,0.00,0.00,0.00,0.00,0.00,17179
2025-08-01,001A002103,134688.00,0.00,0.00,0.00,0.00,0.00,18802
2025-09-01,001A002103,134688.00,0.00,0.00,0.00,0.00,0.00,15169
2025-10-01,001A002103,134688.00,0.00,0.00,0.00,0.00,0.00,21102
2025-11-01,001A002103,190440.00,0.00,55752.00,0.00,0.00,0.00,22639
2025-12-01,001A002103,190440.00,0.00,0.00,0.00,0.00,0.00,29010
2026-01-01,001A002103,190440.00,0.00,0.00,0.00,0.00,0.00,27814
2026-02-01,001A002103,190440.00,0.00,0.00,0.00,0.00,0.00,35552
2026-03-01,001A002103,190440.00,0.00,0.00,0.00,0.00,0.00,22996
2026-04-01,001A002103,190440.00,0.00,0.00,0.00,0.00,0.00,45582
2026-05-01,001A002103,228840.00,0.00,38400.00,0.00,0.00,0.00,41728
2026-06-01,001A002103,316424.00,0.00,87584.00,0.00,0.00,0.00,21577
2026-07-01,001A002103,316424.00,0.00,0.00,0.00,0.00,0.00,36036
2026-08-01,001A002103,316424.00,0.00,0.00,0.00,0.00,0.00,21602
2026-09-01,001A002103,316424.00,0.00,0.00,0.00,0.00,0.00,34595
2026-05-01,001A002105,33120.00,33120.00,0.00,0.00,0.00,0.00,20277
2026-06-01,001A002105,33120.00,0.00,0.00,0.00,0.00,0.00,24039
2026-07-01,001A002105,33120.00,0.00,0.00,0.00,0.00,0.00,19688
2026-08-01,001A002105,33120.00,0.00,0.00,0.00,0.00,0.00,14895
2026-09-01,001A002105,33120.00,0.00,0.00,0.00,0.00,0.00,24819
2025-12-01,001A002111,77600.00,77600.00,0.00,0.00,0.00,0.00,23564
2026-01-01,001A002111,77600.00,0.00,0.00,0.00,0.00,0.00,20354
2026-02-01,001A002111,77600.00,0.00,0.00,0.00,0.00,0.00,45727
2026-03-01,001A002111,77600.00,0.00,0.00,0.00,0.00,0.00,40248
2026-04-01,001A002111,77600.00,0.00,0.00,0.00,0.00,0.00,70595
2026-05-01,001A002111,77600.00,0.00,0.00,0.00,0.00,0.00,74003
2026-06-01,001A002111,77600.00,0.00,0.00,0.00,0.00,0.00,77439
2026-07-01,001A002111,77600.00,0.00,0.00,0.00,0.00,0.00,91522
2026-08-01,001A002111,83500.00,0.00,5900.00,0.00,0.00,0.00,52017
2026-09-01,001A002111,83500.00,0.00,0.00,0.00,0.00,0.00,88555
2025-09-01,001A002114,42900.00,42900.00,0.00,0.00,0.00,0.00,74426
2025-10-01,001A002114,42900.00,0.00,0.00,0.00,0.00,0.00,55309
2025-11-01,001A002114,42900.00,0.00,0.00,0.00,0.00,0.00,92290
2025-12-01,001A002114,42900.00,0.00,0.00,0.00,0.00,0.00,120642
2026-01-01,001A002114,42900.00,0.00,0.00,0.00,0.00,0.00,182308
2026-02-01,001A002114,42900.00,0.00,0.00,0.00,0.00,0.00,141586
2026-03-01,001A002114,42900.00,0.00,0.00,0.00,0.00,0.00,202189
2026-04-01,001A002114,42900.00,0.00,0.00,0.00,0.00,0.00,120021
2026-05-01,001A002114,42900.00,0.00,0.00,0.00,0.00,0.00,164612
2026-06-01,001A002114,42900.00,0.00,0.00,0.00,0.00,0.00,129200
2026-07-01,001A002114,42900.00,0.00,0.00,0.00,0.00,0.00,118983
2026-08-01,001A002114,42900.00,0.00,0.00,0.00,0.00,0.00,186418
2026-09-01,001A002114,53500.00,0.00,21800.00,-11200.00,0.00,0.00,207045
2026-06-01,001A002130,19890.00,19890.00,0.00,0.00,0.00,0.00,14368
2026-07-01,001A002130,19890.00,0.00,0.00,0.00,0.00,0.00,12844
2026-08-01,001A002130,19890.00,0.00,0.00,0.00,0.00,0.00,12459
2026-09-01,001A002130,19890.00,0.00,0.00,0.00,0.00,0.00,10401
2026-03-01,001A002148,86480.00,86480.00,0.00,0.00,0.00,0.00,42264
2026-04-01,001A002148,86480.00,0.00,0.00,0.00,0.00,0.00,36340
2026-05-01,001A002148,86480.00,0.00,0.00,0.00,0.00,0.00,54077
2026-06-01,001A002148,86480.00,0.00,0.00,0.00,0.00,0.00,70518
2026-07-01,001A002148,86480.00,0.00,0.00,0.00,0.00,0.00,62416
2026-08-01,001A002148,86480.00,0.00,0.00,0.00,0.00,0.00,60395
2026-09-01,001A002148,86480.00,0.00,0.00,0.00,0.00,0.00,62784
2026-08-01,001A002149,91100.00,91100.00,0.00,0.00,0.00,0.00,3393
2026-09-01,001A002149,91100.00,0.00,0.00,0.00,0.00,0.00,4063
2025-07-01,001A002152,14904.00,14904.00,0.00,0.00,0.00,0.00,0
2025-08-01,001A002152,14904.00,0.00,0.00,0.00,0.00,0.00,0
2025-09-01,001A002152,14904.00,0.00,0.00,0.00,0.00,0.00,0
2025-10-01,001A002152,14904.00,0.00,0.00,0.00,0.00,0.00,0
2025-11-01,001A002152,14904.00,0.00,0.00,0.00,0.00,0.00,0
2025-12-01,001A002152,14904.00,0.00,0.00,0.00,0.00,0.00,0
2026-01-01,001A002152,14904.00,0.00,0.00,0.00,0.00,0.00,649
2026-02-01,001A002152,14904.00,0.00,0.00,0.00,0.00,0.00,2031
2026-03-01,001A002152,14904.00,0.00,0.00,0.00,0.00,0.00,3294
2026-04-01,001A002152,14904.00,0.00,0.00,0.00,0.00,0.00,4984
2026-05-01,001A002152,14904.00,0.00,0.00,0.00,0.00,0.00,2920
2026-06-01,001A002152,14904.00,0.00,0.00,0.00,0.00,0.00,2640
2026-07-01,001A002152,0.00,0.00,0.00,0.00,-14904.00,0.00,3254
2026-08-01,001A002184,90600.00,90600.00,0.00,0.00,0.00,0.00,13441
2026-09-01,001A002184,90600.00,0.00,0.00,0.00,0.00,0.00,10463
2026-09-01,001A002195,55568.00,55568.00,0.00,0.00,0.00,0.00,19689
2026-04-01,001A002211,16200.00,16200.00,0.00,0.00,0.00,0.00,17218
2026-05-01,001A002211,16200.00,0.00,0.00,0.00,0.00,0.00,26559
2026-06-01,001A002211,16200.00,0.00,0.00,0.00,0.00,0.00,41532
2026-07-01,001A002211,16200.00,0.00,0.00,0.00,0.00,0.00,37413
2026-08-01,001A002211,16200.00,0.00,0.00,0.00,0.00,0.00,48054
2026-09-01,001A002211,20600.00,0.00,4400.00,0.00,0.00,0.00,26998
2025-03-01,001A002233,62928.00,62928.00,0.00,0.00,0.00,0.00,1808
2025-04-01,001A002233,62928.00,0.00,0.00,0.00,0.00,0.00,1347
2025-05-01,001A002233,62928.00,0.00,0.00,0.00,0.00,0.00,1653
2025-06-01,001A002233,62928.00,0.00,0.00,0.00,0.00,0.00,1849
2025-07-01,001A002233,62928.00,0.00,0.00,0.00,0.00,0.00,1926
2025-08-01,001A002233,62928.00,0.00,0.00,0.00,0.00,0.00,1594
2025-09-01,001A002233,62928.00,0.00,0.00,0.00,0.00,0.00,1445
2025-10-01,001A002233,62928.00,0.00,0.00,0.00,0.00,0.00,1338
2025-11-01,001A002233,62928.00,0.00,0.00,0.00,0.00,0.00,2414
2025-12-01,001A002233,62928.00,0.00,0.00,0.00,0.00,0.00,1845
2026-01-01,001A002233,62928.00,0.00,0.00,0.00,0.00,0.00,2758
2026-02-01,001A002233,62928.00,0.00,0.00,0.00,0.00,0.00,2680
2026-03-01,001A002233,62928.00,0.00,0.00,0.00,0.00,0.00,2332
2026-04-01,001A002233,62928.00,0.00,0.00,0.00,0.00,0.00,3337
2026-05-01,001A002233,62928.00,0.00,0.00,0.00,0.00,0.00,3314
2026-06-01,001A002233,62928.00,0.00,0.00,0.00,0.00,0.00,3764
2026-07-01,001A002233,62928.00,0.00,0.00,0.00,0.00,0.00,4398
2026-08-01,001A002233,81236.00,0.00,18308.00,0.00,0.00,0.00,3844
2026-09-01,001A002233,81236.00,0.00,0.00,0.00,0.00,0.00,4001
2026-07-01,001A002242,129300.00,129300.00,0.00,0.00,0.00,0.00,16232
2026-08-01,001A002242,129300.00,0.00,0.00,0.00,0.00,0.00,6110
2026-09-01,001A002242,129300.00,0.00,0.00,0.00,0.00,0.00,5920
2024-08-01,001A002243,258453.00,258453.00,0.00,0.00,0.00,0.00,1496
2024-09-01,001A002243,258453.00,0.00,0.00,0.00,0.00,0.00,3692
2024-10-01,001A002243,258453.00,0.00,0.00,0.00,0.00,0.00,2806
2024-11-01,001A002243,258453.00,0.00,0.00,0.00,0.00,0.00,5596
2024-12-01,001A002243,258453.00,0.00,0.00,0.00,0.00,0.00,8586
2025-01-01,001A002243,258453.00,0.00,0.00,0.00,0.00,0.00,10146
2025-02-01,001A002243,258453.00,0.00,0.00,0.00,0.00,0.00,11452
2025-03-01,001A002243,258453.00,0.00,0.00,0.00,0.00,0.00,14808
2025-04-01,001A002243,258453.00,0.00,0.00,0.00,0.00,0.00,8438
2025-05-01,001A002243,258453.00,0.00,0.00,0.00,0.00,0.00,9612
2025-06-01,001A002243,258453.00,0.00,0.00,0.00,0.00,0.00,13307
2025-07-01,001A002243,258453.00,0.00,0.00,0.00,0.00,0.00,16700
2025-08-01,001A002243,306553.00,0.00,48100.00,0.00,0.00,0.00,27570
2025-09-01,001A002243,306553.00,0.00,0.00,0.00,0.00,0.00,36275
2025-10-01,001A002243,306553.00,0.00,0.00,0.00,0.00,0.00,38555
2025-11-01,001A002243,306553.00,0.00,0.00,0.00,0.00,0.00,26282
2025-12-01,001A002243,306553.00,0.00,0.00,0.00,0.00,0.00,26059
2026-01-01,001A002243,306553.00,0.00,0.00,0.00,0.00,0.00,43531
2026-02-01,001A002243,306553.00,0.00,0.00,0.00,0.00,0.00,56822
2026-03-01,001A002243,306553.00,0.00,0.00,0.00,0.00,0.00,58751
2026-04-01,001A002243,306553.00,0.00,0.00,0.00,0.00,0.00,62108
2026-05-01,001A002243,306553.00,0.00,0.00,0.00,0.00,0.00,65867
2026-06-01,001A002243,306553.00,0.00,0.00,0.00,0.00,0.00,55045
2026-07-01,001A002243,306553.00,0.00,0.00,0.00,0.00,0.00,69316
2026-08-01,001A002243,306553.00,0.00,0.00,0.00,0.00,0.00,71897
2026-09-01,001A002243,306553.00,0.00,0.00,0.00,0.00,0.00,77698
2025-11-01,001A002246,10296.00,10296.00,0.00,0.00,0.00,0.00,4638
2025-12-01,001A002246,10296.00,0.00,0.00,0.00,0.00,0.00,3891
2026-01-01,001A002246,10296.00,0.00,0.00,0.00,0.00,0.00,6117
2026-02-01,001A002246,10296.00,0.00,0.00,0.00,0.00,0.00,4245
2026-03-01,001A002246,10296.00,0.00,0.00,0.00,0.00,0.00,7529
2026-04-01,001A002246,10296.00,0.00,0.00,0.00,0.00,0.00,7759
2026-05-01,001A002246,10296.00,0.00,0.00,0.00,0.00,0.00,8738
2026-06-01,001A002246,10296.00,0.00,0.00,0.00,0.00,0.00,0
2026-07-01,001A002246,10296.00,0.00,0.00,0.00,0.00,0.00,0
2026-08-01,001A002246,14040.00,0.00,3744.00,0.00,0.00,0.00,0
2026-09-01,001A002246,14040.00,0.00,0.00,0.00,0.00,0.00,0
2025-07-01,001A002264,43516.00,43516.00,0.00,0.00,0.00,0.00,3476
2025-08-01,001A002264,43516.00,0.00,0.00,0.00,0.00,0.00,6202
2025-09-01,001A002264,43516.00,0.00,0.00,0.00,0.00,0.00,4480
2025-10-01,001A002264,43516.00,0.00,0.00,0.00,0.00,0.00,6189
2025-11-01,001A002264,43516.00,0.00,0.00,0.00,0.00,0.00,6370
2025-12-01,001A002264,43516.00,0.00,0.00,0.00,0.00,0.00,5140
2026-01-01,001A002264,43516.00,0.00,0.00,0.00,0.00,0.00,7720
2026-02-01,001A002264,43516.00,0.00,0.00,0.00,0.00,0.00,9996
2026-03-01,001A002264,43516.00,0.00,0.00,0.00,0.00,0.00,9151
2026-04-01,001A002264,43516.00,0.00,0.00,0.00,0.00,0.00,2677
2026-05-01,001A002264,43516.00,0.00,0.00,0.00,0.00,0.00,3520
2026-06-01,001A002264,43516.00,0.00,0.00,0.00,0.00,0.00,4480
2026-07-01,001A002264,43516.00,0.00,0.00,0.00,0.00,0.00,3067
2026-08-01,001A002264,43516.00,0.00,0.00,0.00,0.00,0.00,1012
2026-09-01,001A002264,43516.00,0.00,0.00,0.00,0.00,0.00,2257
2025-03-01,001A002275,19600.00,19600.00,0.00,0.00,0.00,0.00,8222
2025-04-01,001A002275,19600.00,0.00,0.00,0.00,0.00,0.00,11378
2025-05-01,001A002275,19600.00,0.00,0.00,0.00,0.00,0.00,11056
2025-06-01,001A002275,19600.00,0.00,0.00,0.00,0.00,0.00,11409
2025-07-01,001A002275,19600.00,0.00,0.00,0.00,0.00,0.00,13465
2025-08-01,001A002275,19600.00,0.00,0.00,0.00,0.00,0.00,8561
2025-09-01,001A002275,19600.00,0.00,0.00,0.00,0.00,0.00,13016
2025-10-01,001A002275,22200.00,0.00,2600.00,0.00,0.00,0.00,11998
2025-11-01,001A002275,22200.00,0.00,0.00,0.00,0.00,0.00,11496
2025-12-01,001A002275,22200.00,0.00,0.00,0.00,0.00,0.00,22752
2026-01-01,001A002275,22200.00,0.00,0.00,0.00,0.00,0.00,16133
2026-02-01,001A002275,22200.00,0.00,0.00,0.00,0.00,0.00,19308
2026-03-01,001A002275,23800.00,0.00,1600.00,0.00,0.00,0.00,24423
2026-04-01,001A002275,23800.00,0.00,0.00,0.00,0.00,0.00,35466
2026-05-01,001A002275,23800.00,0.00,0.00,0.00,0.00,0.00,29894
2026-06-01,001A002275,23800.00,0.00,0.00,0.00,0.00,0.00,48300
2026-07-01,001A002275,23800.00,0.00,0.00,0.00,0.00,0.00,27536
2026-08-01,001A002275,23800.00,0.00,0.00,0.00,0.00,0.00,49767
2026-09-01,001A002275,23800.00,0.00,0.00,0.00,0.00,0.00,46224
2025-11-01,001A002289,55300.00,55300.00,0.00,0.00,0.00,0.00,11519
2025-12-01,001A002289,55300.00,0.00,0.00,0.00,0.00,0.00,16901
2026-01-01,001A002289,55300.00,0.00,0.00,0.00,0.00,0.00,14466
2026-02-01,001A002289,55300.00,0.00,0.00,0.00,0.00,0.00,15457
2026-03-01,001A002289,55300.00,0.00,0.00,0.00,0.00,0.00,14840
2026-04-01,001A002289,55300.00,0.00,0.00,0.00,0.00,0.00,15383
2026-05-01,001A002289,55300.00,0.00,0.00,0.00,0.00,0.00,19973
2026-06-01,001A002289,65300.00,0.00,10000.00,0.00,0.00,0.00,15796
2026-07-01,001A002289,65300.00,0.00,0.00,0.00,0.00,0.00,19124
2026-08-01,001A002289,65300.00,0.00,0.00,0.00,0.00,0.00,19107
2026-09-01,001A002289,65300.00,0.00,0.00,0.00,0.00,0.00,20924
2026-05-01,001A002293,23100.00,23100.00,0.00,0.00,0.00,0.00,7110
2026-06-01,001A002293,23100.00,0.00,0.00,0.00,0.00,0.00,6548
2026-07-01,001A002293,23100.00,0.00,0.00,0.00,0.00,0.00,8060
2026-08-01,001A002293,23100.00,0.00,0.00,0.00,0.00,0.00,9733
2026-09-01,001A002293,23100.00,0.00,0.00,0.00,0.00,0.00,9198
2025-11-01,001A002307,59800.00,59800.00,0.00,0.00,0.00,0.00,2305
2025-12-01,001A002307,59800.00,0.00,0.00,0.00,0.00,0.00,2993
2026-01-01,001A002307,59800.00,0.00,0.00,0.00,0.00,0.00,3035
2026-02-01,001A002307,59800.00,0.00,0.00,0.00,0.00,0.00,4457
2026-03-01,001A002307,59800.00,0.00,0.00,0.00,0.00,0.00,2891
2026-04-01,001A002307,75800.00,0.00,16000.00,0.00,0.00,0.00,1626
2026-05-01,001A002307,75800.00,0.00,0.00,0.00,0.00,0.00,2653
2026-06-01,001A002307,75800.00,0.00,0.00,0.00,0.00,0.00,3387
2026-07-01,001A002307,75800.00,0.00,0.00,0.00,0.00,0.00,1617
2026-08-01,001A002307,75800.00,0.00,0.00,0.00,0.00,0.00,1601
2026-09-01,001A002307,75800.00,0.00,0.00,0.00,0.00,0.00,2697
2024-06-01,001A002318,18100.00,18100.00,0.00,0.00,0.00,0.00,626
2024-07-01,001A002318,18100.00,0.00,0.00,0.00,0.00,0.00,434
2024-08-01,001A002318,18100.00,0.00,0.00,0.00,0.00,0.00,806
2024-09-01,001A002318,18100.00,0.00,0.00,0.00,0.00,0.00,383
2024-10-01,001A002318,18100.00,0.00,0.00,0.00,0.00,0.00,368
2024-11-01,001A002318,18100.00,0.00,0.00,0.00,0.00,0.00,1004
2024-12-01,001A002318,18100.00,0.00,0.00,0.00,0.00,0.00,759
2025-01-01,001A002318,18100.00,0.00,0.00,0.00,0.00,0.00,593
2025-02-01,001A002318,18100.00,0.00,0.00,0.00,0.00,0.00,624
2025-03-01,001A002318,18100.00,0.00,0.00,0.00,0.00,0.00,779
2025-04-01,001A002318,18100.00,0.00,0.00,0.00,0.00,0.00,792
2025-05-01,001A002318,18100.00,0.00,0.00,0.00,0.00,0.00,2239
2025-06-01,001A002318,15000.00,0.00,0.00,-3100.00,0.00,0.00,5543
2025-07-01,001A002318,15000.00,0.00,0.00,0.00,0.00,0.00,6778
2025-08-01,001A002318,15000.00,0.00,0.00,0.00,0.00,0.00,7680
2025-09-01,001A002318,15000.00,0.00,0.00,0.00,0.00,0.00,8519
2025-10-01,001A002318,15000.00,0.00,0.00,0.00,0.00,0.00,14640
2025-11-01,001A002318,15000.00,0.00,0.00,0.00,0.00,0.00,17950
2025-12-01,001A002318,15000.00,0.00,0.00,0.00,0.00,0.00,25333
2026-01-01,001A002318,15000.00,0.00,0.00,0.00,0.00,0.00,26512
2026-02-01,001A002318,15000.00,0.00,0.00,0.00,0.00,0.00,32120
2026-03-01,001A002318,15000.00,0.00,0.00,0.00,0.00,0.00,47032
2026-04-01,001A002318,15000.00,0.00,0.00,0.00,0.00,0.00,47358
2026-05-01,001A002318,15000.00,0.00,0.00,0.00,0.00,0.00,59613
2026-06-01,001A002318,15000.00,0.00,0.00,0.00,0.00,0.00,74136
2026-07-01,001A002318,15000.00,0.00,0.00,0.00,0.00,0.00,60749
2026-08-01,001A002318,15000.00,0.00,0.00,0.00,0.00,0.00,72792
2026-09-01,001A002318,15000.00,0.00,0.00,0.00,0.00,0.00,67708
2026-02-01,001A002323,17000.00,17000.00,0.00,0.00,0.00,0.00,4220
2026-03-01,001A002323,17000.00,0.00,0.00,0.00,0.00,0.00,3161
2026-04-01,001A002323,17000.00,0.00,0.00,0.00,0.00,0.00,6353
2026-05-01,001A002323,17000.00,0.00,0.00,0.00,0.00,0.00,6667
2026-06-01,001A002323,17000.00,0.00,0.00,0.00,0.00,0.00,5792
2026-07-01,001A002323,17000.00,0.00,0.00,0.00,0.00,0.00,5985
2026-08-01,001A002323,17000.00,0.00,0.00,0.00,0.00,0.00,6457
2026-09-01,001A002323,17000.00,0.00,0.00,0.00,0.00,0.00,6965
2026-08-01,001A002351,16284.00,16284.00,0.00,0.00,0.00,0.00,11047
2026-09-01,001A002351,16284.00,0.00,0.00,0.00,0.00,0.00,9586
2025-10-01,001A002361,15000.00,15000.00,0.00,0.00,0.00,0.00,4265
2025-11-01,001A002361,15000.00,0.00,0.00,0.00,0.00,0.00,5379
2025-12-01,001A002361,15000.00,0.00,0.00,0.00,0.00,0.00,5899
2026-01-01,001A002361,15000.00,0.00,0.00,0.00,0.00,0.00,7995
2026-02-01,001A002361,15000.00,0.00,0.00,0.00,0.00,0.00,9860
2026-03-01,001A002361,15000.00,0.00,0.00,0.00,0.00,0.00,9125
2026-04-01,001A002361,15000.00,0.00,0.00,0.00,0.00,0.00,9296
2026-05-01,001A002361,15000.00,0.00,0.00,0.00,0.00,0.00,10669
2026-06-01,001A002361,15000.00,0.00,0.00,0.00,0.00,0.00,10119
2026-07-01,001A002361,15000.00,0.00,0.00,0.00,0.00,0.00,8058
2026-08-01,001A002361,15000.00,0.00,0.00,0.00,0.00,0.00,11322
2026-09-01,001A002361,15000.00,0.00,0.00,0.00,0.00,0.00,15235
2025-08-01,001A002388,43240.00,43240.00,0.00,0.00,0.00,0.00,0
2025-09-01,001A002388,43240.00,0.00,0.00,0.00,0.00,0.00,0
2025-10-01,001A002388,43240.00,0.00,0.00,0.00,0.00,0.00,0
2025-11-01,001A002388,43240.00,0.00,0.00,0.00,0.00,0.00,0
2025-12-01,001A002388,43240.00,0.00,0.00,0.00,0.00,0.00,0
2026-01-01,001A002388,43240.00,0.00,0.00,0.00,0.00,0.00,0
2026-02-01,001A002388,43240.00,0.00,0.00,0.00,0.00,0.00,0
2026-03-01,001A002388,43240.00,0.00,0.00,0.00,0.00,0.00,0
2026-04-01,001A002388,43240.00,0.00,0.00,0.00,0.00,0.00,0
2026-05-01,001A002388,43240.00,0.00,0.00,0.00,0.00,0.00,0
2026-06-01,001A002388,43240.00,0.00,0.00,0.00,0.00,0.00,0
2026-07-01,001A002388,43240.00,0.00,0.00,0.00,0.00,0.00,0
2026-08-01,001A002388,0.00,0.00,0.00,0.00,-43240.00,0.00,0
2025-10-01,001A002393,8300.00,8300.00,0.00,0.00,0.00,0.00,6968
2025-11-01,001A002393,8300.00,0.00,0.00,0.00,0.00,0.00,11810
2025-12-01,001A002393,8300.00,0.00,0.00,0.00,0.00,0.00,9275
2026-01-01,001A002393,8300.00,0.00,0.00,0.00,0.00,0.00,7517
2026-02-01,001A002393,14800.00,0.00,6500.00,0.00,0.00,0.00,7364
2026-03-01,001A002393,14800.00,0.00,0.00,0.00,0.00,0.00,16171
2026-04-01,001A002393,14800.00,0.00,0.00,0.00,0.00,0.00,14851
2026-05-01,001A002393,14800.00,0.00,0.00,0.00,0.00,0.00,19295
2026-06-01,001A002393,14800.00,0.00,0.00,0.00,0.00,0.00,12552
2026-07-01,001A002393,14800.00,0.00,0.00,0.00,0.00,0.00,26528
2026-08-01,001A002393,14800.00,0.00,0.00,0.00,0.00,0.00,1044
2026-09-01,001A002393,14800.00,0.00,0.00,0.00,0.00,0.00,792
2024-12-01,001A002410,27508.00,27508.00,0.00,0.00,0.00,0.00,25267
2025-01-01,001A002410,27508.00,0.00,0.00,0.00,0.00,0.00,17247
2025-02-01,001A002410,27508.00,0.00,0.00,0.00,0.00,0.00,32012
2025-03-01,001A002410,27508.00,0.00,0.00,0.00,0.00,0.00,48901
2025-04-01,001A002410,27508.00,0.00,0.00,0.00,0.00,0.00,35828
2025-05-01,001A002410,27508.00,0.00,0.00,0.00,0.00,0.00,40762
2025-06-01,001A002410,27508.00,0.00,0.00,0.00,0.00,0.00,49339
2025-07-01,001A002410,27508.00,0.00,0.00,0.00,0.00,0.00,72562
2025-08-01,001A002410,27508.00,0.00,0.00,0.00,0.00,0.00,69780
2025-09-01,001A002410,27508.00,0.00,0.00,0.00,0.00,0.00,91404
2025-10-01,001A002410,27508.00,0.00,0.00,0.00,0.00,0.00,110196
2025-11-01,001A002410,27508.00,0.00,0.00,0.00,0.00,0.00,102363
2025-12-01,001A002410,30908.00,0.00,3400.00,0.00,0.00,0.00,145076
2026-01-01,001A002410,30908.00,0.00,0.00,0.00,0.00,227.98,211536
2026-02-01,001A002410,30908.00,0.00,0.00,0.00,0.00,0.00,120739
2026-03-01,001A002410,30908.00,0.00,0.00,0.00,0.00,667.12,321321
2026-04-01,001A002410,38728.00,0.00,7820.00,0.00,0.00,365.14,284926
2026-05-01,001A002410,38728.00,0.00,0.00,0.00,0.00,781.15,388928
2026-06-01,001A002410,38728.00,0.00,0.00,0.00,0.00,1331.83,526598
2026-07-01,001A002410,38728.00,0.00,0.00,0.00,0.00,555.36,332481
2026-08-01,001A002410,38728.00,0.00,0.00,0.00,0.00,1007.15,445428
2026-09-01,001A002410,38728.00,0.00,0.00,0.00,0.00,2591.86,841604
2026-09-01,001A002464,9243.00,9243.00,0.00,0.00,0.00,0.00,24177
2026-05-01,001A002490,14720.00,14720.00,0.00,0.00,0.00,0.00,11831
2026-06-01,001A002490,14720.00,0.00,0.00,0.00,0.00,0.00,7404
2026-07-01,001A002490,14720.00,0.00,0.00,0.00,0.00,0.00,13565
2026-08-01,001A002490,14720.00,0.00,0.00,0.00,0.00,0.00,12832
2026-09-01,001A002490,14720.00,0.00,0.00,0.00,0.00,0.00,9363
2026-03-01,001A002491,10300.00,10300.00,0.00,0.00,0.00,0.00,2239
2026-04-01,001A002491,10300.00,0.00,0.00,0.00,0.00,0.00,3372
2026-05-01,001A002491,10300.00,0.00,0.00,0.00,0.00,0.00,5108
2026-06-01,001A002491,10300.00,0.00,0.00,0.00,0.00,0.00,9359
2026-07-01,001A002491,10300.00,0.00,0.00,0.00,0.00,0.00,10054
2026-08-01,001A002491,10300.00,0.00,0.00,0.00,0.00,0.00,8700
2026-09-01,001A002491,13900.00,0.00,3600.00,0.00,0.00,0.00,10598
2026-03-01,001A002500,116500.00,116500.00,0.00,0.00,0.00,0.00,463142
2026-04-01,001A002500,116500.00,0.00,0.00,0.00,0.00,762.32,773080
2026-05-01,001A002500,116500.00,0.00,0.00,0.00,0.00,1768.52,1024631
2026-06-01,001A002500,116500.00,0.00,0.00,0.00,0.00,2746.03,1269008
2026-07-01,001A002500,116500.00,0.00,0.00,0.00,0.00,3332.19,1415548
2026-08-01,001A002500,116500.00,0.00,0.00,0.00,0.00,4006.79,1584198
2026-09-01,001A002500,116500.00,0.00,0.00,0.00,0.00,3330.66,1415164
2026-03-01,001A002506,10764.00,10764.00,0.00,0.00,0.00,0.00,3510
2026-04-01,001A002506,10764.00,0.00,0.00,0.00,0.00,0.00,4507
2026-05-01,001A002506,10764.00,0.00,0.00,0.00,0.00,0.00,4323
2026-06-01,001A002506,10764.00,0.00,0.00,0.00,0.00,0.00,4822
2026-07-01,001A002506,24012.00,0.00,13248.00,0.00,0.00,0.00,4414
2026-08-01,001A002506,24012.00,0.00,0.00,0.00,0.00,0.00,6155
2026-09-01,001A002506,24012.00,0.00,0.00,0.00,0.00,0.00,4613
2026-04-01,001A002529,55200.00,55200.00,0.00,0.00,0.00,0.00,4074
2026-05-01,001A002529,55200.00,0.00,0.00,0.00,0.00,0.00,4503
2026-06-01,001A002529,55200.00,0.00,0.00,0.00,0.00,0.00,7265
2026-07-01,001A002529,55200.00,0.00,0.00,0.00,0.00,0.00,3180
2026-08-01,001A002529,55200.00,0.00,0.00,0.00,0.00,0.00,4158
2026-09-01,001A002529,55200.00,0.00,0.00,0.00,0.00,0.00,5794
2026-04-01,001A002544,17000.00,17000.00,0.00,0.00,0.00,0.00,5368
2026-05-01,001A002544,17000.00,0.00,0.00,0.00,0.00,0.00,2832
2026-06-01,001A002544,17000.00,0.00,0.00,0.00,0.00,0.00,0
2026-07-01,001A002544,17000.00,0.00,0.00,0.00,0.00,0.00,0
2026-08-01,001A002544,17000.00,0.00,0.00,0.00,0.00,0.00,0
2026-09-01,001A002544,17000.00,0.00,0.00,0.00,0.00,0.00,0
2025-07-01,001A002547,29100.00,29100.00,0.00,0.00,0.00,0.00,6537
2025-08-01,001A002547,29100.00,0.00,0.00,0.00,0.00,0.00,11713
2025-09-01,001A002547,29100.00,0.00,0.00,0.00,0.00,0.00,7773
2025-10-01,001A002547,29100.00,0.00,0.00,0.00,0.00,0.00,8697
2025-11-01,001A002547,29100.00,0.00,0.00,0.00,0.00,0.00,10263
2025-12-01,001A002547,29100.00,0.00,0.00,0.00,0.00,0.00,11326
2026-01-01,001A002547,29100.00,0.00,0.00,0.00,0.00,0.00,22059
2026-02-01,001A002547,29100.00,0.00,0.00,0.00,0.00,0.00,21954
2026-03-01,001A002547,29100.00,0.00,0.00,0.00,0.00,0.00,32356
2026-04-01,001A002547,29100.00,0.00,0.00,0.00,0.00,0.00,23692
2026-05-01,001A002547,41000.00,0.00,11900.00,0.00,0.00,0.00,31654
2026-06-01,001A002547,41000.00,0.00,0.00,0.00,0.00,0.00,28762
2026-07-01,001A002547,50100.00,0.00,9100.00,0.00,0.00,0.00,13725
2026-08-01,001A002547,50100.00,0.00,0.00,0.00,0.00,0.00,18456
2026-09-01,001A002547,50100.00,0.00,0.00,0.00,0.00,0.00,31321
2026-07-01,001A002560,16284.00,16284.00,0.00,0.00,0.00,0.00,1760
2026-08-01,001A002560,16284.00,0.00,0.00,0.00,0.00,0.00,904
2026-09-01,001A002560,16284.00,0.00,0.00,0.00,0.00,0.00,994
2025-08-01,001A002565,61400.00,61400.00,0.00,0.00,0.00,0.00,1962
2025-09-01,001A002565,61400.00,0.00,0.00,0.00,0.00,0.00,4590
2025-10-01,001A002565,61400.00,0.00,0.00,0.00,0.00,0.00,3703
2025-11-01,001A002565,61400.00,0.00,0.00,0.00,0.00,0.00,6241
2025-12-01,001A002565,61400.00,0.00,0.00,0.00,0.00,0.00,9197
2026-01-01,001A002565,61400.00,0.00,0.00,0.00,0.00,0.00,20045
2026-02-01,001A002565,61400.00,0.00,0.00,0.00,0.00,0.00,19515
2026-03-01,001A002565,61400.00,0.00,0.00,0.00,0.00,0.00,27796
2026-04-01,001A002565,61400.00,0.00,0.00,0.00,0.00,0.00,19477
2026-05-01,001A002565,61400.00,0.00,0.00,0.00,0.00,0.00,14849
2026-06-01,001A002565,61400.00,0.00,0.00,0.00,0.00,0.00,16652
2026-07-01,001A002565,61400.00,0.00,0.00,0.00,0.00,0.00,32699
2026-08-01,001A002565,71900.00,0.00,10500.00,0.00,0.00,0.00,28878
2026-09-01,001A002565,71900.00,0.00,0.00,0.00,0.00,0.00,41911
2026-03-01,001A002580,18000.00,18000.00,0.00,0.00,0.00,0.00,652
2026-04-01,001A002580,18000.00,0.00,0.00,0.00,0.00,0.00,1239
2026-05-01,001A002580,18000.00,0.00,0.00,0.00,0.00,0.00,2696
2026-06-01,001A002580,18000.00,0.00,0.00,0.00,0.00,0.00,3489
2026-07-01,001A002580,18000.00,0.00,0.00,0.00,0.00,0.00,1576
2026-08-01,001A002580,18000.00,0.00,0.00,0.00,0.00,0.00,2059
2026-09-01,001A002580,18000.00,0.00,0.00,0.00,0.00,0.00,1835
2024-09-01,001A002583,36700.00,36700.00,0.00,0.00,0.00,0.00,6019
2024-10-01,001A002583,36700.00,0.00,0.00,0.00,0.00,0.00,8573
2024-11-01,001A002583,36700.00,0.00,0.00,0.00,0.00,0.00,9510
2024-12-01,001A002583,36700.00,0.00,0.00,0.00,0.00,0.00,9084
2025-01-01,001A002583,36700.00,0.00,0.00,0.00,0.00,0.00,15304
2025-02-01,001A002583,36700.00,0.00,0.00,0.00,0.00,0.00,13002
2025-03-01,001A002583,36700.00,0.00,0.00,0.00,0.00,0.00,11913
2025-04-01,001A002583,57900.00,0.00,21200.00,0.00,0.00,0.00,16551
2025-05-01,001A002583,57900.00,0.00,0.00,0.00,0.00,0.00,15912
2025-06-01,001A002583,57900.00,0.00,0.00,0.00,0.00,0.00,25309
2025-07-01,001A002583,57900.00,0.00,0.00,0.00,0.00,0.00,20882
2025-08-01,001A002583,57900.00,0.00,0.00,0.00,0.00,0.00,20745
2025-09-01,001A002583,57900.00,0.00,0.00,0.00,0.00,0.00,14714
2025-10-01,001A002583,57900.00,0.00,0.00,0.00,0.00,0.00,19518
2025-11-01,001A002583,57900.00,0.00,0.00,0.00,0.00,0.00,19515
2025-12-01,001A002583,57900.00,0.00,0.00,0.00,0.00,0.00,11565
2026-01-01,001A002583,57900.00,0.00,0.00,0.00,0.00,0.00,11315
2026-02-01,001A002583,57900.00,0.00,0.00,0.00,0.00,0.00,14495
2026-03-01,001A002583,57900.00,0.00,0.00,0.00,0.00,0.00,20474
2026-04-01,001A002583,57900.00,0.00,0.00,0.00,0.00,0.00,17430
2026-05-01,001A002583,57900.00,0.00,0.00,0.00,0.00,0.00,19499
2026-06-01,001A002583,57900.00,0.00,0.00,0.00,0.00,0.00,19091
2026-07-01,001A002583,57900.00,0.00,0.00,0.00,0.00,0.00,21169
2026-08-01,001A002583,57900.00,0.00,0.00,0.00,0.00,0.00,11892
2026-09-01,001A002583,57900.00,0.00,0.00,0.00,0.00,0.00,16451
2024-07-01,001A002589,108800.00,108800.00,0.00,0.00,0.00,0.00,14309
2024-08-01,001A002589,108800.00,0.00,0.00,0.00,0.00,0.00,29000
2024-09-01,001A002589,108800.00,0.00,0.00,0.00,0.00,0.00,24048
2024-10-01,001A002589,108800.00,0.00,0.00,0.00,0.00,0.00,29435
2024-11-01,001A002589,108800.00,0.00,0.00,0.00,0.00,0.00,43239
2024-12-01,001A002589,108800.00,0.00,0.00,0.00,0.00,0.00,87894
2025-01-01,001A002589,108800.00,0.00,0.00,0.00,0.00,0.00,70766
2025-02-01,001A002589,108800.00,0.00,0.00,0.00,0.00,0.00,125572
2025-03-01,001A002589,108800.00,0.00,0.00,0.00,0.00,0.00,119838
2025-04-01,001A002589,108800.00,0.00,0.00,0.00,0.00,0.00,52290
2025-05-01,001A002589,108800.00,0.00,0.00,0.00,0.00,0.00,163912
2025-06-01,001A002589,108800.00,0.00,0.00,0.00,0.00,0.00,141411
2025-07-01,001A002589,108800.00,0.00,0.00,0.00,0.00,0.00,198997
2025-08-01,001A002589,108800.00,0.00,0.00,0.00,0.00,0.00,252124
2025-09-01,001A002589,123000.00,0.00,14200.00,0.00,0.00,0.00,290113
2025-10-01,001A002589,123000.00,0.00,0.00,0.00,0.00,0.00,396786
2025-11-01,001A002589,123000.00,0.00,0.00,0.00,0.00,0.00,426829
2025-12-01,001A002589,123000.00,0.00,0.00,0.00,0.00,0.00,273361
2026-01-01,001A002589,123000.00,0.00,0.00,0.00,0.00,805.59,816398
2026-02-01,001A002589,123000.00,0.00,0.00,0.00,0.00,175.16,658789
2026-03-01,001A002589,146400.00,0.00,23400.00,0.00,0.00,2322.96,1312741
2026-04-01,001A002589,146400.00,0.00,0.00,0.00,0.00,2921.99,1462497
2026-05-01,001A002589,146400.00,0.00,0.00,0.00,0.00,3183.76,1527940
2026-06-01,001A002589,146400.00,0.00,0.00,0.00,0.00,1971.09,1224772
2026-07-01,001A002589,157900.00,0.00,11500.00,0.00,0.00,8154.14,2828034
2026-08-01,001A002589,157900.00,0.00,0.00,0.00,0.00,6337.43,2373858
2026-09-01,001A002589,157900.00,0.00,0.00,0.00,0.00,10372.73,3382682
2025-12-01,001A002611,20700.00,20700.00,0.00,0.00,0.00,0.00,1211
2026-01-01,001A002611,20700.00,0.00,0.00,0.00,0.00,0.00,2296
2026-02-01,001A002611,20700.00,0.00,0.00,0.00,0.00,0.00,4833
2026-03-01,001A002611,20700.00,0.00,0.00,0.00,0.00,0.00,10434
2026-04-01,001A002611,20700.00,0.00,0.00,0.00,0.00,0.00,10606
2026-05-01,001A002611,49496.00,0.00,28796.00,0.00,0.00,0.00,14446
2026-06-01,001A002611,49496.00,0.00,0.00,0.00,0.00,0.00,9135
2026-07-01,001A002611,49496.00,0.00,0.00,0.00,0.00,0.00,12232
2026-08-01,001A002611,49496.00,0.00,0.00,0.00,0.00,0.00,14327
2026-09-01,001A002611,49496.00,0.00,0.00,0.00,0.00,0.00,20356
2025-01-01,001A002625,45100.00,45100.00,0.00,0.00,0.00,0.00,27613
2025-02-01,001A002625,45100.00,0.00,0.00,0.00,0.00,0.00,29458
2025-03-01,001A002625,45100.00,0.00,0.00,0.00,0.00,0.00,29778
2025-04-01,001A002625,45100.00,0.00,0.00,0.00,0.00,0.00,59320
2025-05-01,001A002625,45100.00,0.00,0.00,0.00,0.00,0.00,58548
2025-06-01,001A002625,45100.00,0.00,0.00,0.00,0.00,0.00,53520
2025-07-01,001A002625,45100.00,0.00,0.00,0.00,0.00,0.00,52888
2025-08-01,001A002625,45100.00,0.00,0.00,0.00,0.00,0.00,69151
2025-09-01,001A002625,45100.00,0.00,0.00,0.00,0.00,0.00,82785
2025-10-01,001A002625,45100.00,0.00,0.00,0.00,0.00,0.00,63978
2025-11-01,001A002625,45100.00,0.00,0.00,0.00,0.00,0.00,72106
2025-12-01,001A002625,45100.00,0.00,0.00,0.00,0.00,0.00,106964
2026-01-01,001A002625,45100.00,0.00,0.00,0.00,0.00,0.00,146228
2026-02-01,001A002625,45100.00,0.00,0.00,0.00,0.00,119.27,255317
2026-03-01,001A002625,45100.00,0.00,0.00,0.00,0.00,0.00,194730
2026-04-01,001A002625,45100.00,0.00,0.00,0.00,0.00,267.17,292292
2026-05-01,001A002625,45100.00,0.00,0.00,0.00,0.00,564.90,366724
2026-06-01,001A002625,45100.00,0.00,0.00,0.00,0.00,23.73,231432
2026-07-01,001A002625,69300.00,0.00,24200.00,0.00,0.00,317.77,425942
2026-08-01,001A002625,69300.00,0.00,0.00,0.00,0.00,0.00,239459
2026-09-01,001A002625,69300.00,0.00,0.00,0.00,0.00,461.58,461894
2026-09-01,001A002629,19539.00,19539.00,0.00,0.00,0.00,0.00,63981
2026-02-01,001A002634,20900.00,20900.00,0.00,0.00,0.00,0.00,40800
2026-03-01,001A002634,20900.00,0.00,0.00,0.00,0.00,0.00,69228
2026-04-01,001A002634,20900.00,0.00,0.00,0.00,0.00,0.00,80610
2026-05-01,001A002634,20900.00,0.00,0.00,0.00,0.00,0.00,95458
2026-06-01,001A002634,20900.00,0.00,0.00,0.00,0.00,0.00,82649
2026-07-01,001A002634,20900.00,0.00,0.00,0.00,0.00,23.98,110494
2026-08-01,001A002634,20900.00,0.00,0.00,0.00,0.00,0.00,81905
2026-09-01,001A002634,20900.00,0.00,0.00,0.00,0.00,0.00,101532
2025-12-01,001A002635,22300.00,22300.00,0.00,0.00,0.00,0.00,549
2026-01-01,001A002635,22300.00,0.00,0.00,0.00,0.00,0.00,656
2026-02-01,001A002635,22300.00,0.00,0.00,0.00,0.00,0.00,554
2026-03-01,001A002635,22300.00,0.00,0.00,0.00,0.00,0.00,554
2026-04-01,001A002635,22300.00,0.00,0.00,0.00,0.00,0.00,752
2026-05-01,001A002635,22300.00,0.00,0.00,0.00,0.00,0.00,490
2026-06-01,001A002635,22300.00,0.00,0.00,0.00,0.00,0.00,725
2026-07-01,001A002635,22300.00,0.00,0.00,0.00,0.00,0.00,515
2026-08-01,001A002635,25300.00,0.00,3000.00,0.00,0.00,0.00,677
2026-09-01,001A002635,25300.00,0.00,0.00,0.00,0.00,0.00,771
2026-02-01,001A002639,35568.00,35568.00,0.00,0.00,0.00,0.00,44812
2026-03-01,001A002639,35568.00,0.00,0.00,0.00,0.00,0.00,23650
2026-04-01,001A002639,35568.00,0.00,0.00,0.00,0.00,0.00,17608
2026-05-01,001A002639,35568.00,0.00,0.00,0.00,0.00,0.00,68562
2026-06-01,001A002639,35568.00,0.00,0.00,0.00,0.00,0.00,27028
2026-07-01,001A002639,35568.00,0.00,0.00,0.00,0.00,0.00,39470
2026-08-01,001A002639,35568.00,0.00,0.00,0.00,0.00,0.00,39550
2026-09-01,001A002639,35568.00,0.00,0.00,0.00,0.00,0.00,49806
2024-08-01,001A002650,5980.00,5980.00,0.00,0.00,0.00,0.00,10889
2024-09-01,001A002650,5980.00,0.00,0.00,0.00,0.00,0.00,0
2024-10-01,001A002650,5980.00,0.00,0.00,0.00,0.00,0.00,242
2024-11-01,001A002650,5980.00,0.00,0.00,0.00,0.00,0.00,523
2024-12-01,001A002650,5980.00,0.00,0.00,0.00,0.00,0.00,1407
2025-01-01,001A002650,5980.00,0.00,0.00,0.00,0.00,0.00,1585
2025-02-01,001A002650,5980.00,0.00,0.00,0.00,0.00,0.00,1689
2025-03-01,001A002650,5980.00,0.00,0.00,0.00,0.00,0.00,2521
2025-04-01,001A002650,5980.00,0.00,0.00,0.00,0.00,0.00,869
2025-05-01,001A002650,5980.00,0.00,0.00,0.00,0.00,0.00,1537
2025-06-01,001A002650,5980.00,0.00,0.00,0.00,0.00,0.00,2752
2025-07-01,001A002650,5980.00,0.00,0.00,0.00,0.00,0.00,1292
2025-08-01,001A002650,0.00,0.00,0.00,0.00,-5980.00,0.00,1833
2025-06-01,001A002653,44344.00,44344.00,0.00,0.00,0.00,0.00,8720
2025-07-01,001A002653,44344.00,0.00,0.00,0.00,0.00,0.00,12874
2025-08-01,001A002653,44344.00,0.00,0.00,0.00,0.00,0.00,11204
2025-09-01,001A002653,44344.00,0.00,0.00,0.00,0.00,0.00,12650
2025-10-01,001A002653,44344.00,0.00,0.00,0.00,0.00,0.00,9218
2025-11-01,001A002653,44344.00,0.00,0.00,0.00,0.00,0.00,13390
2025-12-01,001A002653,44344.00,0.00,0.00,0.00,0.00,0.00,14112
2026-01-01,001A002653,44344.00,0.00,0.00,0.00,0.00,0.00,19669
2026-02-01,001A002653,44344.00,0.00,0.00,0.00,0.00,0.00,16289
2026-03-01,001A002653,44344.00,0.00,0.00,0.00,0.00,0.00,22878
2026-04-01,001A002653,44344.00,0.00,0.00,0.00,0.00,0.00,35866
2026-05-01,001A002653,44344.00,0.00,0.00,0.00,0.00,0.00,25543
2026-06-01,001A002653,44344.00,0.00,0.00,0.00,0.00,0.00,34077
2026-07-01,001A002653,44344.00,0.00,0.00,0.00,0.00,0.00,35835
2026-08-01,001A002653,44344.00,0.00,0.00,0.00,0.00,0.00,22383
2026-09-01,001A002653,44344.00,0.00,0.00,0.00,0.00,0.00,39096
2026-05-01,001A002671,21100.00,21100.00,0.00,0.00,0.00,0.00,2175
2026-06-01,001A002671,21100.00,0.00,0.00,0.00,0.00,0.00,3159
2026-07-01,001A002671,21100.00,0.00,0.00,0.00,0.00,0.00,1827
2026-08-01,001A002671,21100.00,0.00,0.00,0.00,0.00,0.00,4579
2026-09-01,001A002671,21100.00,0.00,0.00,0.00,0.00,0.00,14325
2025-09-01,001A002678,23920.00,23920.00,0.00,0.00,0.00,0.00,4355
2025-10-01,001A002678,23920.00,0.00,0.00,0.00,0.00,0.00,5208
2025-11-01,001A002678,23920.00,0.00,0.00,0.00,0.00,0.00,5437
2025-12-01,001A002678,23920.00,0.00,0.00,0.00,0.00,0.00,4488
2026-01-01,001A002678,23920.00,0.00,0.00,0.00,0.00,0.00,5719
2026-02-01,001A002678,23920.00,0.00,0.00,0.00,0.00,0.00,8659
2026-03-01,001A002678,23920.00,0.00,0.00,0.00,0.00,0.00,7572
2026-04-01,001A002678,23920.00,0.00,0.00,0.00,0.00,0.00,7843
2026-05-01,001A002678,26864.00,0.00,2944.00,0.00,0.00,0.00,11220
2026-06-01,001A002678,26864.00,0.00,0.00,0.00,0.00,0.00,9170
2026-07-01,001A002678,26864.00,0.00,0.00,0.00,0.00,0.00,11656
2026-08-01,001A002678,26864.00,0.00,0.00,0.00,0.00,0.00,13444
2026-09-01,001A002678,26864.00,0.00,0.00,0.00,0.00,0.00,9764
2025-04-01,001A002698,85900.00,85900.00,0.00,0.00,0.00,0.00,33749
2025-05-01,001A002698,85900.00,0.00,0.00,0.00,0.00,0.00,28133
2025-06-01,001A002698,85900.00,0.00,0.00,0.00,0.00,0.00,56803
2025-07-01,001A002698,85900.00,0.00,0.00,0.00,0.00,0.00,30496
2025-08-01,001A002698,85900.00,0.00,0.00,0.00,0.00,0.00,37341
2025-09-01,001A002698,85900.00,0.00,0.00,0.00,0.00,0.00,44248
2025-10-01,001A002698,98700.00,0.00,12800.00,0.00,0.00,0.00,74221
2025-11-01,001A002698,98700.00,0.00,0.00,0.00,0.00,0.00,47406
2025-12-01,001A002698,98700.00,0.00,0.00,0.00,0.00,0.00,59135
2026-01-01,001A002698,98700.00,0.00,0.00,0.00,0.00,0.00,60256
2026-02-01,001A002698,98700.00,0.00,0.00,0.00,0.00,0.00,43637
2026-03-01,001A002698,98700.00,0.00,0.00,0.00,0.00,0.00,100439
2026-04-01,001A002698,98700.00,0.00,0.00,0.00,0.00,0.00,126995
2026-05-01,001A002698,98700.00,0.00,0.00,0.00,0.00,0.00,81283
2026-06-01,001A002698,98700.00,0.00,0.00,0.00,0.00,0.00,84123
2026-07-01,001A002698,98700.00,0.00,0.00,0.00,0.00,0.00,131237
2026-08-01,001A002698,98700.00,0.00,0.00,0.00,0.00,0.00,75328
2026-09-01,001A002698,98700.00,0.00,0.00,0.00,0.00,0.00,195795
2025-05-01,001A002704,31464.00,31464.00,0.00,0.00,0.00,0.00,33025
2025-06-01,001A002704,31464.00,0.00,0.00,0.00,0.00,0.00,22617
2025-07-01,001A002704,31464.00,0.00,0.00,0.00,0.00,0.00,65323
2025-08-01,001A002704,31464.00,0.00,0.00,0.00,0.00,0.00,36450
2025-09-01,001A002704,31464.00,0.00,0.00,0.00,0.00,0.00,65804
2025-10-01,001A002704,31464.00,0.00,0.00,0.00,0.00,0.00,113097
2025-11-01,001A002704,31464.00,0.00,0.00,0.00,0.00,0.00,64752
2025-12-01,001A002704,31464.00,0.00,0.00,0.00,0.00,0.00,124683
2026-01-01,001A002704,31464.00,0.00,0.00,0.00,0.00,0.00,128012
2026-02-01,001A002704,31464.00,0.00,0.00,0.00,0.00,57.07,171587
2026-03-01,001A002704,31464.00,0.00,0.00,0.00,0.00,334.30,240895
2026-04-01,001A002704,31464.00,0.00,0.00,0.00,0.00,459.44,272179
2026-05-01,001A002704,54568.00,0.00,23104.00,0.00,0.00,0.00,254765
2026-06-01,001A002704,54568.00,0.00,0.00,0.00,0.00,591.36,420679
2026-07-01,001A002704,54568.00,0.00,0.00,0.00,0.00,635.18,431634
2026-08-01,001A002704,54568.00,0.00,0.00,0.00,0.00,530.21,405392
2026-09-01,001A002704,54568.00,0.00,0.00,0.00,0.00,1397.42,622195
2026-05-01,001A002707,18954.00,18954.00,0.00,0.00,0.00,0.00,4330
2026-06-01,001A002707,18954.00,0.00,0.00,0.00,0.00,0.00,2663
2026-07-01,001A002707,18954.00,0.00,0.00,0.00,0.00,0.00,2404
2026-08-01,001A002707,18954.00,0.00,0.00,0.00,0.00,0.00,2065
2026-09-01,001A002707,18954.00,0.00,0.00,0.00,0.00,0.00,2565
2025-05-01,001A002711,8892.00,8892.00,0.00,0.00,0.00,0.00,2251
2025-06-01,001A002711,8892.00,0.00,0.00,0.00,0.00,0.00,3443
2025-07-01,001A002711,8892.00,0.00,0.00,0.00,0.00,0.00,4915
2025-08-01,001A002711,8892.00,0.00,0.00,0.00,0.00,0.00,1886
2025-09-01,001A002711,8892.00,0.00,0.00,0.00,0.00,0.00,1821
2025-10-01,001A002711,8892.00,0.00,0.00,0.00,0.00,0.00,3250
2025-11-01,001A002711,8892.00,0.00,0.00,0.00,0.00,0.00,2380
2025-12-01,001A002711,8892.00,0.00,0.00,0.00,0.00,0.00,4753
2026-01-01,001A002711,11466.00,0.00,2574.00,0.00,0.00,0.00,4658
2026-02-01,001A002711,11466.00,0.00,0.00,0.00,0.00,0.00,6828
2026-03-01,001A002711,11466.00,0.00,0.00,0.00,0.00,0.00,6949
2026-04-01,001A002711,11466.00,0.00,0.00,0.00,0.00,0.00,7340
2026-05-01,001A002711,11466.00,0.00,0.00,0.00,0.00,0.00,8097
2026-06-01,001A002711,11466.00,0.00,0.00,0.00,0.00,0.00,10406
2026-07-01,001A002711,11466.00,0.00,0.00,0.00,0.00,0.00,11217
2026-08-01,001A002711,11466.00,0.00,0.00,0.00,0.00,0.00,18330
2026-09-01,001A002711,11466.00,0.00,0.00,0.00,0.00,0.00,8506
2025-08-01,001A002718,43800.00,43800.00,0.00,0.00,0.00,0.00,3420
2025-09-01,001A002718,43800.00,0.00,0.00,0.00,0.00,0.00,4121
2025-10-01,001A002718,43800.00,0.00,0.00,0.00,0.00,0.00,4125
2025-11-01,001A002718,43800.00,0.00,0.00,0.00,0.00,0.00,4564
2025-12-01,001A002718,43800.00,0.00,0.00,0.00,0.00,0.00,8389
2026-01-01,001A002718,43800.00,0.00,0.00,0.00,0.00,0.00,4244
2026-02-01,001A002718,46600.00,0.00,2800.00,0.00,0.00,0.00,6392
2026-03-01,001A002718,46600.00,0.00,0.00,0.00,0.00,0.00,4743
2026-04-01,001A002718,46600.00,0.00,0.00,0.00,0.00,0.00,8470
2026-05-01,001A002718,46600.00,0.00,0.00,0.00,0.00,0.00,8863
2026-06-01,001A002718,46600.00,0.00,0.00,0.00,0.00,0.00,5812
2026-07-01,001A002718,46600.00,0.00,0.00,0.00,0.00,0.00,6651
2026-08-01,001A002718,0.00,0.00,0.00,0.00,-46600.00,0.00,7201
2025-05-01,001A002725,13616.00,13616.00,0.00,0.00,0.00,0.00,7201
2025-06-01,001A002725,13616.00,0.00,0.00,0.00,0.00,0.00,8501
2025-07-01,001A002725,13616.00,0.00,0.00,0.00,0.00,0.00,7596
2025-08-01,001A002725,13616.00,0.00,0.00,0.00,0.00,0.00,7466
2025-09-01,001A002725,13616.00,0.00,0.00,0.00,0.00,0.00,12184
2025-10-01,001A002725,25576.00,0.00,11960.00,0.00,0.00,0.00,14034
2025-11-01,001A002725,25576.00,0.00,0.00,0.00,0.00,0.00,12358
2025-12-01,001A002725,25576.00,0.00,0.00,0.00,0.00,0.00,17639
2026-01-01,001A002725,25576.00,0.00,0.00,0.00,0.00,0.00,13998
2026-02-01,001A002725,25576.00,0.00,0.00,0.00,0.00,0.00,13073
2026-03-01,001A002725,25576.00,0.00,0.00,0.00,0.00,0.00,26449
2026-04-01,001A002725,25576.00,0.00,0.00,0.00,0.00,0.00,33350
2026-05-01,001A002725,25576.00,0.00,0.00,0.00,0.00,0.00,41853
2026-06-01,001A002725,33304.00,0.00,7728.00,0.00,0.00,0.00,35430
2026-07-01,001A002725,33304.00,0.00,0.00,0.00,0.00,0.00,50801
2026-08-01,001A002725,33304.00,0.00,0.00,0.00,0.00,0.00,29247
2026-09-01,001A002725,33304.00,0.00,0.00,0.00,0.00,0.00,71262
2024-07-01,001A002727,11900.00,11900.00,0.00,0.00,0.00,0.00,1607
2024-08-01,001A002727,11900.00,0.00,0.00,0.00,0.00,0.00,5121
2024-09-01,001A002727,11900.00,0.00,0.00,0.00,0.00,0.00,4654
2024-10-01,001A002727,11900.00,0.00,0.00,0.00,0.00,0.00,4995
2024-11-01,001A002727,11900.00,0.00,0.00,0.00,0.00,0.00,5572
2024-12-01,001A002727,11900.00,0.00,0.00,0.00,0.00,0.00,6520
2025-01-01,001A002727,16100.00,0.00,4200.00,0.00,0.00,0.00,6557
2025-02-01,001A002727,16100.00,0.00,0.00,0.00,0.00,0.00,10535
2025-03-01,001A002727,16100.00,0.00,0.00,0.00,0.00,0.00,8660
2025-04-01,001A002727,16100.00,0.00,0.00,0.00,0.00,0.00,300
2025-05-01,001A002727,16100.00,0.00,0.00,0.00,0.00,0.00,1309
2025-06-01,001A002727,16100.00,0.00,0.00,0.00,0.00,0.00,956
2025-07-01,001A002727,16100.00,0.00,0.00,0.00,0.00,0.00,2531
2025-08-01,001A002727,16100.00,0.00,0.00,0.00,0.00,0.00,1397
2025-09-01,001A002727,16100.00,0.00,0.00,0.00,0.00,0.00,3059
2025-10-01,001A002727,19100.00,0.00,3000.00,0.00,0.00,0.00,1728
2025-11-01,001A002727,19100.00,0.00,0.00,0.00,0.00,0.00,1985
2025-12-01,001A002727,19100.00,0.00,0.00,0.00,0.00,0.00,1632
2026-01-01,001A002727,19100.00,0.00,0.00,0.00,0.00,0.00,2578
2026-02-01,001A002727,19100.00,0.00,0.00,0.00,0.00,0.00,3876
2026-03-01,001A002727,19100.00,0.00,0.00,0.00,0.00,0.00,5799
2026-04-01,001A002727,19100.00,0.00,0.00,0.00,0.00,0.00,6056
2026-05-01,001A002727,30100.00,0.00,11000.00,0.00,0.00,0.00,6357
2026-06-01,001A002727,30100.00,0.00,0.00,0.00,0.00,0.00,6464
2026-07-01,001A002727,30100.00,0.00,0.00,0.00,0.00,0.00,4690
2026-08-01,001A002727,30100.00,0.00,0.00,0.00,0.00,0.00,5561
2026-09-01,001A002727,30100.00,0.00,0.00,0.00,0.00,0.00,7500
2024-10-01,001A002729,70748.00,70748.00,0.00,0.00,0.00,0.00,4907
2024-11-01,001A002729,70748.00,0.00,0.00,0.00,0.00,0.00,6310
2024-12-01,001A002729,70748.00,0.00,0.00,0.00,0.00,0.00,10717
2025-01-01,001A002729,70748.00,0.00,0.00,0.00,0.00,0.00,7982
2025-02-01,001A002729,70748.00,0.00,0.00,0.00,0.00,0.00,12662
2025-03-01,001A002729,70748.00,0.00,0.00,0.00,0.00,0.00,10340
2025-04-01,001A002729,70748.00,0.00,0.00,0.00,0.00,0.00,13133
2025-05-01,001A002729,70748.00,0.00,0.00,0.00,0.00,0.00,11961
2025-06-01,001A002729,70748.00,0.00,0.00,0.00,0.00,0.00,16531
2025-07-01,001A002729,70748.00,0.00,0.00,0.00,0.00,0.00,21306
2025-08-01,001A002729,70748.00,0.00,0.00,0.00,0.00,0.00,21795
2025-09-01,001A002729,70748.00,0.00,0.00,0.00,0.00,0.00,16128
2025-10-01,001A002729,70748.00,0.00,0.00,0.00,0.00,0.00,23773
2025-11-01,001A002729,70748.00,0.00,0.00,0.00,0.00,0.00,29755
2025-12-01,001A002729,70748.00,0.00,0.00,0.00,0.00,0.00,27258
2026-01-01,001A002729,70748.00,0.00,0.00,0.00,0.00,0.00,28925
2026-02-01,001A002729,70748.00,0.00,0.00,0.00,0.00,0.00,41276
2026-03-01,001A002729,70748.00,0.00,0.00,0.00,0.00,0.00,57966
2026-04-01,001A002729,70748.00,0.00,0.00,0.00,0.00,0.00,48078
2026-05-01,001A002729,70748.00,0.00,0.00,0.00,0.00,0.00,51332
2026-06-01,001A002729,70748.00,0.00,0.00,0.00,0.00,0.00,80567
2026-07-01,001A002729,70748.00,0.00,0.00,0.00,0.00,0.00,74927
2026-08-01,001A002729,70748.00,0.00,0.00,0.00,0.00,0.00,79498
2026-09-01,001A002729,70748.00,0.00,0.00,0.00,0.00,0.00,91056
2026-04-01,001A002738,30176.00,30176.00,0.00,0.00,0.00,0.00,8528
2026-05-01,001A002738,30176.00,0.00,0.00,0.00,0.00,0.00,7341
2026-06-01,001A002738,30176.00,0.00,0.00,0.00,0.00,0.00,20577
2026-07-01,001A002738,30176.00,0.00,0.00,0.00,0.00,0.00,9269
2026-08-01,001A002738,30176.00,0.00,0.00,0.00,0.00,0.00,8604
2026-09-01,001A002738,30176.00,0.00,0.00,0.00,0.00,0.00,19002
2025-02-01,001A002742,27500.00,27500.00,0.00,0.00,0.00,0.00,28377
2025-03-01,001A002742,27500.00,0.00,0.00,0.00,0.00,0.00,353
2025-04-01,001A002742,27500.00,0.00,0.00,0.00,0.00,0.00,1811
2025-05-01,001A002742,27500.00,0.00,0.00,0.00,0.00,0.00,2289
2025-06-01,001A002742,27500.00,0.00,0.00,0.00,0.00,0.00,3684
2025-07-01,001A002742,27500.00,0.00,0.00,0.00,0.00,0.00,5198
2025-08-01,001A002742,27500.00,0.00,0.00,0.00,0.00,0.00,2967
2025-09-01,001A002742,27500.00,0.00,0.00,0.00,0.00,0.00,3918
2025-10-01,001A002742,27500.00,0.00,0.00,0.00,0.00,0.00,5948
2025-11-01,001A002742,27500.00,0.00,0.00,0.00,0.00,0.00,8148
2025-12-01,001A002742,27500.00,0.00,0.00,0.00,0.00,0.00,6301
2026-01-01,001A002742,27500.00,0.00,0.00,0.00,0.00,0.00,8667
2026-02-01,001A002742,31600.00,0.00,4100.00,0.00,0.00,0.00,8362
2026-03-01,001A002742,31600.00,0.00,0.00,0.00,0.00,0.00,13037
2026-04-01,001A002742,31600.00,0.00,0.00,0.00,0.00,0.00,13231
2026-05-01,001A002742,31600.00,0.00,0.00,0.00,0.00,0.00,13256
2026-06-01,001A002742,31600.00,0.00,0.00,0.00,0.00,0.00,14646
2026-07-01,001A002742,31600.00,0.00,0.00,0.00,0.00,0.00,15921
2026-08-01,001A002742,31600.00,0.00,0.00,0.00,0.00,0.00,15393
2026-09-01,001A002742,31600.00,0.00,0.00,0.00,0.00,0.00,17371
2026-07-01,001A002760,44436.00,44436.00,0.00,0.00,0.00,0.00,22192
2026-08-01,001A002760,44436.00,0.00,0.00,0.00,0.00,0.00,22668
2026-09-01,001A002760,44436.00,0.00,0.00,0.00,0.00,0.00,26211
2026-08-01,001A002766,16000.00,16000.00,0.00,0.00,0.00,0.00,3884
2026-09-01,001A002766,16000.00,0.00,0.00,0.00,0.00,0.00,2436
2026-09-01,001A002770,54300.00,54300.00,0.00,0.00,0.00,0.00,0
2025-01-01,001A002786,23736.00,23736.00,0.00,0.00,0.00,0.00,13901
2025-02-01,001A002786,23736.00,0.00,0.00,0.00,0.00,0.00,8313
2025-03-01,001A002786,23736.00,0.00,0.00,0.00,0.00,0.00,11590
2025-04-01,001A002786,23736.00,0.00,0.00,0.00,0.00,0.00,26228
2025-05-01,001A002786,23736.00,0.00,0.00,0.00,0.00,0.00,21073
2025-06-01,001A002786,23736.00,0.00,0.00,0.00,0.00,0.00,16506
2025-07-01,001A002786,23736.00,0.00,0.00,0.00,0.00,0.00,20166
2025-08-01,001A002786,23736.00,0.00,0.00,0.00,0.00,0.00,20930
2025-09-01,001A002786,23736.00,0.00,0.00,0.00,0.00,0.00,20014
2025-10-01,001A002786,23736.00,0.00,0.00,0.00,0.00,0.00,21961
2025-11-01,001A002786,23736.00,0.00,0.00,0.00,0.00,0.00,13800
2025-12-01,001A002786,23736.00,0.00,0.00,0.00,0.00,0.00,16615
2026-01-01,001A002786,0.00,0.00,0.00,0.00,-23736.00,0.00,20535
2024-08-01,001A002791,43900.00,43900.00,0.00,0.00,0.00,0.00,631
2024-09-01,001A002791,43900.00,0.00,0.00,0.00,0.00,0.00,599
2024-10-01,001A002791,43900.00,0.00,0.00,0.00,0.00,0.00,433
2024-11-01,001A002791,43900.00,0.00,0.00,0.00,0.00,0.00,387
2024-12-01,001A002791,43900.00,0.00,0.00,0.00,0.00,0.00,468
2025-01-01,001A002791,46600.00,0.00,2700.00,0.00,0.00,0.00,464
2025-02-01,001A002791,46600.00,0.00,0.00,0.00,0.00,0.00,356
2025-03-01,001A002791,46600.00,0.00,0.00,0.00,0.00,0.00,434
2025-04-01,001A002791,46600.00,0.00,0.00,0.00,0.00,0.00,460
2025-05-01,001A002791,46600.00,0.00,0.00,0.00,0.00,0.00,554
2025-06-01,001A002791,46600.00,0.00,0.00,0.00,0.00,0.00,396
2025-07-01,001A002791,46600.00,0.00,0.00,0.00,0.00,0.00,217
2025-08-01,001A002791,46600.00,0.00,0.00,0.00,0.00,0.00,469
2025-09-01,001A002791,46600.00,0.00,0.00,0.00,0.00,0.00,261
2025-10-01,001A002791,46600.00,0.00,0.00,0.00,0.00,0.00,268
2025-11-01,001A002791,46600.00,0.00,0.00,0.00,0.00,0.00,385
2025-12-01,001A002791,46600.00,0.00,0.00,0.00,0.00,0.00,219
2026-01-01,001A002791,46600.00,0.00,0.00,0.00,0.00,0.00,209
2026-02-01,001A002791,46600.00,0.00,0.00,0.00,0.00,0.00,307
2026-03-01,001A002791,46600.00,0.00,0.00,0.00,0.00,0.00,287
2026-04-01,001A002791,46600.00,0.00,0.00,0.00,0.00,0.00,335
2026-05-01,001A002791,46600.00,0.00,0.00,0.00,0.00,0.00,182
2026-06-01,001A002791,46600.00,0.00,0.00,0.00,0.00,0.00,777
2026-07-01,001A002791,46600.00,0.00,0.00,0.00,0.00,0.00,1693
2026-08-01,001A002791,46600.00,0.00,0.00,0.00,0.00,0.00,1511
2026-09-01,001A002791,46600.00,0.00,0.00,0.00,0.00,0.00,2826
2026-09-01,001A002798,39100.00,39100.00,0.00,0.00,0.00,0.00,11067
2025-07-01,001A002799,358892.00,358892.00,0.00,0.00,0.00,0.00,61769
2025-08-01,001A002799,358892.00,0.00,0.00,0.00,0.00,0.00,47476
2025-09-01,001A002799,358892.00,0.00,0.00,0.00,0.00,0.00,51238
2025-10-01,001A002799,358892.00,0.00,0.00,0.00,0.00,0.00,82388
2025-11-01,001A002799,358892.00,0.00,0.00,0.00,0.00,0.00,73622
2025-12-01,001A002799,358892.00,0.00,0.00,0.00,0.00,0.00,91516
2026-01-01,001A002799,358892.00,0.00,0.00,0.00,0.00,0.00,113256
2026-02-01,001A002799,358892.00,0.00,0.00,0.00,0.00,0.00,122508
2026-03-01,001A002799,358892.00,0.00,0.00,0.00,0.00,0.00,125324
2026-04-01,001A002799,358892.00,0.00,0.00,0.00,0.00,0.00,135296
2026-05-01,001A002799,358892.00,0.00,0.00,0.00,0.00,0.00,156936
2026-06-01,001A002799,358892.00,0.00,0.00,0.00,0.00,0.00,201329
2026-07-01,001A002799,299692.00,0.00,0.00,-59200.00,0.00,0.00,299633
2026-08-01,001A002799,299692.00,0.00,0.00,0.00,0.00,0.00,264051
2026-09-01,001A002799,299692.00,0.00,0.00,0.00,0.00,0.00,342794
2024-07-01,001A002808,23000.00,23000.00,0.00,0.00,0.00,0.00,1178
2024-08-01,001A002808,23000.00,0.00,0.00,0.00,0.00,0.00,737
2024-09-01,001A002808,23000.00,0.00,0.00,0.00,0.00,0.00,1304
2024-10-01,001A002808,23000.00,0.00,0.00,0.00,0.00,0.00,1606
2024-11-01,001A002808,23000.00,0.00,0.00,0.00,0.00,0.00,2227
2024-12-01,001A002808,23000.00,0.00,0.00,0.00,0.00,0.00,670
2025-01-01,001A002808,23000.00,0.00,0.00,0.00,0.00,0.00,481
2025-02-01,001A002808,23000.00,0.00,0.00,0.00,0.00,0.00,498
2025-03-01,001A002808,23000.00,0.00,0.00,0.00,0.00,0.00,545
2025-04-01,001A002808,23000.00,0.00,0.00,0.00,0.00,0.00,823
2025-05-01,001A002808,23000.00,0.00,0.00,0.00,0.00,0.00,440
2025-06-01,001A002808,23000.00,0.00,0.00,0.00,0.00,0.00,404
2025-07-01,001A002808,23000.00,0.00,0.00,0.00,0.00,0.00,383
2025-08-01,001A002808,23000.00,0.00,0.00,0.00,0.00,0.00,396
2025-09-01,001A002808,23000.00,0.00,0.00,0.00,0.00,0.00,865
2025-10-01,001A002808,23000.00,0.00,0.00,0.00,0.00,0.00,1959
2025-11-01,001A002808,23000.00,0.00,0.00,0.00,0.00,0.00,3832
2025-12-01,001A002808,23000.00,0.00,0.00,0.00,0.00,0.00,6162
2026-01-01,001A002808,23000.00,0.00,0.00,0.00,0.00,0.00,6317
2026-02-01,001A002808,23000.00,0.00,0.00,0.00,0.00,0.00,5996
2026-03-01,001A002808,23000.00,0.00,0.00,0.00,0.00,0.00,6927
2026-04-01,001A002808,23000.00,0.00,0.00,0.00,0.00,0.00,8466
2026-05-01,001A002808,23000.00,0.00,0.00,0.00,0.00,0.00,8423
2026-06-01,001A002808,35000.00,0.00,12000.00,0.00,0.00,0.00,8417
2026-07-01,001A002808,35000.00,0.00,0.00,0.00,0.00,0.00,6663
2026-08-01,001A002808,35000.00,0.00,0.00,0.00,0.00,0.00,5516
2026-09-01,001A002808,35000.00,0.00,0.00,0.00,0.00,0.00,7659
2026-06-01,001A002809,20200.00,20200.00,0.00,0.00,0.00,0.00,0
2026-07-01,001A002809,20200.00,0.00,0.00,0.00,0.00,0.00,0
2026-08-01,001A002809,20200.00,0.00,0.00,0.00,0.00,0.00,0
2026-09-01,001A002809,20200.00,0.00,0.00,0.00,0.00,0.00,141
2025-06-01,001A002813,12700.00,12700.00,0.00,0.00,0.00,0.00,9233
2025-07-01,001A002813,12700.00,0.00,0.00,0.00,0.00,0.00,13356
2025-08-01,001A002813,12700.00,0.00,0.00,0.00,0.00,0.00,26922
2025-09-01,001A002813,12700.00,0.00,0.00,0.00,0.00,0.00,21907
2025-10-01,001A002813,12700.00,0.00,0.00,0.00,0.00,0.00,11558
2025-11-01,001A002813,12700.00,0.00,0.00,0.00,0.00,0.00,15685
2025-12-01,001A002813,12700.00,0.00,0.00,0.00,0.00,0.00,20743
2026-01-01,001A002813,12700.00,0.00,0.00,0.00,0.00,0.00,40655
2026-02-01,001A002813,12700.00,0.00,0.00,0.00,0.00,0.00,33807
2026-03-01,001A002813,12700.00,0.00,0.00,0.00,0.00,0.00,52788
2026-04-01,001A002813,12700.00,0.00,0.00,0.00,0.00,0.00,38478
2026-05-01,001A002813,12700.00,0.00,0.00,0.00,0.00,0.00,37736
2026-06-01,001A002813,11300.00,0.00,0.00,-1400.00,0.00,0.00,49487
2026-07-01,001A002813,11300.00,0.00,0.00,0.00,0.00,0.00,44553
2026-08-01,001A002813,11300.00,0.00,0.00,0.00,0.00,0.00,41415
2026-09-01,001A002813,11300.00,0.00,0.00,0.00,0.00,0.00,29882
2025-02-01,001A002827,34281.00,34281.00,0.00,0.00,0.00,0.00,23097
2025-03-01,001A002827,34281.00,0.00,0.00,0.00,0.00,0.00,39187
2025-04-01,001A002827,34281.00,0.00,0.00,0.00,0.00,0.00,25805
2025-05-01,001A002827,34281.00,0.00,0.00,0.00,0.00,0.00,31964
2025-06-01,001A002827,34281.00,0.00,0.00,0.00,0.00,0.00,21139
2025-07-01,001A002827,34281.00,0.00,0.00,0.00,0.00,0.00,24655
2025-08-01,001A002827,34281.00,0.00,0.00,0.00,0.00,0.00,35151
2025-09-01,001A002827,34281.00,0.00,0.00,0.00,0.00,0.00,25215
2025-10-01,001A002827,40599.00,0.00,6318.00,0.00,0.00,0.00,34848
2025-11-01,001A002827,40599.00,0.00,0.00,0.00,0.00,0.00,35332
2025-12-01,001A002827,40599.00,0.00,0.00,0.00,0.00,0.00,38433
2026-01-01,001A002827,40599.00,0.00,0.00,0.00,0.00,0.00,53225
2026-02-01,001A002827,31599.00,0.00,0.00,-9000.00,0.00,0.00,55420
2026-03-01,001A002827,31599.00,0.00,0.00,0.00,0.00,0.00,62352
2026-04-01,001A002827,31599.00,0.00,0.00,0.00,0.00,0.00,83258
2026-05-01,001A002827,34407.00,0.00,2808.00,0.00,0.00,0.00,75032
2026-06-01,001A002827,34407.00,0.00,0.00,0.00,0.00,0.00,124768
2026-07-01,001A002827,34407.00,0.00,0.00,0.00,0.00,0.00,43296
2026-08-01,001A002827,34407.00,0.00,0.00,0.00,0.00,0.00,42939
2026-09-01,001A002827,34407.00,0.00,0.00,0.00,0.00,0.00,93459
2025-12-01,001A002855,21804.00,21804.00,0.00,0.00,0.00,0.00,1494
2026-01-01,001A002855,21804.00,0.00,0.00,0.00,0.00,0.00,2580
2026-02-01,001A002855,21804.00,0.00,0.00,0.00,0.00,0.00,2421
2026-03-01,001A002855,21804.00,0.00,0.00,0.00,0.00,0.00,2058
2026-04-01,001A002855,21804.00,0.00,0.00,0.00,0.00,0.00,5260
2026-05-01,001A002855,21804.00,0.00,0.00,0.00,0.00,0.00,2730
2026-06-01,001A002855,21804.00,0.00,0.00,0.00,0.00,0.00,4958
2026-07-01,001A002855,36616.00,0.00,14812.00,0.00,0.00,0.00,5110
2026-08-01,001A002855,36616.00,0.00,0.00,0.00,0.00,0.00,5062
2026-09-01,001A002855,36616.00,0.00,0.00,0.00,0.00,0.00,6097
2026-09-01,001A002890,6600.00,6600.00,0.00,0.00,0.00,0.00,13383
2026-01-01,001A002901,18768.00,18768.00,0.00,0.00,0.00,0.00,3838
2026-02-01,001A002901,18768.00,0.00,0.00,0.00,0.00,0.00,4758
2026-03-01,001A002901,18768.00,0.00,0.00,0.00,0.00,0.00,4095
2026-04-01,001A002901,18768.00,0.00,0.00,0.00,0.00,0.00,5564
2026-05-01,001A002901,18768.00,0.00,0.00,0.00,0.00,0.00,5040
2026-06-01,001A002901,18768.00,0.00,0.00,0.00,0.00,0.00,5905
2026-07-01,001A002901,18768.00,0.00,0.00,0.00,0.00,0.00,5116
2026-08-01,001A002901,18768.00,0.00,0.00,0.00,0.00,0.00,6070
2026-09-01,001A002901,18768.00,0.00,0.00,0.00,0.00,0.00,6303
2026-02-01,001A002907,13300.00,13300.00,0.00,0.00,0.00,0.00,6186
2026-03-01,001A002907,13300.00,0.00,0.00,0.00,0.00,0.00,13314
2026-04-01,001A002907,13300.00,0.00,0.00,0.00,0.00,0.00,4825
2026-05-01,001A002907,13300.00,0.00,0.00,0.00,0.00,0.00,5692
2026-06-01,001A002907,13300.00,0.00,0.00,0.00,0.00,0.00,4219
2026-07-01,001A002907,13300.00,0.00,0.00,0.00,0.00,0.00,5070
2026-08-01,001A002907,13300.00,0.00,0.00,0.00,0.00,0.00,5738
2026-09-01,001A002907,13300.00,0.00,0.00,0.00,0.00,0.00,5679
2025-06-01,001A002910,11132.00,11132.00,0.00,0.00,0.00,0.00,4409
2025-07-01,001A002910,11132.00,0.00,0.00,0.00,0.00,0.00,2466
2025-08-01,001A002910,11132.00,0.00,0.00,0.00,0.00,0.00,3513
2025-09-01,001A002910,11132.00,0.00,0.00,0.00,0.00,0.00,2217
2025-10-01,001A002910,11132.00,0.00,0.00,0.00,0.00,0.00,3175
2025-11-01,001A002910,11132.00,0.00,0.00,0.00,0.00,0.00,2979
2025-12-01,001A002910,11132.00,0.00,0.00,0.00,0.00,0.00,5299
2026-01-01,001A002910,11132.00,0.00,0.00,0.00,0.00,0.00,4540
2026-02-01,001A002910,11132.00,0.00,0.00,0.00,0.00,0.00,5290
2026-03-01,001A002910,11132.00,0.00,0.00,0.00,0.00,0.00,4723
2026-04-01,001A002910,11132.00,0.00,0.00,0.00,0.00,0.00,5402
2026-05-01,001A002910,11132.00,0.00,0.00,0.00,0.00,0.00,8728
2026-06-01,001A002910,13832.00,0.00,2700.00,0.00,0.00,0.00,3843
2026-07-01,001A002910,20548.00,0.00,6716.00,0.00,0.00,0.00,10283
2026-08-01,001A002910,20548.00,0.00,0.00,0.00,0.00,0.00,6699
2026-09-01,001A002910,20548.00,0.00,0.00,0.00,0.00,0.00,14420
2025-11-01,001A002911,20200.00,20200.00,0.00,0.00,0.00,0.00,52141
2025-12-01,001A002911,20200.00,0.00,0.00,0.00,0.00,0.00,49163
2026-01-01,001A002911,20200.00,0.00,0.00,0.00,0.00,0.00,78309
2026-02-01,001A002911,20200.00,0.00,0.00,0.00,0.00,0.00,85483
2026-03-01,001A002911,20200.00,0.00,0.00,0.00,0.00,115.40,129849
2026-04-01,001A002911,20200.00,0.00,0.00,0.00,0.00,0.00,76608
2026-05-01,001A002911,20200.00,0.00,0.00,0.00,0.00,0.00,85562
2026-06-01,001A002911,20200.00,0.00,0.00,0.00,0.00,0.94,101236
2026-07-01,001A002911,20200.00,0.00,0.00,0.00,0.00,68.16,118039
2026-08-01,001A002911,20200.00,0.00,0.00,0.00,0.00,0.00,95929
2026-09-01,001A002911,20200.00,0.00,0.00,0.00,0.00,374.55,194637
2026-05-01,001A002927,43148.00,43148.00,0.00,0.00,0.00,0.00,9378
2026-06-01,001A002927,43148.00,0.00,0.00,0.00,0.00,0.00,8132
2026-07-01,001A002927,43148.00,0.00,0.00,0.00,0.00,0.00,13219
2026-08-01,001A002927,43148.00,0.00,0.00,0.00,0.00,0.00,12897
2026-09-01,001A002927,43148.00,0.00,0.00,0.00,0.00,0.00,17823
2026-08-01,001A002932,14352.00,14352.00,0.00,0.00,0.00,0.00,7384
2026-09-01,001A002932,14352.00,0.00,0.00,0.00,0.00,0.00,10868
2025-10-01,001A002936,5900.00,5900.00,0.00,0.00,0.00,0.00,3931
2025-11-01,001A002936,5900.00,0.00,0.00,0.00,0.00,0.00,3353
2025-12-01,001A002936,5900.00,0.00,0.00,0.00,0.00,0.00,6546
2026-01-01,001A002936,5900.00,0.00,0.00,0.00,0.00,0.00,4151
2026-02-01,001A002936,5900.00,0.00,0.00,0.00,0.00,0.00,9016
2026-03-01,001A002936,5900.00,0.00,0.00,0.00,0.00,0.00,6710
2026-04-01,001A002936,5900.00,0.00,0.00,0.00,0.00,0.00,7410
2026-05-01,001A002936,5900.00,0.00,0.00,0.00,0.00,0.00,7979
2026-06-01,001A002936,5900.00,0.00,0.00,0.00,0.00,0.00,10079
2026-07-01,001A002936,5900.00,0.00,0.00,0.00,0.00,0.00,5112
2026-08-01,001A002936,5900.00,0.00,0.00,0.00,0.00,0.00,4581
2026-09-01,001A002936,5900.00,0.00,0.00,0.00,0.00,0.00,8195
2026-08-01,001A002939,23000.00,23000.00,0.00,0.00,0.00,0.00,13300
2026-09-01,001A002939,23000.00,0.00,0.00,0.00,0.00,0.00,16691
2024-08-01,001A002943,20300.00,20300.00,0.00,0.00,0.00,0.00,394
2024-09-01,001A002943,20300.00,0.00,0.00,0.00,0.00,0.00,780
2024-10-01,001A002943,20300.00,0.00,0.00,0.00,0.00,0.00,894
2024-11-01,001A002943,20300.00,0.00,0.00,0.00,0.00,0.00,567
2024-12-01,001A002943,20300.00,0.00,0.00,0.00,0.00,0.00,1683
2025-01-01,001A002943,20300.00,0.00,0.00,0.00,0.00,0.00,1148
2025-02-01,001A002943,20300.00,0.00,0.00,0.00,0.00,0.00,682
2025-03-01,001A002943,20300.00,0.00,0.00,0.00,0.00,0.00,733
2025-04-01,001A002943,20300.00,0.00,0.00,0.00,0.00,0.00,873
2025-05-01,001A002943,20300.00,0.00,0.00,0.00,0.00,0.00,1177
2025-06-01,001A002943,20300.00,0.00,0.00,0.00,0.00,0.00,1464
2025-07-01,001A002943,20300.00,0.00,0.00,0.00,0.00,0.00,1053
2025-08-01,001A002943,18200.00,0.00,0.00,-2100.00,0.00,0.00,952
2025-09-01,001A002943,18200.00,0.00,0.00,0.00,0.00,0.00,1718
2025-10-01,001A002943,18200.00,0.00,0.00,0.00,0.00,0.00,1634
2025-11-01,001A002943,18200.00,0.00,0.00,0.00,0.00,0.00,2899
2025-12-01,001A002943,18200.00,0.00,0.00,0.00,0.00,0.00,2872
2026-01-01,001A002943,18200.00,0.00,0.00,0.00,0.00,0.00,3831
2026-02-01,001A002943,18200.00,0.00,0.00,0.00,0.00,0.00,4714
2026-03-01,001A002943,18200.00,0.00,0.00,0.00,0.00,0.00,5198
2026-04-01,001A002943,23600.00,0.00,5400.00,0.00,0.00,0.00,5140
2026-05-01,001A002943,23600.00,0.00,0.00,0.00,0.00,0.00,5353
2026-06-01,001A002943,23600.00,0.00,0.00,0.00,0.00,0.00,4475
2026-07-01,001A002943,23600.00,0.00,0.00,0.00,0.00,0.00,5271
2026-08-01,001A002943,0.00,0.00,0.00,0.00,-23600.00,0.00,4577
2026-07-01,001A002954,5800.00,5800.00,0.00,0.00,0.00,0.00,15902
2026-08-01,001A002954,5800.00,0.00,0.00,0.00,0.00,0.00,13514
2026-09-01,001A002954,5800.00,0.00,0.00,0.00,0.00,0.00,10473
2026-01-01,001A002986,10600.00,10600.00,0.00,0.00,0.00,0.00,3560
2026-02-01,001A002986,10600.00,0.00,0.00,0.00,0.00,0.00,3703
2026-03-01,001A002986,10600.00,0.00,0.00,0.00,0.00,0.00,5838
2026-04-01,001A002986,10600.00,0.00,0.00,0.00,0.00,0.00,6112
2026-05-01,001A002986,10600.00,0.00,0.00,0.00,0.00,0.00,4900
2026-06-01,001A002986,10600.00,0.00,0.00,0.00,0.00,0.00,6546
2026-07-01,001A002986,10600.00,0.00,0.00,0.00,0.00,0.00,7033
2026-08-01,001A002986,10600.00,0.00,0.00,0.00,0.00,0.00,5149
2026-09-01,001A002986,10600.00,0.00,0.00,0.00,0.00,0.00,6569
2025-06-01,001A003027,41400.00,41400.00,0.00,0.00,0.00,0.00,2494
2025-07-01,001A003027,41400.00,0.00,0.00,0.00,0.00,0.00,2376
2025-08-01,001A003027,41400.00,0.00,0.00,0.00,0.00,0.00,2110
2025-09-01,001A003027,41400.00,0.00,0.00,0.00,0.00,0.00,2892
2025-10-01,001A003027,41400.00,0.00,0.00,0.00,0.00,0.00,3573
2025-11-01,001A003027,41400.00,0.00,0.00,0.00,0.00,0.00,5556
2025-12-01,001A003027,64400.00,0.00,23000.00,0.00,0.00,0.00,4587
2026-01-01,001A003027,64400.00,0.00,0.00,0.00,0.00,0.00,4290
2026-02-01,001A003027,64400.00,0.00,0.00,0.00,0.00,0.00,4630
2026-03-01,001A003027,64400.00,0.00,0.00,0.00,0.00,0.00,3731
2026-04-01,001A003027,64400.00,0.00,0.00,0.00,0.00,0.00,5807
2026-05-01,001A003027,64400.00,0.00,0.00,0.00,0.00,0.00,11580
2026-06-01,001A003027,64400.00,0.00,0.00,0.00,0.00,0.00,6956
2026-07-01,001A003027,64400.00,0.00,0.00,0.00,0.00,0.00,8987
2026-08-01,001A003027,64400.00,0.00,0.00,0.00,0.00,0.00,7587
2026-09-01,001A003027,64400.00,0.00,0.00,0.00,0.00,0.00,10007
2026-08-01,001A003053,34224.00,34224.00,0.00,0.00,0.00,2023.82,677075
2026-09-01,001A003053,34224.00,0.00,0.00,0.00,0.00,2441.42,781475
2025-05-01,001A003085,27700.00,27700.00,0.00,0.00,0.00,0.00,14279
2025-06-01,001A003085,27700.00,0.00,0.00,0.00,0.00,0.00,15579
2025-07-01,001A003085,27700.00,0.00,0.00,0.00,0.00,0.00,23229
2025-08-01,001A003085,27700.00,0.00,0.00,0.00,0.00,0.00,27920
2025-09-01,001A003085,27700.00,0.00,0.00,0.00,0.00,0.00,20927
2025-10-01,001A003085,27700.00,0.00,0.00,0.00,0.00,0.00,24045
2025-11-01,001A003085,27700.00,0.00,0.00,0.00,0.00,0.00,43145
2025-12-01,001A003085,27700.00,0.00,0.00,0.00,0.00,0.00,41913
2026-01-01,001A003085,27700.00,0.00,0.00,0.00,0.00,0.00,85367
2026-02-01,001A003085,27700.00,0.00,0.00,0.00,0.00,0.00,95995
2026-03-01,001A003085,27700.00,0.00,0.00,0.00,0.00,0.00,55837
2026-04-01,001A003085,27700.00,0.00,0.00,0.00,0.00,0.00,108979
2026-05-01,001A003085,33800.00,0.00,6100.00,0.00,0.00,0.00,77675
2026-06-01,001A003085,33800.00,0.00,0.00,0.00,0.00,60.40,184099
2026-07-01,001A003085,33800.00,0.00,0.00,0.00,0.00,116.51,198128
2026-08-01,001A003085,33800.00,0.00,0.00,0.00,0.00,0.00,117470
2026-09-01,001A003085,42500.00,0.00,8700.00,0.00,0.00,0.00,140697
2025-07-01,001A003093,146648.00,146648.00,0.00,0.00,0.00,0.00,1491
2025-08-01,001A003093,146648.00,0.00,0.00,0.00,0.00,0.00,2005
2025-09-01,001A003093,146648.00,0.00,0.00,0.00,0.00,0.00,2838
2025-10-01,001A003093,146648.00,0.00,0.00,0.00,0.00,0.00,4045
2025-11-01,001A003093,146648.00,0.00,0.00,0.00,0.00,0.00,4362
2025-12-01,001A003093,146648.00,0.00,0.00,0.00,0.00,0.00,5802
2026-01-01,001A003093,146648.00,0.00,0.00,0.00,0.00,0.00,5652
2026-02-01,001A003093,146648.00,0.00,0.00,0.00,0.00,0.00,5560
2026-03-01,001A003093,146648.00,0.00,0.00,0.00,0.00,0.00,6448
2026-04-01,001A003093,146648.00,0.00,0.00,0.00,0.00,0.00,10375
2026-05-01,001A003093,146648.00,0.00,0.00,0.00,0.00,0.00,10933
2026-06-01,001A003093,146648.00,0.00,0.00,0.00,0.00,0.00,5226
2026-07-01,001A003093,146648.00,0.00,0.00,0.00,0.00,0.00,6807
2026-08-01,001A003093,146648.00,0.00,0.00,0.00,0.00,0.00,6047
2026-09-01,001A003093,146648.00,0.00,0.00,0.00,0.00,0.00,5267
2025-06-01,001A003095,25700.00,25700.00,0.00,0.00,0.00,0.00,4552
2025-07-01,001A003095,25700.00,0.00,0.00,0.00,0.00,0.00,2649
2025-08-01,001A003095,25700.00,0.00,0.00,0.00,0.00,0.00,3654
2025-09-01,001A003095,25700.00,0.00,0.00,0.00,0.00,0.00,6452
2025-10-01,001A003095,25700.00,0.00,0.00,0.00,0.00,0.00,3285
2025-11-01,001A003095,25700.00,0.00,0.00,0.00,0.00,0.00,3867
2025-12-01,001A003095,25700.00,0.00,0.00,0.00,0.00,0.00,9772
2026-01-01,001A003095,25700.00,0.00,0.00,0.00,0.00,0.00,7426
2026-02-01,001A003095,25700.00,0.00,0.00,0.00,0.00,0.00,8510
2026-03-01,001A003095,25700.00,0.00,0.00,0.00,0.00,0.00,6550
2026-04-01,001A003095,25700.00,0.00,0.00,0.00,0.00,0.00,8199
2026-05-01,001A003095,43800.00,0.00,18100.00,0.00,0.00,0.00,9160
2026-06-01,001A003095,43800.00,0.00,0.00,0.00,0.00,0.00,12013
2026-07-01,001A003095,43800.00,0.00,0.00,0.00,0.00,0.00,7770
2026-08-01,001A003095,43800.00,0.00,0.00,0.00,0.00,0.00,10484
2026-09-01,001A003095,43800.00,0.00,0.00,0.00,0.00,0.00,16723
2025-02-01,001A003099,155100.00,155100.00,0.00,0.00,0.00,0.00,10522
2025-03-01,001A003099,155100.00,0.00,0.00,0.00,0.00,0.00,11622
2025-04-01,001A003099,155100.00,0.00,0.00,0.00,0.00,0.00,13607
2025-05-01,001A003099,155100.00,0.00,0.00,0.00,0.00,0.00,3874
2025-06-01,001A003099,155100.00,0.00,0.00,0.00,0.00,0.00,3825
2025-07-01,001A003099,155100.00,0.00,0.00,0.00,0.00,0.00,7842
2025-08-01,001A003099,155100.00,0.00,0.00,0.00,0.00,0.00,7177
2025-09-01,001A003099,155100.00,0.00,0.00,0.00,0.00,0.00,9952
2025-10-01,001A003099,155100.00,0.00,0.00,0.00,0.00,0.00,11709
2025-11-01,001A003099,155100.00,0.00,0.00,0.00,0.00,0.00,19424
2025-12-01,001A003099,155100.00,0.00,0.00,0.00,0.00,0.00,18073
2026-01-01,001A003099,155100.00,0.00,0.00,0.00,0.00,0.00,22543
2026-02-01,001A003099,155100.00,0.00,0.00,0.00,0.00,0.00,23186
2026-03-01,001A003099,155100.00,0.00,0.00,0.00,0.00,0.00,17534
2026-04-01,001A003099,155100.00,0.00,0.00,0.00,0.00,0.00,36236
2026-05-01,001A003099,155100.00,0.00,0.00,0.00,0.00,0.00,15608
2026-06-01,001A003099,155100.00,0.00,0.00,0.00,0.00,0.00,19553
2026-07-01,001A003099,155100.00,0.00,0.00,0.00,0.00,0.00,41388
2026-08-01,001A003099,155100.00,0.00,0.00,0.00,0.00,0.00,21830
2026-09-01,001A003099,155100.00,0.00,0.00,0.00,0.00,0.00,33315
2026-04-01,001A003103,53544.00,53544.00,0.00,0.00,0.00,0.00,28029
2026-05-01,001A003103,53544.00,0.00,0.00,0.00,0.00,0.00,51108
2026-06-01,001A003103,53544.00,0.00,0.00,0.00,0.00,0.00,47167
2026-07-01,001A003103,53544.00,0.00,0.00,0.00,0.00,0.00,55375
2026-08-01,001A003103,53544.00,0.00,0.00,0.00,0.00,0.00,64735
2026-09-01,001A003103,53544.00,0.00,0.00,0.00,0.00,0.00,78629
2024-10-01,001A003124,16700.00,16700.00,0.00,0.00,0.00,0.00,11276
2024-11-01,001A003124,16700.00,0.00,0.00,0.00,0.00,0.00,13322
2024-12-01,001A003124,16700.00,0.00,0.00,0.00,0.00,0.00,12530
2025-01-01,001A003124,16700.00,0.00,0.00,0.00,0.00,0.00,19095
2025-02-01,001A003124,16700.00,0.00,0.00,0.00,0.00,0.00,22127
2025-03-01,001A003124,21900.00,0.00,5200.00,0.00,0.00,0.00,18842
2025-04-01,001A003124,21900.00,0.00,0.00,0.00,0.00,0.00,26749
2025-05-01,001A003124,21900.00,0.00,0.00,0.00,0.00,0.00,41730
2025-06-01,001A003124,21900.00,0.00,0.00,0.00,0.00,0.00,36767
2025-07-01,001A003124,21900.00,0.00,0.00,0.00,0.00,0.00,36238
2025-08-01,001A003124,21900.00,0.00,0.00,0.00,0.00,0.00,36816
2025-09-01,001A003124,21900.00,0.00,0.00,0.00,0.00,0.00,67669
2025-10-01,001A003124,21900.00,0.00,0.00,0.00,0.00,0.00,45528
2025-11-01,001A003124,21900.00,0.00,0.00,0.00,0.00,0.00,61736
2025-12-01,001A003124,31300.00,0.00,9400.00,0.00,0.00,0.00,70109
2026-01-01,001A003124,31300.00,0.00,0.00,0.00,0.00,0.00,65260
2026-02-01,001A003124,31300.00,0.00,0.00,0.00,0.00,0.00,89928
2026-03-01,001A003124,31300.00,0.00,0.00,0.00,0.00,0.00,92531
2026-04-01,001A003124,31300.00,0.00,0.00,0.00,0.00,0.00,104382
2026-05-01,001A003124,31300.00,0.00,0.00,0.00,0.00,58.64,171160
2026-06-01,001A003124,31300.00,0.00,0.00,0.00,0.00,0.00,124453
2026-07-01,001A003124,31300.00,0.00,0.00,0.00,0.00,0.00,137862
2026-08-01,001A003124,31300.00,0.00,0.00,0.00,0.00,0.00,141701
2026-09-01,001A003124,31300.00,0.00,0.00,0.00,0.00,134.16,190041
2025-08-01,001A003137,30500.00,30500.00,0.00,0.00,0.00,0.00,2747
2025-09-01,001A003137,30500.00,0.00,0.00,0.00,0.00,0.00,2458
2025-10-01,001A003137,30500.00,0.00,0.00,0.00,0.00,0.00,3507
2025-11-01,001A003137,30500.00,0.00,0.00,0.00,0.00,0.00,3508
2025-12-01,001A003137,30500.00,0.00,0.00,0.00,0.00,0.00,3614
2026-01-01,001A003137,30500.00,0.00,0.00,0.00,0.00,0.00,767
2026-02-01,001A003137,30500.00,0.00,0.00,0.00,0.00,0.00,1226
2026-03-01,001A003137,32400.00,0.00,1900.00,0.00,0.00,0.00,1374
2026-04-01,001A003137,32400.00,0.00,0.00,0.00,0.00,0.00,1377
2026-05-01,001A003137,32400.00,0.00,0.00,0.00,0.00,0.00,1128
2026-06-01,001A003137,32400.00,0.00,0.00,0.00,0.00,0.00,626
2026-07-01,001A003137,32400.00,0.00,0.00,0.00,0.00,0.00,1874
2026-08-01,001A003137,32400.00,0.00,0.00,0.00,0.00,0.00,485
2026-09-01,001A003137,32400.00,0.00,0.00,0.00,0.00,0.00,1229
2026-06-01,001A003151,8924.00,8924.00,0.00,0.00,0.00,0.00,8838
2026-07-01,001A003151,8924.00,0.00,0.00,0.00,0.00,0.00,6600
2026-08-01,001A003151,8924.00,0.00,0.00,0.00,0.00,0.00,7298
2026-09-01,001A003151,8924.00,0.00,0.00,0.00,0.00,0.00,6056
2025-03-01,001A003152,38800.00,38800.00,0.00,0.00,0.00,0.00,9179
2025-04-01,001A003152,38800.00,0.00,0.00,0.00,0.00,0.00,15974
2025-05-01,001A003152,38800.00,0.00,0.00,0.00,0.00,0.00,14827
2025-06-01,001A003152,38800.00,0.00,0.00,0.00,0.00,0.00,16852
2025-07-01,001A003152,38800.00,0.00,0.00,0.00,0.00,0.00,14946
2025-08-01,001A003152,38800.00,0.00,0.00,0.00,0.00,0.00,19566
2025-09-01,001A003152,38800.00,0.00,0.00,0.00,0.00,0.00,35520
2025-10-01,001A003152,38800.00,0.00,0.00,0.00,0.00,0.00,28112
2025-11-01,001A003152,38800.00,0.00,0.00,0.00,0.00,0.00,38807
2025-12-01,001A003152,38800.00,0.00,0.00,0.00,0.00,0.00,60608
2026-01-01,001A003152,38800.00,0.00,0.00,0.00,0.00,0.00,38549
2026-02-01,001A003152,79700.00,0.00,40900.00,0.00,0.00,0.00,61732
2026-03-01,001A003152,79700.00,0.00,0.00,0.00,0.00,0.00,82081
2026-04-01,001A003152,79700.00,0.00,0.00,0.00,0.00,0.00,82193
2026-05-01,001A003152,79700.00,0.00,0.00,0.00,0.00,0.00,84451
2026-06-01,001A003152,79700.00,0.00,0.00,0.00,0.00,0.00,130933
2026-07-01,001A003152,79700.00,0.00,0.00,0.00,0.00,0.00,112721
2026-08-01,001A003152,79700.00,0.00,0.00,0.00,0.00,0.00,185853
2026-09-01,001A003152,89000.00,0.00,9300.00,0.00,0.00,0.00,136639
2026-08-01,001A003156,25000.00,25000.00,0.00,0.00,0.00,0.00,6186
2026-09-01,001A003156,25000.00,0.00,0.00,0.00,0.00,0.00,9772
2026-06-01,001A003191,95100.00,95100.00,0.00,0.00,0.00,0.00,89
2026-07-01,001A003191,95100.00,0.00,0.00,0.00,0.00,0.00,218
2026-08-01,001A003191,95100.00,0.00,0.00,0.00,0.00,0.00,0
2026-09-01,001A003191,95100.00,0.00,0.00,0.00,0.00,0.00,226
2025-09-01,001A003219,63300.00,63300.00,0.00,0.00,0.00,0.00,103408
2025-10-01,001A003219,63300.00,0.00,0.00,0.00,0.00,0.00,64745
2025-11-01,001A003219,63300.00,0.00,0.00,0.00,0.00,0.00,82394
2025-12-01,001A003219,63300.00,0.00,0.00,0.00,0.00,0.00,130332
2026-01-01,001A003219,63300.00,0.00,0.00,0.00,0.00,0.00,138580
2026-02-01,001A003219,63300.00,0.00,0.00,0.00,0.00,0.00,127841
2026-03-01,001A003219,63300.00,0.00,0.00,0.00,0.00,0.00,170240
2026-04-01,001A003219,63300.00,0.00,0.00,0.00,0.00,89.71,338928
2026-05-01,001A003219,63300.00,0.00,0.00,0.00,0.00,0.00,205289
2026-06-01,001A003219,63300.00,0.00,0.00,0.00,0.00,0.00,279090
2026-07-01,001A003219,63300.00,0.00,0.00,0.00,0.00,0.00,245844
2026-08-01,001A003219,63300.00,0.00,0.00,0.00,0.00,0.00,212508
2026-09-01,001A003219,63300.00,0.00,0.00,0.00,0.00,167.22,358304
2025-09-01,001A003228,13892.00,13892.00,0.00,0.00,0.00,0.00,51996
2025-10-01,001A003228,13892.00,0.00,0.00,0.00,0.00,0.00,54885
2025-11-01,001A003228,13892.00,0.00,0.00,0.00,0.00,0.00,46766
2025-12-01,001A003228,13892.00,0.00,0.00,0.00,0.00,0.00,44034
2026-01-01,001A003228,13892.00,0.00,0.00,0.00,0.00,0.00,65232
2026-02-01,001A003228,13892.00,0.00,0.00,0.00,0.00,204.35,120548
2026-03-01,001A003228,13892.00,0.00,0.00,0.00,0.00,0.00,63664
2026-04-01,001A003228,13892.00,0.00,0.00,0.00,0.00,25.50,75834
2026-05-01,001A003228,13892.00,0.00,0.00,0.00,0.00,0.00,52424
2026-06-01,001A003228,13892.00,0.00,0.00,0.00,0.00,0.00,53770
2026-07-01,001A003228,13892.00,0.00,0.00,0.00,0.00,0.00,66776
2026-08-01,001A003228,13892.00,0.00,0.00,0.00,0.00,0.00,51153
2026-09-01,001A003228,13892.00,0.00,0.00,0.00,0.00,29.94,76946
2025-09-01,001A003258,33212.00,33212.00,0.00,0.00,0.00,0.00,2844
2025-10-01,001A003258,33212.00,0.00,0.00,0.00,0.00,0.00,2566
2025-11-01,001A003258,33212.00,0.00,0.00,0.00,0.00,0.00,3646
2025-12-01,001A003258,33212.00,0.00,0.00,0.00,0.00,0.00,3109
2026-01-01,001A003258,33212.00,0.00,0.00,0.00,0.00,0.00,2941
2026-02-01,001A003258,33212.00,0.00,0.00,0.00,0.00,0.00,4418
2026-03-01,001A003258,33212.00,0.00,0.00,0.00,0.00,0.00,5491
2026-04-01,001A003258,33212.00,0.00,0.00,0.00,0.00,0.00,6080
2026-05-01,001A003258,33212.00,0.00,0.00,0.00,0.00,0.00,5810
2026-06-01,001A003258,33212.00,0.00,0.00,0.00,0.00,0.00,8237
2026-07-01,001A003258,33212.00,0.00,0.00,0.00,0.00,0.00,7393
2026-08-01,001A003258,33212.00,0.00,0.00,0.00,0.00,0.00,3991
2026-09-01,001A003258,33212.00,0.00,0.00,0.00,0.00,0.00,7496
2026-05-01,001A003260,12800.00,12800.00,0.00,0.00,0.00,0.00,2511
2026-06-01,001A003260,12800.00,0.00,0.00,0.00,0.00,0.00,2903
2026-07-01,001A003260,12800.00,0.00,0.00,0.00,0.00,0.00,2546
2026-08-01,001A003260,12800.00,0.00,0.00,0.00,0.00,0.00,1999
2026-09-01,001A003260,12800.00,0.00,0.00,0.00,0.00,0.00,2683
2026-01-01,001A003289,44400.00,44400.00,0.00,0.00,0.00,0.00,5265
2026-02-01,001A003289,44400.00,0.00,0.00,0.00,0.00,0.00,10015
2026-03-01,001A003289,44400.00,0.00,0.00,0.00,0.00,0.00,12253
2026-04-01,001A003289,44400.00,0.00,0.00,0.00,0.00,0.00,13495
2026-05-01,001A003289,44400.00,0.00,0.00,0.00,0.00,0.00,15892
2026-06-01,001A003289,44400.00,0.00,0.00,0.00,0.00,0.00,14903
2026-07-01,001A003289,44400.00,0.00,0.00,0.00,0.00,0.00,13974
2026-08-01,001A003289,44400.00,0.00,0.00,0.00,0.00,0.00,14092
2026-09-01,001A003289,44400.00,0.00,0.00,0.00,0.00,0.00,19230
2025-11-01,001A003320,27900.00,27900.00,0.00,0.00,0.00,0.00,4260
2025-12-01,001A003320,27900.00,0.00,0.00,0.00,0.00,0.00,8567
2026-01-01,001A003320,27900.00,0.00,0.00,0.00,0.00,0.00,5729
2026-02-01,001A003320,27900.00,0.00,0.00,0.00,0.00,0.00,6007
2026-03-01,001A003320,27900.00,0.00,0.00,0.00,0.00,0.00,7033
2026-04-01,001A003320,27900.00,0.00,0.00,0.00,0.00,0.00,13415
2026-05-01,001A003320,27900.00,0.00,0.00,0.00,0.00,0.00,4387
2026-06-01,001A003320,27900.00,0.00,0.00,0.00,0.00,0.00,6434
2026-07-01,001A003320,27900.00,0.00,0.00,0.00,0.00,0.00,9875
2026-08-01,001A003320,27900.00,0.00,0.00,0.00,0.00,0.00,5258
2026-09-01,001A003320,27900.00,0.00,0.00,0.00,0.00,0.00,4593
2026-06-01,001A003329,5616.00,5616.00,0.00,0.00,0.00,0.00,2452
2026-07-01,001A003329,5616.00,0.00,0.00,0.00,0.00,0.00,3809
2026-08-01,001A003329,5616.00,0.00,0.00,0.00,0.00,0.00,4372
2026-09-01,001A003329,5616.00,0.00,0.00,0.00,0.00,0.00,4648
2025-10-01,001A003331,10413.00,10413.00,0.00,0.00,0.00,0.00,1039
2025-11-01,001A003331,10413.00,0.00,0.00,0.00,0.00,0.00,1290
2025-12-01,001A003331,10413.00,0.00,0.00,0.00,0.00,0.00,996
2026-01-01,001A003331,10413.00,0.00,0.00,0.00,0.00,0.00,678
2026-02-01,001A003331,10413.00,0.00,0.00,0.00,0.00,0.00,1293
2026-03-01,001A003331,10413.00,0.00,0.00,0.00,0.00,0.00,1601
2026-04-01,001A003331,10413.00,0.00,0.00,0.00,0.00,0.00,847
2026-05-01,001A003331,10413.00,0.00,0.00,0.00,0.00,0.00,1194
2026-06-01,001A003331,10413.00,0.00,0.00,0.00,0.00,0.00,0
2026-07-01,001A003331,10413.00,0.00,0.00,0.00,0.00,0.00,0
2026-08-01,001A003331,10413.00,0.00,0.00,0.00,0.00,0.00,0
2026-09-01,001A003331,10413.00,0.00,0.00,0.00,0.00,0.00,0
2025-07-01,001A003342,20400.00,20400.00,0.00,0.00,0.00,0.00,5801
2025-08-01,001A003342,20400.00,0.00,0.00,0.00,0.00,0.00,6601
2025-09-01,001A003342,20400.00,0.00,0.00,0.00,0.00,0.00,16156
2025-10-01,001A003342,20400.00,0.00,0.00,0.00,0.00,0.00,11970
2025-11-01,001A003342,20400.00,0.00,0.00,0.00,0.00,0.00,8043
2025-12-01,001A003342,28200.00,0.00,7800.00,0.00,0.00,0.00,7540
2026-01-01,001A003342,28200.00,0.00,0.00,0.00,0.00,0.00,12545
2026-02-01,001A003342,28200.00,0.00,0.00,0.00,0.00,0.00,15462
2026-03-01,001A003342,28200.00,0.00,0.00,0.00,0.00,0.00,3190
2026-04-01,001A003342,28200.00,0.00,0.00,0.00,0.00,0.00,4190
2026-05-01,001A003342,28200.00,0.00,0.00,0.00,0.00,0.00,6067
2026-06-01,001A003342,28200.00,0.00,0.00,0.00,0.00,0.00,6694
2026-07-01,001A003342,28200.00,0.00,0.00,0.00,0.00,0.00,6430
2026-08-01,001A003342,28200.00,0.00,0.00,0.00,0.00,0.00,5005
2026-09-01,001A003342,28200.00,0.00,0.00,0.00,0.00,0.00,9588
2025-02-01,001A003347,14260.00,14260.00,0.00,0.00,0.00,0.00,26465
2025-03-01,001A003347,14260.00,0.00,0.00,0.00,0.00,0.00,26187
2025-04-01,001A003347,14260.00,0.00,0.00,0.00,0.00,0.00,29531
2025-05-01,001A003347,14260.00,0.00,0.00,0.00,0.00,0.00,25967
2025-06-01,001A003347,14260.00,0.00,0.00,0.00,0.00,0.00,38605
2025-07-01,001A003347,14260.00,0.00,0.00,0.00,0.00,0.00,46023
2025-08-01,001A003347,14260.00,0.00,0.00,0.00,0.00,0.00,33805
2025-09-01,001A003347,14260.00,0.00,0.00,0.00,0.00,0.00,40705
2025-10-01,001A003347,14260.00,0.00,0.00,0.00,0.00,0.00,48157
2025-11-01,001A003347,14260.00,0.00,0.00,0.00,0.00,0.00,46196
2025-12-01,001A003347,14260.00,0.00,0.00,0.00,0.00,0.00,70880
2026-01-01,001A003347,14260.00,0.00,0.00,0.00,0.00,0.00,57340
2026-02-01,001A003347,14260.00,0.00,0.00,0.00,0.00,145.84,107760
2026-03-01,001A003347,14260.00,0.00,0.00,0.00,0.00,177.74,115735
2026-04-01,001A003347,14260.00,0.00,0.00,0.00,0.00,470.53,188932
2026-05-01,001A003347,14260.00,0.00,0.00,0.00,0.00,236.37,130392
2026-06-01,001A003347,14260.00,0.00,0.00,0.00,0.00,288.21,143353
2026-07-01,001A003347,21344.00,0.00,7084.00,0.00,0.00,93.78,130166
2026-08-01,001A003347,21344.00,0.00,0.00,0.00,0.00,15.49,110593
2026-09-01,001A003347,21344.00,0.00,0.00,0.00,0.00,321.82,187176
2025-05-01,001A003386,9400.00,9400.00,0.00,0.00,0.00,0.00,0
2025-06-01,001A003386,9400.00,0.00,0.00,0.00,0.00,0.00,0
2025-07-01,001A003386,9400.00,0.00,0.00,0.00,0.00,0.00,0
2025-08-01,001A003386,9400.00,0.00,0.00,0.00,0.00,0.00,0
2025-09-01,001A003386,9400.00,0.00,0.00,0.00,0.00,0.00,0
2025-10-01,001A003386,9400.00,0.00,0.00,0.00,0.00,0.00,0
2025-11-01,001A003386,9400.00,0.00,0.00,0.00,0.00,0.00,0
2025-12-01,001A003386,9400.00,0.00,0.00,0.00,0.00,0.00,0
2026-01-01,001A003386,9400.00,0.00,0.00,0.00,0.00,0.00,0
2026-02-01,001A003386,9400.00,0.00,0.00,0.00,0.00,0.00,0
2026-03-01,001A003386,9400.00,0.00,0.00,0.00,0.00,0.00,0
2026-04-01,001A003386,9400.00,0.00,0.00,0.00,0.00,0.00,0
2026-05-01,001A003386,7900.00,0.00,0.00,-1500.00,0.00,0.00,0
2026-06-01,001A003386,7900.00,0.00,0.00,0.00,0.00,0.00,0
2026-07-01,001A003386,7900.00,0.00,0.00,0.00,0.00,0.00,0
2026-08-01,001A003386,7900.00,0.00,0.00,0.00,0.00,0.00,0
2026-09-01,001A003386,7900.00,0.00,0.00,0.00,0.00,0.00,0
2026-08-01,001A003398,22264.00,22264.00,0.00,0.00,0.00,0.00,675
2026-09-01,001A003398,22264.00,0.00,0.00,0.00,0.00,0.00,876
2025-08-01,001A003403,90528.00,90528.00,0.00,0.00,0.00,0.00,3595
2025-09-01,001A003403,90528.00,0.00,0.00,0.00,0.00,0.00,9799
2025-10-01,001A003403,90528.00,0.00,0.00,0.00,0.00,0.00,7155
2025-11-01,001A003403,90528.00,0.00,0.00,0.00,0.00,0.00,5918
2025-12-01,001A003403,90528.00,0.00,0.00,0.00,0.00,0.00,6369
2026-01-01,001A003403,99728.00,0.00,9200.00,0.00,0.00,0.00,4368
2026-02-01,001A003403,99728.00,0.00,0.00,0.00,0.00,0.00,7636
2026-03-01,001A003403,99728.00,0.00,0.00,0.00,0.00,0.00,13359
2026-04-01,001A003403,99728.00,0.00,0.00,0.00,0.00,0.00,22045
2026-05-01,001A003403,99728.00,0.00,0.00,0.00,0.00,0.00,17323
2026-06-01,001A003403,99728.00,0.00,0.00,0.00,0.00,0.00,18690
2026-07-01,001A003403,99728.00,0.00,0.00,0.00,0.00,0.00,20295
2026-08-01,001A003403,72328.00,0.00,0.00,-27400.00,0.00,0.00,20603
2026-09-01,001A003403,72328.00,0.00,0.00,0.00,0.00,0.00,34183
2025-07-01,001A003431,26100.00,26100.00,0.00,0.00,0.00,0.00,37758
2025-08-01,001A003431,26100.00,0.00,0.00,0.00,0.00,0.00,27004
2025-09-01,001A003431,26100.00,0.00,0.00,0.00,0.00,0.00,38898
2025-10-01,001A003431,26100.00,0.00,0.00,0.00,0.00,0.00,42036
2025-11-01,001A003431,26100.00,0.00,0.00,0.00,0.00,0.00,49327
2025-12-01,001A003431,26100.00,0.00,0.00,0.00,0.00,0.00,40483
2026-01-01,001A003431,26100.00,0.00,0.00,0.00,0.00,0.00,40871
2026-02-01,001A003431,26100.00,0.00,0.00,0.00,0.00,0.00,58506
2026-03-01,001A003431,26100.00,0.00,0.00,0.00,0.00,0.00,55388
2026-04-01,001A003431,26100.00,0.00,0.00,0.00,0.00,0.00,54469
2026-05-01,001A003431,26100.00,0.00,0.00,0.00,0.00,0.00,92070
2026-06-01,001A003431,26100.00,0.00,0.00,0.00,0.00,0.00,70856
2026-07-01,001A003431,29900.00,0.00,3800.00,0.00,0.00,0.00,89947
2026-08-01,001A003431,29900.00,0.00,0.00,0.00,0.00,0.00,75212
2026-09-01,001A003431,29900.00,0.00,0.00,0.00,0.00,0.00,81864
2026-05-01,001A003452,9700.00,9700.00,0.00,0.00,0.00,0.00,4943
2026-06-01,001A003452,9700.00,0.00,0.00,0.00,0.00,0.00,4893
2026-07-01,001A003452,9700.00,0.00,0.00,0.00,0.00,0.00,5487
2026-08-01,001A003452,9700.00,0.00,0.00,0.00,0.00,0.00,4978
2026-09-01,001A003452,9700.00,0.00,0.00,0.00,0.00,0.00,5850
2026-08-01,001A003462,45400.00,45400.00,0.00,0.00,0.00,0.00,1747
2026-09-01,001A003462,45400.00,0.00,0.00,0.00,0.00,0.00,2865
2026-05-01,001A003465,8556.00,8556.00,0.00,0.00,0.00,0.00,7887
2026-06-01,001A003465,8556.00,0.00,0.00,0.00,0.00,0.00,11711
2026-07-01,001A003465,8556.00,0.00,0.00,0.00,0.00,0.00,8467
2026-08-01,001A003465,8556.00,0.00,0.00,0.00,0.00,0.00,12017
2026-09-01,001A003465,8556.00,0.00,0.00,0.00,0.00,0.00,11043
2025-03-01,001A003478,28612.00,28612.00,0.00,0.00,0.00,0.00,1844
2025-04-01,001A003478,28612.00,0.00,0.00,0.00,0.00,0.00,2385
2025-05-01,001A003478,28612.00,0.00,0.00,0.00,0.00,0.00,2190
2025-06-01,001A003478,28612.00,0.00,0.00,0.00,0.00,0.00,2034
2025-07-01,001A003478,28612.00,0.00,0.00,0.00,0.00,0.00,1925
2025-08-01,001A003478,28612.00,0.00,0.00,0.00,0.00,0.00,1939
2025-09-01,001A003478,28612.00,0.00,0.00,0.00,0.00,0.00,1039
2025-10-01,001A003478,28612.00,0.00,0.00,0.00,0.00,0.00,1862
2025-11-01,001A003478,28612.00,0.00,0.00,0.00,0.00,0.00,1340
2025-12-01,001A003478,28612.00,0.00,0.00,0.00,0.00,0.00,1668
2026-01-01,001A003478,28612.00,0.00,0.00,0.00,0.00,0.00,2724
2026-02-01,001A003478,28612.00,0.00,0.00,0.00,0.00,0.00,2857
2026-03-01,001A003478,33012.00,0.00,4400.00,0.00,0.00,0.00,2883
2026-04-01,001A003478,33012.00,0.00,0.00,0.00,0.00,0.00,3807
2026-05-01,001A003478,33012.00,0.00,0.00,0.00,0.00,0.00,2957
2026-06-01,001A003478,33012.00,0.00,0.00,0.00,0.00,0.00,3448
2026-07-01,001A003478,33012.00,0.00,0.00,0.00,0.00,0.00,3814
2026-08-01,001A003478,33012.00,0.00,0.00,0.00,0.00,0.00,2612
2026-09-01,001A003478,33012.00,0.00,0.00,0.00,0.00,0.00,2750
2025-09-01,001A003484,3680.00,3680.00,0.00,0.00,0.00,0.00,1618
2025-10-01,001A003484,3680.00,0.00,0.00,0.00,0.00,0.00,1092
2025-11-01,001A003484,3680.00,0.00,0.00,0.00,0.00,0.00,1928
2025-12-01,001A003484,3680.00,0.00,0.00,0.00,0.00,0.00,2148
2026-01-01,001A003484,3680.00,0.00,0.00,0.00,0.00,0.00,1424
2026-02-01,001A003484,3680.00,0.00,0.00,0.00,0.00,0.00,2031
2026-03-01,001A003484,3680.00,0.00,0.00,0.00,0.00,0.00,1833
2026-04-01,001A003484,3680.00,0.00,0.00,0.00,0.00,0.00,2360
2026-05-01,001A003484,3680.00,0.00,0.00,0.00,0.00,0.00,2666
2026-06-01,001A003484,3680.00,0.00,0.00,0.00,0.00,0.00,3002
2026-07-01,001A003484,3680.00,0.00,0.00,0.00,0.00,0.00,2315
2026-08-01,001A003484,3680.00,0.00,0.00,0.00,0.00,0.00,2161
2026-09-01,001A003484,4280.00,0.00,600.00,0.00,0.00,0.00,2639
2026-03-01,001A003489,34400.00,34400.00,0.00,0.00,0.00,0.00,13359
2026-04-01,001A003489,34400.00,0.00,0.00,0.00,0.00,0.00,11747
2026-05-01,001A003489,34400.00,0.00,0.00,0.00,0.00,0.00,17508
2026-06-01,001A003489,34400.00,0.00,0.00,0.00,0.00,0.00,22337
2026-07-01,001A003489,34400.00,0.00,0.00,0.00,0.00,0.00,25856
2026-08-01,001A003489,34400.00,0.00,0.00,0.00,0.00,0.00,22657
2026-09-01,001A003489,54100.00,0.00,19700.00,0.00,0.00,0.00,26744
2026-09-01,001A003493,59340.00,59340.00,0.00,0.00,0.00,0.00,6244
2026-03-01,001A003495,27048.00,27048.00,0.00,0.00,0.00,0.00,29058
2026-04-01,001A003495,27048.00,0.00,0.00,0.00,0.00,0.00,13766
2026-05-01,001A003495,27048.00,0.00,0.00,0.00,0.00,0.00,11305
2026-06-01,001A003495,27048.00,0.00,0.00,0.00,0.00,0.00,27889
2026-07-01,001A003495,27048.00,0.00,0.00,0.00,0.00,0.00,22430
2026-08-01,001A003495,27048.00,0.00,0.00,0.00,0.00,0.00,14630
2026-09-01,001A003495,27048.00,0.00,0.00,0.00,0.00,0.00,31971
2025-12-01,001A003511,217028.00,217028.00,0.00,0.00,0.00,0.00,12961
2026-01-01,001A003511,217028.00,0.00,0.00,0.00,0.00,0.00,16222
2026-02-01,001A003511,217028.00,0.00,0.00,0.00,0.00,0.00,25538
2026-03-01,001A003511,217028.00,0.00,0.00,0.00,0.00,0.00,13431
2026-04-01,001A003511,217028.00,0.00,0.00,0.00,0.00,0.00,14886
2026-05-01,001A003511,217028.00,0.00,0.00,0.00,0.00,0.00,14941
2026-06-01,001A003511,217028.00,0.00,0.00,0.00,0.00,0.00,16893
2026-07-01,001A003511,217028.00,0.00,0.00,0.00,0.00,0.00,11930
2026-08-01,001A003511,217028.00,0.00,0.00,0.00,0.00,0.00,16258
2026-09-01,001A003511,217028.00,0.00,0.00,0.00,0.00,0.00,12929
2025-09-01,001A003515,10672.00,10672.00,0.00,0.00,0.00,0.00,3382
2025-10-01,001A003515,10672.00,0.00,0.00,0.00,0.00,0.00,3780
2025-11-01,001A003515,10672.00,0.00,0.00,0.00,0.00,0.00,3085
2025-12-01,001A003515,10672.00,0.00,0.00,0.00,0.00,0.00,3999
2026-01-01,001A003515,10672.00,0.00,0.00,0.00,0.00,0.00,5330
2026-02-01,001A003515,10672.00,0.00,0.00,0.00,0.00,0.00,3901
2026-03-01,001A003515,10672.00,0.00,0.00,0.00,0.00,0.00,5044
2026-04-01,001A003515,10672.00,0.00,0.00,0.00,0.00,0.00,7121
2026-05-01,001A003515,10672.00,0.00,0.00,0.00,0.00,0.00,8531
2026-06-01,001A003515,10672.00,0.00,0.00,0.00,0.00,0.00,6653
2026-07-01,001A003515,10672.00,0.00,0.00,0.00,0.00,0.00,8168
2026-08-01,001A003515,10672.00,0.00,0.00,0.00,0.00,0.00,3639
2026-09-01,001A003515,10672.00,0.00,0.00,0.00,0.00,0.00,2311
2026-07-01,001A003518,8200.00,8200.00,0.00,0.00,0.00,0.00,4593
2026-08-01,001A003518,8200.00,0.00,0.00,0.00,0.00,0.00,4269
2026-09-01,001A003518,8200.00,0.00,0.00,0.00,0.00,0.00,4877
2025-01-01,001A003523,8200.00,8200.00,0.00,0.00,0.00,0.00,0
2025-02-01,001A003523,8200.00,0.00,0.00,0.00,0.00,0.00,0
2025-03-01,001A003523,8200.00,0.00,0.00,0.00,0.00,0.00,0
2025-04-01,001A003523,8200.00,0.00,0.00,0.00,0.00,0.00,0
2025-05-01,001A003523,8200.00,0.00,0.00,0.00,0.00,0.00,0
2025-06-01,001A003523,8200.00,0.00,0.00,0.00,0.00,0.00,0
2025-07-01,001A003523,8200.00,0.00,0.00,0.00,0.00,0.00,0
2025-08-01,001A003523,8200.00,0.00,0.00,0.00,0.00,0.00,0
2025-09-01,001A003523,8200.00,0.00,0.00,0.00,0.00,0.00,0
2025-10-01,001A003523,8200.00,0.00,0.00,0.00,0.00,0.00,245
2025-11-01,001A003523,8200.00,0.00,0.00,0.00,0.00,0.00,379
2025-12-01,001A003523,8200.00,0.00,0.00,0.00,0.00,0.00,493
2026-01-01,001A003523,0.00,0.00,0.00,0.00,-8200.00,0.00,630
2024-04-01,001A003534,13340.00,13340.00,0.00,0.00,0.00,0.00,6339
2024-05-01,001A003534,13340.00,0.00,0.00,0.00,0.00,0.00,2197
2024-06-01,001A003534,13340.00,0.00,0.00,0.00,0.00,0.00,1714
2024-07-01,001A003534,13340.00,0.00,0.00,0.00,0.00,0.00,2650
2024-08-01,001A003534,13340.00,0.00,0.00,0.00,0.00,0.00,3529
2024-09-01,001A003534,13340.00,0.00,0.00,0.00,0.00,0.00,3873
2024-10-01,001A003534,13340.00,0.00,0.00,0.00,0.00,0.00,9876
2024-11-01,001A003534,13340.00,0.00,0.00,0.00,0.00,0.00,8348
2024-12-01,001A003534,13340.00,0.00,0.00,0.00,0.00,0.00,7565
2025-01-01,001A003534,13340.00,0.00,0.00,0.00,0.00,0.00,10196
2025-02-01,001A003534,13340.00,0.00,0.00,0.00,0.00,0.00,15916
2025-03-01,001A003534,13340.00,0.00,0.00,0.00,0.00,0.00,11398
2025-04-01,001A003534,13340.00,0.00,0.00,0.00,0.00,0.00,17033
2025-05-01,001A003534,13340.00,0.00,0.00,0.00,0.00,0.00,16758
2025-06-01,001A003534,13340.00,0.00,0.00,0.00,0.00,0.00,15197
2025-07-01,001A003534,13340.00,0.00,0.00,0.00,0.00,0.00,14062
2025-08-01,001A003534,13340.00,0.00,0.00,0.00,0.00,0.00,14510
2025-09-01,001A003534,20608.00,0.00,7268.00,0.00,0.00,0.00,16465
2025-10-01,001A003534,20608.00,0.00,0.00,0.00,0.00,0.00,11384
2025-11-01,001A003534,20608.00,0.00,0.00,0.00,0.00,0.00,16436
2025-12-01,001A003534,20608.00,0.00,0.00,0.00,0.00,0.00,23473
2026-01-01,001A003534,20608.00,0.00,0.00,0.00,0.00,0.00,18442
2026-02-01,001A003534,20608.00,0.00,0.00,0.00,0.00,0.00,27498
2026-03-01,001A003534,20608.00,0.00,0.00,0.00,0.00,0.00,32429
2026-04-01,001A003534,0.00,0.00,3680.00,0.00,-24288.00,0.00,27624
2026-06-01,001A003538,9800.00,9800.00,0.00,0.00,0.00,0.00,2607
2026-07-01,001A003538,9800.00,0.00,0.00,0.00,0.00,0.00,1890
2026-08-01,001A003538,9800.00,0.00,0.00,0.00,0.00,0.00,1642
2026-09-01,001A003538,9800.00,0.00,0.00,0.00,0.00,0.00,1354
2025-11-01,001A003559,5100.00,5100.00,0.00,0.00,0.00,0.00,25497
2025-12-01,001A003559,5100.00,0.00,0.00,0.00,0.00,32.39,33598
2026-01-01,001A003559,5100.00,0.00,0.00,0.00,0.00,55.14,39285
2026-02-01,001A003559,5100.00,0.00,0.00,0.00,0.00,16.93,29733
2026-03-01,001A003559,5100.00,0.00,0.00,0.00,0.00,65.49,41872
2026-04-01,001A003559,5100.00,0.00,0.00,0.00,0.00,109.19,52798
2026-05-01,001A003559,5100.00,0.00,0.00,0.00,0.00,293.35,98837
2026-06-01,001A003559,5100.00,0.00,0.00,0.00,0.00,290.20,98049
2026-07-01,001A003559,5100.00,0.00,0.00,0.00,0.00,1137.56,309889
2026-08-01,001A003559,5100.00,0.00,0.00,0.00,0.00,309.37,102843
2026-09-01,001A003559,5100.00,0.00,0.00,0.00,0.00,378.75,120188
2026-07-01,001A003566,16192.00,16192.00,0.00,0.00,0.00,0.00,5740
2026-08-01,001A003566,16192.00,0.00,0.00,0.00,0.00,0.00,6258
2026-09-01,001A003566,16192.00,0.00,0.00,0.00,0.00,0.00,11631
2024-11-01,001A003586,22500.00,22500.00,0.00,0.00,0.00,0.00,1086
2024-12-01,001A003586,22500.00,0.00,0.00,0.00,0.00,0.00,920
2025-01-01,001A003586,22500.00,0.00,0.00,0.00,0.00,0.00,693
2025-02-01,001A003586,22500.00,0.00,0.00,0.00,0.00,0.00,859
2025-03-01,001A003586,22500.00,0.00,0.00,0.00,0.00,0.00,934
2025-04-01,001A003586,22500.00,0.00,0.00,0.00,0.00,0.00,1295
2025-05-01,001A003586,22500.00,0.00,0.00,0.00,0.00,0.00,1869
2025-06-01,001A003586,22500.00,0.00,0.00,0.00,0.00,0.00,1132
2025-07-01,001A003586,22500.00,0.00,0.00,0.00,0.00,0.00,1728
2025-08-01,001A003586,22500.00,0.00,0.00,0.00,0.00,0.00,1376
2025-09-01,001A003586,22500.00,0.00,0.00,0.00,0.00,0.00,1820
2025-10-01,001A003586,22500.00,0.00,0.00,0.00,0.00,0.00,1543
2025-11-01,001A003586,22500.00,0.00,0.00,0.00,0.00,0.00,1706
2025-12-01,001A003586,22500.00,0.00,0.00,0.00,0.00,0.00,2075
2026-01-01,001A003586,22500.00,0.00,0.00,0.00,0.00,0.00,2890
2026-02-01,001A003586,22500.00,0.00,0.00,0.00,0.00,0.00,2268
2026-03-01,001A003586,22500.00,0.00,0.00,0.00,0.00,0.00,2916
2026-04-01,001A003586,22500.00,0.00,0.00,0.00,0.00,0.00,5640
2026-05-01,001A003586,22500.00,0.00,0.00,0.00,0.00,0.00,5058
2026-06-01,001A003586,22500.00,0.00,0.00,0.00,0.00,0.00,4895
2026-07-01,001A003586,22500.00,0.00,0.00,0.00,0.00,0.00,4750
2026-08-01,001A003586,22500.00,0.00,0.00,0.00,0.00,0.00,5645
2026-09-01,001A003586,22500.00,0.00,0.00,0.00,0.00,0.00,6119
2024-11-01,001A003624,9936.00,9936.00,0.00,0.00,0.00,0.00,6161
2024-12-01,001A003624,9936.00,0.00,0.00,0.00,0.00,0.00,11214
2025-01-01,001A003624,9936.00,0.00,0.00,0.00,0.00,0.00,11509
2025-02-01,001A003624,9936.00,0.00,0.00,0.00,0.00,0.00,15327
2025-03-01,001A003624,9936.00,0.00,0.00,0.00,0.00,0.00,15094
2025-04-01,001A003624,9936.00,0.00,0.00,0.00,0.00,0.00,19997
2025-05-01,001A003624,13064.00,0.00,3128.00,0.00,0.00,0.00,23336
2025-06-01,001A003624,13064.00,0.00,0.00,0.00,0.00,0.00,0
2025-07-01,001A003624,13064.00,0.00,0.00,0.00,0.00,0.00,0
2025-08-01,001A003624,13064.00,0.00,0.00,0.00,0.00,0.00,0
2025-09-01,001A003624,13064.00,0.00,0.00,0.00,0.00,0.00,0
2025-10-01,001A003624,13064.00,0.00,0.00,0.00,0.00,0.00,0
2025-11-01,001A003624,0.00,0.00,0.00,0.00,-13064.00,0.00,0
2024-07-01,001A003627,102580.00,102580.00,0.00,0.00,0.00,0.00,3600
2024-08-01,001A003627,102580.00,0.00,0.00,0.00,0.00,0.00,2695
2024-09-01,001A003627,102580.00,0.00,0.00,0.00,0.00,0.00,2645
2024-10-01,001A003627,102580.00,0.00,0.00,0.00,0.00,0.00,3901
2024-11-01,001A003627,102580.00,0.00,0.00,0.00,0.00,0.00,4437
2024-12-01,001A003627,102580.00,0.00,0.00,0.00,0.00,0.00,4323
2025-01-01,001A003627,102580.00,0.00,0.00,0.00,0.00,0.00,6644
2025-02-01,001A003627,102580.00,0.00,0.00,0.00,0.00,0.00,4547
2025-03-01,001A003627,102580.00,0.00,0.00,0.00,0.00,0.00,6908
2025-04-01,001A003627,102580.00,0.00,0.00,0.00,0.00,0.00,10292
2025-05-01,001A003627,102580.00,0.00,0.00,0.00,0.00,0.00,9968
2025-06-01,001A003627,102580.00,0.00,0.00,0.00,0.00,0.00,8617
2025-07-01,001A003627,80080.00,0.00,0.00,-22500.00,0.00,0.00,13252
2025-08-01,001A003627,80080.00,0.00,0.00,0.00,0.00,0.00,6976
2025-09-01,001A003627,80080.00,0.00,0.00,0.00,0.00,0.00,12158
2025-10-01,001A003627,80080.00,0.00,0.00,0.00,0.00,0.00,18326
2025-11-01,001A003627,80080.00,0.00,0.00,0.00,0.00,0.00,15072
2025-12-01,001A003627,80080.00,0.00,0.00,0.00,0.00,0.00,48597
2026-01-01,001A003627,80080.00,0.00,0.00,0.00,0.00,0.00,55252
2026-02-01,001A003627,80080.00,0.00,0.00,0.00,0.00,0.00,40415
2026-03-01,001A003627,80080.00,0.00,0.00,0.00,0.00,0.00,42988
2026-04-01,001A003627,80080.00,0.00,0.00,0.00,0.00,0.00,54089
2026-05-01,001A003627,80080.00,0.00,0.00,0.00,0.00,0.00,79357
2026-06-01,001A003627,80080.00,0.00,0.00,0.00,0.00,0.00,89355
2026-07-01,001A003627,80080.00,0.00,0.00,0.00,0.00,0.00,99301
2026-08-01,001A003627,80080.00,0.00,0.00,0.00,0.00,0.00,125895
2026-09-01,001A003627,80080.00,0.00,0.00,0.00,0.00,0.00,99229
2026-05-01,001A003642,72312.00,72312.00,0.00,0.00,0.00,0.00,4751
2026-06-01,001A003642,72312.00,0.00,0.00,0.00,0.00,0.00,4280
2026-07-01,001A003642,72312.00,0.00,0.00,0.00,0.00,0.00,3464
2026-08-01,001A003642,72312.00,0.00,0.00,0.00,0.00,0.00,3873
2026-09-01,001A003642,72312.00,0.00,0.00,0.00,0.00,0.00,3984
2025-11-01,001A003652,9400.00,9400.00,0.00,0.00,0.00,0.00,3592
2025-12-01,001A003652,9400.00,0.00,0.00,0.00,0.00,0.00,2997
2026-01-01,001A003652,9400.00,0.00,0.00,0.00,0.00,0.00,4572
2026-02-01,001A003652,9400.00,0.00,0.00,0.00,0.00,0.00,3682
2026-03-01,001A003652,9400.00,0.00,0.00,0.00,0.00,0.00,4950
2026-04-01,001A003652,9400.00,0.00,0.00,0.00,0.00,0.00,5131
2026-05-01,001A003652,9400.00,0.00,0.00,0.00,0.00,0.00,6864
2026-06-01,001A003652,9400.00,0.00,0.00,0.00,0.00,0.00,4331
2026-07-01,001A003652,9400.00,0.00,0.00,0.00,0.00,0.00,3986
2026-08-01,001A003652,9400.00,0.00,0.00,0.00,0.00,0.00,1605
2026-09-01,001A003652,9400.00,0.00,0.00,0.00,0.00,0.00,866
2026-04-01,001A003653,15327.00,15327.00,0.00,0.00,0.00,0.00,1012
2026-05-01,001A003653,15327.00,0.00,0.00,0.00,0.00,0.00,1168
2026-06-01,001A003653,15327.00,0.00,0.00,0.00,0.00,0.00,1918
2026-07-01,001A003653,15327.00,0.00,0.00,0.00,0.00,0.00,1575
2026-08-01,001A003653,15327.00,0.00,0.00,0.00,0.00,0.00,896
2026-09-01,001A003653,15327.00,0.00,0.00,0.00,0.00,0.00,1145
2025-11-01,001A003683,28200.00,28200.00,0.00,0.00,0.00,0.00,17964
2025-12-01,001A003683,28200.00,0.00,0.00,0.00,0.00,0.00,63256
2026-01-01,001A003683,28200.00,0.00,0.00,0.00,0.00,0.00,46487
2026-02-01,001A003683,28200.00,0.00,0.00,0.00,0.00,0.00,39670
2026-03-01,001A003683,28200.00,0.00,0.00,0.00,0.00,0.00,61408
2026-04-01,001A003683,28200.00,0.00,0.00,0.00,0.00,0.00,63490
2026-05-01,001A003683,28200.00,0.00,0.00,0.00,0.00,0.00,62720
2026-06-01,001A003683,28200.00,0.00,0.00,0.00,0.00,0.00,78285
2026-07-01,001A003683,28200.00,0.00,0.00,0.00,0.00,0.00,60110
2026-08-01,001A003683,28200.00,0.00,0.00,0.00,0.00,0.00,106822
2026-09-01,001A003683,28200.00,0.00,0.00,0.00,0.00,0.00,84953
2025-12-01,001A003695,4300.00,4300.00,0.00,0.00,0.00,0.00,5084
2026-01-01,001A003695,4300.00,0.00,0.00,0.00,0.00,0.00,3166
2026-02-01,001A003695,4300.00,0.00,0.00,0.00,0.00,0.00,8451
2026-03-01,001A003695,4300.00,0.00,0.00,0.00,0.00,0.00,7098
2026-04-01,001A003695,4300.00,0.00,0.00,0.00,0.00,0.00,7160
2026-05-01,001A003695,4300.00,0.00,0.00,0.00,0.00,0.00,4740
2026-06-01,001A003695,4300.00,0.00,0.00,0.00,0.00,0.00,7663
2026-07-01,001A003695,4300.00,0.00,0.00,0.00,0.00,0.00,9190
2026-08-01,001A003695,4300.00,0.00,0.00,0.00,0.00,0.00,7136
2026-09-01,001A003695,4300.00,0.00,0.00,0.00,0.00,0.00,7646
2025-12-01,001A003704,14800.00,14800.00,0.00,0.00,0.00,0.00,23033
2026-01-01,001A003704,14800.00,0.00,0.00,0.00,0.00,0.00,36110
2026-02-01,001A003704,14800.00,0.00,0.00,0.00,0.00,0.00,61075
2026-03-01,001A003704,14800.00,0.00,0.00,0.00,0.00,0.00,69184
2026-04-01,001A003704,14800.00,0.00,0.00,0.00,0.00,10.85,76712
2026-05-01,001A003704,19400.00,0.00,4600.00,0.00,0.00,0.00,52659
2026-06-01,001A003704,19400.00,0.00,0.00,0.00,0.00,0.00,52897
2026-07-01,001A003704,19400.00,0.00,0.00,0.00,0.00,0.00,78115
2026-08-01,001A003704,19400.00,0.00,0.00,0.00,0.00,8.50,99125
2026-09-01,001A003704,19400.00,0.00,0.00,0.00,0.00,0.00,85476
2026-04-01,001A003710,67160.00,67160.00,0.00,0.00,0.00,0.00,28320
2026-05-01,001A003710,67160.00,0.00,0.00,0.00,0.00,0.00,24174
2026-06-01,001A003710,67160.00,0.00,0.00,0.00,0.00,0.00,29326
2026-07-01,001A003710,67160.00,0.00,0.00,0.00,0.00,0.00,34362
2026-08-01,001A003710,67160.00,0.00,0.00,0.00,0.00,0.00,30036
2026-09-01,001A003710,67160.00,0.00,0.00,0.00,0.00,0.00,36900
2024-12-01,001A003713,6072.00,6072.00,0.00,0.00,0.00,0.00,11767
2025-01-01,001A003713,6072.00,0.00,0.00,0.00,0.00,0.00,10235
2025-02-01,001A003713,6072.00,0.00,0.00,0.00,0.00,0.00,20371
2025-03-01,001A003713,6072.00,0.00,0.00,0.00,0.00,0.00,14226
2025-04-01,001A003713,6072.00,0.00,0.00,0.00,0.00,0.00,11038
2025-05-01,001A003713,6072.00,0.00,0.00,0.00,0.00,0.00,15320
2025-06-01,001A003713,6072.00,0.00,0.00,0.00,0.00,0.00,19556
2025-07-01,001A003713,6072.00,0.00,0.00,0.00,0.00,0.00,17432
2025-08-01,001A003713,6072.00,0.00,0.00,0.00,0.00,0.00,16566
2025-09-01,001A003713,6072.00,0.00,0.00,0.00,0.00,0.00,20281
2025-10-01,001A003713,6072.00,0.00,0.00,0.00,0.00,0.00,15791
2025-11-01,001A003713,6072.00,0.00,0.00,0.00,0.00,0.00,21279
2025-12-01,001A003713,0.00,0.00,0.00,0.00,-6072.00,0.00,20965
2026-02-01,001A003731,81236.00,81236.00,0.00,0.00,0.00,0.00,32982
2026-03-01,001A003731,81236.00,0.00,0.00,0.00,0.00,0.00,28182
2026-04-01,001A003731,81236.00,0.00,0.00,0.00,0.00,0.00,43217
2026-05-01,001A003731,81236.00,0.00,0.00,0.00,0.00,0.00,36250
2026-06-01,001A003731,81236.00,0.00,0.00,0.00,0.00,0.00,40722
2026-07-01,001A003731,81236.00,0.00,0.00,0.00,0.00,0.00,47182
2026-08-01,001A003731,81236.00,0.00,0.00,0.00,0.00,0.00,32233
2026-09-01,001A003731,81236.00,0.00,0.00,0.00,0.00,0.00,73540
2026-01-01,001A003738,7912.00,7912.00,0.00,0.00,0.00,0.00,34510
2026-02-01,001A003738,7912.00,0.00,0.00,0.00,0.00,0.00,15588
2026-03-01,001A003738,7912.00,0.00,0.00,0.00,0.00,0.00,24858
2026-04-01,001A003738,7912.00,0.00,0.00,0.00,0.00,0.00,30488
2026-05-01,001A003738,7912.00,0.00,0.00,0.00,0.00,0.00,31066
2026-06-01,001A003738,7912.00,0.00,0.00,0.00,0.00,24.62,45714
2026-07-01,001A003738,7912.00,0.00,0.00,0.00,0.00,0.00,34106
2026-08-01,001A003738,7912.00,0.00,0.00,0.00,0.00,8.20,41611
2026-09-01,001A003738,7912.00,0.00,0.00,0.00,0.00,105.56,65950
2025-11-01,001A003748,23400.00,23400.00,0.00,0.00,0.00,0.00,5899
2025-12-01,001A003748,23400.00,0.00,0.00,0.00,0.00,0.00,4213
2026-01-01,001A003748,23400.00,0.00,0.00,0.00,0.00,0.00,4699
2026-02-01,001A003748,23400.00,0.00,0.00,0.00,0.00,0.00,5632
2026-03-01,001A003748,23400.00,0.00,0.00,0.00,0.00,0.00,12331
2026-04-01,001A003748,23400.00,0.00,0.00,0.00,0.00,0.00,12181
2026-05-01,001A003748,23400.00,0.00,0.00,0.00,0.00,0.00,0
2026-06-01,001A003748,23400.00,0.00,0.00,0.00,0.00,0.00,0
2026-07-01,001A003748,23400.00,0.00,0.00,0.00,0.00,0.00,0
2026-08-01,001A003748,23400.00,0.00,0.00,0.00,0.00,0.00,0
2026-09-01,001A003748,23400.00,0.00,0.00,0.00,0.00,0.00,0
2026-05-01,001A003769,10856.00,10856.00,0.00,0.00,0.00,0.00,18186
2026-06-01,001A003769,10856.00,0.00,0.00,0.00,0.00,0.00,16230
2026-07-01,001A003769,10856.00,0.00,0.00,0.00,0.00,0.00,23068
2026-08-01,001A003769,10856.00,0.00,0.00,0.00,0.00,0.00,20617
2026-09-01,001A003769,10856.00,0.00,0.00,0.00,0.00,0.00,16365
2026-07-01,001A003780,8300.00,8300.00,0.00,0.00,0.00,0.00,1374
2026-08-01,001A003780,8300.00,0.00,0.00,0.00,0.00,0.00,2028
2026-09-01,001A003780,8300.00,0.00,0.00,0.00,0.00,0.00,2540
2024-12-01,001A003781,24288.00,24288.00,0.00,0.00,0.00,0.00,24630
2025-01-01,001A003781,24288.00,0.00,0.00,0.00,0.00,0.00,43479
2025-02-01,001A003781,24288.00,0.00,0.00,0.00,0.00,0.00,30202
2025-03-01,001A003781,24288.00,0.00,0.00,0.00,0.00,0.00,31794
2025-04-01,001A003781,24288.00,0.00,0.00,0.00,0.00,0.00,68353
2025-05-01,001A003781,24288.00,0.00,0.00,0.00,0.00,0.00,45004
2025-06-01,001A003781,24288.00,0.00,0.00,0.00,0.00,0.00,68757
2025-07-01,001A003781,24288.00,0.00,0.00,0.00,0.00,0.00,74519
2025-08-01,001A003781,24288.00,0.00,0.00,0.00,0.00,0.00,52344
2025-09-01,001A003781,29072.00,0.00,4784.00,0.00,0.00,0.00,114376
2025-10-01,001A003781,29072.00,0.00,0.00,0.00,0.00,0.00,121880
2025-11-01,001A003781,29072.00,0.00,0.00,0.00,0.00,198.93,195093
2025-12-01,001A003781,29072.00,0.00,0.00,0.00,0.00,84.10,166386
2026-01-01,001A003781,29072.00,0.00,0.00,0.00,0.00,75.54,164246
2026-02-01,001A003781,29072.00,0.00,0.00,0.00,0.00,171.84,188321
2026-03-01,001A003781,29072.00,0.00,0.00,0.00,0.00,402.04,245871
2026-04-01,001A003781,29072.00,0.00,0.00,0.00,0.00,1624.06,551376
2026-05-01,001A003781,29072.00,0.00,0.00,0.00,0.00,1383.28,491180
2026-06-01,001A003781,29072.00,0.00,0.00,0.00,0.00,1002.38,395955
2026-07-01,001A003781,29072.00,0.00,0.00,0.00,0.00,485.63,266768
2026-08-01,001A003781,29072.00,0.00,0.00,0.00,0.00,3163.69,936282
2026-09-01,001A003781,29072.00,0.00,0.00,0.00,0.00,1649.29,557683
2026-03-01,001A003785,40572.00,40572.00,0.00,0.00,0.00,0.00,1525
2026-04-01,001A003785,40572.00,0.00,0.00,0.00,0.00,0.00,2439
2026-05-01,001A003785,40572.00,0.00,0.00,0.00,0.00,0.00,2187
2026-06-01,001A003785,40572.00,0.00,0.00,0.00,0.00,0.00,2301
2026-07-01,001A003785,40572.00,0.00,0.00,0.00,0.00,0.00,2630
2026-08-01,001A003785,40572.00,0.00,0.00,0.00,0.00,0.00,1377
2026-09-01,001A003785,40572.00,0.00,0.00,0.00,0.00,0.00,1559
2025-08-01,001A003786,48392.00,48392.00,0.00,0.00,0.00,0.00,2515
2025-09-01,001A003786,48392.00,0.00,0.00,0.00,0.00,0.00,4470
2025-10-01,001A003786,48392.00,0.00,0.00,0.00,0.00,0.00,2741
2025-11-01,001A003786,48392.00,0.00,0.00,0.00,0.00,0.00,2278
2025-12-01,001A003786,48392.00,0.00,0.00,0.00,0.00,0.00,2195
2026-01-01,001A003786,48392.00,0.00,0.00,0.00,0.00,0.00,2195
2026-02-01,001A003786,51520.00,0.00,3128.00,0.00,0.00,0.00,2756
2026-03-01,001A003786,51520.00,0.00,0.00,0.00,0.00,0.00,3416
2026-04-01,001A003786,51520.00,0.00,0.00,0.00,0.00,0.00,5369
2026-05-01,001A003786,51520.00,0.00,0.00,0.00,0.00,0.00,6387
2026-06-01,001A003786,51520.00,0.00,0.00,0.00,0.00,0.00,11118
2026-07-01,001A003786,51520.00,0.00,0.00,0.00,0.00,0.00,10754
2026-08-01,001A003786,51520.00,0.00,0.00,0.00,0.00,0.00,8718
2026-09-01,001A003786,79764.00,0.00,28244.00,0.00,0.00,0.00,18978
2026-04-01,001A003793,19200.00,19200.00,0.00,0.00,0.00,0.00,6691
2026-05-01,001A003793,19200.00,0.00,0.00,0.00,0.00,0.00,11116
2026-06-01,001A003793,19200.00,0.00,0.00,0.00,0.00,0.00,7572
2026-07-01,001A003793,19200.00,0.00,0.00,0.00,0.00,0.00,11207
2026-08-01,001A003793,19200.00,0.00,0.00,0.00,0.00,0.00,3443
2026-09-01,001A003793,19200.00,0.00,0.00,0.00,0.00,0.00,5560
2025-04-01,001A003795,195868.00,195868.00,0.00,0.00,0.00,0.00,3674
2025-05-01,001A003795,195868.00,0.00,0.00,0.00,0.00,0.00,3502
2025-06-01,001A003795,195868.00,0.00,0.00,0.00,0.00,0.00,1636
2025-07-01,001A003795,195868.00,0.00,0.00,0.00,0.00,0.00,2101
2025-08-01,001A003795,195868.00,0.00,0.00,0.00,0.00,0.00,1539
2025-09-01,001A003795,195868.00,0.00,0.00,0.00,0.00,0.00,1420
2025-10-01,001A003795,195868.00,0.00,0.00,0.00,0.00,0.00,1244
2025-11-01,001A003795,195868.00,0.00,0.00,0.00,0.00,0.00,1555
2025-12-01,001A003795,195868.00,0.00,0.00,0.00,0.00,0.00,2444
2026-01-01,001A003795,195868.00,0.00,0.00,0.00,0.00,0.00,3759
2026-02-01,001A003795,195868.00,0.00,0.00,0.00,0.00,0.00,5539
2026-03-01,001A003795,195868.00,0.00,0.00,0.00,0.00,0.00,9935
2026-04-01,001A003795,235368.00,0.00,39500.00,0.00,0.00,0.00,20167
2026-05-01,001A003795,235368.00,0.00,0.00,0.00,0.00,0.00,18458
2026-06-01,001A003795,235368.00,0.00,0.00,0.00,0.00,0.00,16468
2026-07-01,001A003795,235368.00,0.00,0.00,0.00,0.00,0.00,19345
2026-08-01,001A003795,235368.00,0.00,0.00,0.00,0.00,0.00,16128
2026-09-01,001A003795,303908.00,0.00,68540.00,0.00,0.00,0.00,14288
2026-04-01,001A003799,30420.00,30420.00,0.00,0.00,0.00,0.00,3852
2026-05-01,001A003799,30420.00,0.00,0.00,0.00,0.00,0.00,5948
2026-06-01,001A003799,30420.00,0.00,0.00,0.00,0.00,0.00,5367
2026-07-01,001A003799,30420.00,0.00,0.00,0.00,0.00,0.00,6153
2026-08-01,001A003799,30420.00,0.00,0.00,0.00,0.00,0.00,6057
2026-09-01,001A003799,30420.00,0.00,0.00,0.00,0.00,0.00,5611
2025-06-01,001A003819,15640.00,15640.00,0.00,0.00,0.00,0.00,4687
2025-07-01,001A003819,15640.00,0.00,0.00,0.00,0.00,0.00,3860
2025-08-01,001A003819,15640.00,0.00,0.00,0.00,0.00,0.00,7670
2025-09-01,001A003819,15640.00,0.00,0.00,0.00,0.00,0.00,5343
2025-10-01,001A003819,15640.00,0.00,0.00,0.00,0.00,0.00,4498
2025-11-01,001A003819,21804.00,0.00,6164.00,0.00,0.00,0.00,6674
2025-12-01,001A003819,21804.00,0.00,0.00,0.00,0.00,0.00,4258
2026-01-01,001A003819,21804.00,0.00,0.00,0.00,0.00,0.00,7045
2026-02-01,001A003819,21804.00,0.00,0.00,0.00,0.00,0.00,0
2026-03-01,001A003819,21804.00,0.00,0.00,0.00,0.00,0.00,0
2026-04-01,001A003819,21804.00,0.00,0.00,0.00,0.00,0.00,0
2026-05-01,001A003819,21804.00,0.00,0.00,0.00,0.00,0.00,0
2026-06-01,001A003819,21804.00,0.00,0.00,0.00,0.00,0.00,0
2026-07-01,001A003819,21804.00,0.00,0.00,0.00,0.00,0.00,0
2026-08-01,001A003819,21804.00,0.00,0.00,0.00,0.00,0.00,0
2026-09-01,001A003819,21804.00,0.00,0.00,0.00,0.00,0.00,0
2026-09-01,001A003821,22172.00,22172.00,0.00,0.00,0.00,0.00,31779
2026-07-01,001A003826,30069.00,30069.00,0.00,0.00,0.00,0.00,15760
2026-08-01,001A003826,30069.00,0.00,0.00,0.00,0.00,0.00,16698
2026-09-01,001A003826,30069.00,0.00,0.00,0.00,0.00,0.00,24680
2025-07-01,001A003840,33856.00,33856.00,0.00,0.00,0.00,0.00,5672
2025-08-01,001A003840,33856.00,0.00,0.00,0.00,0.00,0.00,4503
2025-09-01,001A003840,33856.00,0.00,0.00,0.00,0.00,0.00,6544
2025-10-01,001A003840,33856.00,0.00,0.00,0.00,0.00,0.00,3851
2025-11-01,001A003840,33856.00,0.00,0.00,0.00,0.00,0.00,6593
2025-12-01,001A003840,33856.00,0.00,0.00,0.00,0.00,0.00,8053
2026-01-01,001A003840,33856.00,0.00,0.00,0.00,0.00,0.00,7145
2026-02-01,001A003840,33856.00,0.00,0.00,0.00,0.00,0.00,8066
2026-03-01,001A003840,33856.00,0.00,0.00,0.00,0.00,0.00,7503
2026-04-01,001A003840,33856.00,0.00,0.00,0.00,0.00,0.00,13560
2026-05-01,001A003840,33856.00,0.00,0.00,0.00,0.00,0.00,9894
2026-06-01,001A003840,33856.00,0.00,0.00,0.00,0.00,0.00,9863
2026-07-01,001A003840,40808.00,0.00,14352.00,-7400.00,0.00,0.00,9622
2026-08-01,001A003840,40808.00,0.00,0.00,0.00,0.00,0.00,14257
2026-09-01,001A003840,40808.00,0.00,0.00,0.00,0.00,0.00,14688
2025-10-01,001A003844,25392.00,25392.00,0.00,0.00,0.00,0.00,6180
2025-11-01,001A003844,25392.00,0.00,0.00,0.00,0.00,0.00,8547
2025-12-01,001A003844,25392.00,0.00,0.00,0.00,0.00,0.00,5633
2026-01-01,001A003844,25392.00,0.00,0.00,0.00,0.00,0.00,10204
2026-02-01,001A003844,25392.00,0.00,0.00,0.00,0.00,0.00,8015
2026-03-01,001A003844,25392.00,0.00,0.00,0.00,0.00,0.00,9131
2026-04-01,001A003844,25392.00,0.00,0.00,0.00,0.00,0.00,20758
2026-05-01,001A003844,25392.00,0.00,0.00,0.00,0.00,0.00,13500
2026-06-01,001A003844,25392.00,0.00,0.00,0.00,0.00,0.00,14813
2026-07-01,001A003844,25392.00,0.00,0.00,0.00,0.00,0.00,13822
2026-08-01,001A003844,25392.00,0.00,0.00,0.00,0.00,0.00,15813
2026-09-01,001A003844,25392.00,0.00,0.00,0.00,0.00,0.00,12737
2025-06-01,001A003848,11232.00,11232.00,0.00,0.00,0.00,0.00,904
2025-07-01,001A003848,11232.00,0.00,0.00,0.00,0.00,0.00,1002
2025-08-01,001A003848,11232.00,0.00,0.00,0.00,0.00,0.00,814
2025-09-01,001A003848,11232.00,0.00,0.00,0.00,0.00,0.00,692
2025-10-01,001A003848,11232.00,0.00,0.00,0.00,0.00,0.00,840
2025-11-01,001A003848,11232.00,0.00,0.00,0.00,0.00,0.00,889
2025-12-01,001A003848,11232.00,0.00,0.00,0.00,0.00,0.00,931
2026-01-01,001A003848,11232.00,0.00,0.00,0.00,0.00,0.00,1134
2026-02-01,001A003848,11232.00,0.00,0.00,0.00,0.00,0.00,853
2026-03-01,001A003848,11232.00,0.00,0.00,0.00,0.00,0.00,1111
2026-04-01,001A003848,11232.00,0.00,0.00,0.00,0.00,0.00,960
2026-05-01,001A003848,11232.00,0.00,0.00,0.00,0.00,0.00,1121
2026-06-01,001A003848,9132.00,0.00,0.00,-2100.00,0.00,0.00,972
2026-07-01,001A003848,9132.00,0.00,0.00,0.00,0.00,0.00,1481
2026-08-01,001A003848,9132.00,0.00,0.00,0.00,0.00,0.00,882
2026-09-01,001A003848,9132.00,0.00,0.00,0.00,0.00,0.00,1680
2026-05-01,001A003870,71600.00,71600.00,0.00,0.00,0.00,0.00,18522
2026-06-01,001A003870,71600.00,0.00,0.00,0.00,0.00,0.00,21907
2026-07-01,001A003870,71600.00,0.00,0.00,0.00,0.00,0.00,27665
2026-08-01,001A003870,71600.00,0.00,0.00,0.00,0.00,0.00,17567
2026-09-01,001A003870,71600.00,0.00,0.00,0.00,0.00,0.00,23326
2026-06-01,001A003876,14100.00,14100.00,0.00,0.00,0.00,0.00,2165
2026-07-01,001A003876,14100.00,0.00,0.00,0.00,0.00,0.00,1314
2026-08-01,001A003876,14100.00,0.00,0.00,0.00,0.00,0.00,1017
2026-09-01,001A003876,14100.00,0.00,0.00,0.00,0.00,0.00,2017
2025-04-01,001A003881,283728.00,283728.00,0.00,0.00,0.00,0.00,50985
2025-05-01,001A003881,283728.00,0.00,0.00,0.00,0.00,0.00,83134
2025-06-01,001A003881,283728.00,0.00,0.00,0.00,0.00,0.00,56860
2025-07-01,001A003881,283728.00,0.00,0.00,0.00,0.00,0.00,63470
2025-08-01,001A003881,283728.00,0.00,0.00,0.00,0.00,0.00,59045
2025-09-01,001A003881,283728.00,0.00,0.00,0.00,0.00,0.00,80676
2025-10-01,001A003881,320896.00,0.00,37168.00,0.00,0.00,0.00,74872
2025-11-01,001A003881,320896.00,0.00,0.00,0.00,0.00,0.00,127398
2025-12-01,001A003881,320896.00,0.00,0.00,0.00,0.00,0.00,106871
2026-01-01,001A003881,320896.00,0.00,0.00,0.00,0.00,0.00,124457
2026-02-01,001A003881,320896.00,0.00,0.00,0.00,0.00,0.00,136007
2026-03-01,001A003881,320896.00,0.00,0.00,0.00,0.00,0.00,183350
2026-04-01,001A003881,348896.00,0.00,28000.00,0.00,0.00,0.00,257796
2026-05-01,001A003881,348896.00,0.00,0.00,0.00,0.00,0.00,214043
2026-06-01,001A003881,348896.00,0.00,0.00,0.00,0.00,0.00,212619
2026-07-01,001A003881,348896.00,0.00,0.00,0.00,0.00,0.00,224993
2026-08-01,001A003881,348896.00,0.00,0.00,0.00,0.00,0.00,233169
2026-09-01,001A003881,348896.00,0.00,0.00,0.00,0.00,0.00,344638
2026-01-01,001A003886,23276.00,23276.00,0.00,0.00,0.00,0.00,20972
2026-02-01,001A003886,23276.00,0.00,0.00,0.00,0.00,0.00,30743
2026-03-01,001A003886,23276.00,0.00,0.00,0.00,0.00,0.00,31976
2026-04-01,001A003886,23276.00,0.00,0.00,0.00,0.00,0.00,37491
2026-05-01,001A003886,23276.00,0.00,0.00,0.00,0.00,0.00,30938
2026-06-01,001A003886,23276.00,0.00,0.00,0.00,0.00,0.00,49227
2026-07-01,001A003886,23276.00,0.00,0.00,0.00,0.00,0.00,28067
2026-08-01,001A003886,23276.00,0.00,0.00,0.00,0.00,0.00,21733
2026-09-01,001A003886,23276.00,0.00,0.00,0.00,0.00,0.00,24063
2025-07-01,001A003890,24300.00,24300.00,0.00,0.00,0.00,0.00,8118
2025-08-01,001A003890,24300.00,0.00,0.00,0.00,0.00,0.00,11266
2025-09-01,001A003890,24300.00,0.00,0.00,0.00,0.00,0.00,6806
2025-10-01,001A003890,24300.00,0.00,0.00,0.00,0.00,0.00,10556
2025-11-01,001A003890,24300.00,0.00,0.00,0.00,0.00,0.00,10675
2025-12-01,001A003890,24300.00,0.00,0.00,0.00,0.00,0.00,13861
2026-01-01,001A003890,24300.00,0.00,0.00,0.00,0.00,0.00,13923
2026-02-01,001A003890,24300.00,0.00,0.00,0.00,0.00,0.00,12314
2026-03-01,001A003890,24300.00,0.00,0.00,0.00,0.00,0.00,35967
2026-04-01,001A003890,28900.00,0.00,4600.00,0.00,0.00,0.00,20132
2026-05-01,001A003890,28900.00,0.00,0.00,0.00,0.00,0.00,26943
2026-06-01,001A003890,28900.00,0.00,0.00,0.00,0.00,0.00,27846
2026-07-01,001A003890,24000.00,0.00,0.00,-4900.00,0.00,0.00,30304
2026-08-01,001A003890,24000.00,0.00,0.00,0.00,0.00,0.00,30944
2026-09-01,001A003890,24000.00,0.00,0.00,0.00,0.00,0.00,41983
2026-07-01,001A003899,11500.00,11500.00,0.00,0.00,0.00,0.00,6596
2026-08-01,001A003899,11500.00,0.00,0.00,0.00,0.00,0.00,4516
2026-09-01,001A003899,11500.00,0.00,0.00,0.00,0.00,0.00,3386
2026-03-01,001A003904,16100.00,16100.00,0.00,0.00,0.00,0.00,14615
2026-04-01,001A003904,16100.00,0.00,0.00,0.00,0.00,0.00,20736
2026-05-01,001A003904,16100.00,0.00,0.00,0.00,0.00,0.00,23004
2026-06-01,001A003904,16100.00,0.00,0.00,0.00,0.00,0.00,22515
2026-07-01,001A003904,20600.00,0.00,4500.00,0.00,0.00,0.00,24212
2026-08-01,001A003904,20600.00,0.00,0.00,0.00,0.00,0.00,28901
2026-09-01,001A003904,20600.00,0.00,0.00,0.00,0.00,0.00,35030
2025-10-01,001A003932,53200.00,53200.00,0.00,0.00,0.00,0.00,23084
2025-11-01,001A003932,53200.00,0.00,0.00,0.00,0.00,0.00,32132
2025-12-01,001A003932,53200.00,0.00,0.00,0.00,0.00,0.00,32669
2026-01-01,001A003932,53200.00,0.00,0.00,0.00,0.00,0.00,41854
2026-02-01,001A003932,53200.00,0.00,0.00,0.00,0.00,0.00,42052
2026-03-01,001A003932,53200.00,0.00,0.00,0.00,0.00,0.00,40351
2026-04-01,001A003932,62600.00,0.00,9400.00,0.00,0.00,0.00,56164
2026-05-01,001A003932,62600.00,0.00,0.00,0.00,0.00,0.00,43705
2026-06-01,001A003932,62600.00,0.00,0.00,0.00,0.00,0.00,48580
2026-07-01,001A003932,62600.00,0.00,0.00,0.00,0.00,0.00,46468
2026-08-01,001A003932,62600.00,0.00,0.00,0.00,0.00,0.00,62377
2026-09-01,001A003932,62600.00,0.00,0.00,0.00,0.00,0.00,64051
2025-04-01,001A003936,67200.00,67200.00,0.00,0.00,0.00,0.00,9164
2025-05-01,001A003936,67200.00,0.00,0.00,0.00,0.00,0.00,8952
2025-06-01,001A003936,67200.00,0.00,0.00,0.00,0.00,0.00,7252
2025-07-01,001A003936,67200.00,0.00,0.00,0.00,0.00,0.00,9317
2025-08-01,001A003936,67200.00,0.00,0.00,0.00,0.00,0.00,9865
2025-09-01,001A003936,157400.00,0.00,90200.00,0.00,0.00,0.00,21017
2025-10-01,001A003936,157400.00,0.00,0.00,0.00,0.00,0.00,15458
2025-11-01,001A003936,157400.00,0.00,0.00,0.00,0.00,0.00,14759
2025-12-01,001A003936,157400.00,0.00,0.00,0.00,0.00,0.00,15040
2026-01-01,001A003936,157400.00,0.00,0.00,0.00,0.00,0.00,26476
2026-02-01,001A003936,157400.00,0.00,0.00,0.00,0.00,0.00,18924
2026-03-01,001A003936,157400.00,0.00,0.00,0.00,0.00,0.00,30538
2026-04-01,001A003936,157400.00,0.00,0.00,0.00,0.00,0.00,34166
2026-05-01,001A003936,157400.00,0.00,0.00,0.00,0.00,0.00,52995
2026-06-01,001A003936,194200.00,0.00,36800.00,0.00,0.00,0.00,60968
2026-07-01,001A003936,194200.00,0.00,0.00,0.00,0.00,0.00,73432
2026-08-01,001A003936,194200.00,0.00,0.00,0.00,0.00,0.00,27425
2026-09-01,001A003936,194200.00,0.00,0.00,0.00,0.00,0.00,27864
2025-04-01,001A003940,10700.00,10700.00,0.00,0.00,0.00,0.00,1529
2025-05-01,001A003940,10700.00,0.00,0.00,0.00,0.00,0.00,1346
2025-06-01,001A003940,10700.00,0.00,0.00,0.00,0.00,0.00,1757
2025-07-01,001A003940,10700.00,0.00,0.00,0.00,0.00,0.00,0
2025-08-01,001A003940,10700.00,0.00,0.00,0.00,0.00,0.00,0
2025-09-01,001A003940,10700.00,0.00,0.00,0.00,0.00,0.00,0
2025-10-01,001A003940,10700.00,0.00,0.00,0.00,0.00,0.00,0
2025-11-01,001A003940,10700.00,0.00,0.00,0.00,0.00,0.00,0
2025-12-01,001A003940,10700.00,0.00,0.00,0.00,0.00,0.00,0
2026-01-01,001A003940,10700.00,0.00,0.00,0.00,0.00,0.00,0
2026-02-01,001A003940,10700.00,0.00,0.00,0.00,0.00,0.00,0
2026-03-01,001A003940,10700.00,0.00,0.00,0.00,0.00,0.00,0
2026-04-01,001A003940,10700.00,0.00,0.00,0.00,0.00,0.00,0
2026-05-01,001A003940,10700.00,0.00,0.00,0.00,0.00,0.00,0
2026-06-01,001A003940,10700.00,0.00,0.00,0.00,0.00,0.00,0
2026-07-01,001A003940,10700.00,0.00,0.00,0.00,0.00,0.00,0
2026-08-01,001A003940,10700.00,0.00,0.00,0.00,0.00,0.00,0
2026-09-01,001A003940,10700.00,0.00,0.00,0.00,0.00,0.00,0
2025-11-01,001A003944,19300.00,19300.00,0.00,0.00,0.00,0.00,0
2025-12-01,001A003944,19300.00,0.00,0.00,0.00,0.00,0.00,0
2026-01-01,001A003944,19300.00,0.00,0.00,0.00,0.00,0.00,0
2026-02-01,001A003944,19300.00,0.00,0.00,0.00,0.00,0.00,0
2026-03-01,001A003944,19300.00,0.00,0.00,0.00,0.00,0.00,0
2026-04-01,001A003944,19300.00,0.00,0.00,0.00,0.00,0.00,0
2026-05-01,001A003944,19300.00,0.00,0.00,0.00,0.00,0.00,734
2026-06-01,001A003944,19300.00,0.00,0.00,0.00,0.00,0.00,1597
2026-07-01,001A003944,19300.00,0.00,0.00,0.00,0.00,0.00,3357
2026-08-01,001A003944,19300.00,0.00,0.00,0.00,0.00,0.00,4163
2026-09-01,001A003944,19300.00,0.00,0.00,0.00,0.00,0.00,3803
2026-05-01,001A003946,94887.00,94887.00,0.00,0.00,0.00,0.00,5236
2026-06-01,001A003946,94887.00,0.00,0.00,0.00,0.00,0.00,7596
2026-07-01,001A003946,94887.00,0.00,0.00,0.00,0.00,0.00,10866
2026-08-01,001A003946,94887.00,0.00,0.00,0.00,0.00,0.00,10607
2026-09-01,001A003946,94887.00,0.00,0.00,0.00,0.00,0.00,11799
2024-07-01,001A003961,51300.00,51300.00,0.00,0.00,0.00,0.00,10140
2024-08-01,001A003961,51300.00,0.00,0.00,0.00,0.00,0.00,6197
2024-09-01,001A003961,51300.00,0.00,0.00,0.00,0.00,0.00,9684
2024-10-01,001A003961,51300.00,0.00,0.00,0.00,0.00,0.00,5456
2024-11-01,001A003961,51300.00,0.00,0.00,0.00,0.00,0.00,9574
2024-12-01,001A003961,51300.00,0.00,0.00,0.00,0.00,0.00,13289
2025-01-01,001A003961,51300.00,0.00,0.00,0.00,0.00,0.00,14716
2025-02-01,001A003961,51300.00,0.00,0.00,0.00,0.00,0.00,11673
2025-03-01,001A003961,51300.00,0.00,0.00,0.00,0.00,0.00,19816
2025-04-01,001A003961,51300.00,0.00,0.00,0.00,0.00,0.00,21769
2025-05-01,001A003961,51300.00,0.00,0.00,0.00,0.00,0.00,24671
2025-06-01,001A003961,51300.00,0.00,0.00,0.00,0.00,0.00,30076
2025-07-01,001A003961,34000.00,0.00,0.00,-17300.00,0.00,0.00,27421
2025-08-01,001A003961,42000.00,0.00,8000.00,0.00,0.00,0.00,25252
2025-09-01,001A003961,42000.00,0.00,0.00,0.00,0.00,0.00,28699
2025-10-01,001A003961,42000.00,0.00,0.00,0.00,0.00,0.00,42934
2025-11-01,001A003961,42000.00,0.00,0.00,0.00,0.00,0.00,41572
2025-12-01,001A003961,42000.00,0.00,0.00,0.00,0.00,0.00,39592
2026-01-01,001A003961,69600.00,0.00,27600.00,0.00,0.00,0.00,53698
2026-02-01,001A003961,69600.00,0.00,0.00,0.00,0.00,0.00,83789
2026-03-01,001A003961,69600.00,0.00,0.00,0.00,0.00,0.00,61607
2026-04-01,001A003961,69600.00,0.00,0.00,0.00,0.00,0.00,57532
2026-05-01,001A003961,69600.00,0.00,0.00,0.00,0.00,0.00,68278
2026-06-01,001A003961,69600.00,0.00,0.00,0.00,0.00,0.00,78266
2026-07-01,001A003961,80400.00,0.00,10800.00,0.00,0.00,0.00,104757
2026-08-01,001A003961,96500.00,0.00,16100.00,0.00,0.00,0.00,76987
2026-09-01,001A003961,96500.00,0.00,0.00,0.00,0.00,0.00,73511
2026-09-01,001A003964,28700.00,28700.00,0.00,0.00,0.00,0.00,28234
2026-06-01,001A003971,15300.00,15300.00,0.00,0.00,0.00,0.00,23709
2026-07-01,001A003971,15300.00,0.00,0.00,0.00,0.00,0.00,28529
2026-08-01,001A003971,15300.00,0.00,0.00,0.00,0.00,0.00,17062
2026-09-01,001A003971,15300.00,0.00,0.00,0.00,0.00,0.00,16714
2025-05-01,001A003986,23166.00,23166.00,0.00,0.00,0.00,0.00,5679
2025-06-01,001A003986,23166.00,0.00,0.00,0.00,0.00,0.00,7463
2025-07-01,001A003986,23166.00,0.00,0.00,0.00,0.00,0.00,8183
2025-08-01,001A003986,23166.00,0.00,0.00,0.00,0.00,0.00,5275
2025-09-01,001A003986,23166.00,0.00,0.00,0.00,0.00,0.00,5924
2025-10-01,001A003986,23166.00,0.00,0.00,0.00,0.00,0.00,8042
2025-11-01,001A003986,23166.00,0.00,0.00,0.00,0.00,0.00,7549
2025-12-01,001A003986,23166.00,0.00,0.00,0.00,0.00,0.00,7118
2026-01-01,001A003986,23166.00,0.00,0.00,0.00,0.00,0.00,10474
2026-02-01,001A003986,23166.00,0.00,0.00,0.00,0.00,0.00,7386
2026-03-01,001A003986,26442.00,0.00,3276.00,0.00,0.00,0.00,9191
2026-04-01,001A003986,26442.00,0.00,0.00,0.00,0.00,0.00,12960
2026-05-01,001A003986,26442.00,0.00,0.00,0.00,0.00,0.00,10095
2026-06-01,001A003986,26442.00,0.00,0.00,0.00,0.00,0.00,9413
2026-07-01,001A003986,26442.00,0.00,0.00,0.00,0.00,0.00,9110
2026-08-01,001A003986,26442.00,0.00,0.00,0.00,0.00,0.00,6960
2026-09-01,001A003986,26442.00,0.00,0.00,0.00,0.00,0.00,11475
2026-05-01,001A004001,9800.00,9800.00,0.00,0.00,0.00,0.00,13277
2026-06-01,001A004001,9800.00,0.00,0.00,0.00,0.00,0.00,9411
2026-07-01,001A004001,9800.00,0.00,0.00,0.00,0.00,0.00,7204
2026-08-01,001A004001,9800.00,0.00,0.00,0.00,0.00,0.00,9229
2026-09-01,001A004001,9800.00,0.00,0.00,0.00,0.00,0.00,9965
2025-06-01,001A004008,32100.00,32100.00,0.00,0.00,0.00,0.00,26196
2025-07-01,001A004008,32100.00,0.00,0.00,0.00,0.00,0.00,30186
2025-08-01,001A004008,32100.00,0.00,0.00,0.00,0.00,0.00,25447
2025-09-01,001A004008,32100.00,0.00,0.00,0.00,0.00,0.00,26633
2025-10-01,001A004008,32100.00,0.00,0.00,0.00,0.00,0.00,31687
2025-11-01,001A004008,32100.00,0.00,0.00,0.00,0.00,0.00,26255
2025-12-01,001A004008,32100.00,0.00,0.00,0.00,0.00,0.00,56339
2026-01-01,001A004008,32100.00,0.00,0.00,0.00,0.00,0.00,61557
2026-02-01,001A004008,32100.00,0.00,0.00,0.00,0.00,0.00,83598
2026-03-01,001A004008,32100.00,0.00,0.00,0.00,0.00,0.00,111007
2026-04-01,001A004008,32100.00,0.00,0.00,0.00,0.00,0.00,116276
2026-05-01,001A004008,32100.00,0.00,0.00,0.00,0.00,0.00,99259
2026-06-01,001A004008,32100.00,0.00,0.00,0.00,0.00,6.74,162184
2026-07-01,001A004008,32100.00,0.00,0.00,0.00,0.00,0.00,145534
2026-08-01,001A004008,32100.00,0.00,0.00,0.00,0.00,0.00,141468
2026-09-01,001A004008,32100.00,0.00,0.00,0.00,0.00,171.01,203253
2025-07-01,001A004010,27495.00,27495.00,0.00,0.00,0.00,0.00,45497
2025-08-01,001A004010,27495.00,0.00,0.00,0.00,0.00,0.00,9107
2025-09-01,001A004010,27495.00,0.00,0.00,0.00,0.00,0.00,9053
2025-10-01,001A004010,27495.00,0.00,0.00,0.00,0.00,0.00,13859
2025-11-01,001A004010,27495.00,0.00,0.00,0.00,0.00,0.00,10198
2025-12-01,001A004010,27495.00,0.00,0.00,0.00,0.00,0.00,9879
2026-01-01,001A004010,27495.00,0.00,0.00,0.00,0.00,0.00,11732
2026-02-01,001A004010,27495.00,0.00,0.00,0.00,0.00,0.00,11075
2026-03-01,001A004010,27495.00,0.00,0.00,0.00,0.00,0.00,11631
2026-04-01,001A004010,27495.00,0.00,0.00,0.00,0.00,0.00,9786
2026-05-01,001A004010,27495.00,0.00,0.00,0.00,0.00,0.00,12637
2026-06-01,001A004010,27495.00,0.00,0.00,0.00,0.00,0.00,9783
2026-07-01,001A004010,21795.00,0.00,0.00,-5700.00,0.00,0.00,0
2026-08-01,001A004010,21795.00,0.00,0.00,0.00,0.00,0.00,1307
2026-09-01,001A004010,21795.00,0.00,0.00,0.00,0.00,0.00,4306
2026-04-01,001A004019,8924.00,8924.00,0.00,0.00,0.00,0.00,2881
2026-05-01,001A004019,8924.00,0.00,0.00,0.00,0.00,0.00,1484
2026-06-01,001A004019,8924.00,0.00,0.00,0.00,0.00,0.00,4477
2026-07-01,001A004019,8924.00,0.00,0.00,0.00,0.00,0.00,3269
2026-08-01,001A004019,8924.00,0.00,0.00,0.00,0.00,0.00,3342
2026-09-01,001A004019,8924.00,0.00,0.00,0.00,0.00,0.00,3783
2025-09-01,001A004058,13100.00,13100.00,0.00,0.00,0.00,0.00,2402
2025-10-01,001A004058,13100.00,0.00,0.00,0.00,0.00,0.00,1184
2025-11-01,001A004058,13100.00,0.00,0.00,0.00,0.00,0.00,1863
2025-12-01,001A004058,13100.00,0.00,0.00,0.00,0.00,0.00,1842
2026-01-01,001A004058,13100.00,0.00,0.00,0.00,0.00,0.00,0
2026-02-01,001A004058,13100.00,0.00,0.00,0.00,0.00,0.00,0
2026-03-01,001A004058,13100.00,0.00,0.00,0.00,0.00,0.00,0
2026-04-01,001A004058,13100.00,0.00,0.00,0.00,0.00,0.00,0
2026-05-01,001A004058,13100.00,0.00,0.00,0.00,0.00,0.00,54
2026-06-01,001A004058,13100.00,0.00,0.00,0.00,0.00,0.00,82
2026-07-01,001A004058,13100.00,0.00,0.00,0.00,0.00,0.00,189
2026-08-01,001A004058,13100.00,0.00,0.00,0.00,0.00,0.00,140
2026-09-01,001A004058,0.00,0.00,0.00,0.00,-13100.00,0.00,112
2026-04-01,001A004069,27300.00,27300.00,0.00,0.00,0.00,0.00,3904
2026-05-01,001A004069,27300.00,0.00,0.00,0.00,0.00,0.00,6151
2026-06-01,001A004069,27300.00,0.00,0.00,0.00,0.00,0.00,14492
2026-07-01,001A004069,27300.00,0.00,0.00,0.00,0.00,0.00,17643
2026-08-01,001A004069,27300.00,0.00,0.00,0.00,0.00,0.00,33584
2026-09-01,001A004069,27300.00,0.00,0.00,0.00,0.00,0.00,30126
2025-01-01,001A004076,72220.00,72220.00,0.00,0.00,0.00,0.00,0
2025-02-01,001A004076,72220.00,0.00,0.00,0.00,0.00,0.00,0
2025-03-01,001A004076,72220.00,0.00,0.00,0.00,0.00,0.00,0
2025-04-01,001A004076,72220.00,0.00,0.00,0.00,0.00,0.00,0
2025-05-01,001A004076,72220.00,0.00,0.00,0.00,0.00,0.00,0
2025-06-01,001A004076,72220.00,0.00,0.00,0.00,0.00,0.00,0
2025-07-01,001A004076,72220.00,0.00,0.00,0.00,0.00,0.00,0
2025-08-01,001A004076,72220.00,0.00,0.00,0.00,0.00,0.00,0
2025-09-01,001A004076,72220.00,0.00,0.00,0.00,0.00,0.00,0
2025-10-01,001A004076,72220.00,0.00,0.00,0.00,0.00,0.00,0
2025-11-01,001A004076,72220.00,0.00,0.00,0.00,0.00,0.00,0
2025-12-01,001A004076,72220.00,0.00,0.00,0.00,0.00,0.00,0
2026-01-01,001A004076,72220.00,0.00,0.00,0.00,0.00,0.00,0
2026-02-01,001A004076,72220.00,0.00,0.00,0.00,0.00,0.00,0
2026-03-01,001A004076,72220.00,0.00,0.00,0.00,0.00,0.00,0
2026-04-01,001A004076,72220.00,0.00,0.00,0.00,0.00,0.00,0
2026-05-01,001A004076,72220.00,0.00,0.00,0.00,0.00,0.00,0
2026-06-01,001A004076,72220.00,0.00,0.00,0.00,0.00,0.00,0
2026-07-01,001A004076,72220.00,0.00,0.00,0.00,0.00,0.00,0
2026-08-01,001A004076,72220.00,0.00,0.00,0.00,0.00,0.00,496
2026-09-01,001A004076,79672.00,0.00,7452.00,0.00,0.00,0.00,1132
2026-05-01,001A004087,30360.00,30360.00,0.00,0.00,0.00,0.00,14472
2026-06-01,001A004087,30360.00,0.00,0.00,0.00,0.00,0.00,13163
2026-07-01,001A004087,30360.00,0.00,0.00,0.00,0.00,0.00,13438
2026-08-01,001A004087,30360.00,0.00,0.00,0.00,0.00,0.00,9519
2026-09-01,001A004087,30360.00,0.00,0.00,0.00,0.00,0.00,10976
2025-07-01,001A004099,40572.00,40572.00,0.00,0.00,0.00,0.00,4604
2025-08-01,001A004099,40572.00,0.00,0.00,0.00,0.00,0.00,2387
2025-09-01,001A004099,40572.00,0.00,0.00,0.00,0.00,0.00,6262
2025-10-01,001A004099,40572.00,0.00,0.00,0.00,0.00,0.00,4268
2025-11-01,001A004099,40572.00,0.00,0.00,0.00,0.00,0.00,5874
2025-12-01,001A004099,40572.00,0.00,0.00,0.00,0.00,0.00,8975
2026-01-01,001A004099,40572.00,0.00,0.00,0.00,0.00,0.00,9302
2026-02-01,001A004099,40572.00,0.00,0.00,0.00,0.00,0.00,14085
2026-03-01,001A004099,40572.00,0.00,0.00,0.00,0.00,0.00,8379
2026-04-01,001A004099,40572.00,0.00,0.00,0.00,0.00,0.00,8199
2026-05-01,001A004099,40572.00,0.00,0.00,0.00,0.00,0.00,8123
2026-06-01,001A004099,40572.00,0.00,0.00,0.00,0.00,0.00,6809
2026-07-01,001A004099,43872.00,0.00,3300.00,0.00,0.00,0.00,6086
2026-08-01,001A004099,43872.00,0.00,0.00,0.00,0.00,0.00,6371
2026-09-01,001A004099,43872.00,0.00,0.00,0.00,0.00,0.00,7181
2026-02-01,001A004100,19400.00,19400.00,0.00,0.00,0.00,0.00,15659
2026-03-01,001A004100,19400.00,0.00,0.00,0.00,0.00,0.00,20195
2026-04-01,001A004100,19400.00,0.00,0.00,0.00,0.00,0.00,17744
2026-05-01,001A004100,19400.00,0.00,0.00,0.00,0.00,0.00,13417
2026-06-01,001A004100,19400.00,0.00,0.00,0.00,0.00,0.00,24651
2026-07-01,001A004100,19400.00,0.00,0.00,0.00,0.00,0.00,22706
2026-08-01,001A004100,19400.00,0.00,0.00,0.00,0.00,0.00,24849
2026-09-01,001A004100,19400.00,0.00,0.00,0.00,0.00,0.00,17923
2024-12-01,001A004102,15600.00,15600.00,0.00,0.00,0.00,0.00,3985
2025-01-01,001A004102,15600.00,0.00,0.00,0.00,0.00,0.00,4690
2025-02-01,001A004102,15600.00,0.00,0.00,0.00,0.00,0.00,5444
2025-03-01,001A004102,15600.00,0.00,0.00,0.00,0.00,0.00,3997
2025-04-01,001A004102,15600.00,0.00,0.00,0.00,0.00,0.00,2215
2025-05-01,001A004102,15600.00,0.00,0.00,0.00,0.00,0.00,4411
2025-06-01,001A004102,15600.00,0.00,0.00,0.00,0.00,0.00,3010
2025-07-01,001A004102,15600.00,0.00,0.00,0.00,0.00,0.00,5959
2025-08-01,001A004102,15600.00,0.00,0.00,0.00,0.00,0.00,5921
2025-09-01,001A004102,15600.00,0.00,0.00,0.00,0.00,0.00,3032
2025-10-01,001A004102,15600.00,0.00,0.00,0.00,0.00,0.00,4149
2025-11-01,001A004102,15600.00,0.00,0.00,0.00,0.00,0.00,3007
2025-12-01,001A004102,15600.00,0.00,0.00,0.00,0.00,0.00,4024
2026-01-01,001A004102,15600.00,0.00,0.00,0.00,0.00,0.00,3445
2026-02-01,001A004102,15600.00,0.00,0.00,0.00,0.00,0.00,4309
2026-03-01,001A004102,15600.00,0.00,0.00,0.00,0.00,0.00,4637
2026-04-01,001A004102,15600.00,0.00,0.00,0.00,0.00,0.00,4565
2026-05-01,001A004102,15600.00,0.00,0.00,0.00,0.00,0.00,2874
2026-06-01,001A004102,15600.00,0.00,0.00,0.00,0.00,0.00,5681
2026-07-01,001A004102,17200.00,0.00,1600.00,0.00,0.00,0.00,6022
2026-08-01,001A004102,17200.00,0.00,0.00,0.00,0.00,0.00,4519
2026-09-01,001A004102,17200.00,0.00,0.00,0.00,0.00,0.00,6083
2026-03-01,001A004112,51152.00,51152.00,0.00,0.00,0.00,0.00,12023
2026-04-01,001A004112,51152.00,0.00,0.00,0.00,0.00,0.00,19044
2026-05-01,001A004112,51152.00,0.00,0.00,0.00,0.00,0.00,18008
2026-06-01,001A004112,51152.00,0.00,0.00,0.00,0.00,0.00,22233
2026-07-01,001A004112,51152.00,0.00,0.00,0.00,0.00,0.00,25562
2026-08-01,001A004112,51152.00,0.00,0.00,0.00,0.00,0.00,16860
2026-09-01,001A004112,51152.00,0.00,0.00,0.00,0.00,0.00,3001
2026-06-01,001A004124,39008.00,39008.00,0.00,0.00,0.00,0.00,0
2026-07-01,001A004124,39008.00,0.00,0.00,0.00,0.00,0.00,0
2026-08-01,001A004124,39008.00,0.00,0.00,0.00,0.00,0.00,0
2026-09-01,001A004124,39008.00,0.00,0.00,0.00,0.00,0.00,0
2026-04-01,001A004128,17848.00,17848.00,0.00,0.00,0.00,0.00,458
2026-05-01,001A004128,17848.00,0.00,0.00,0.00,0.00,0.00,769
2026-06-01,001A004128,17848.00,0.00,0.00,0.00,0.00,0.00,444
2026-07-01,001A004128,17848.00,0.00,0.00,0.00,0.00,0.00,336
2026-08-01,001A004128,17848.00,0.00,0.00,0.00,0.00,0.00,361
2026-09-01,001A004128,17848.00,0.00,0.00,0.00,0.00,0.00,433
2025-07-01,001A004156,80132.00,80132.00,0.00,0.00,0.00,0.00,11828
2025-08-01,001A004156,80132.00,0.00,0.00,0.00,0.00,0.00,7812
2025-09-01,001A004156,80132.00,0.00,0.00,0.00,0.00,0.00,9230
2025-10-01,001A004156,80132.00,0.00,0.00,0.00,0.00,0.00,10341
2025-11-01,001A004156,80132.00,0.00,0.00,0.00,0.00,0.00,8524
2025-12-01,001A004156,80132.00,0.00,0.00,0.00,0.00,0.00,14991
2026-01-01,001A004156,80132.00,0.00,0.00,0.00,0.00,0.00,17277
2026-02-01,001A004156,80132.00,0.00,0.00,0.00,0.00,0.00,11912
2026-03-01,001A004156,80132.00,0.00,0.00,0.00,0.00,0.00,19316
2026-04-01,001A004156,80132.00,0.00,0.00,0.00,0.00,0.00,11902
2026-05-01,001A004156,80132.00,0.00,0.00,0.00,0.00,0.00,25070
2026-06-01,001A004156,80132.00,0.00,0.00,0.00,0.00,0.00,18267
2026-07-01,001A004156,67032.00,0.00,0.00,-13100.00,0.00,0.00,14328
2026-08-01,001A004156,67032.00,0.00,0.00,0.00,0.00,0.00,16718
2026-09-01,001A004156,67032.00,0.00,0.00,0.00,0.00,0.00,13611
2025-06-01,001A004161,8775.00,8775.00,0.00,0.00,0.00,0.00,5768
2025-07-01,001A004161,8775.00,0.00,0.00,0.00,0.00,0.00,3360
2025-08-01,001A004161,8775.00,0.00,0.00,0.00,0.00,0.00,3103
2025-09-01,001A004161,8775.00,0.00,0.00,0.00,0.00,0.00,4685
2025-10-01,001A004161,8775.00,0.00,0.00,0.00,0.00,0.00,7605
2025-11-01,001A004161,8775.00,0.00,0.00,0.00,0.00,0.00,8066
2025-12-01,001A004161,8775.00,0.00,0.00,0.00,0.00,0.00,8098
2026-01-01,001A004161,8775.00,0.00,0.00,0.00,0.00,0.00,9398
2026-02-01,001A004161,8775.00,0.00,0.00,0.00,0.00,0.00,9467
2026-03-01,001A004161,8775.00,0.00,0.00,0.00,0.00,0.00,13082
2026-04-01,001A004161,8775.00,0.00,0.00,0.00,0.00,0.00,10591
2026-05-01,001A004161,23517.00,0.00,14742.00,0.00,0.00,0.00,10491
2026-06-01,001A004161,23517.00,0.00,0.00,0.00,0.00,0.00,12301
2026-07-01,001A004161,23517.00,0.00,0.00,0.00,0.00,0.00,17770
2026-08-01,001A004161,23517.00,0.00,0.00,0.00,0.00,0.00,13280
2026-09-01,001A004161,23517.00,0.00,0.00,0.00,0.00,0.00,14668
2026-04-01,001A004182,6900.00,6900.00,0.00,0.00,0.00,0.00,832
2026-05-01,001A004182,6900.00,0.00,0.00,0.00,0.00,0.00,646
2026-06-01,001A004182,6900.00,0.00,0.00,0.00,0.00,0.00,954
2026-07-01,001A004182,6900.00,0.00,0.00,0.00,0.00,0.00,837
2026-08-01,001A004182,6900.00,0.00,0.00,0.00,0.00,0.00,1054
2026-09-01,001A004182,6900.00,0.00,0.00,0.00,0.00,0.00,1448
2025-12-01,001A004192,17000.00,17000.00,0.00,0.00,0.00,0.00,6808
2026-01-01,001A004192,17000.00,0.00,0.00,0.00,0.00,0.00,4115
2026-02-01,001A004192,17000.00,0.00,0.00,0.00,0.00,0.00,4420
2026-03-01,001A004192,17000.00,0.00,0.00,0.00,0.00,0.00,5396
2026-04-01,001A004192,17000.00,0.00,0.00,0.00,0.00,0.00,6306
2026-05-01,001A004192,17000.00,0.00,0.00,0.00,0.00,0.00,10186
2026-06-01,001A004192,17000.00,0.00,0.00,0.00,0.00,0.00,8332
2026-07-01,001A004192,17000.00,0.00,0.00,0.00,0.00,0.00,12640
2026-08-01,001A004192,17000.00,0.00,0.00,0.00,0.00,0.00,6551
2026-09-01,001A004192,17000.00,0.00,0.00,0.00,0.00,0.00,10317
2026-02-01,001A004202,22200.00,22200.00,0.00,0.00,0.00,0.00,6768
2026-03-01,001A004202,22200.00,0.00,0.00,0.00,0.00,0.00,9651
2026-04-01,001A004202,22200.00,0.00,0.00,0.00,0.00,0.00,10881
2026-05-01,001A004202,22200.00,0.00,0.00,0.00,0.00,0.00,17784
2026-06-01,001A004202,22200.00,0.00,0.00,0.00,0.00,0.00,16401
2026-07-01,001A004202,22200.00,0.00,0.00,0.00,0.00,0.00,24743
2026-08-01,001A004202,22200.00,0.00,0.00,0.00,0.00,0.00,20513
2026-09-01,001A004202,22200.00,0.00,0.00,0.00,0.00,0.00,30004
2026-01-01,001A004237,10212.00,10212.00,0.00,0.00,0.00,0.00,3246
2026-02-01,001A004237,10212.00,0.00,0.00,0.00,0.00,0.00,3194
2026-03-01,001A004237,10212.00,0.00,0.00,0.00,0.00,0.00,3683
2026-04-01,001A004237,10212.00,0.00,0.00,0.00,0.00,0.00,4560
2026-05-01,001A004237,10212.00,0.00,0.00,0.00,0.00,0.00,3992
2026-06-01,001A004237,10212.00,0.00,0.00,0.00,0.00,0.00,6078
2026-07-01,001A004237,10212.00,0.00,0.00,0.00,0.00,0.00,7539
2026-08-01,001A004237,30544.00,0.00,20332.00,0.00,0.00,0.00,4637
2026-09-01,001A004237,30544.00,0.00,0.00,0.00,0.00,0.00,8352
2026-04-01,001A004239,10856.00,10856.00,0.00,0.00,0.00,0.00,13165
2026-05-01,001A004239,10856.00,0.00,0.00,0.00,0.00,0.00,12848
2026-06-01,001A004239,10856.00,0.00,0.00,0.00,0.00,0.00,12872
2026-07-01,001A004239,10856.00,0.00,0.00,0.00,0.00,0.00,5119
2026-08-01,001A004239,10856.00,0.00,0.00,0.00,0.00,0.00,2325
2026-09-01,001A004239,10856.00,0.00,0.00,0.00,0.00,0.00,14684
2026-08-01,001A004256,48400.00,48400.00,0.00,0.00,0.00,0.00,3007
2026-09-01,001A004256,48400.00,0.00,0.00,0.00,0.00,0.00,2602
2025-09-01,001A004261,10764.00,10764.00,0.00,0.00,0.00,0.00,5122
2025-10-01,001A004261,10764.00,0.00,0.00,0.00,0.00,0.00,4105
2025-11-01,001A004261,10764.00,0.00,0.00,0.00,0.00,0.00,6526
2025-12-01,001A004261,10764.00,0.00,0.00,0.00,0.00,0.00,9726
2026-01-01,001A004261,10764.00,0.00,0.00,0.00,0.00,0.00,5412
2026-02-01,001A004261,10764.00,0.00,0.00,0.00,0.00,0.00,7830
2026-03-01,001A004261,10764.00,0.00,0.00,0.00,0.00,0.00,11438
2026-04-01,001A004261,10764.00,0.00,0.00,0.00,0.00,0.00,8075
2026-05-01,001A004261,10764.00,0.00,0.00,0.00,0.00,0.00,15970
2026-06-01,001A004261,10764.00,0.00,0.00,0.00,0.00,0.00,13792
2026-07-01,001A004261,10764.00,0.00,0.00,0.00,0.00,0.00,17011
2026-08-01,001A004261,10764.00,0.00,0.00,0.00,0.00,0.00,22959
2026-09-01,001A004261,10764.00,0.00,0.00,0.00,0.00,0.00,25057
2025-06-01,001A004283,236100.00,236100.00,0.00,0.00,0.00,0.00,2083
2025-07-01,001A004283,236100.00,0.00,0.00,0.00,0.00,0.00,2781
2025-08-01,001A004283,236100.00,0.00,0.00,0.00,0.00,0.00,2681
2025-09-01,001A004283,236100.00,0.00,0.00,0.00,0.00,0.00,3076
2025-10-01,001A004283,236100.00,0.00,0.00,0.00,0.00,0.00,3011
2025-11-01,001A004283,236100.00,0.00,0.00,0.00,0.00,0.00,3920
2025-12-01,001A004283,236100.00,0.00,0.00,0.00,0.00,0.00,6352
2026-01-01,001A004283,236100.00,0.00,0.00,0.00,0.00,0.00,12867
2026-02-01,001A004283,236100.00,0.00,0.00,0.00,0.00,0.00,18774
2026-03-01,001A004283,236100.00,0.00,0.00,0.00,0.00,0.00,19859
2026-04-01,001A004283,236100.00,0.00,0.00,0.00,0.00,0.00,27621
2026-05-01,001A004283,236100.00,0.00,0.00,0.00,0.00,0.00,19416
2026-06-01,001A004283,236100.00,0.00,0.00,0.00,0.00,0.00,9336
2026-07-01,001A004283,245500.00,0.00,9400.00,0.00,0.00,0.00,6482
2026-08-01,001A004283,245500.00,0.00,0.00,0.00,0.00,0.00,8770
2026-09-01,001A004283,245500.00,0.00,0.00,0.00,0.00,0.00,12620
2025-07-01,001A004284,3036.00,3036.00,0.00,0.00,0.00,0.00,10922
2025-08-01,001A004284,3036.00,0.00,0.00,0.00,0.00,2.95,15918
2025-09-01,001A004284,3036.00,0.00,0.00,0.00,0.00,9.41,17533
2025-10-01,001A004284,3036.00,0.00,0.00,0.00,0.00,4.01,16183
2025-11-01,001A004284,3036.00,0.00,0.00,0.00,0.00,25.06,21445
2025-12-01,001A004284,3036.00,0.00,0.00,0.00,0.00,0.00,10689
2026-01-01,001A004284,5520.00,0.00,2484.00,0.00,0.00,25.94,34086
2026-02-01,001A004284,5520.00,0.00,0.00,0.00,0.00,67.46,44464
2026-03-01,001A004284,5520.00,0.00,0.00,0.00,0.00,210.16,80140
2026-04-01,001A004284,5520.00,0.00,0.00,0.00,0.00,153.40,65949
2026-05-01,001A004284,5520.00,0.00,0.00,0.00,0.00,182.76,73290
2026-06-01,001A004284,5520.00,0.00,0.00,0.00,0.00,162.24,68161
2026-07-01,001A004284,8096.00,0.00,2576.00,0.00,0.00,119.14,70266
2026-08-01,001A004284,8096.00,0.00,0.00,0.00,0.00,270.76,108170
2026-09-01,001A004284,8096.00,0.00,0.00,0.00,0.00,387.15,137268
2026-05-01,001A004297,73324.00,73324.00,0.00,0.00,0.00,0.00,85356
2026-06-01,001A004297,73324.00,0.00,0.00,0.00,0.00,0.00,70296
2026-07-01,001A004297,73324.00,0.00,0.00,0.00,0.00,0.00,102204
2026-08-01,001A004297,73324.00,0.00,0.00,0.00,0.00,0.00,94230
2026-09-01,001A004297,73324.00,0.00,0.00,0.00,0.00,0.00,69650
2026-09-01,001A004302,80868.00,80868.00,0.00,0.00,0.00,0.00,4109
2025-02-01,001A004325,43600.00,43600.00,0.00,0.00,0.00,0.00,4770
2025-03-01,001A004325,43600.00,0.00,0.00,0.00,0.00,0.00,3040
2025-04-01,001A004325,43600.00,0.00,0.00,0.00,0.00,0.00,4445
2025-05-01,001A004325,43600.00,0.00,0.00,0.00,0.00,0.00,3847
2025-06-01,001A004325,54400.00,0.00,10800.00,0.00,0.00,0.00,4886
2025-07-01,001A004325,54400.00,0.00,0.00,0.00,0.00,0.00,2514
2025-08-01,001A004325,54400.00,0.00,0.00,0.00,0.00,0.00,2057
2025-09-01,001A004325,54400.00,0.00,0.00,0.00,0.00,0.00,4450
2025-10-01,001A004325,54400.00,0.00,0.00,0.00,0.00,0.00,2932
2025-11-01,001A004325,54400.00,0.00,0.00,0.00,0.00,0.00,4619
2025-12-01,001A004325,54400.00,0.00,0.00,0.00,0.00,0.00,4711
2026-01-01,001A004325,54400.00,0.00,0.00,0.00,0.00,0.00,7548
2026-02-01,001A004325,54400.00,0.00,0.00,0.00,0.00,0.00,9171
2026-03-01,001A004325,54400.00,0.00,0.00,0.00,0.00,0.00,9761
2026-04-01,001A004325,54400.00,0.00,0.00,0.00,0.00,0.00,9072
2026-05-01,001A004325,54400.00,0.00,0.00,0.00,0.00,0.00,11936
2026-06-01,001A004325,54400.00,0.00,0.00,0.00,0.00,0.00,10671
2026-07-01,001A004325,54400.00,0.00,0.00,0.00,0.00,0.00,8049
2026-08-01,001A004325,54400.00,0.00,0.00,0.00,0.00,0.00,7687
2026-09-01,001A004325,54400.00,0.00,0.00,0.00,0.00,0.00,8101
2025-11-01,001A004337,9600.00,9600.00,0.00,0.00,0.00,0.00,2671
2025-12-01,001A004337,9600.00,0.00,0.00,0.00,0.00,0.00,4696
2026-01-01,001A004337,9600.00,0.00,0.00,0.00,0.00,0.00,11859
2026-02-01,001A004337,9600.00,0.00,0.00,0.00,0.00,0.00,12091
2026-03-01,001A004337,9600.00,0.00,0.00,0.00,0.00,0.00,9150
2026-04-01,001A004337,9600.00,0.00,0.00,0.00,0.00,0.00,19203
2026-05-01,001A004337,9600.00,0.00,0.00,0.00,0.00,0.00,16379
2026-06-01,001A004337,9600.00,0.00,0.00,0.00,0.00,0.00,27355
2026-07-01,001A004337,9600.00,0.00,0.00,0.00,0.00,0.00,34778
2026-08-01,001A004337,9600.00,0.00,0.00,0.00,0.00,0.00,23487
2026-09-01,001A004337,9600.00,0.00,0.00,0.00,0.00,21.78,53444
2025-08-01,001A004341,35000.00,35000.00,0.00,0.00,0.00,0.00,84621
2025-09-01,001A004341,35000.00,0.00,0.00,0.00,0.00,0.00,103208
2025-10-01,001A004341,35000.00,0.00,0.00,0.00,0.00,0.00,99488
2025-11-01,001A004341,35000.00,0.00,0.00,0.00,0.00,2.98,175746
2025-12-01,001A004341,35000.00,0.00,0.00,0.00,0.00,634.59,333647
2026-01-01,001A004341,55300.00,0.00,20300.00,0.00,0.00,0.00,192537
2026-02-01,001A004341,55300.00,0.00,0.00,0.00,0.00,0.00,142084
2026-03-01,001A004341,55300.00,0.00,0.00,0.00,0.00,238.28,336071
2026-04-01,001A004341,55300.00,0.00,0.00,0.00,0.00,177.47,320868
2026-05-01,001A004341,55300.00,0.00,0.00,0.00,0.00,55.78,290445
2026-06-01,001A004341,55300.00,0.00,0.00,0.00,0.00,955.86,515465
2026-07-01,001A004341,55300.00,0.00,0.00,0.00,0.00,1284.60,597649
2026-08-01,001A004341,55300.00,0.00,0.00,0.00,0.00,1348.07,613518
2026-09-01,001A004341,55300.00,0.00,0.00,0.00,0.00,2331.88,859470
2026-04-01,001A004355,62468.00,62468.00,0.00,0.00,0.00,0.00,14504
2026-05-01,001A004355,62468.00,0.00,0.00,0.00,0.00,0.00,20547
2026-06-01,001A004355,62468.00,0.00,0.00,0.00,0.00,0.00,19434
2026-07-01,001A004355,62468.00,0.00,0.00,0.00,0.00,0.00,16787
2026-08-01,001A004355,62468.00,0.00,0.00,0.00,0.00,0.00,20469
2026-09-01,001A004355,62468.00,0.00,0.00,0.00,0.00,0.00,18744
2026-08-01,001A004359,200560.00,200560.00,0.00,0.00,0.00,0.00,3383
2026-09-01,001A004359,200560.00,0.00,0.00,0.00,0.00,0.00,3870
2025-02-01,001A004365,47200.00,47200.00,0.00,0.00,0.00,0.00,7571
2025-03-01,001A004365,47200.00,0.00,0.00,0.00,0.00,0.00,15803
2025-04-01,001A004365,47200.00,0.00,0.00,0.00,0.00,0.00,11342
2025-05-01,001A004365,47200.00,0.00,0.00,0.00,0.00,0.00,14874
2025-06-01,001A004365,47200.00,0.00,0.00,0.00,0.00,0.00,14691
2025-07-01,001A004365,51700.00,0.00,4500.00,0.00,0.00,0.00,23232
2025-08-01,001A004365,51700.00,0.00,0.00,0.00,0.00,0.00,18902
2025-09-01,001A004365,51700.00,0.00,0.00,0.00,0.00,0.00,44726
2025-10-01,001A004365,51700.00,0.00,0.00,0.00,0.00,0.00,26435
2025-11-01,001A004365,51700.00,0.00,0.00,0.00,0.00,0.00,55987
2025-12-01,001A004365,51700.00,0.00,0.00,0.00,0.00,0.00,45719
2026-01-01,001A004365,51700.00,0.00,0.00,0.00,0.00,0.00,63292
2026-02-01,001A004365,59800.00,0.00,8100.00,0.00,0.00,0.00,116054
2026-03-01,001A004365,59800.00,0.00,0.00,0.00,0.00,0.00,117013
2026-04-01,001A004365,67900.00,0.00,8100.00,0.00,0.00,0.00,121419
2026-05-01,001A004365,67900.00,0.00,0.00,0.00,0.00,0.00,137229
2026-06-01,001A004365,67900.00,0.00,0.00,0.00,0.00,0.00,118095
2026-07-01,001A004365,67900.00,0.00,0.00,0.00,0.00,0.00,243295
2026-08-01,001A004365,67900.00,0.00,0.00,0.00,0.00,0.00,112965
2026-09-01,001A004365,67900.00,0.00,0.00,0.00,0.00,0.00,205249
2025-10-01,001A004394,17200.00,17200.00,0.00,0.00,0.00,0.00,16525
2025-11-01,001A004394,17200.00,0.00,0.00,0.00,0.00,0.00,12037
2025-12-01,001A004394,17200.00,0.00,0.00,0.00,0.00,0.00,16881
2026-01-01,001A004394,17200.00,0.00,0.00,0.00,0.00,0.00,17991
2026-02-01,001A004394,17200.00,0.00,0.00,0.00,0.00,0.00,23935
2026-03-01,001A004394,17200.00,0.00,0.00,0.00,0.00,0.00,16566
2026-04-01,001A004394,18900.00,0.00,1700.00,0.00,0.00,0.00,22860
2026-05-01,001A004394,18900.00,0.00,0.00,0.00,0.00,0.00,29262
2026-06-01,001A004394,18900.00,0.00,0.00,0.00,0.00,0.00,17246
2026-07-01,001A004394,18900.00,0.00,0.00,0.00,0.00,0.00,27176
2026-08-01,001A004394,18900.00,0.00,0.00,0.00,0.00,0.00,30700
2026-09-01,001A004394,18900.00,0.00,0.00,0.00,0.00,0.00,26049
2026-06-01,001A004414,13221.00,13221.00,0.00,0.00,0.00,0.00,5145
2026-07-01,001A004414,13221.00,0.00,0.00,0.00,0.00,0.00,5971
2026-08-01,001A004414,13221.00,0.00,0.00,0.00,0.00,0.00,4644
2026-09-01,001A004414,13221.00,0.00,0.00,0.00,0.00,0.00,5701
2026-08-01,001A004445,17300.00,17300.00,0.00,0.00,0.00,0.00,2290
2026-09-01,001A004445,17300.00,0.00,0.00,0.00,0.00,0.00,2585
2026-07-01,001A004468,124844.00,124844.00,0.00,0.00,0.00,0.00,30445
2026-08-01,001A004468,124844.00,0.00,0.00,0.00,0.00,0.00,33705
2026-09-01,001A004468,124844.00,0.00,0.00,0.00,0.00,0.00,18939
2025-03-01,001A004477,7722.00,7722.00,0.00,0.00,0.00,0.00,0
2025-04-01,001A004477,7722.00,0.00,0.00,0.00,0.00,0.00,0
2025-05-01,001A004477,7722.00,0.00,0.00,0.00,0.00,0.00,0
2025-06-01,001A004477,7722.00,0.00,0.00,0.00,0.00,0.00,0
2025-07-01,001A004477,11817.00,0.00,4095.00,0.00,0.00,0.00,0
2025-08-01,001A004477,11817.00,0.00,0.00,0.00,0.00,0.00,0
2025-09-01,001A004477,11817.00,0.00,0.00,0.00,0.00,0.00,0
2025-10-01,001A004477,11817.00,0.00,0.00,0.00,0.00,0.00,0
2025-11-01,001A004477,11817.00,0.00,0.00,0.00,0.00,0.00,0
2025-12-01,001A004477,11817.00,0.00,0.00,0.00,0.00,0.00,0
2026-01-01,001A004477,11817.00,0.00,0.00,0.00,0.00,0.00,0
2026-02-01,001A004477,11817.00,0.00,0.00,0.00,0.00,0.00,0
2026-03-01,001A004477,0.00,0.00,0.00,0.00,-11817.00,0.00,0
2024-11-01,001A004483,51012.00,51012.00,0.00,0.00,0.00,0.00,30465
2024-12-01,001A004483,51012.00,0.00,0.00,0.00,0.00,0.00,30503
2025-01-01,001A004483,51012.00,0.00,0.00,0.00,0.00,0.00,33423
2025-02-01,001A004483,51012.00,0.00,0.00,0.00,0.00,0.00,42087
2025-03-01,001A004483,51012.00,0.00,0.00,0.00,0.00,0.00,48574
2025-04-01,001A004483,51012.00,0.00,0.00,0.00,0.00,0.00,50290
2025-05-01,001A004483,51012.00,0.00,0.00,0.00,0.00,0.00,62093
2025-06-01,001A004483,51012.00,0.00,0.00,0.00,0.00,0.00,66495
2025-07-01,001A004483,51012.00,0.00,0.00,0.00,0.00,0.00,87156
2025-08-01,001A004483,51012.00,0.00,0.00,0.00,0.00,0.00,92082
2025-09-01,001A004483,51012.00,0.00,0.00,0.00,0.00,0.00,109605
2025-10-01,001A004483,51012.00,0.00,0.00,0.00,0.00,0.00,114233
2025-11-01,001A004483,60312.00,0.00,9300.00,0.00,0.00,0.00,135266
2025-12-01,001A004483,60312.00,0.00,0.00,0.00,0.00,0.00,104920
2026-01-01,001A004483,60312.00,0.00,0.00,0.00,0.00,0.00,140335
2026-02-01,001A004483,60312.00,0.00,0.00,0.00,0.00,0.00,201087
2026-03-01,001A004483,60312.00,0.00,0.00,0.00,0.00,0.00,225525
2026-04-01,001A004483,60312.00,0.00,0.00,0.00,0.00,0.00,224155
2026-05-01,001A004483,60312.00,0.00,0.00,0.00,0.00,0.00,219766
2026-06-01,001A004483,60312.00,0.00,0.00,0.00,0.00,0.00,213696
2026-07-01,001A004483,60312.00,0.00,0.00,0.00,0.00,445.88,413030
2026-08-01,001A004483,60312.00,0.00,0.00,0.00,0.00,273.58,369955
2026-09-01,001A004483,60312.00,0.00,0.00,0.00,0.00,0.00,273119
2025-07-01,001A004484,43976.00,43976.00,0.00,0.00,0.00,0.00,0
2025-08-01,001A004484,43976.00,0.00,0.00,0.00,0.00,0.00,0
2025-09-01,001A004484,43976.00,0.00,0.00,0.00,0.00,0.00,0
2025-10-01,001A004484,43976.00,0.00,0.00,0.00,0.00,0.00,0
2025-11-01,001A004484,43976.00,0.00,0.00,0.00,0.00,0.00,0
2025-12-01,001A004484,43976.00,0.00,0.00,0.00,0.00,0.00,0
2026-01-01,001A004484,43976.00,0.00,0.00,0.00,0.00,0.00,0
2026-02-01,001A004484,43976.00,0.00,0.00,0.00,0.00,0.00,0
2026-03-01,001A004484,43976.00,0.00,0.00,0.00,0.00,0.00,0
2026-04-01,001A004484,43976.00,0.00,0.00,0.00,0.00,0.00,0
2026-05-01,001A004484,43976.00,0.00,0.00,0.00,0.00,0.00,0
2026-06-01,001A004484,43976.00,0.00,0.00,0.00,0.00,0.00,0
2026-07-01,001A004484,30076.00,0.00,0.00,-13900.00,0.00,0.00,0
2026-08-01,001A004484,30076.00,0.00,0.00,0.00,0.00,0.00,0
2026-09-01,001A004484,30076.00,0.00,0.00,0.00,0.00,0.00,0
2026-08-01,001A004491,12512.00,12512.00,0.00,0.00,0.00,0.00,467
2026-09-01,001A004491,12512.00,0.00,0.00,0.00,0.00,0.00,679
2026-02-01,001A004496,18400.00,18400.00,0.00,0.00,0.00,0.00,18793
2026-03-01,001A004496,18400.00,0.00,0.00,0.00,0.00,0.00,23449
2026-04-01,001A004496,18400.00,0.00,0.00,0.00,0.00,0.00,18815
2026-05-01,001A004496,18400.00,0.00,0.00,0.00,0.00,0.00,20019
2026-06-01,001A004496,18400.00,0.00,0.00,0.00,0.00,0.00,19031
2026-07-01,001A004496,18400.00,0.00,0.00,0.00,0.00,0.00,24021
2026-08-01,001A004496,18400.00,0.00,0.00,0.00,0.00,0.00,24003
2026-09-01,001A004496,18400.00,0.00,0.00,0.00,0.00,0.00,28517
2025-03-01,001A004499,80868.00,80868.00,0.00,0.00,0.00,0.00,12920
2025-04-01,001A004499,80868.00,0.00,0.00,0.00,0.00,0.00,11073
2025-05-01,001A004499,80868.00,0.00,0.00,0.00,0.00,0.00,6748
2025-06-01,001A004499,80868.00,0.00,0.00,0.00,0.00,0.00,7209
2025-07-01,001A004499,80868.00,0.00,0.00,0.00,0.00,0.00,6118
2025-08-01,001A004499,80868.00,0.00,0.00,0.00,0.00,0.00,0
2025-09-01,001A004499,80868.00,0.00,0.00,0.00,0.00,0.00,0
2025-10-01,001A004499,80868.00,0.00,0.00,0.00,0.00,0.00,0
2025-11-01,001A004499,80868.00,0.00,0.00,0.00,0.00,0.00,0
2025-12-01,001A004499,80868.00,0.00,0.00,0.00,0.00,0.00,53
2026-01-01,001A004499,80868.00,0.00,0.00,0.00,0.00,0.00,97
2026-02-01,001A004499,80868.00,0.00,0.00,0.00,0.00,0.00,264
2026-03-01,001A004499,80868.00,0.00,0.00,0.00,0.00,0.00,505
2026-04-01,001A004499,80868.00,0.00,0.00,0.00,0.00,0.00,344
2026-05-01,001A004499,80868.00,0.00,0.00,0.00,0.00,0.00,380
2026-06-01,001A004499,87584.00,0.00,6716.00,0.00,0.00,0.00,293
2026-07-01,001A004499,87584.00,0.00,0.00,0.00,0.00,0.00,505
2026-08-01,001A004499,87584.00,0.00,0.00,0.00,0.00,0.00,327
2026-09-01,001A004499,87584.00,0.00,0.00,0.00,0.00,0.00,194
2025-12-01,001A004505,7100.00,7100.00,0.00,0.00,0.00,0.00,15518
2026-01-01,001A004505,7100.00,0.00,0.00,0.00,0.00,0.00,19456
2026-02-01,001A004505,7100.00,0.00,0.00,0.00,0.00,0.00,17856
2026-03-01,001A004505,7100.00,0.00,0.00,0.00,0.00,0.00,16868
2026-04-01,001A004505,7100.00,0.00,0.00,0.00,0.00,0.00,18265
2026-05-01,001A004505,7100.00,0.00,0.00,0.00,0.00,0.00,32817
2026-06-01,001A004505,7100.00,0.00,0.00,0.00,0.00,36.36,44591
2026-07-01,001A004505,7100.00,0.00,0.00,0.00,0.00,13.47,38868
2026-08-01,001A004505,7100.00,0.00,0.00,0.00,0.00,111.71,63427
2026-09-01,001A004505,7100.00,0.00,0.00,0.00,0.00,0.00,29699
2025-08-01,001A004509,6700.00,6700.00,0.00,0.00,0.00,0.00,12893
2025-09-01,001A004509,6700.00,0.00,0.00,0.00,0.00,0.00,18609
2025-10-01,001A004509,6700.00,0.00,0.00,0.00,0.00,0.00,12255
2025-11-01,001A004509,6700.00,0.00,0.00,0.00,0.00,0.00,15065
2025-12-01,001A004509,6700.00,0.00,0.00,0.00,0.00,0.00,14379
2026-01-01,001A004509,6700.00,0.00,0.00,0.00,0.00,0.00,23970
2026-02-01,001A004509,6700.00,0.00,0.00,0.00,0.00,0.00,20352
2026-03-01,001A004509,6700.00,0.00,0.00,0.00,0.00,0.00,13248
2026-04-01,001A004509,6700.00,0.00,0.00,0.00,0.00,0.00,18588
2026-05-01,001A004509,6700.00,0.00,0.00,0.00,0.00,0.00,13208
2026-06-01,001A004509,6700.00,0.00,0.00,0.00,0.00,0.00,14191
2026-07-01,001A004509,13200.00,0.00,6500.00,0.00,0.00,0.00,22107
2026-08-01,001A004509,13200.00,0.00,0.00,0.00,0.00,0.00,11916
2026-09-01,001A004509,13200.00,0.00,0.00,0.00,0.00,0.00,19964
2026-07-01,001A004518,42044.00,42044.00,0.00,0.00,0.00,0.00,16673
2026-08-01,001A004518,42044.00,0.00,0.00,0.00,0.00,0.00,16439
2026-09-01,001A004518,42044.00,0.00,0.00,0.00,0.00,0.00,14876
2026-08-01,001A004523,7176.00,7176.00,0.00,0.00,0.00,0.00,6337
2026-09-01,001A004523,7176.00,0.00,0.00,0.00,0.00,0.00,8719
2025-08-01,001A004544,10700.00,10700.00,0.00,0.00,0.00,0.00,5975
2025-09-01,001A004544,10700.00,0.00,0.00,0.00,0.00,0.00,6494
2025-10-01,001A004544,10700.00,0.00,0.00,0.00,0.00,0.00,4870
2025-11-01,001A004544,10700.00,0.00,0.00,0.00,0.00,0.00,10484
2025-12-01,001A004544,10700.00,0.00,0.00,0.00,0.00,0.00,11405
2026-01-01,001A004544,10700.00,0.00,0.00,0.00,0.00,0.00,14578
2026-02-01,001A004544,10700.00,0.00,0.00,0.00,0.00,0.00,13473
2026-03-01,001A004544,10700.00,0.00,0.00,0.00,0.00,0.00,16269
2026-04-01,001A004544,10700.00,0.00,0.00,0.00,0.00,0.00,22771
2026-05-01,001A004544,23200.00,0.00,12500.00,0.00,0.00,0.00,18333
2026-06-01,001A004544,23200.00,0.00,0.00,0.00,0.00,0.00,24840
2026-07-01,001A004544,23200.00,0.00,0.00,0.00,0.00,0.00,26576
2026-08-01,001A004544,20200.00,0.00,0.00,-3000.00,0.00,0.00,26938
2026-09-01,001A004544,20200.00,0.00,0.00,0.00,0.00,0.00,23681
2025-03-01,001A004548,33120.00,33120.00,0.00,0.00,0.00,0.00,7715
2025-04-01,001A004548,33120.00,0.00,0.00,0.00,0.00,0.00,4751
2025-05-01,001A004548,33120.00,0.00,0.00,0.00,0.00,0.00,11902
2025-06-01,001A004548,33120.00,0.00,0.00,0.00,0.00,0.00,8512
2025-07-01,001A004548,33120.00,0.00,0.00,0.00,0.00,0.00,11441
2025-08-01,001A004548,33120.00,0.00,0.00,0.00,0.00,0.00,7195
2025-09-01,001A004548,33120.00,0.00,0.00,0.00,0.00,0.00,16721
2025-10-01,001A004548,33120.00,0.00,0.00,0.00,0.00,0.00,17215
2025-11-01,001A004548,33120.00,0.00,0.00,0.00,0.00,0.00,18371
2025-12-01,001A004548,33120.00,0.00,0.00,0.00,0.00,0.00,19890
2026-01-01,001A004548,33120.00,0.00,0.00,0.00,0.00,0.00,21590
2026-02-01,001A004548,33120.00,0.00,0.00,0.00,0.00,0.00,19926
2026-03-01,001A004548,33120.00,0.00,0.00,0.00,0.00,0.00,26071
2026-04-01,001A004548,51704.00,0.00,18584.00,0.00,0.00,0.00,29360
2026-05-01,001A004548,51704.00,0.00,0.00,0.00,0.00,0.00,29977
2026-06-01,001A004548,51704.00,0.00,0.00,0.00,0.00,0.00,28732
2026-07-01,001A004548,51704.00,0.00,0.00,0.00,0.00,0.00,34633
2026-08-01,001A004548,51704.00,0.00,0.00,0.00,0.00,0.00,34902
2026-09-01,001A004548,51704.00,0.00,0.00,0.00,0.00,0.00,27352
2026-04-01,001A004560,71852.00,71852.00,0.00,0.00,0.00,0.00,16138
2026-05-01,001A004560,71852.00,0.00,0.00,0.00,0.00,0.00,16272
2026-06-01,001A004560,71852.00,0.00,0.00,0.00,0.00,0.00,26578
2026-07-01,001A004560,71852.00,0.00,0.00,0.00,0.00,0.00,32215
2026-08-01,001A004560,87492.00,0.00,15640.00,0.00,0.00,0.00,30732
2026-09-01,001A004560,87492.00,0.00,0.00,0.00,0.00,0.00,31882
2026-04-01,001A004578,15700.00,15700.00,0.00,0.00,0.00,0.00,5374
2026-05-01,001A004578,15700.00,0.00,0.00,0.00,0.00,0.00,3179
2026-06-01,001A004578,15700.00,0.00,0.00,0.00,0.00,0.00,3290
2026-07-01,001A004578,15700.00,0.00,0.00,0.00,0.00,0.00,5242
2026-08-01,001A004578,15700.00,0.00,0.00,0.00,0.00,0.00,3905
2026-09-01,001A004578,15700.00,0.00,0.00,0.00,0.00,0.00,4475
2024-11-01,001A004581,34868.00,34868.00,0.00,0.00,0.00,0.00,2134
2024-12-01,001A004581,34868.00,0.00,0.00,0.00,0.00,0.00,4126
2025-01-01,001A004581,34868.00,0.00,0.00,0.00,0.00,0.00,3800
2025-02-01,001A004581,34868.00,0.00,0.00,0.00,0.00,0.00,3511
2025-03-01,001A004581,34868.00,0.00,0.00,0.00,0.00,0.00,6277
2025-04-01,001A004581,34868.00,0.00,0.00,0.00,0.00,0.00,3165
2025-05-01,001A004581,34868.00,0.00,0.00,0.00,0.00,0.00,4902
2025-06-01,001A004581,34868.00,0.00,0.00,0.00,0.00,0.00,3229
2025-07-01,001A004581,34868.00,0.00,0.00,0.00,0.00,0.00,4006
2025-08-01,001A004581,34868.00,0.00,0.00,0.00,0.00,0.00,4067
2025-09-01,001A004581,34868.00,0.00,0.00,0.00,0.00,0.00,3562
2025-10-01,001A004581,34868.00,0.00,0.00,0.00,0.00,0.00,5116
2025-11-01,001A004581,40868.00,0.00,6000.00,0.00,0.00,0.00,4408
2025-12-01,001A004581,40868.00,0.00,0.00,0.00,0.00,0.00,4303
2026-01-01,001A004581,40868.00,0.00,0.00,0.00,0.00,0.00,4498
2026-02-01,001A004581,40868.00,0.00,0.00,0.00,0.00,0.00,4773
2026-03-01,001A004581,40868.00,0.00,0.00,0.00,0.00,0.00,4236
2026-04-01,001A004581,40868.00,0.00,0.00,0.00,0.00,0.00,4975
2026-05-01,001A004581,48596.00,0.00,7728.00,0.00,0.00,0.00,14039
2026-06-01,001A004581,48596.00,0.00,0.00,0.00,0.00,0.00,13568
2026-07-01,001A004581,48596.00,0.00,0.00,0.00,0.00,0.00,42687
2026-08-01,001A004581,48596.00,0.00,0.00,0.00,0.00,0.00,27397
2026-09-01,001A004581,48596.00,0.00,0.00,0.00,0.00,0.00,33935
2026-01-01,001A004582,16836.00,16836.00,0.00,0.00,0.00,0.00,470
2026-02-01,001A004582,16836.00,0.00,0.00,0.00,0.00,0.00,317
2026-03-01,001A004582,16836.00,0.00,0.00,0.00,0.00,0.00,217
2026-04-01,001A004582,16836.00,0.00,0.00,0.00,0.00,0.00,450
2026-05-01,001A004582,24748.00,0.00,7912.00,0.00,0.00,0.00,130
2026-06-01,001A004582,24748.00,0.00,0.00,0.00,0.00,0.00,0
2026-07-01,001A004582,24748.00,0.00,0.00,0.00,0.00,0.00,0
2026-08-01,001A004582,24748.00,0.00,0.00,0.00,0.00,0.00,0
2026-09-01,001A004582,24748.00,0.00,0.00,0.00,0.00,0.00,0
2025-05-01,001A004595,8004.00,8004.00,0.00,0.00,0.00,0.00,2701
2025-06-01,001A004595,8004.00,0.00,0.00,0.00,0.00,0.00,2386
2025-07-01,001A004595,8004.00,0.00,0.00,0.00,0.00,0.00,2687
2025-08-01,001A004595,8004.00,0.00,0.00,0.00,0.00,0.00,2348
2025-09-01,001A004595,8004.00,0.00,0.00,0.00,0.00,0.00,1649
2025-10-01,001A004595,8004.00,0.00,0.00,0.00,0.00,0.00,3473
2025-11-01,001A004595,11408.00,0.00,3404.00,0.00,0.00,0.00,3255
2025-12-01,001A004595,11408.00,0.00,0.00,0.00,0.00,0.00,3999
2026-01-01,001A004595,11408.00,0.00,0.00,0.00,0.00,0.00,5984
2026-02-01,001A004595,11408.00,0.00,0.00,0.00,0.00,0.00,3527
2026-03-01,001A004595,11408.00,0.00,0.00,0.00,0.00,0.00,7289
2026-04-01,001A004595,11408.00,0.00,0.00,0.00,0.00,0.00,6860
2026-05-01,001A004595,11408.00,0.00,0.00,0.00,0.00,0.00,6487
2026-06-01,001A004595,15732.00,0.00,4324.00,0.00,0.00,0.00,6877
2026-07-01,001A004595,15732.00,0.00,0.00,0.00,0.00,0.00,4212
2026-08-01,001A004595,15732.00,0.00,0.00,0.00,0.00,0.00,3853
2026-09-01,001A004595,15732.00,0.00,0.00,0.00,0.00,0.00,5345
2026-08-01,001A004603,23736.00,23736.00,0.00,0.00,0.00,0.00,8512
2026-09-01,001A004603,23736.00,0.00,0.00,0.00,0.00,0.00,11355
2025-02-01,001A004620,18018.00,18018.00,0.00,0.00,0.00,0.00,7070
2025-03-01,001A004620,18018.00,0.00,0.00,0.00,0.00,0.00,11739
2025-04-01,001A004620,18018.00,0.00,0.00,0.00,0.00,0.00,14903
2025-05-01,001A004620,18018.00,0.00,0.00,0.00,0.00,0.00,9962
2025-06-01,001A004620,18018.00,0.00,0.00,0.00,0.00,0.00,15490
2025-07-01,001A004620,18018.00,0.00,0.00,0.00,0.00,0.00,27827
2025-08-01,001A004620,18018.00,0.00,0.00,0.00,0.00,0.00,33407
2025-09-01,001A004620,18018.00,0.00,0.00,0.00,0.00,0.00,27233
2025-10-01,001A004620,18018.00,0.00,0.00,0.00,0.00,0.00,19739
2025-11-01,001A004620,18018.00,0.00,0.00,0.00,0.00,0.00,27018
2025-12-01,001A004620,18018.00,0.00,0.00,0.00,0.00,0.00,40720
2026-01-01,001A004620,18018.00,0.00,0.00,0.00,0.00,0.00,42467
2026-02-01,001A004620,12718.00,0.00,0.00,-5300.00,0.00,0.00,51389
2026-03-01,001A004620,12718.00,0.00,0.00,0.00,0.00,0.00,38882
2026-04-01,001A004620,12718.00,0.00,0.00,0.00,0.00,23.34,69424
2026-05-01,001A004620,28045.00,0.00,15327.00,0.00,0.00,0.00,72625
2026-06-01,001A004620,28045.00,0.00,0.00,0.00,0.00,0.00,91080
2026-07-01,001A004620,28045.00,0.00,0.00,0.00,0.00,0.00,85853
2026-08-01,001A004620,28045.00,0.00,0.00,0.00,0.00,0.00,67728
2026-09-01,001A004620,28045.00,0.00,0.00,0.00,0.00,0.00,134097
2025-05-01,001A004625,16376.00,16376.00,0.00,0.00,0.00,0.00,508
2025-06-01,001A004625,16376.00,0.00,0.00,0.00,0.00,0.00,1098
2025-07-01,001A004625,16376.00,0.00,0.00,0.00,0.00,0.00,629
2025-08-01,001A004625,16376.00,0.00,0.00,0.00,0.00,0.00,632
2025-09-01,001A004625,16376.00,0.00,0.00,0.00,0.00,0.00,1004
2025-10-01,001A004625,16376.00,0.00,0.00,0.00,0.00,0.00,858
2025-11-01,001A004625,16376.00,0.00,0.00,0.00,0.00,0.00,808
2025-12-01,001A004625,16376.00,0.00,0.00,0.00,0.00,0.00,1777
2026-01-01,001A004625,16376.00,0.00,0.00,0.00,0.00,0.00,471
2026-02-01,001A004625,16376.00,0.00,0.00,0.00,0.00,0.00,1195
2026-03-01,001A004625,16376.00,0.00,0.00,0.00,0.00,0.00,710
2026-04-01,001A004625,16376.00,0.00,0.00,0.00,0.00,0.00,1304
2026-05-01,001A004625,0.00,0.00,0.00,0.00,-16376.00,0.00,0
2026-06-01,001A004627,16700.00,16700.00,0.00,0.00,0.00,0.00,1906
2026-07-01,001A004627,16700.00,0.00,0.00,0.00,0.00,0.00,2683
2026-08-01,001A004627,16700.00,0.00,0.00,0.00,0.00,0.00,2625
2026-09-01,001A004627,16700.00,0.00,0.00,0.00,0.00,0.00,2974
2026-06-01,001A004634,55292.00,55292.00,0.00,0.00,0.00,0.00,810
2026-07-01,001A004634,55292.00,0.00,0.00,0.00,0.00,0.00,1403
2026-08-01,001A004634,55292.00,0.00,0.00,0.00,0.00,0.00,1639
2026-09-01,001A004634,55292.00,0.00,0.00,0.00,0.00,0.00,1912
2026-03-01,001A004648,16700.00,16700.00,0.00,0.00,0.00,0.00,444
2026-04-01,001A004648,16700.00,0.00,0.00,0.00,0.00,0.00,428
2026-05-01,001A004648,16700.00,0.00,0.00,0.00,0.00,0.00,1348
2026-06-01,001A004648,16700.00,0.00,0.00,0.00,0.00,0.00,1795
2026-07-01,001A004648,16700.00,0.00,0.00,0.00,0.00,0.00,1413
2026-08-01,001A004648,16700.00,0.00,0.00,0.00,0.00,0.00,2339
2026-09-01,001A004648,16700.00,0.00,0.00,0.00,0.00,0.00,2214
2025-08-01,001A004649,17100.00,17100.00,0.00,0.00,0.00,0.00,14297
2025-09-01,001A004649,17100.00,0.00,0.00,0.00,0.00,0.00,13753
2025-10-01,001A004649,17100.00,0.00,0.00,0.00,0.00,0.00,14613
2025-11-01,001A004649,17100.00,0.00,0.00,0.00,0.00,0.00,9132
2025-12-01,001A004649,17100.00,0.00,0.00,0.00,0.00,0.00,13906
2026-01-01,001A004649,21300.00,0.00,4200.00,0.00,0.00,0.00,25087
2026-02-01,001A004649,21300.00,0.00,0.00,0.00,0.00,0.00,18385
2026-03-01,001A004649,21300.00,0.00,0.00,0.00,0.00,0.00,18743
2026-04-01,001A004649,21300.00,0.00,0.00,0.00,0.00,0.00,18532
2026-05-01,001A004649,21300.00,0.00,0.00,0.00,0.00,0.00,16148
2026-06-01,001A004649,21300.00,0.00,0.00,0.00,0.00,0.00,17940
2026-07-01,001A004649,21300.00,0.00,0.00,0.00,0.00,0.00,18939
2026-08-01,001A004649,23100.00,0.00,1800.00,0.00,0.00,0.00,13243
2026-09-01,001A004649,23100.00,0.00,0.00,0.00,0.00,0.00,27151
2024-07-01,001A004650,96692.00,96692.00,0.00,0.00,0.00,0.00,23387
2024-08-01,001A004650,96692.00,0.00,0.00,0.00,0.00,0.00,28246
2024-09-01,001A004650,96692.00,0.00,0.00,0.00,0.00,0.00,38882
2024-10-01,001A004650,96692.00,0.00,0.00,0.00,0.00,0.00,39754
2024-11-01,001A004650,113252.00,0.00,16560.00,0.00,0.00,0.00,41904
2024-12-01,001A004650,113252.00,0.00,0.00,0.00,0.00,0.00,71294
2025-01-01,001A004650,113252.00,0.00,0.00,0.00,0.00,0.00,56216
2025-02-01,001A004650,113252.00,0.00,0.00,0.00,0.00,0.00,113659
2025-03-01,001A004650,113252.00,0.00,0.00,0.00,0.00,0.00,117888
2025-04-01,001A004650,113252.00,0.00,0.00,0.00,0.00,0.00,133301
2025-05-01,001A004650,113252.00,0.00,0.00,0.00,0.00,0.00,134932
2025-06-01,001A004650,113252.00,0.00,0.00,0.00,0.00,0.00,210123
2025-07-01,001A004650,113252.00,0.00,0.00,0.00,0.00,0.00,263995
2025-08-01,001A004650,113252.00,0.00,0.00,0.00,0.00,0.00,236704
2025-09-01,001A004650,113252.00,0.00,0.00,0.00,0.00,0.00,385841
2025-10-01,001A004650,113252.00,0.00,0.00,0.00,0.00,0.00,269201
2025-11-01,001A004650,113252.00,0.00,0.00,0.00,0.00,290.66,638926
2025-12-01,001A004650,113252.00,0.00,0.00,0.00,0.00,0.00,544243
2026-01-01,001A004650,113252.00,0.00,0.00,0.00,0.00,450.17,678802
2026-02-01,001A004650,113252.00,0.00,0.00,0.00,0.00,1298.26,890826
2026-03-01,001A004650,113252.00,0.00,0.00,0.00,0.00,1595.52,965141
2026-04-01,001A004650,130916.00,0.00,17664.00,0.00,0.00,4461.97,1770072
2026-05-01,001A004650,130916.00,0.00,0.00,0.00,0.00,4190.39,1702177
2026-06-01,001A004650,130916.00,0.00,0.00,0.00,0.00,4225.22,1710884
2026-07-01,001A004650,91716.00,0.00,0.00,-39200.00,0.00,7465.60,2324979
2026-08-01,001A004650,91716.00,0.00,0.00,0.00,0.00,13112.00,3736579
2026-09-01,001A004650,91716.00,0.00,0.00,0.00,0.00,6609.35,2110917
2024-09-01,001A004673,26793.00,26793.00,0.00,0.00,0.00,0.00,11158
2024-10-01,001A004673,26793.00,0.00,0.00,0.00,0.00,0.00,14329
2024-11-01,001A004673,26793.00,0.00,0.00,0.00,0.00,0.00,10373
2024-12-01,001A004673,26793.00,0.00,0.00,0.00,0.00,0.00,9678
2025-01-01,001A004673,26793.00,0.00,0.00,0.00,0.00,0.00,25797
2025-02-01,001A004673,26793.00,0.00,0.00,0.00,0.00,0.00,24229
2025-03-01,001A004673,26793.00,0.00,0.00,0.00,0.00,0.00,30600
2025-04-01,001A004673,26793.00,0.00,0.00,0.00,0.00,0.00,30544
2025-05-01,001A004673,26793.00,0.00,0.00,0.00,0.00,0.00,43028
2025-06-01,001A004673,26793.00,0.00,0.00,0.00,0.00,0.00,29333
2025-07-01,001A004673,26793.00,0.00,0.00,0.00,0.00,0.00,73914
2025-08-01,001A004673,26793.00,0.00,0.00,0.00,0.00,0.00,84054
2025-09-01,001A004673,26793.00,0.00,0.00,0.00,0.00,0.00,65622
2025-10-01,001A004673,26793.00,0.00,0.00,0.00,0.00,0.00,58433
2025-11-01,001A004673,26793.00,0.00,0.00,0.00,0.00,0.00,96997
2025-12-01,001A004673,26793.00,0.00,0.00,0.00,0.00,0.00,94580
2026-01-01,001A004673,26793.00,0.00,0.00,0.00,0.00,0.00,125018
2026-02-01,001A004673,26793.00,0.00,0.00,0.00,0.00,0.00,130797
2026-03-01,001A004673,26793.00,0.00,0.00,0.00,0.00,0.00,132690
2026-04-01,001A004673,26793.00,0.00,0.00,0.00,0.00,185.38,180310
2026-05-01,001A004673,26793.00,0.00,0.00,0.00,0.00,1127.22,415769
2026-06-01,001A004673,26793.00,0.00,0.00,0.00,0.00,657.96,298454
2026-07-01,001A004673,26793.00,0.00,0.00,0.00,0.00,1286.07,455482
2026-08-01,001A004673,26793.00,0.00,0.00,0.00,0.00,437.26,243279
2026-09-01,001A004673,40672.00,0.00,13879.00,0.00,0.00,200.11,253387
2026-09-01,001A004684,19228.00,19228.00,0.00,0.00,0.00,0.00,12148
2026-05-01,001A004688,33580.00,33580.00,0.00,0.00,0.00,0.00,10835
2026-06-01,001A004688,33580.00,0.00,0.00,0.00,0.00,0.00,15308
2026-07-01,001A004688,33580.00,0.00,0.00,0.00,0.00,0.00,19869
2026-08-01,001A004688,33580.00,0.00,0.00,0.00,0.00,0.00,19319
2026-09-01,001A004688,33580.00,0.00,0.00,0.00,0.00,0.00,17658
2025-05-01,001A004715,94800.00,94800.00,0.00,0.00,0.00,0.00,22467
2025-06-01,001A004715,94800.00,0.00,0.00,0.00,0.00,0.00,28109
2025-07-01,001A004715,94800.00,0.00,0.00,0.00,0.00,0.00,31730
2025-08-01,001A004715,94800.00,0.00,0.00,0.00,0.00,0.00,28145
2025-09-01,001A004715,94800.00,0.00,0.00,0.00,0.00,0.00,29247
2025-10-01,001A004715,94800.00,0.00,0.00,0.00,0.00,0.00,46634
2025-11-01,001A004715,94800.00,0.00,0.00,0.00,0.00,0.00,20257
2025-12-01,001A004715,94800.00,0.00,0.00,0.00,0.00,0.00,29475
2026-01-01,001A004715,94800.00,0.00,0.00,0.00,0.00,0.00,49753
2026-02-01,001A004715,94800.00,0.00,0.00,0.00,0.00,0.00,60031
2026-03-01,001A004715,109800.00,0.00,15000.00,0.00,0.00,0.00,35353
2026-04-01,001A004715,109800.00,0.00,0.00,0.00,0.00,0.00,63622
2026-05-01,001A004715,109800.00,0.00,0.00,0.00,0.00,0.00,73321
2026-06-01,001A004715,109800.00,0.00,0.00,0.00,0.00,0.00,41978
2026-07-01,001A004715,109800.00,0.00,0.00,0.00,0.00,0.00,63170
2026-08-01,001A004715,109800.00,0.00,0.00,0.00,0.00,0.00,61388
2026-09-01,001A004715,109800.00,0.00,0.00,0.00,0.00,0.00,77092
2025-10-01,001A004733,88452.00,88452.00,0.00,0.00,0.00,0.00,1750
2025-11-01,001A004733,88452.00,0.00,0.00,0.00,0.00,0.00,1637
2025-12-01,001A004733,88452.00,0.00,0.00,0.00,0.00,0.00,1548
2026-01-01,001A004733,88452.00,0.00,0.00,0.00,0.00,0.00,2477
2026-02-01,001A004733,88452.00,0.00,0.00,0.00,0.00,0.00,1411
2026-03-01,001A004733,88452.00,0.00,0.00,0.00,0.00,0.00,2146
2026-04-01,001A004733,88452.00,0.00,0.00,0.00,0.00,0.00,1269
2026-05-01,001A004733,88452.00,0.00,0.00,0.00,0.00,0.00,1761
2026-06-01,001A004733,88452.00,0.00,0.00,0.00,0.00,0.00,2557
2026-07-01,001A004733,88452.00,0.00,0.00,0.00,0.00,0.00,3787
2026-08-01,001A004733,88452.00,0.00,0.00,0.00,0.00,0.00,2798
2026-09-01,001A004733,88452.00,0.00,0.00,0.00,0.00,0.00,5369
2025-06-01,001A004745,24000.00,24000.00,0.00,0.00,0.00,0.00,1052
2025-07-01,001A004745,24000.00,0.00,0.00,0.00,0.00,0.00,856
2025-08-01,001A004745,24000.00,0.00,0.00,0.00,0.00,0.00,722
2025-09-01,001A004745,24000.00,0.00,0.00,0.00,0.00,0.00,380
2025-10-01,001A004745,24000.00,0.00,0.00,0.00,0.00,0.00,1034
2025-11-01,001A004745,24000.00,0.00,0.00,0.00,0.00,0.00,4002
2025-12-01,001A004745,24000.00,0.00,0.00,0.00,0.00,0.00,2194
2026-01-01,001A004745,24000.00,0.00,0.00,0.00,0.00,0.00,0
2026-02-01,001A004745,24000.00,0.00,0.00,0.00,0.00,0.00,0
2026-03-01,001A004745,24000.00,0.00,0.00,0.00,0.00,0.00,361
2026-04-01,001A004745,24000.00,0.00,0.00,0.00,0.00,0.00,916
2026-05-01,001A004745,24000.00,0.00,0.00,0.00,0.00,0.00,1514
2026-06-01,001A004745,27700.00,0.00,3700.00,0.00,0.00,0.00,2793
2026-07-01,001A004745,27700.00,0.00,0.00,0.00,0.00,0.00,4012
2026-08-01,001A004745,27700.00,0.00,0.00,0.00,0.00,0.00,1913
2026-09-01,001A004745,59100.00,0.00,31400.00,0.00,0.00,0.00,5039
2026-05-01,001A004757,6992.00,6992.00,0.00,0.00,0.00,0.00,8526
2026-06-01,001A004757,6992.00,0.00,0.00,0.00,0.00,0.00,13351
2026-07-01,001A004757,6992.00,0.00,0.00,0.00,0.00,0.00,9635
2026-08-01,001A004757,6992.00,0.00,0.00,0.00,0.00,0.00,8387
2026-09-01,001A004757,6992.00,0.00,0.00,0.00,0.00,0.00,11017
2026-01-01,001A004775,15400.00,15400.00,0.00,0.00,0.00,0.00,6265
2026-02-01,001A004775,15400.00,0.00,0.00,0.00,0.00,0.00,4203
2026-03-01,001A004775,15400.00,0.00,0.00,0.00,0.00,0.00,5832
2026-04-01,001A004775,15400.00,0.00,0.00,0.00,0.00,0.00,5185
2026-05-01,001A004775,15400.00,0.00,0.00,0.00,0.00,0.00,4506
2026-06-01,001A004775,15400.00,0.00,0.00,0.00,0.00,0.00,4738
2026-07-01,001A004775,15400.00,0.00,0.00,0.00,0.00,0.00,8646
2026-08-01,001A004775,15400.00,0.00,0.00,0.00,0.00,0.00,8840
2026-09-01,001A004775,15400.00,0.00,0.00,0.00,0.00,0.00,7295
2024-09-01,001A004809,28152.00,28152.00,0.00,0.00,0.00,0.00,775
2024-10-01,001A004809,28152.00,0.00,0.00,0.00,0.00,0.00,1959
2024-11-01,001A004809,28152.00,0.00,0.00,0.00,0.00,0.00,2308
2024-12-01,001A004809,28152.00,0.00,0.00,0.00,0.00,0.00,1367
2025-01-01,001A004809,28152.00,0.00,0.00,0.00,0.00,0.00,2035
2025-02-01,001A004809,28152.00,0.00,0.00,0.00,0.00,0.00,2150
2025-03-01,001A004809,28152.00,0.00,0.00,0.00,0.00,0.00,2378
2025-04-01,001A004809,28152.00,0.00,0.00,0.00,0.00,0.00,1688
2025-05-01,001A004809,28152.00,0.00,0.00,0.00,0.00,0.00,4953
2025-06-01,001A004809,28152.00,0.00,0.00,0.00,0.00,0.00,9376
2025-07-01,001A004809,46736.00,0.00,18584.00,0.00,0.00,0.00,17722
2025-08-01,001A004809,46736.00,0.00,0.00,0.00,0.00,0.00,21065
2025-09-01,001A004809,46736.00,0.00,0.00,0.00,0.00,0.00,21977
2025-10-01,001A004809,46736.00,0.00,0.00,0.00,0.00,0.00,26065
2025-11-01,001A004809,46736.00,0.00,0.00,0.00,0.00,0.00,22783
2025-12-01,001A004809,46736.00,0.00,0.00,0.00,0.00,0.00,37013
2026-01-01,001A004809,46736.00,0.00,0.00,0.00,0.00,0.00,25503
2026-02-01,001A004809,46736.00,0.00,0.00,0.00,0.00,0.00,28049
2026-03-01,001A004809,46736.00,0.00,0.00,0.00,0.00,0.00,49628
2026-04-01,001A004809,46736.00,0.00,0.00,0.00,0.00,0.00,32523
2026-05-01,001A004809,46736.00,0.00,0.00,0.00,0.00,0.00,50066
2026-06-01,001A004809,46736.00,0.00,0.00,0.00,0.00,0.00,34691
2026-07-01,001A004809,46736.00,0.00,0.00,0.00,0.00,0.00,45254
2026-08-01,001A004809,46736.00,0.00,0.00,0.00,0.00,0.00,87501
2026-09-01,001A004809,32836.00,0.00,0.00,-13900.00,0.00,0.00,104838
2026-03-01,001A004815,17400.00,17400.00,0.00,0.00,0.00,0.00,8802
2026-04-01,001A004815,17400.00,0.00,0.00,0.00,0.00,0.00,12870
2026-05-01,001A004815,17400.00,0.00,0.00,0.00,0.00,0.00,16404
2026-06-01,001A004815,17400.00,0.00,0.00,0.00,0.00,0.00,25288
2026-07-01,001A004815,17400.00,0.00,0.00,0.00,0.00,0.00,28277
2026-08-01,001A004815,23400.00,0.00,6000.00,0.00,0.00,0.00,23318
2026-09-01,001A004815,23400.00,0.00,0.00,0.00,0.00,0.00,29515
2026-08-01,001A004817,44900.00,44900.00,0.00,0.00,0.00,0.00,23776
2026-09-01,001A004817,44900.00,0.00,0.00,0.00,0.00,0.00,38981
2024-08-01,001A004825,65700.00,65700.00,0.00,0.00,0.00,0.00,15716
2024-09-01,001A004825,65700.00,0.00,0.00,0.00,0.00,0.00,20484
2024-10-01,001A004825,65700.00,0.00,0.00,0.00,0.00,0.00,12747
2024-11-01,001A004825,65700.00,0.00,0.00,0.00,0.00,0.00,18049
2024-12-01,001A004825,65700.00,0.00,0.00,0.00,0.00,0.00,32443
2025-01-01,001A004825,65700.00,0.00,0.00,0.00,0.00,0.00,29214
2025-02-01,001A004825,65700.00,0.00,0.00,0.00,0.00,0.00,21408
2025-03-01,001A004825,87800.00,0.00,22100.00,0.00,0.00,0.00,49877
2025-04-01,001A004825,87800.00,0.00,0.00,0.00,0.00,0.00,68429
2025-05-01,001A004825,87800.00,0.00,0.00,0.00,0.00,0.00,56764
2025-06-01,001A004825,87800.00,0.00,0.00,0.00,0.00,0.00,45547
2025-07-01,001A004825,87800.00,0.00,0.00,0.00,0.00,0.00,97733
2025-08-01,001A004825,77900.00,0.00,0.00,-9900.00,0.00,0.00,45074
2025-09-01,001A004825,77900.00,0.00,0.00,0.00,0.00,0.00,47708
2025-10-01,001A004825,77900.00,0.00,0.00,0.00,0.00,0.00,93575
2025-11-01,001A004825,77900.00,0.00,0.00,0.00,0.00,0.00,69850
2025-12-01,001A004825,77900.00,0.00,0.00,0.00,0.00,0.00,239382
2026-01-01,001A004825,77900.00,0.00,0.00,0.00,0.00,0.00,169718
2026-02-01,001A004825,77900.00,0.00,0.00,0.00,0.00,0.00,159831
2026-03-01,001A004825,77900.00,0.00,0.00,0.00,0.00,0.00,229488
2026-04-01,001A004825,77900.00,0.00,0.00,0.00,0.00,0.00,199417
2026-05-01,001A004825,77900.00,0.00,0.00,0.00,0.00,0.00,196704
2026-06-01,001A004825,77900.00,0.00,0.00,0.00,0.00,0.00,212022
2026-07-01,001A004825,77900.00,0.00,0.00,0.00,0.00,0.00,305580
2026-08-01,001A004825,77900.00,0.00,0.00,0.00,0.00,0.00,366261
2026-09-01,001A004825,77900.00,0.00,0.00,0.00,0.00,0.00,281382
2026-04-01,001A004836,21800.00,21800.00,0.00,0.00,0.00,0.00,18909
2026-05-01,001A004836,21800.00,0.00,0.00,0.00,0.00,0.00,15621
2026-06-01,001A004836,21800.00,0.00,0.00,0.00,0.00,0.00,25530
2026-07-01,001A004836,21800.00,0.00,0.00,0.00,0.00,0.00,27456
2026-08-01,001A004836,21800.00,0.00,0.00,0.00,0.00,0.00,32597
2026-09-01,001A004836,21800.00,0.00,0.00,0.00,0.00,0.00,43792
2026-03-01,001A004845,94200.00,94200.00,0.00,0.00,0.00,0.00,39983
2026-04-01,001A004845,94200.00,0.00,0.00,0.00,0.00,0.00,27631
2026-05-01,001A004845,94200.00,0.00,0.00,0.00,0.00,0.00,27828
2026-06-01,001A004845,94200.00,0.00,0.00,0.00,0.00,0.00,34696
2026-07-01,001A004845,94200.00,0.00,0.00,0.00,0.00,0.00,31155
2026-08-01,001A004845,94200.00,0.00,0.00,0.00,0.00,0.00,31117
2026-09-01,001A004845,100700.00,0.00,6500.00,0.00,0.00,0.00,27991
2026-08-01,001A004847,30360.00,30360.00,0.00,0.00,0.00,0.00,32756
2026-09-01,001A004847,30360.00,0.00,0.00,0.00,0.00,0.00,39208
2025-12-01,001A004856,18700.00,18700.00,0.00,0.00,0.00,0.00,5976
2026-01-01,001A004856,18700.00,0.00,0.00,0.00,0.00,0.00,13710
2026-02-01,001A004856,18700.00,0.00,0.00,0.00,0.00,0.00,8444
2026-03-01,001A004856,18700.00,0.00,0.00,0.00,0.00,0.00,6155
2026-04-01,001A004856,18700.00,0.00,0.00,0.00,0.00,0.00,10070
2026-05-01,001A004856,18700.00,0.00,0.00,0.00,0.00,0.00,6380
2026-06-01,001A004856,18700.00,0.00,0.00,0.00,0.00,0.00,9795
2026-07-01,001A004856,18700.00,0.00,0.00,0.00,0.00,0.00,9900
2026-08-01,001A004856,18700.00,0.00,0.00,0.00,0.00,0.00,0
2026-09-01,001A004856,18700.00,0.00,0.00,0.00,0.00,0.00,0
2026-09-01,001A004857,159160.00,159160.00,0.00,0.00,0.00,0.00,13860
2026-05-01,001A004863,25024.00,25024.00,0.00,0.00,0.00,0.00,13480
2026-06-01,001A004863,25024.00,0.00,0.00,0.00,0.00,0.00,12121
2026-07-01,001A004863,25024.00,0.00,0.00,0.00,0.00,0.00,11030
2026-08-01,001A004863,25024.00,0.00,0.00,0.00,0.00,0.00,11128
2026-09-01,001A004863,25024.00,0.00,0.00,0.00,0.00,0.00,11021
2025-11-01,001A004868,12400.00,12400.00,0.00,0.00,0.00,0.00,2374
2025-12-01,001A004868,12400.00,0.00,0.00,0.00,0.00,0.00,1989
2026-01-01,001A004868,12400.00,0.00,0.00,0.00,0.00,0.00,2417
2026-02-01,001A004868,12400.00,0.00,0.00,0.00,0.00,0.00,3413
2026-03-01,001A004868,12400.00,0.00,0.00,0.00,0.00,0.00,2924
2026-04-01,001A004868,12400.00,0.00,0.00,0.00,0.00,0.00,2959
2026-05-01,001A004868,12400.00,0.00,0.00,0.00,0.00,0.00,5541
2026-06-01,001A004868,12400.00,0.00,0.00,0.00,0.00,0.00,6543
2026-07-01,001A004868,12400.00,0.00,0.00,0.00,0.00,0.00,3874
2026-08-01,001A004868,12400.00,0.00,0.00,0.00,0.00,0.00,4443
2026-09-01,001A004868,12400.00,0.00,0.00,0.00,0.00,0.00,5817
2025-03-01,001A004875,25400.00,25400.00,0.00,0.00,0.00,0.00,6983
2025-04-01,001A004875,25400.00,0.00,0.00,0.00,0.00,0.00,5601
2025-05-01,001A004875,25400.00,0.00,0.00,0.00,0.00,0.00,5627
2025-06-01,001A004875,25400.00,0.00,0.00,0.00,0.00,0.00,4666
2025-07-01,001A004875,25400.00,0.00,0.00,0.00,0.00,0.00,5616
2025-08-01,001A004875,25400.00,0.00,0.00,0.00,0.00,0.00,7486
2025-09-01,001A004875,25400.00,0.00,0.00,0.00,0.00,0.00,10342
2025-10-01,001A004875,25400.00,0.00,0.00,0.00,0.00,0.00,11453
2025-11-01,001A004875,25400.00,0.00,0.00,0.00,0.00,0.00,6972
2025-12-01,001A004875,25400.00,0.00,0.00,0.00,0.00,0.00,9283
2026-01-01,001A004875,25400.00,0.00,0.00,0.00,0.00,0.00,6607
2026-02-01,001A004875,41500.00,0.00,16100.00,0.00,0.00,0.00,8269
2026-03-01,001A004875,41500.00,0.00,0.00,0.00,0.00,0.00,13584
2026-04-01,001A004875,41500.00,0.00,0.00,0.00,0.00,0.00,11422
2026-05-01,001A004875,41500.00,0.00,0.00,0.00,0.00,0.00,14124
2026-06-01,001A004875,41500.00,0.00,0.00,0.00,0.00,0.00,15854
2026-07-01,001A004875,41500.00,0.00,0.00,0.00,0.00,0.00,15510
2026-08-01,001A004875,47800.00,0.00,6300.00,0.00,0.00,0.00,18107
2026-09-01,001A004875,47800.00,0.00,0.00,0.00,0.00,0.00,22218
2024-06-01,001A004880,35200.00,35200.00,0.00,0.00,0.00,0.00,0
2024-07-01,001A004880,35200.00,0.00,0.00,0.00,0.00,0.00,0
2024-08-01,001A004880,35200.00,0.00,0.00,0.00,0.00,0.00,0
2024-09-01,001A004880,35200.00,0.00,0.00,0.00,0.00,0.00,0
2024-10-01,001A004880,35200.00,0.00,0.00,0.00,0.00,0.00,0
2024-11-01,001A004880,35200.00,0.00,0.00,0.00,0.00,0.00,278
2024-12-01,001A004880,35200.00,0.00,0.00,0.00,0.00,0.00,886
2025-01-01,001A004880,35200.00,0.00,0.00,0.00,0.00,0.00,1614
2025-02-01,001A004880,35200.00,0.00,0.00,0.00,0.00,0.00,1765
2025-03-01,001A004880,50500.00,0.00,15300.00,0.00,0.00,0.00,1803
2025-04-01,001A004880,50500.00,0.00,0.00,0.00,0.00,0.00,1185
2025-05-01,001A004880,50500.00,0.00,0.00,0.00,0.00,0.00,0
2025-06-01,001A004880,0.00,0.00,0.00,0.00,-50500.00,0.00,0
2025-12-01,001A004881,4416.00,4416.00,0.00,0.00,0.00,0.00,0
2026-01-01,001A004881,4416.00,0.00,0.00,0.00,0.00,0.00,0
2026-02-01,001A004881,4416.00,0.00,0.00,0.00,0.00,0.00,0
2026-03-01,001A004881,4416.00,0.00,0.00,0.00,0.00,0.00,0
2026-04-01,001A004881,4416.00,0.00,0.00,0.00,0.00,0.00,0
2026-05-01,001A004881,4416.00,0.00,0.00,0.00,0.00,0.00,0
2026-06-01,001A004881,4416.00,0.00,0.00,0.00,0.00,0.00,0
2026-07-01,001A004881,4416.00,0.00,0.00,0.00,0.00,0.00,0
2026-08-01,001A004881,4416.00,0.00,0.00,0.00,0.00,0.00,0
2026-09-01,001A004881,4416.00,0.00,0.00,0.00,0.00,0.00,120
2026-07-01,001A004891,33228.00,33228.00,0.00,0.00,0.00,0.00,5863
2026-08-01,001A004891,33228.00,0.00,0.00,0.00,0.00,0.00,7418
2026-09-01,001A004891,33228.00,0.00,0.00,0.00,0.00,0.00,6326
2025-02-01,001A004912,23200.00,23200.00,0.00,0.00,0.00,0.00,0
2025-03-01,001A004912,23200.00,0.00,0.00,0.00,0.00,0.00,0
2025-04-01,001A004912,23200.00,0.00,0.00,0.00,0.00,0.00,0
2025-05-01,001A004912,23200.00,0.00,0.00,0.00,0.00,0.00,0
2025-06-01,001A004912,23200.00,0.00,0.00,0.00,0.00,0.00,0
2025-07-01,001A004912,23200.00,0.00,0.00,0.00,0.00,0.00,0
2025-08-01,001A004912,23200.00,0.00,0.00,0.00,0.00,0.00,0
2025-09-01,001A004912,23200.00,0.00,0.00,0.00,0.00,0.00,0
2025-10-01,001A004912,23200.00,0.00,0.00,0.00,0.00,0.00,0
2025-11-01,001A004912,23200.00,0.00,0.00,0.00,0.00,0.00,0
2025-12-01,001A004912,23200.00,0.00,0.00,0.00,0.00,0.00,0
2026-01-01,001A004912,23200.00,0.00,0.00,0.00,0.00,0.00,0
2026-02-01,001A004912,18100.00,0.00,0.00,-5100.00,0.00,0.00,0
2026-03-01,001A004912,18100.00,0.00,0.00,0.00,0.00,0.00,0
2026-04-01,001A004912,18100.00,0.00,0.00,0.00,0.00,0.00,0
2026-05-01,001A004912,18100.00,0.00,0.00,0.00,0.00,0.00,0
2026-06-01,001A004912,18100.00,0.00,0.00,0.00,0.00,0.00,0
2026-07-01,001A004912,18100.00,0.00,0.00,0.00,0.00,0.00,0
2026-08-01,001A004912,18100.00,0.00,0.00,0.00,0.00,0.00,0
2026-09-01,001A004912,18100.00,0.00,0.00,0.00,0.00,0.00,1478
2025-08-01,001A004930,8372.00,8372.00,0.00,0.00,0.00,0.00,8122
2025-09-01,001A004930,8372.00,0.00,0.00,0.00,0.00,0.00,11592
2025-10-01,001A004930,8372.00,0.00,0.00,0.00,0.00,0.00,10386
2025-11-01,001A004930,8372.00,0.00,0.00,0.00,0.00,0.00,18737
2025-12-01,001A004930,8372.00,0.00,0.00,0.00,0.00,0.00,14444
2026-01-01,001A004930,8372.00,0.00,0.00,0.00,0.00,0.00,17771
2026-02-01,001A004930,11776.00,0.00,3404.00,0.00,0.00,0.00,22244
2026-03-01,001A004930,11776.00,0.00,0.00,0.00,0.00,0.00,27083
2026-04-01,001A004930,11776.00,0.00,0.00,0.00,0.00,0.00,14362
2026-05-01,001A004930,11776.00,0.00,0.00,0.00,0.00,0.00,16941
2026-06-01,001A004930,11776.00,0.00,0.00,0.00,0.00,0.00,40152
2026-07-01,001A004930,17388.00,0.00,5612.00,0.00,0.00,0.00,22160
2026-08-01,001A004930,20788.00,0.00,3400.00,0.00,0.00,0.00,41037
2026-09-01,001A004930,20788.00,0.00,0.00,0.00,0.00,0.00,53972
2025-10-01,001A004931,13524.00,13524.00,0.00,0.00,0.00,0.00,2646
2025-11-01,001A004931,13524.00,0.00,0.00,0.00,0.00,0.00,1714
2025-12-01,001A004931,13524.00,0.00,0.00,0.00,0.00,0.00,2104
2026-01-01,001A004931,13524.00,0.00,0.00,0.00,0.00,0.00,3357
2026-02-01,001A004931,22264.00,0.00,8740.00,0.00,0.00,0.00,2682
2026-03-01,001A004931,22264.00,0.00,0.00,0.00,0.00,0.00,2886
2026-04-01,001A004931,22264.00,0.00,0.00,0.00,0.00,0.00,2836
2026-05-01,001A004931,22264.00,0.00,0.00,0.00,0.00,0.00,1490
2026-06-01,001A004931,22264.00,0.00,0.00,0.00,0.00,0.00,1551
2026-07-01,001A004931,22264.00,0.00,0.00,0.00,0.00,0.00,1123
2026-08-01,001A004931,22264.00,0.00,0.00,0.00,0.00,0.00,1479
2026-09-01,001A004931,22264.00,0.00,0.00,0.00,0.00,0.00,1558
2025-03-01,001A004951,49312.00,49312.00,0.00,0.00,0.00,0.00,15932
2025-04-01,001A004951,49312.00,0.00,0.00,0.00,0.00,0.00,14560
2025-05-01,001A004951,49312.00,0.00,0.00,0.00,0.00,0.00,6299
2025-06-01,001A004951,49312.00,0.00,0.00,0.00,0.00,0.00,12702
2025-07-01,001A004951,49312.00,0.00,0.00,0.00,0.00,0.00,18565
2025-08-01,001A004951,49312.00,0.00,0.00,0.00,0.00,0.00,28089
2025-09-01,001A004951,49312.00,0.00,0.00,0.00,0.00,0.00,10371
2025-10-01,001A004951,49312.00,0.00,0.00,0.00,0.00,0.00,23901
2025-11-01,001A004951,49312.00,0.00,0.00,0.00,0.00,0.00,16028
2025-12-01,001A004951,49312.00,0.00,0.00,0.00,0.00,0.00,13557
2026-01-01,001A004951,49312.00,0.00,0.00,0.00,0.00,0.00,21113
2026-02-01,001A004951,49312.00,0.00,0.00,0.00,0.00,0.00,15942
2026-03-01,001A004951,49312.00,0.00,0.00,0.00,0.00,0.00,20148
2026-04-01,001A004951,49312.00,0.00,0.00,0.00,0.00,0.00,23698
2026-05-01,001A004951,49312.00,0.00,0.00,0.00,0.00,0.00,33096
2026-06-01,001A004951,49312.00,0.00,0.00,0.00,0.00,0.00,21254
2026-07-01,001A004951,55476.00,0.00,6164.00,0.00,0.00,0.00,27984
2026-08-01,001A004951,55476.00,0.00,0.00,0.00,0.00,0.00,32626
2026-09-01,001A004951,55476.00,0.00,0.00,0.00,0.00,0.00,51718
2026-01-01,001A004956,161276.00,161276.00,0.00,0.00,0.00,0.00,28700
2026-02-01,001A004956,161276.00,0.00,0.00,0.00,0.00,0.00,34506
2026-03-01,001A004956,161276.00,0.00,0.00,0.00,0.00,0.00,36524
2026-04-01,001A004956,161276.00,0.00,0.00,0.00,0.00,0.00,31208
2026-05-01,001A004956,161276.00,0.00,0.00,0.00,0.00,0.00,61848
2026-06-01,001A004956,161276.00,0.00,0.00,0.00,0.00,0.00,67880
2026-07-01,001A004956,161276.00,0.00,0.00,0.00,0.00,0.00,40255
2026-08-01,001A004956,161276.00,0.00,0.00,0.00,0.00,0.00,46218
2026-09-01,001A004956,161276.00,0.00,0.00,0.00,0.00,0.00,54541
2026-06-01,001A004966,22400.00,22400.00,0.00,0.00,0.00,0.00,20628
2026-07-01,001A004966,22400.00,0.00,0.00,0.00,0.00,0.00,14409
2026-08-01,001A004966,22400.00,0.00,0.00,0.00,0.00,0.00,15850
2026-09-01,001A004966,22400.00,0.00,0.00,0.00,0.00,0.00,14722
2025-03-01,001A004989,60200.00,60200.00,0.00,0.00,0.00,0.00,18161
2025-04-01,001A004989,60200.00,0.00,0.00,0.00,0.00,0.00,35874
2025-05-01,001A004989,60200.00,0.00,0.00,0.00,0.00,0.00,23229
2025-06-01,001A004989,60200.00,0.00,0.00,0.00,0.00,0.00,27614
2025-07-01,001A004989,60200.00,0.00,0.00,0.00,0.00,0.00,25255
2025-08-01,001A004989,60200.00,0.00,0.00,0.00,0.00,0.00,36679
2025-09-01,001A004989,60200.00,0.00,0.00,0.00,0.00,0.00,26499
2025-10-01,001A004989,60200.00,0.00,0.00,0.00,0.00,0.00,40892
2025-11-01,001A004989,60200.00,0.00,0.00,0.00,0.00,0.00,78722
2025-12-01,001A004989,60200.00,0.00,0.00,0.00,0.00,0.00,60766
2026-01-01,001A004989,60200.00,0.00,0.00,0.00,0.00,0.00,72007
2026-02-01,001A004989,60200.00,0.00,0.00,0.00,0.00,0.00,71248
2026-03-01,001A004989,74700.00,0.00,14500.00,0.00,0.00,0.00,187238
2026-04-01,001A004989,74700.00,0.00,0.00,0.00,0.00,0.00,110114
2026-05-01,001A004989,74700.00,0.00,0.00,0.00,0.00,0.00,163556
2026-06-01,001A004989,74700.00,0.00,0.00,0.00,0.00,0.00,151737
2026-07-01,001A004989,74700.00,0.00,0.00,0.00,0.00,0.00,159850
2026-08-01,001A004989,74700.00,0.00,0.00,0.00,0.00,0.00,184341
2026-09-01,001A004989,74700.00,0.00,0.00,0.00,0.00,0.00,181565
2026-01-01,001A005007,264224.00,264224.00,0.00,0.00,0.00,0.00,74433
2026-02-01,001A005007,264224.00,0.00,0.00,0.00,0.00,0.00,43438
2026-03-01,001A005007,264224.00,0.00,0.00,0.00,0.00,0.00,47128
2026-04-01,001A005007,264224.00,0.00,0.00,0.00,0.00,0.00,61590
2026-05-01,001A005007,264224.00,0.00,0.00,0.00,0.00,0.00,73639
2026-06-01,001A005007,264224.00,0.00,0.00,0.00,0.00,0.00,74232
2026-07-01,001A005007,264224.00,0.00,0.00,0.00,0.00,0.00,99566
2026-08-01,001A005007,264224.00,0.00,0.00,0.00,0.00,0.00,71215
2026-09-01,001A005007,281152.00,0.00,16928.00,0.00,0.00,0.00,137506
2025-08-01,001A005027,17600.00,17600.00,0.00,0.00,0.00,0.00,14096
2025-09-01,001A005027,17600.00,0.00,0.00,0.00,0.00,0.00,32411
2025-10-01,001A005027,17600.00,0.00,0.00,0.00,0.00,0.00,34520
2025-11-01,001A005027,17600.00,0.00,0.00,0.00,0.00,0.00,33000
2025-12-01,001A005027,17600.00,0.00,0.00,0.00,0.00,0.00,31457
2026-01-01,001A005027,17600.00,0.00,0.00,0.00,0.00,0.00,32642
2026-02-01,001A005027,17600.00,0.00,0.00,0.00,0.00,0.00,40423
2026-03-01,001A005027,17600.00,0.00,0.00,0.00,0.00,0.00,48690
2026-04-01,001A005027,17600.00,0.00,0.00,0.00,0.00,0.00,85203
2026-05-01,001A005027,17600.00,0.00,0.00,0.00,0.00,0.00,61795
2026-06-01,001A005027,17600.00,0.00,0.00,0.00,0.00,0.00,63820
2026-07-01,001A005027,17600.00,0.00,0.00,0.00,0.00,0.00,55371
2026-08-01,001A005027,17600.00,0.00,0.00,0.00,0.00,28.91,95228
2026-09-01,001A005027,17600.00,0.00,0.00,0.00,0.00,113.69,116422
2026-08-01,001A005039,18400.00,18400.00,0.00,0.00,0.00,0.00,21627
2026-09-01,001A005039,18400.00,0.00,0.00,0.00,0.00,0.00,29070
2024-05-01,001A005057,13200.00,13200.00,0.00,0.00,0.00,0.00,0
2024-06-01,001A005057,13200.00,0.00,0.00,0.00,0.00,0.00,0
2024-07-01,001A005057,13200.00,0.00,0.00,0.00,0.00,0.00,0
2024-08-01,001A005057,13200.00,0.00,0.00,0.00,0.00,0.00,0
2024-09-01,001A005057,13200.00,0.00,0.00,0.00,0.00,0.00,0
2024-10-01,001A005057,13200.00,0.00,0.00,0.00,0.00,0.00,0
2024-11-01,001A005057,13200.00,0.00,0.00,0.00,0.00,0.00,0
2024-12-01,001A005057,13200.00,0.00,0.00,0.00,0.00,0.00,0
2025-01-01,001A005057,13200.00,0.00,0.00,0.00,0.00,0.00,0
2025-02-01,001A005057,13200.00,0.00,0.00,0.00,0.00,0.00,0
2025-03-01,001A005057,13200.00,0.00,0.00,0.00,0.00,0.00,0
2025-04-01,001A005057,13200.00,0.00,0.00,0.00,0.00,0.00,0
2025-05-01,001A005057,13200.00,0.00,0.00,0.00,0.00,0.00,0
2025-06-01,001A005057,13200.00,0.00,0.00,0.00,0.00,0.00,0
2025-07-01,001A005057,13200.00,0.00,0.00,0.00,0.00,0.00,0
2025-08-01,001A005057,13200.00,0.00,0.00,0.00,0.00,0.00,0
2025-09-01,001A005057,13200.00,0.00,0.00,0.00,0.00,0.00,0
2025-10-01,001A005057,13200.00,0.00,0.00,0.00,0.00,0.00,231
2025-11-01,001A005057,13200.00,0.00,0.00,0.00,0.00,0.00,266
2025-12-01,001A005057,13200.00,0.00,0.00,0.00,0.00,0.00,611
2026-01-01,001A005057,13200.00,0.00,0.00,0.00,0.00,0.00,642
2026-02-01,001A005057,13200.00,0.00,0.00,0.00,0.00,0.00,1132
2026-03-01,001A005057,13200.00,0.00,0.00,0.00,0.00,0.00,907
2026-04-01,001A005057,13200.00,0.00,0.00,0.00,0.00,0.00,1428
2026-05-01,001A005057,13200.00,0.00,0.00,0.00,0.00,0.00,1618
2026-06-01,001A005057,13200.00,0.00,0.00,0.00,0.00,0.00,1917
2026-07-01,001A005057,18700.00,0.00,5500.00,0.00,0.00,0.00,2624
2026-08-01,001A005057,18700.00,0.00,0.00,0.00,0.00,0.00,2256
2026-09-01,001A005057,18700.00,0.00,0.00,0.00,0.00,0.00,2238
2025-11-01,001A005089,70800.00,70800.00,0.00,0.00,0.00,0.00,10203
2025-12-01,001A005089,70800.00,0.00,0.00,0.00,0.00,0.00,20540
2026-01-01,001A005089,70800.00,0.00,0.00,0.00,0.00,0.00,17508
2026-02-01,001A005089,70800.00,0.00,0.00,0.00,0.00,0.00,18641
2026-03-01,001A005089,70800.00,0.00,0.00,0.00,0.00,0.00,23261
2026-04-01,001A005089,70800.00,0.00,0.00,0.00,0.00,0.00,23220
2026-05-01,001A005089,70800.00,0.00,0.00,0.00,0.00,0.00,38237
2026-06-01,001A005089,70800.00,0.00,0.00,0.00,0.00,0.00,37561
2026-07-01,001A005089,70800.00,0.00,0.00,0.00,0.00,0.00,42767
2026-08-01,001A005089,70800.00,0.00,0.00,0.00,0.00,0.00,36362
2026-09-01,001A005089,70800.00,0.00,0.00,0.00,0.00,0.00,44590
2026-06-01,001A005090,71800.00,71800.00,0.00,0.00,0.00,0.00,17689
2026-07-01,001A005090,71800.00,0.00,0.00,0.00,0.00,0.00,29700
2026-08-01,001A005090,71800.00,0.00,0.00,0.00,0.00,0.00,21325
2026-09-01,001A005090,71800.00,0.00,0.00,0.00,0.00,0.00,30191
2026-09-01,001A005110,82000.00,82000.00,0.00,0.00,0.00,0.00,19527
2026-03-01,001A005119,9000.00,9000.00,0.00,0.00,0.00,0.00,2322
2026-04-01,001A005119,9000.00,0.00,0.00,0.00,0.00,0.00,4356
2026-05-01,001A005119,9000.00,0.00,0.00,0.00,0.00,0.00,4373
2026-06-01,001A005119,9000.00,0.00,0.00,0.00,0.00,0.00,2977
2026-07-01,001A005119,9000.00,0.00,0.00,0.00,0.00,0.00,2051
2026-08-01,001A005119,9000.00,0.00,0.00,0.00,0.00,0.00,2175
2026-09-01,001A005119,9000.00,0.00,0.00,0.00,0.00,0.00,822
2025-04-01,001A005124,25400.00,25400.00,0.00,0.00,0.00,0.00,11502
2025-05-01,001A005124,25400.00,0.00,0.00,0.00,0.00,0.00,19682
2025-06-01,001A005124,25400.00,0.00,0.00,0.00,0.00,0.00,9972
2025-07-01,001A005124,25400.00,0.00,0.00,0.00,0.00,0.00,13215
2025-08-01,001A005124,25400.00,0.00,0.00,0.00,0.00,0.00,13354
2025-09-01,001A005124,25400.00,0.00,0.00,0.00,0.00,0.00,17370
2025-10-01,001A005124,25400.00,0.00,0.00,0.00,0.00,0.00,8725
2025-11-01,001A005124,25400.00,0.00,0.00,0.00,0.00,0.00,15888
2025-12-01,001A005124,25400.00,0.00,0.00,0.00,0.00,0.00,28034
2026-01-01,001A005124,25400.00,0.00,0.00,0.00,0.00,0.00,26467
2026-02-01,001A005124,36700.00,0.00,11300.00,0.00,0.00,0.00,14892
2026-03-01,001A005124,36700.00,0.00,0.00,0.00,0.00,0.00,23626
2026-04-01,001A005124,30100.00,0.00,0.00,-6600.00,0.00,0.00,31718
2026-05-01,001A005124,30100.00,0.00,0.00,0.00,0.00,0.00,39182
2026-06-01,001A005124,30100.00,0.00,0.00,0.00,0.00,0.00,23781
2026-07-01,001A005124,30100.00,0.00,0.00,0.00,0.00,0.00,28468
2026-08-01,001A005124,34200.00,0.00,4100.00,0.00,0.00,0.00,33013
2026-09-01,001A005124,34200.00,0.00,0.00,0.00,0.00,0.00,32861
2026-01-01,001A005131,60200.00,60200.00,0.00,0.00,0.00,0.00,4711
2026-02-01,001A005131,60200.00,0.00,0.00,0.00,0.00,0.00,4585
2026-03-01,001A005131,60200.00,0.00,0.00,0.00,0.00,0.00,5262
2026-04-01,001A005131,60200.00,0.00,0.00,0.00,0.00,0.00,8211
2026-05-01,001A005131,60200.00,0.00,0.00,0.00,0.00,0.00,5655
2026-06-01,001A005131,60200.00,0.00,0.00,0.00,0.00,0.00,7490
2026-07-01,001A005131,60200.00,0.00,0.00,0.00,0.00,0.00,6460
2026-08-01,001A005131,60200.00,0.00,0.00,0.00,0.00,0.00,7366
2026-09-01,001A005131,60200.00,0.00,0.00,0.00,0.00,0.00,12992
2026-09-01,001A005137,13300.00,13300.00,0.00,0.00,0.00,0.00,23700
2025-11-01,001A005146,37812.00,37812.00,0.00,0.00,0.00,0.00,3264
2025-12-01,001A005146,37812.00,0.00,0.00,0.00,0.00,0.00,2887
2026-01-01,001A005146,37812.00,0.00,0.00,0.00,0.00,0.00,3928
2026-02-01,001A005146,37812.00,0.00,0.00,0.00,0.00,0.00,2502
2026-03-01,001A005146,37812.00,0.00,0.00,0.00,0.00,0.00,4411
2026-04-01,001A005146,37812.00,0.00,0.00,0.00,0.00,0.00,3859
2026-05-01,001A005146,43424.00,0.00,5612.00,0.00,0.00,0.00,7109
2026-06-01,001A005146,43424.00,0.00,0.00,0.00,0.00,0.00,6548
2026-07-01,001A005146,43424.00,0.00,0.00,0.00,0.00,0.00,6698
2026-08-01,001A005146,43424.00,0.00,0.00,0.00,0.00,0.00,10529
2026-09-01,001A005146,43424.00,0.00,0.00,0.00,0.00,0.00,20677
2026-02-01,001A005151,154100.00,154100.00,0.00,0.00,0.00,0.00,22647
2026-03-01,001A005151,154100.00,0.00,0.00,0.00,0.00,0.00,6644
2026-04-01,001A005151,154100.00,0.00,0.00,0.00,0.00,0.00,5166
2026-05-01,001A005151,154100.00,0.00,0.00,0.00,0.00,0.00,7088
2026-06-01,001A005151,154100.00,0.00,0.00,0.00,0.00,0.00,6561
2026-07-01,001A005151,154100.00,0.00,0.00,0.00,0.00,0.00,7491
2026-08-01,001A005151,154100.00,0.00,0.00,0.00,0.00,0.00,6182
2026-09-01,001A005151,154100.00,0.00,0.00,0.00,0.00,0.00,7872
2026-08-01,001A005171,12420.00,12420.00,0.00,0.00,0.00,0.00,17387
2026-09-01,001A005171,12420.00,0.00,0.00,0.00,0.00,0.00,16827
2026-01-01,001A005172,63388.00,63388.00,0.00,0.00,0.00,0.00,3743
2026-02-01,001A005172,63388.00,0.00,0.00,0.00,0.00,0.00,3043
2026-03-01,001A005172,63388.00,0.00,0.00,0.00,0.00,0.00,2054
2026-04-01,001A005172,63388.00,0.00,0.00,0.00,0.00,0.00,4358
2026-05-01,001A005172,63388.00,0.00,0.00,0.00,0.00,0.00,2535
2026-06-01,001A005172,63388.00,0.00,0.00,0.00,0.00,0.00,4444
2026-07-01,001A005172,63388.00,0.00,0.00,0.00,0.00,0.00,3661
2026-08-01,001A005172,63388.00,0.00,0.00,0.00,0.00,0.00,2855
2026-09-01,001A005172,63388.00,0.00,0.00,0.00,0.00,0.00,4520
2026-03-01,001A005185,14260.00,14260.00,0.00,0.00,0.00,3436.93,930533
2026-04-01,001A005185,14260.00,0.00,0.00,0.00,0.00,1939.88,556270
2026-05-01,001A005185,14260.00,0.00,0.00,0.00,0.00,4423.32,1177130
2026-06-01,001A005185,14260.00,0.00,0.00,0.00,0.00,4458.30,1185876
2026-07-01,001A005185,14260.00,0.00,0.00,0.00,0.00,7805.36,2022641
2026-08-01,001A005185,14260.00,0.00,0.00,0.00,0.00,4902.71,1296978
2026-09-01,001A005185,14260.00,0.00,0.00,0.00,0.00,6225.50,1627674
2025-07-01,001A005201,24200.00,24200.00,0.00,0.00,0.00,0.00,3670
2025-08-01,001A005201,24200.00,0.00,0.00,0.00,0.00,0.00,3316
2025-09-01,001A005201,24200.00,0.00,0.00,0.00,0.00,0.00,3503
2025-10-01,001A005201,24200.00,0.00,0.00,0.00,0.00,0.00,2891
2025-11-01,001A005201,24200.00,0.00,0.00,0.00,0.00,0.00,2821
2025-12-01,001A005201,24200.00,0.00,0.00,0.00,0.00,0.00,4285
2026-01-01,001A005201,24200.00,0.00,0.00,0.00,0.00,0.00,7095
2026-02-01,001A005201,24200.00,0.00,0.00,0.00,0.00,0.00,5970
2026-03-01,001A005201,24200.00,0.00,0.00,0.00,0.00,0.00,10569
2026-04-01,001A005201,24200.00,0.00,0.00,0.00,0.00,0.00,6193
2026-05-01,001A005201,24200.00,0.00,0.00,0.00,0.00,0.00,8781
2026-06-01,001A005201,24200.00,0.00,0.00,0.00,0.00,0.00,13563
2026-07-01,001A005201,24200.00,0.00,0.00,0.00,0.00,0.00,9118
2026-08-01,001A005201,24200.00,0.00,0.00,0.00,0.00,0.00,11663
2026-09-01,001A005201,24200.00,0.00,0.00,0.00,0.00,0.00,16930
2026-08-01,001A005208,31500.00,31500.00,0.00,0.00,0.00,0.00,14117
2026-09-01,001A005208,31500.00,0.00,0.00,0.00,0.00,0.00,15872
2026-06-01,001A005211,9828.00,9828.00,0.00,0.00,0.00,0.00,23573
2026-07-01,001A005211,9828.00,0.00,0.00,0.00,0.00,0.00,29969
2026-08-01,001A005211,9828.00,0.00,0.00,0.00,0.00,0.00,24638
2026-09-01,001A005211,9828.00,0.00,0.00,0.00,0.00,0.00,34637
2025-02-01,001A005214,6400.00,6400.00,0.00,0.00,0.00,0.00,1785
2025-03-01,001A005214,6400.00,0.00,0.00,0.00,0.00,0.00,2142
2025-04-01,001A005214,6400.00,0.00,0.00,0.00,0.00,0.00,1715
2025-05-01,001A005214,6400.00,0.00,0.00,0.00,0.00,0.00,4167
2025-06-01,001A005214,6400.00,0.00,0.00,0.00,0.00,0.00,4721
2025-07-01,001A005214,6400.00,0.00,0.00,0.00,0.00,0.00,1610
2025-08-01,001A005214,6400.00,0.00,0.00,0.00,0.00,0.00,2045
2025-09-01,001A005214,6400.00,0.00,0.00,0.00,0.00,0.00,2879
2025-10-01,001A005214,6400.00,0.00,0.00,0.00,0.00,0.00,2880
2025-11-01,001A005214,6400.00,0.00,0.00,0.00,0.00,0.00,2589
2025-12-01,001A005214,6400.00,0.00,0.00,0.00,0.00,0.00,3920
2026-01-01,001A005214,6400.00,0.00,0.00,0.00,0.00,0.00,2422
2026-02-01,001A005214,6400.00,0.00,0.00,0.00,0.00,0.00,4922
2026-03-01,001A005214,6400.00,0.00,0.00,0.00,0.00,0.00,3583
2026-04-01,001A005214,6400.00,0.00,0.00,0.00,0.00,0.00,4132
2026-05-01,001A005214,6400.00,0.00,0.00,0.00,0.00,0.00,3875
2026-06-01,001A005214,6400.00,0.00,0.00,0.00,0.00,0.00,3503
2026-07-01,001A005214,6400.00,0.00,0.00,0.00,0.00,0.00,2499
2026-08-01,001A005214,6400.00,0.00,0.00,0.00,0.00,0.00,2978
2026-09-01,001A005214,6400.00,0.00,0.00,0.00,0.00,0.00,3949
2026-08-01,001A005227,7700.00,7700.00,0.00,0.00,0.00,168.28,80569
2026-09-01,001A005227,7700.00,0.00,0.00,0.00,0.00,535.31,172328
2025-11-01,001A005234,40572.00,40572.00,0.00,0.00,0.00,0.00,4097
2025-12-01,001A005234,40572.00,0.00,0.00,0.00,0.00,0.00,7147
2026-01-01,001A005234,40572.00,0.00,0.00,0.00,0.00,0.00,4915
2026-02-01,001A005234,40572.00,0.00,0.00,0.00,0.00,0.00,7770
2026-03-01,001A005234,40572.00,0.00,0.00,0.00,0.00,0.00,6995
2026-04-01,001A005234,40572.00,0.00,0.00,0.00,0.00,0.00,7303
2026-05-01,001A005234,46368.00,0.00,5796.00,0.00,0.00,0.00,7203
2026-06-01,001A005234,46368.00,0.00,0.00,0.00,0.00,0.00,11062
2026-07-01,001A005234,46368.00,0.00,0.00,0.00,0.00,0.00,10760
2026-08-01,001A005234,46368.00,0.00,0.00,0.00,0.00,0.00,10135
2026-09-01,001A005234,46368.00,0.00,0.00,0.00,0.00,0.00,15244
2026-01-01,001A005235,36708.00,36708.00,0.00,0.00,0.00,0.00,30913
2026-02-01,001A005235,36708.00,0.00,0.00,0.00,0.00,0.00,32962
2026-03-01,001A005235,36708.00,0.00,0.00,0.00,0.00,0.00,54097
2026-04-01,001A005235,36708.00,0.00,0.00,0.00,0.00,0.00,63554
2026-05-01,001A005235,36708.00,0.00,0.00,0.00,0.00,0.00,59616
2026-06-01,001A005235,36708.00,0.00,0.00,0.00,0.00,0.00,60920
2026-07-01,001A005235,36708.00,0.00,0.00,0.00,0.00,0.00,87325
2026-08-01,001A005235,42872.00,0.00,6164.00,0.00,0.00,0.00,68606
2026-09-01,001A005235,42872.00,0.00,0.00,0.00,0.00,0.00,114836
2025-08-01,001A005244,11200.00,11200.00,0.00,0.00,0.00,0.00,27538
2025-09-01,001A005244,11200.00,0.00,0.00,0.00,0.00,0.00,24309
2025-10-01,001A005244,11200.00,0.00,0.00,0.00,0.00,0.00,25655
2025-11-01,001A005244,11200.00,0.00,0.00,0.00,0.00,41.75,66438
2025-12-01,001A005244,14200.00,0.00,3000.00,0.00,0.00,0.00,30265
2026-01-01,001A005244,14200.00,0.00,0.00,0.00,0.00,0.00,45415
2026-02-01,001A005244,14200.00,0.00,0.00,0.00,0.00,0.00,58866
2026-03-01,001A005244,14200.00,0.00,0.00,0.00,0.00,0.00,58684
2026-04-01,001A005244,14200.00,0.00,0.00,0.00,0.00,71.33,88832
2026-05-01,001A005244,14200.00,0.00,0.00,0.00,0.00,0.00,68914
2026-06-01,001A005244,14200.00,0.00,0.00,0.00,0.00,111.37,98843
2026-07-01,001A005244,14200.00,0.00,0.00,0.00,0.00,199.27,120817
2026-08-01,001A005244,14200.00,0.00,0.00,0.00,0.00,235.36,129840
2026-09-01,001A005244,14200.00,0.00,0.00,0.00,0.00,178.29,115572
2026-03-01,001A005248,16700.00,16700.00,0.00,0.00,0.00,0.00,3453
2026-04-01,001A005248,16700.00,0.00,0.00,0.00,0.00,0.00,3498
2026-05-01,001A005248,16700.00,0.00,0.00,0.00,0.00,0.00,6743
2026-06-01,001A005248,16700.00,0.00,0.00,0.00,0.00,0.00,3855
2026-07-01,001A005248,16700.00,0.00,0.00,0.00,0.00,0.00,5780
2026-08-01,001A005248,21600.00,0.00,4900.00,0.00,0.00,0.00,12275
2026-09-01,001A005248,21600.00,0.00,0.00,0.00,0.00,0.00,13485
2024-05-01,001A005259,13600.00,13600.00,0.00,0.00,0.00,0.00,975
2024-06-01,001A005259,13600.00,0.00,0.00,0.00,0.00,0.00,1476
2024-07-01,001A005259,13600.00,0.00,0.00,0.00,0.00,0.00,2034
2024-08-01,001A005259,13600.00,0.00,0.00,0.00,0.00,0.00,1728
2024-09-01,001A005259,13600.00,0.00,0.00,0.00,0.00,0.00,1018
2024-10-01,001A005259,13600.00,0.00,0.00,0.00,0.00,0.00,971
2024-11-01,001A005259,13600.00,0.00,0.00,0.00,0.00,0.00,1480
2024-12-01,001A005259,13600.00,0.00,0.00,0.00,0.00,0.00,2349
2025-01-01,001A005259,13600.00,0.00,0.00,0.00,0.00,0.00,1820
2025-02-01,001A005259,13600.00,0.00,0.00,0.00,0.00,0.00,2372
2025-03-01,001A005259,13600.00,0.00,0.00,0.00,0.00,0.00,1736
2025-04-01,001A005259,13600.00,0.00,0.00,0.00,0.00,0.00,2196
2025-05-01,001A005259,0.00,0.00,0.00,0.00,-13600.00,0.00,2379
2026-03-01,001A005269,29600.00,29600.00,0.00,0.00,0.00,0.00,7593
2026-04-01,001A005269,29600.00,0.00,0.00,0.00,0.00,0.00,4001
2026-05-01,001A005269,29600.00,0.00,0.00,0.00,0.00,0.00,5313
2026-06-01,001A005269,29600.00,0.00,0.00,0.00,0.00,0.00,6695
2026-07-01,001A005269,29600.00,0.00,0.00,0.00,0.00,0.00,9269
2026-08-01,001A005269,29600.00,0.00,0.00,0.00,0.00,0.00,13206
2026-09-01,001A005269,29600.00,0.00,0.00,0.00,0.00,0.00,10406
2026-01-01,001A005277,9844.00,9844.00,0.00,0.00,0.00,0.00,21911
2026-02-01,001A005277,9844.00,0.00,0.00,0.00,0.00,0.00,33842
2026-03-01,001A005277,9844.00,0.00,0.00,0.00,0.00,9.02,51474
2026-04-01,001A005277,9844.00,0.00,0.00,0.00,0.00,0.00,37986
2026-05-01,001A005277,15364.00,0.00,5520.00,0.00,0.00,0.00,57102
2026-06-01,001A005277,15364.00,0.00,0.00,0.00,0.00,0.00,48290
2026-07-01,001A005277,15364.00,0.00,0.00,0.00,0.00,0.00,50766
2026-08-01,001A005277,15364.00,0.00,0.00,0.00,0.00,0.00,46842
2026-09-01,001A005277,15364.00,0.00,0.00,0.00,0.00,169.55,119207
2026-04-01,001A005299,78600.00,78600.00,0.00,0.00,0.00,0.00,11452
2026-05-01,001A005299,78600.00,0.00,0.00,0.00,0.00,0.00,14796
2026-06-01,001A005299,78600.00,0.00,0.00,0.00,0.00,0.00,8637
2026-07-01,001A005299,78600.00,0.00,0.00,0.00,0.00,0.00,9299
2026-08-01,001A005299,78600.00,0.00,0.00,0.00,0.00,0.00,12011
2026-09-01,001A005299,78600.00,0.00,0.00,0.00,0.00,0.00,12153
2026-05-01,001A005312,25300.00,25300.00,0.00,0.00,0.00,0.00,8449
2026-06-01,001A005312,25300.00,0.00,0.00,0.00,0.00,0.00,20949
2026-07-01,001A005312,25300.00,0.00,0.00,0.00,0.00,0.00,24992
2026-08-01,001A005312,25300.00,0.00,0.00,0.00,0.00,0.00,12507
2026-09-01,001A005312,25300.00,0.00,0.00,0.00,0.00,0.00,14031
2026-08-01,001A005316,31500.00,31500.00,0.00,0.00,0.00,0.00,0
2026-09-01,001A005316,31500.00,0.00,0.00,0.00,0.00,0.00,0
2026-07-01,001A005322,37996.00,37996.00,0.00,0.00,0.00,0.00,15781
2026-08-01,001A005322,37996.00,0.00,0.00,0.00,0.00,0.00,12550
2026-09-01,001A005322,37996.00,0.00,0.00,0.00,0.00,0.00,14597
2026-06-01,001A005328,14700.00,14700.00,0.00,0.00,0.00,0.00,4025
2026-07-01,001A005328,14700.00,0.00,0.00,0.00,0.00,0.00,5274
2026-08-01,001A005328,14700.00,0.00,0.00,0.00,0.00,0.00,2127
2026-09-01,001A005328,14700.00,0.00,0.00,0.00,0.00,0.00,5295
2026-02-01,001A005368,12512.00,12512.00,0.00,0.00,0.00,0.00,0
2026-03-01,001A005368,12512.00,0.00,0.00,0.00,0.00,0.00,0
2026-04-01,001A005368,12512.00,0.00,0.00,0.00,0.00,0.00,0
2026-05-01,001A005368,12512.00,0.00,0.00,0.00,0.00,0.00,0
2026-06-01,001A005368,12512.00,0.00,0.00,0.00,0.00,0.00,0
2026-07-01,001A005368,12512.00,0.00,0.00,0.00,0.00,0.00,0
2026-08-01,001A005368,12512.00,0.00,0.00,0.00,0.00,0.00,0
2026-09-01,001A005368,12512.00,0.00,0.00,0.00,0.00,0.00,0
2025-07-01,001A005386,20200.00,20200.00,0.00,0.00,0.00,0.00,1555
2025-08-01,001A005386,20200.00,0.00,0.00,0.00,0.00,0.00,753
2025-09-01,001A005386,20200.00,0.00,0.00,0.00,0.00,0.00,894
2025-10-01,001A005386,20200.00,0.00,0.00,0.00,0.00,0.00,1333
2025-11-01,001A005386,20200.00,0.00,0.00,0.00,0.00,0.00,2022
2025-12-01,001A005386,20200.00,0.00,0.00,0.00,0.00,0.00,1952
2026-01-01,001A005386,20200.00,0.00,0.00,0.00,0.00,0.00,1322
2026-02-01,001A005386,20200.00,0.00,0.00,0.00,0.00,0.00,0
2026-03-01,001A005386,20200.00,0.00,0.00,0.00,0.00,0.00,0
2026-04-01,001A005386,20200.00,0.00,0.00,0.00,0.00,0.00,0
2026-05-01,001A005386,20200.00,0.00,0.00,0.00,0.00,0.00,0
2026-06-01,001A005386,20200.00,0.00,0.00,0.00,0.00,0.00,0
2026-07-01,001A005386,20200.00,0.00,0.00,0.00,0.00,0.00,0
2026-08-01,001A005386,20200.00,0.00,0.00,0.00,0.00,0.00,109
2026-09-01,001A005386,20200.00,0.00,0.00,0.00,0.00,0.00,298
2026-05-01,001A005392,18676.00,18676.00,0.00,0.00,0.00,0.00,38972
2026-06-01,001A005392,18676.00,0.00,0.00,0.00,0.00,0.00,15478
2026-07-01,001A005392,18676.00,0.00,0.00,0.00,0.00,0.00,23984
2026-08-01,001A005392,18676.00,0.00,0.00,0.00,0.00,0.00,38163
2026-09-01,001A005392,18676.00,0.00,0.00,0.00,0.00,0.00,21616
2026-03-01,001A005419,17400.00,17400.00,0.00,0.00,0.00,0.00,3179
2026-04-01,001A005419,17400.00,0.00,0.00,0.00,0.00,0.00,2612
2026-05-01,001A005419,17400.00,0.00,0.00,0.00,0.00,0.00,4355
2026-06-01,001A005419,17400.00,0.00,0.00,0.00,0.00,0.00,3744
2026-07-01,001A005419,17400.00,0.00,0.00,0.00,0.00,0.00,4273
2026-08-01,001A005419,17400.00,0.00,0.00,0.00,0.00,0.00,5117
2026-09-01,001A005419,17400.00,0.00,0.00,0.00,0.00,0.00,5420
2026-09-01,001A005428,20792.00,20792.00,0.00,0.00,0.00,0.00,4392
2026-04-01,001A005443,11132.00,11132.00,0.00,0.00,0.00,0.00,13010
2026-05-01,001A005443,11132.00,0.00,0.00,0.00,0.00,0.00,13888
2026-06-01,001A005443,11132.00,0.00,0.00,0.00,0.00,0.00,17906
2026-07-01,001A005443,11132.00,0.00,0.00,0.00,0.00,0.00,25110
2026-08-01,001A005443,11132.00,0.00,0.00,0.00,0.00,0.00,30803
2026-09-01,001A005443,11132.00,0.00,0.00,0.00,0.00,0.00,33501
2025-07-01,001A005444,26956.00,26956.00,0.00,0.00,0.00,0.00,1810
2025-08-01,001A005444,26956.00,0.00,0.00,0.00,0.00,0.00,1671
2025-09-01,001A005444,26956.00,0.00,0.00,0.00,0.00,0.00,3041
2025-10-01,001A005444,26956.00,0.00,0.00,0.00,0.00,0.00,4025
2025-11-01,001A005444,26956.00,0.00,0.00,0.00,0.00,0.00,4335
2025-12-01,001A005444,26956.00,0.00,0.00,0.00,0.00,0.00,2740
2026-01-01,001A005444,26956.00,0.00,0.00,0.00,0.00,0.00,3804
2026-02-01,001A005444,26956.00,0.00,0.00,0.00,0.00,0.00,5817
2026-03-01,001A005444,26956.00,0.00,0.00,0.00,0.00,0.00,6344
2026-04-01,001A005444,26956.00,0.00,0.00,0.00,0.00,0.00,7510
2026-05-01,001A005444,26956.00,0.00,0.00,0.00,0.00,0.00,10864
2026-06-01,001A005444,26956.00,0.00,0.00,0.00,0.00,0.00,5135
2026-07-01,001A005444,22856.00,0.00,0.00,-4100.00,0.00,0.00,8737
2026-08-01,001A005444,22856.00,0.00,0.00,0.00,0.00,0.00,6795
2026-09-01,001A005444,22856.00,0.00,0.00,0.00,0.00,0.00,10624
2026-02-01,001A005445,11466.00,11466.00,0.00,0.00,0.00,0.00,10047
2026-03-01,001A005445,11466.00,0.00,0.00,0.00,0.00,0.00,13172
2026-04-01,001A005445,11466.00,0.00,0.00,0.00,0.00,0.00,22435
2026-05-01,001A005445,11466.00,0.00,0.00,0.00,0.00,0.00,18580
2026-06-01,001A005445,16731.00,0.00,5265.00,0.00,0.00,0.00,18920
2026-07-01,001A005445,16731.00,0.00,0.00,0.00,0.00,0.00,16912
2026-08-01,001A005445,16731.00,0.00,0.00,0.00,0.00,0.00,24221
2026-09-01,001A005445,16731.00,0.00,0.00,0.00,0.00,0.00,52090
2026-07-01,001A005449,44400.00,44400.00,0.00,0.00,0.00,0.00,10083
2026-08-01,001A005449,44400.00,0.00,0.00,0.00,0.00,0.00,8436
2026-09-01,001A005449,44400.00,0.00,0.00,0.00,0.00,0.00,7553
2024-10-01,001A005461,21100.00,21100.00,0.00,0.00,0.00,0.00,588
2024-11-01,001A005461,21100.00,0.00,0.00,0.00,0.00,0.00,545
2024-12-01,001A005461,21100.00,0.00,0.00,0.00,0.00,0.00,787
2025-01-01,001A005461,21100.00,0.00,0.00,0.00,0.00,0.00,1015
2025-02-01,001A005461,21100.00,0.00,0.00,0.00,0.00,0.00,1204
2025-03-01,001A005461,21100.00,0.00,0.00,0.00,0.00,0.00,1300
2025-04-01,001A005461,21100.00,0.00,0.00,0.00,0.00,0.00,1433
2025-05-01,001A005461,40700.00,0.00,19600.00,0.00,0.00,0.00,1952
2025-06-01,001A005461,40700.00,0.00,0.00,0.00,0.00,0.00,1386
2025-07-01,001A005461,40700.00,0.00,0.00,0.00,0.00,0.00,1145
2025-08-01,001A005461,40700.00,0.00,0.00,0.00,0.00,0.00,1232
2025-09-01,001A005461,40700.00,0.00,0.00,0.00,0.00,0.00,1344
2025-10-01,001A005461,28700.00,0.00,0.00,-12000.00,0.00,0.00,2894
2025-11-01,001A005461,28700.00,0.00,0.00,0.00,0.00,0.00,2580
2025-12-01,001A005461,28700.00,0.00,0.00,0.00,0.00,0.00,5359
2026-01-01,001A005461,28700.00,0.00,0.00,0.00,0.00,0.00,5867
2026-02-01,001A005461,57200.00,0.00,28500.00,0.00,0.00,0.00,4786
2026-03-01,001A005461,57200.00,0.00,0.00,0.00,0.00,0.00,9951
2026-04-01,001A005461,57200.00,0.00,0.00,0.00,0.00,0.00,6485
2026-05-01,001A005461,57200.00,0.00,0.00,0.00,0.00,0.00,5585
2026-06-01,001A005461,57200.00,0.00,0.00,0.00,0.00,0.00,6218
2026-07-01,001A005461,57200.00,0.00,0.00,0.00,0.00,0.00,8866
2026-08-01,001A005461,57200.00,0.00,0.00,0.00,0.00,0.00,4506
2026-09-01,001A005461,57200.00,0.00,0.00,0.00,0.00,0.00,6671
2026-06-01,001A005464,9400.00,9400.00,0.00,0.00,0.00,0.00,1710
2026-07-01,001A005464,9400.00,0.00,0.00,0.00,0.00,0.00,2060
2026-08-01,001A005464,9400.00,0.00,0.00,0.00,0.00,0.00,1281
2026-09-01,001A005464,9400.00,0.00,0.00,0.00,0.00,0.00,813
2026-08-01,001A005466,39100.00,39100.00,0.00,0.00,0.00,0.00,4508
2026-09-01,001A005466,39100.00,0.00,0.00,0.00,0.00,0.00,6863
2026-02-01,001A005468,39500.00,39500.00,0.00,0.00,0.00,0.00,11984
2026-03-01,001A005468,39500.00,0.00,0.00,0.00,0.00,0.00,10305
2026-04-01,001A005468,39500.00,0.00,0.00,0.00,0.00,0.00,13834
2026-05-01,001A005468,39500.00,0.00,0.00,0.00,0.00,0.00,6379
2026-06-01,001A005468,63100.00,0.00,23600.00,0.00,0.00,0.00,12460
2026-07-01,001A005468,63100.00,0.00,0.00,0.00,0.00,0.00,11541
2026-08-01,001A005468,63100.00,0.00,0.00,0.00,0.00,0.00,19029
2026-09-01,001A005468,63100.00,0.00,0.00,0.00,0.00,0.00,13416
2026-09-01,001A005475,13300.00,13300.00,0.00,0.00,0.00,0.00,2019
2026-04-01,001A005495,13923.00,13923.00,0.00,0.00,0.00,0.00,0
2026-05-01,001A005495,13923.00,0.00,0.00,0.00,0.00,0.00,0
2026-06-01,001A005495,13923.00,0.00,0.00,0.00,0.00,0.00,0
2026-07-01,001A005495,13923.00,0.00,0.00,0.00,0.00,0.00,0
2026-08-01,001A005495,13923.00,0.00,0.00,0.00,0.00,0.00,0
2026-09-01,001A005495,13923.00,0.00,0.00,0.00,0.00,0.00,0
2025-09-01,001A005500,6700.00,6700.00,0.00,0.00,0.00,0.00,17565
2025-10-01,001A005500,6700.00,0.00,0.00,0.00,0.00,0.00,18244
2025-11-01,001A005500,6700.00,0.00,0.00,0.00,0.00,1.69,33923
2025-12-01,001A005500,6700.00,0.00,0.00,0.00,0.00,0.00,22343
2026-01-01,001A005500,6700.00,0.00,0.00,0.00,0.00,0.00,3949
2026-02-01,001A005500,6700.00,0.00,0.00,0.00,0.00,0.00,4806
2026-03-01,001A005500,6700.00,0.00,0.00,0.00,0.00,0.00,3551
2026-04-01,001A005500,6700.00,0.00,0.00,0.00,0.00,0.00,3153
2026-05-01,001A005500,6700.00,0.00,0.00,0.00,0.00,0.00,3250
2026-06-01,001A005500,6700.00,0.00,0.00,0.00,0.00,0.00,3426
2026-07-01,001A005500,12000.00,0.00,5300.00,0.00,0.00,0.00,3951
2026-08-01,001A005500,12000.00,0.00,0.00,0.00,0.00,0.00,6555
2026-09-01,001A005500,12000.00,0.00,0.00,0.00,0.00,0.00,10527
2024-08-01,001A005510,18200.00,18200.00,0.00,0.00,0.00,0.00,5060
2024-09-01,001A005510,18200.00,0.00,0.00,0.00,0.00,0.00,7718
2024-10-01,001A005510,18200.00,0.00,0.00,0.00,0.00,0.00,12170
2024-11-01,001A005510,18200.00,0.00,0.00,0.00,0.00,0.00,15983
2024-12-01,001A005510,18200.00,0.00,0.00,0.00,0.00,0.00,12261
2025-01-01,001A005510,18200.00,0.00,0.00,0.00,0.00,0.00,13967
2025-02-01,001A005510,18200.00,0.00,0.00,0.00,0.00,0.00,15179
2025-03-01,001A005510,18200.00,0.00,0.00,0.00,0.00,0.00,10960
2025-04-01,001A005510,18200.00,0.00,0.00,0.00,0.00,0.00,15730
2025-05-01,001A005510,18200.00,0.00,0.00,0.00,0.00,0.00,15300
2025-06-01,001A005510,18200.00,0.00,0.00,0.00,0.00,0.00,16185
2025-07-01,001A005510,18200.00,0.00,0.00,0.00,0.00,0.00,22691
2025-08-01,001A005510,0.00,0.00,0.00,0.00,-18200.00,0.00,0
2026-06-01,001A005517,28600.00,28600.00,0.00,0.00,0.00,0.00,4914
2026-07-01,001A005517,28600.00,0.00,0.00,0.00,0.00,0.00,4522
2026-08-01,001A005517,28600.00,0.00,0.00,0.00,0.00,0.00,4517
2026-09-01,001A005517,28600.00,0.00,0.00,0.00,0.00,0.00,2991
2025-02-01,001A005518,23600.00,23600.00,0.00,0.00,0.00,0.00,2347
2025-03-01,001A005518,23600.00,0.00,0.00,0.00,0.00,0.00,3954
2025-04-01,001A005518,23600.00,0.00,0.00,0.00,0.00,0.00,4493
2025-05-01,001A005518,23600.00,0.00,0.00,0.00,0.00,0.00,3263
2025-06-01,001A005518,23600.00,0.00,0.00,0.00,0.00,0.00,3602
2025-07-01,001A005518,23600.00,0.00,0.00,0.00,0.00,0.00,5672
2025-08-01,001A005518,23600.00,0.00,0.00,0.00,0.00,0.00,5728
2025-09-01,001A005518,23600.00,0.00,0.00,0.00,0.00,0.00,4615
2025-10-01,001A005518,33700.00,0.00,10100.00,0.00,0.00,0.00,6647
2025-11-01,001A005518,33700.00,0.00,0.00,0.00,0.00,0.00,4728
2025-12-01,001A005518,33700.00,0.00,0.00,0.00,0.00,0.00,5600
2026-01-01,001A005518,33700.00,0.00,0.00,0.00,0.00,0.00,8640
2026-02-01,001A005518,33700.00,0.00,0.00,0.00,0.00,0.00,7201
2026-03-01,001A005518,33700.00,0.00,0.00,0.00,0.00,0.00,7981
2026-04-01,001A005518,33700.00,0.00,0.00,0.00,0.00,0.00,9565
2026-05-01,001A005518,33700.00,0.00,0.00,0.00,0.00,0.00,11745
2026-06-01,001A005518,33700.00,0.00,0.00,0.00,0.00,0.00,21586
2026-07-01,001A005518,33700.00,0.00,0.00,0.00,0.00,0.00,13252
2026-08-01,001A005518,33700.00,0.00,0.00,0.00,0.00,0.00,12508
2026-09-01,001A005518,33700.00,0.00,0.00,0.00,0.00,0.00,16407
2026-07-01,001A005522,29600.00,29600.00,0.00,0.00,0.00,0.00,2469
2026-08-01,001A005522,29600.00,0.00,0.00,0.00,0.00,0.00,2237
2026-09-01,001A005522,29600.00,0.00,0.00,0.00,0.00,0.00,2171
2025-11-01,001A005525,15180.00,15180.00,0.00,0.00,0.00,0.00,1105
2025-12-01,001A005525,15180.00,0.00,0.00,0.00,0.00,0.00,1716
2026-01-01,001A005525,15180.00,0.00,0.00,0.00,0.00,0.00,2473
2026-02-01,001A005525,15180.00,0.00,0.00,0.00,0.00,0.00,2131
2026-03-01,001A005525,15180.00,0.00,0.00,0.00,0.00,0.00,2300
2026-04-01,001A005525,15180.00,0.00,0.00,0.00,0.00,0.00,3336
2026-05-01,001A005525,15180.00,0.00,0.00,0.00,0.00,0.00,2571
2026-06-01,001A005525,15180.00,0.00,0.00,0.00,0.00,0.00,1914
2026-07-01,001A005525,15180.00,0.00,0.00,0.00,0.00,0.00,2674
2026-08-01,001A005525,15180.00,0.00,0.00,0.00,0.00,0.00,3135
2026-09-01,001A005525,15180.00,0.00,0.00,0.00,0.00,0.00,6232
2026-06-01,001A005529,314272.00,314272.00,0.00,0.00,0.00,0.00,775
2026-07-01,001A005529,314272.00,0.00,0.00,0.00,0.00,0.00,724
2026-08-01,001A005529,314272.00,0.00,0.00,0.00,0.00,0.00,816
2026-09-01,001A005529,314272.00,0.00,0.00,0.00,0.00,0.00,457
2024-09-01,001A005546,14536.00,14536.00,0.00,0.00,0.00,0.00,28240
2024-10-01,001A005546,14536.00,0.00,0.00,0.00,0.00,0.00,31450
2024-11-01,001A005546,14536.00,0.00,0.00,0.00,0.00,0.00,38168
2024-12-01,001A005546,14536.00,0.00,0.00,0.00,0.00,0.00,30647
2025-01-01,001A005546,14536.00,0.00,0.00,0.00,0.00,0.00,29042
2025-02-01,001A005546,14536.00,0.00,0.00,0.00,0.00,0.00,45202
2025-03-01,001A005546,14536.00,0.00,0.00,0.00,0.00,0.00,29456
2025-04-01,001A005546,14536.00,0.00,0.00,0.00,0.00,0.00,43530
2025-05-01,001A005546,14536.00,0.00,0.00,0.00,0.00,0.00,47323
2025-06-01,001A005546,14536.00,0.00,0.00,0.00,0.00,0.00,59267
2025-07-01,001A005546,14536.00,0.00,0.00,0.00,0.00,0.00,45343
2025-08-01,001A005546,14536.00,0.00,0.00,0.00,0.00,0.00,44925
2025-09-01,001A005546,14536.00,0.00,0.00,0.00,0.00,68.33,89763
2025-10-01,001A005546,14536.00,0.00,0.00,0.00,0.00,0.00,65445
2025-11-01,001A005546,14536.00,0.00,0.00,0.00,0.00,0.00,53887
2025-12-01,001A005546,14536.00,0.00,0.00,0.00,0.00,71.56,90570
2026-01-01,001A005546,14536.00,0.00,0.00,0.00,0.00,0.00,64651
2026-02-01,001A005546,14536.00,0.00,0.00,0.00,0.00,178.36,117271
2026-03-01,001A005546,14536.00,0.00,0.00,0.00,0.00,164.51,113807
2026-04-01,001A005546,14536.00,0.00,0.00,0.00,0.00,62.18,88226
2026-05-01,001A005546,14536.00,0.00,0.00,0.00,0.00,25.45,79042
2026-06-01,001A005546,14536.00,0.00,0.00,0.00,0.00,227.61,129583
2026-07-01,001A005546,14536.00,0.00,0.00,0.00,0.00,110.32,100259
2026-08-01,001A005546,14536.00,0.00,0.00,0.00,0.00,14.81,76383
2026-09-01,001A005546,14536.00,0.00,0.00,0.00,0.00,577.26,216996
2025-03-01,001A005551,27000.00,27000.00,0.00,0.00,0.00,0.00,1922
2025-04-01,001A005551,27000.00,0.00,0.00,0.00,0.00,0.00,1152
2025-05-01,001A005551,27000.00,0.00,0.00,0.00,0.00,0.00,1903
2025-06-01,001A005551,27000.00,0.00,0.00,0.00,0.00,0.00,1448
2025-07-01,001A005551,27000.00,0.00,0.00,0.00,0.00,0.00,2109
2025-08-01,001A005551,27000.00,0.00,0.00,0.00,0.00,0.00,2229
2025-09-01,001A005551,27000.00,0.00,0.00,0.00,0.00,0.00,3690
2025-10-01,001A005551,27000.00,0.00,0.00,0.00,0.00,0.00,2883
2025-11-01,001A005551,27000.00,0.00,0.00,0.00,0.00,0.00,3641
2025-12-01,001A005551,27000.00,0.00,0.00,0.00,0.00,0.00,3797
2026-01-01,001A005551,27000.00,0.00,0.00,0.00,0.00,0.00,921
2026-02-01,001A005551,27000.00,0.00,0.00,0.00,0.00,0.00,832
2026-03-01,001A005551,0.00,0.00,0.00,0.00,-27000.00,0.00,650
2025-09-01,001A005555,67620.00,67620.00,0.00,0.00,0.00,0.00,22216
2025-10-01,001A005555,67620.00,0.00,0.00,0.00,0.00,0.00,23982
2025-11-01,001A005555,67620.00,0.00,0.00,0.00,0.00,0.00,24118
2025-12-01,001A005555,67620.00,0.00,0.00,0.00,0.00,0.00,39907
2026-01-01,001A005555,67620.00,0.00,0.00,0.00,0.00,0.00,43927
2026-02-01,001A005555,67620.00,0.00,0.00,0.00,0.00,0.00,56510
2026-03-01,001A005555,67620.00,0.00,0.00,0.00,0.00,0.00,75058
2026-04-01,001A005555,67620.00,0.00,0.00,0.00,0.00,0.00,44725
2026-05-01,001A005555,67620.00,0.00,0.00,0.00,0.00,0.00,81046
2026-06-01,001A005555,67620.00,0.00,0.00,0.00,0.00,0.00,59827
2026-07-01,001A005555,67620.00,0.00,0.00,0.00,0.00,0.00,59117
2026-08-01,001A005555,67620.00,0.00,0.00,0.00,0.00,0.00,62782
2026-09-01,001A005555,50620.00,0.00,0.00,-17000.00,0.00,0.00,84055
2026-05-01,001A005574,6900.00,6900.00,0.00,0.00,0.00,0.00,19895
2026-06-01,001A005574,6900.00,0.00,0.00,0.00,0.00,0.00,16962
2026-07-01,001A005574,6900.00,0.00,0.00,0.00,0.00,0.00,13227
2026-08-01,001A005574,6900.00,0.00,0.00,0.00,0.00,0.00,14172
2026-09-01,001A005574,6900.00,0.00,0.00,0.00,0.00,0.00,10938
2026-07-01,001A005581,211000.00,211000.00,0.00,0.00,0.00,0.00,42032
2026-08-01,001A005581,211000.00,0.00,0.00,0.00,0.00,0.00,31306
2026-09-01,001A005581,211000.00,0.00,0.00,0.00,0.00,0.00,49055
2026-02-01,001A005585,121072.00,121072.00,0.00,0.00,0.00,0.00,89404
2026-03-01,001A005585,121072.00,0.00,0.00,0.00,0.00,0.00,87486
2026-04-01,001A005585,121072.00,0.00,0.00,0.00,0.00,0.00,139805
2026-05-01,001A005585,121072.00,0.00,0.00,0.00,0.00,0.00,139178
2026-06-01,001A005585,121072.00,0.00,0.00,0.00,0.00,0.00,182649
2026-07-01,001A005585,121072.00,0.00,0.00,0.00,0.00,0.00,153072
2026-08-01,001A005585,188048.00,0.00,66976.00,0.00,0.00,0.00,200279
2026-09-01,001A005585,188048.00,0.00,0.00,0.00,0.00,0.00,221210
2025-07-01,001A005627,29440.00,29440.00,0.00,0.00,0.00,0.00,8588
2025-08-01,001A005627,29440.00,0.00,0.00,0.00,0.00,0.00,6534
2025-09-01,001A005627,29440.00,0.00,0.00,0.00,0.00,0.00,10524
2025-10-01,001A005627,29440.00,0.00,0.00,0.00,0.00,0.00,9195
2025-11-01,001A005627,29440.00,0.00,0.00,0.00,0.00,0.00,12929
2025-12-01,001A005627,29440.00,0.00,0.00,0.00,0.00,0.00,12454
2026-01-01,001A005627,29440.00,0.00,0.00,0.00,0.00,0.00,15114
2026-02-01,001A005627,29440.00,0.00,0.00,0.00,0.00,0.00,16847
2026-03-01,001A005627,31924.00,0.00,2484.00,0.00,0.00,0.00,20523
2026-04-01,001A005627,31924.00,0.00,0.00,0.00,0.00,0.00,33973
2026-05-01,001A005627,31924.00,0.00,0.00,0.00,0.00,0.00,27004
2026-06-01,001A005627,31924.00,0.00,0.00,0.00,0.00,0.00,57642
2026-07-01,001A005627,36024.00,0.00,4100.00,0.00,0.00,0.00,28865
2026-08-01,001A005627,36024.00,0.00,0.00,0.00,0.00,0.00,36072
2026-09-01,001A005627,36024.00,0.00,0.00,0.00,0.00,0.00,43412
2026-06-01,001A005639,14536.00,14536.00,0.00,0.00,0.00,0.00,3600
2026-07-01,001A005639,14536.00,0.00,0.00,0.00,0.00,0.00,4948
2026-08-01,001A005639,14536.00,0.00,0.00,0.00,0.00,0.00,2196
2026-09-01,001A005639,14536.00,0.00,0.00,0.00,0.00,0.00,3936
2025-08-01,001A005647,11800.00,11800.00,0.00,0.00,0.00,0.00,4585
2025-09-01,001A005647,11800.00,0.00,0.00,0.00,0.00,0.00,4165
2025-10-01,001A005647,11800.00,0.00,0.00,0.00,0.00,0.00,6018
2025-11-01,001A005647,11800.00,0.00,0.00,0.00,0.00,0.00,6629
2025-12-01,001A005647,11800.00,0.00,0.00,0.00,0.00,0.00,6045
2026-01-01,001A005647,11800.00,0.00,0.00,0.00,0.00,0.00,6721
2026-02-01,001A005647,22700.00,0.00,10900.00,0.00,0.00,0.00,11711
2026-03-01,001A005647,22700.00,0.00,0.00,0.00,0.00,0.00,8983
2026-04-01,001A005647,22700.00,0.00,0.00,0.00,0.00,0.00,8767
2026-05-01,001A005647,22700.00,0.00,0.00,0.00,0.00,0.00,10534
2026-06-01,001A005647,22700.00,0.00,0.00,0.00,0.00,0.00,13795
2026-07-01,001A005647,22700.00,0.00,0.00,0.00,0.00,0.00,10859
2026-08-01,001A005647,22700.00,0.00,0.00,0.00,0.00,0.00,10668
2026-09-01,001A005647,22700.00,0.00,0.00,0.00,0.00,0.00,12271
2025-07-01,001A005651,84500.00,84500.00,0.00,0.00,0.00,0.00,11267
2025-08-01,001A005651,84500.00,0.00,0.00,0.00,0.00,0.00,0
2025-09-01,001A005651,84500.00,0.00,0.00,0.00,0.00,0.00,0
2025-10-01,001A005651,84500.00,0.00,0.00,0.00,0.00,0.00,0
2025-11-01,001A005651,84500.00,0.00,0.00,0.00,0.00,0.00,0
2025-12-01,001A005651,84500.00,0.00,0.00,0.00,0.00,0.00,0
2026-01-01,001A005651,84500.00,0.00,0.00,0.00,0.00,0.00,0
2026-02-01,001A005651,84500.00,0.00,0.00,0.00,0.00,0.00,0
2026-03-01,001A005651,84500.00,0.00,0.00,0.00,0.00,0.00,0
2026-04-01,001A005651,84500.00,0.00,0.00,0.00,0.00,0.00,0
2026-05-01,001A005651,84500.00,0.00,0.00,0.00,0.00,0.00,0
2026-06-01,001A005651,84500.00,0.00,0.00,0.00,0.00,0.00,123
2026-07-01,001A005651,84500.00,0.00,0.00,0.00,0.00,0.00,446
2026-08-01,001A005651,84500.00,0.00,0.00,0.00,0.00,0.00,786
2026-09-01,001A005651,84500.00,0.00,0.00,0.00,0.00,0.00,685
2025-11-01,001A005677,6624.00,6624.00,0.00,0.00,0.00,0.00,0
2025-12-01,001A005677,6624.00,0.00,0.00,0.00,0.00,0.00,0
2026-01-01,001A005677,6624.00,0.00,0.00,0.00,0.00,0.00,0
2026-02-01,001A005677,6624.00,0.00,0.00,0.00,0.00,0.00,0
2026-03-01,001A005677,6624.00,0.00,0.00,0.00,0.00,0.00,0
2026-04-01,001A005677,6624.00,0.00,0.00,0.00,0.00,0.00,0
2026-05-01,001A005677,6624.00,0.00,0.00,0.00,0.00,0.00,0
2026-06-01,001A005677,6624.00,0.00,0.00,0.00,0.00,0.00,0
2026-07-01,001A005677,6624.00,0.00,0.00,0.00,0.00,0.00,0
2026-08-01,001A005677,6624.00,0.00,0.00,0.00,0.00,0.00,0
2026-09-01,001A005677,6624.00,0.00,0.00,0.00,0.00,0.00,93
2025-12-01,001A005686,9700.00,9700.00,0.00,0.00,0.00,0.00,4887
2026-01-01,001A005686,9700.00,0.00,0.00,0.00,0.00,0.00,6565
2026-02-01,001A005686,9700.00,0.00,0.00,0.00,0.00,0.00,10014
2026-03-01,001A005686,9700.00,0.00,0.00,0.00,0.00,0.00,10323
2026-04-01,001A005686,9700.00,0.00,0.00,0.00,0.00,0.00,7236
2026-05-01,001A005686,9700.00,0.00,0.00,0.00,0.00,0.00,10570
2026-06-01,001A005686,9700.00,0.00,0.00,0.00,0.00,0.00,11121
2026-07-01,001A005686,9700.00,0.00,0.00,0.00,0.00,0.00,6310
2026-08-01,001A005686,9700.00,0.00,0.00,0.00,0.00,0.00,6832
2026-09-01,001A005686,9700.00,0.00,0.00,0.00,0.00,0.00,9202
2026-05-01,001A005697,18952.00,18952.00,0.00,0.00,0.00,0.00,1470
2026-06-01,001A005697,18952.00,0.00,0.00,0.00,0.00,0.00,2007
2026-07-01,001A005697,18952.00,0.00,0.00,0.00,0.00,0.00,1552
2026-08-01,001A005697,18952.00,0.00,0.00,0.00,0.00,0.00,2152
2026-09-01,001A005697,18952.00,0.00,0.00,0.00,0.00,0.00,2399
2026-03-01,001A005706,14904.00,14904.00,0.00,0.00,0.00,0.00,30378
2026-04-01,001A005706,14904.00,0.00,0.00,0.00,0.00,0.00,31615
2026-05-01,001A005706,14904.00,0.00,0.00,0.00,0.00,0.00,32656
2026-06-01,001A005706,14904.00,0.00,0.00,0.00,0.00,0.00,38785
2026-07-01,001A005706,14904.00,0.00,0.00,0.00,0.00,0.00,30097
2026-08-01,001A005706,14904.00,0.00,0.00,0.00,0.00,0.00,36059
2026-09-01,001A005706,14904.00,0.00,0.00,0.00,0.00,0.00,57424
2026-01-01,001A005708,3900.00,3900.00,0.00,0.00,0.00,0.00,0
2026-02-01,001A005708,3900.00,0.00,0.00,0.00,0.00,0.00,0
2026-03-01,001A005708,3900.00,0.00,0.00,0.00,0.00,0.00,0
2026-04-01,001A005708,3900.00,0.00,0.00,0.00,0.00,0.00,0
2026-05-01,001A005708,3900.00,0.00,0.00,0.00,0.00,0.00,0
2026-06-01,001A005708,3900.00,0.00,0.00,0.00,0.00,0.00,0
2026-07-01,001A005708,3900.00,0.00,0.00,0.00,0.00,0.00,0
2026-08-01,001A005708,3900.00,0.00,0.00,0.00,0.00,0.00,0
2026-09-01,001A005708,3900.00,0.00,0.00,0.00,0.00,0.00,0
2026-03-01,001A005729,13800.00,13800.00,0.00,0.00,0.00,0.00,15431
2026-04-01,001A005729,13800.00,0.00,0.00,0.00,0.00,0.00,17479
2026-05-01,001A005729,13800.00,0.00,0.00,0.00,0.00,0.00,12978
2026-06-01,001A005729,13800.00,0.00,0.00,0.00,0.00,0.00,15154
2026-07-01,001A005729,13800.00,0.00,0.00,0.00,0.00,0.00,30121
2026-08-01,001A005729,13800.00,0.00,0.00,0.00,0.00,0.00,16310
2026-09-01,001A005729,13800.00,0.00,0.00,0.00,0.00,0.00,19494
2026-05-01,001A005730,269100.00,269100.00,0.00,0.00,0.00,0.00,15818
2026-06-01,001A005730,269100.00,0.00,0.00,0.00,0.00,0.00,13693
2026-07-01,001A005730,269100.00,0.00,0.00,0.00,0.00,0.00,18410
2026-08-01,001A005730,269100.00,0.00,0.00,0.00,0.00,0.00,13355
2026-09-01,001A005730,269100.00,0.00,0.00,0.00,0.00,0.00,20625
2024-07-01,001A005737,4968.00,4968.00,0.00,0.00,0.00,0.00,1475
2024-08-01,001A005737,4968.00,0.00,0.00,0.00,0.00,0.00,1542
2024-09-01,001A005737,4968.00,0.00,0.00,0.00,0.00,0.00,3857
2024-10-01,001A005737,4968.00,0.00,0.00,0.00,0.00,0.00,2418
2024-11-01,001A005737,4968.00,0.00,0.00,0.00,0.00,0.00,2096
2024-12-01,001A005737,4968.00,0.00,0.00,0.00,0.00,0.00,2801
2025-01-01,001A005737,4968.00,0.00,0.00,0.00,0.00,0.00,3105
2025-02-01,001A005737,4968.00,0.00,0.00,0.00,0.00,0.00,0
2025-03-01,001A005737,4968.00,0.00,0.00,0.00,0.00,0.00,0
2025-04-01,001A005737,4968.00,0.00,0.00,0.00,0.00,0.00,0
2025-05-01,001A005737,4968.00,0.00,0.00,0.00,0.00,0.00,0
2025-06-01,001A005737,4968.00,0.00,0.00,0.00,0.00,0.00,0
2025-07-01,001A005737,4968.00,0.00,0.00,0.00,0.00,0.00,0
2025-08-01,001A005737,4968.00,0.00,0.00,0.00,0.00,0.00,0
2025-09-01,001A005737,4968.00,0.00,0.00,0.00,0.00,0.00,0
2025-10-01,001A005737,4968.00,0.00,0.00,0.00,0.00,0.00,0
2025-11-01,001A005737,4968.00,0.00,0.00,0.00,0.00,0.00,0
2025-12-01,001A005737,4968.00,0.00,0.00,0.00,0.00,0.00,0
2026-01-01,001A005737,4968.00,0.00,0.00,0.00,0.00,0.00,0
2026-02-01,001A005737,4968.00,0.00,0.00,0.00,0.00,0.00,0
2026-03-01,001A005737,4968.00,0.00,0.00,0.00,0.00,0.00,215
2026-04-01,001A005737,4968.00,0.00,0.00,0.00,0.00,0.00,333
2026-05-01,001A005737,4968.00,0.00,0.00,0.00,0.00,0.00,0
2026-06-01,001A005737,4968.00,0.00,0.00,0.00,0.00,0.00,0
2026-07-01,001A005737,0.00,0.00,0.00,0.00,-4968.00,0.00,0
2026-06-01,001A005741,77648.00,77648.00,0.00,0.00,0.00,0.00,3091
2026-07-01,001A005741,77648.00,0.00,0.00,0.00,0.00,0.00,969
2026-08-01,001A005741,77648.00,0.00,0.00,0.00,0.00,0.00,743
2026-09-01,001A005741,77648.00,0.00,0.00,0.00,0.00,0.00,1094
2025-08-01,001A005743,51428.00,51428.00,0.00,0.00,0.00,0.00,762
2025-09-01,001A005743,51428.00,0.00,0.00,0.00,0.00,0.00,1220
2025-10-01,001A005743,51428.00,0.00,0.00,0.00,0.00,0.00,942
2025-11-01,001A005743,51428.00,0.00,0.00,0.00,0.00,0.00,1704
2025-12-01,001A005743,51428.00,0.00,0.00,0.00,0.00,0.00,908
2026-01-01,001A005743,51428.00,0.00,0.00,0.00,0.00,0.00,1099
2026-02-01,001A005743,51428.00,0.00,0.00,0.00,0.00,0.00,1734
2026-03-01,001A005743,51428.00,0.00,0.00,0.00,0.00,0.00,3240
2026-04-01,001A005743,51428.00,0.00,0.00,0.00,0.00,0.00,4636
2026-05-01,001A005743,51428.00,0.00,0.00,0.00,0.00,0.00,6081
2026-06-01,001A005743,51428.00,0.00,0.00,0.00,0.00,0.00,4569
2026-07-01,001A005743,51428.00,0.00,0.00,0.00,0.00,0.00,5317
2026-08-01,001A005743,0.00,0.00,0.00,0.00,-51428.00,0.00,5553
2025-04-01,001A005748,62100.00,62100.00,0.00,0.00,0.00,0.00,10941
2025-05-01,001A005748,62100.00,0.00,0.00,0.00,0.00,0.00,8496
2025-06-01,001A005748,62100.00,0.00,0.00,0.00,0.00,0.00,16903
2025-07-01,001A005748,62100.00,0.00,0.00,0.00,0.00,0.00,16114
2025-08-01,001A005748,62100.00,0.00,0.00,0.00,0.00,0.00,14223
2025-09-01,001A005748,62100.00,0.00,0.00,0.00,0.00,0.00,13884
2025-10-01,001A005748,62100.00,0.00,0.00,0.00,0.00,0.00,14861
2025-11-01,001A005748,62100.00,0.00,0.00,0.00,0.00,0.00,20258
2025-12-01,001A005748,62100.00,0.00,0.00,0.00,0.00,0.00,15417
2026-01-01,001A005748,62100.00,0.00,0.00,0.00,0.00,0.00,28184
2026-02-01,001A005748,62100.00,0.00,0.00,0.00,0.00,0.00,20353
2026-03-01,001A005748,62100.00,0.00,0.00,0.00,0.00,0.00,20790
2026-04-01,001A005748,66200.00,0.00,4100.00,0.00,0.00,0.00,33952
2026-05-01,001A005748,66200.00,0.00,0.00,0.00,0.00,0.00,29994
2026-06-01,001A005748,66200.00,0.00,0.00,0.00,0.00,0.00,25410
2026-07-01,001A005748,66200.00,0.00,0.00,0.00,0.00,0.00,48170
2026-08-01,001A005748,66200.00,0.00,0.00,0.00,0.00,0.00,23758
2026-09-01,001A005748,66200.00,0.00,0.00,0.00,0.00,0.00,36602
2026-06-01,001A005766,12200.00,12200.00,0.00,0.00,0.00,0.00,5422
2026-07-01,001A005766,12200.00,0.00,0.00,0.00,0.00,0.00,6412
2026-08-01,001A005766,12200.00,0.00,0.00,0.00,0.00,0.00,11513
2026-09-01,001A005766,12200.00,0.00,0.00,0.00,0.00,0.00,8276
2026-06-01,001A005780,22264.00,22264.00,0.00,0.00,0.00,0.00,606
2026-07-01,001A005780,22264.00,0.00,0.00,0.00,0.00,0.00,545
2026-08-01,001A005780,22264.00,0.00,0.00,0.00,0.00,0.00,303
2026-09-01,001A005780,22264.00,0.00,0.00,0.00,0.00,0.00,565
2026-07-01,001A005784,144495.00,144495.00,0.00,0.00,0.00,0.00,12569
2026-08-01,001A005784,144495.00,0.00,0.00,0.00,0.00,0.00,9261
2026-09-01,001A005784,144495.00,0.00,0.00,0.00,0.00,0.00,14008
2024-12-01,001A005794,7544.00,7544.00,0.00,0.00,0.00,0.00,0
2025-01-01,001A005794,7544.00,0.00,0.00,0.00,0.00,0.00,0
2025-02-01,001A005794,7544.00,0.00,0.00,0.00,0.00,0.00,0
2025-03-01,001A005794,7544.00,0.00,0.00,0.00,0.00,0.00,0
2025-04-01,001A005794,7544.00,0.00,0.00,0.00,0.00,0.00,0
2025-05-01,001A005794,7544.00,0.00,0.00,0.00,0.00,0.00,0
2025-06-01,001A005794,9292.00,0.00,1748.00,0.00,0.00,0.00,0
2025-07-01,001A005794,9292.00,0.00,0.00,0.00,0.00,0.00,0
2025-08-01,001A005794,9292.00,0.00,0.00,0.00,0.00,0.00,0
2025-09-01,001A005794,9292.00,0.00,0.00,0.00,0.00,0.00,0
2025-10-01,001A005794,9292.00,0.00,0.00,0.00,0.00,0.00,0
2025-11-01,001A005794,9292.00,0.00,0.00,0.00,0.00,0.00,0
2025-12-01,001A005794,9292.00,0.00,0.00,0.00,0.00,0.00,0
2026-01-01,001A005794,9292.00,0.00,0.00,0.00,0.00,0.00,0
2026-02-01,001A005794,9292.00,0.00,0.00,0.00,0.00,0.00,0
2026-03-01,001A005794,9292.00,0.00,0.00,0.00,0.00,0.00,0
2026-04-01,001A005794,9292.00,0.00,0.00,0.00,0.00,0.00,0
2026-05-01,001A005794,9292.00,0.00,0.00,0.00,0.00,0.00,0
2026-06-01,001A005794,9292.00,0.00,0.00,0.00,0.00,0.00,0
2026-07-01,001A005794,9292.00,0.00,0.00,0.00,0.00,0.00,0
2026-08-01,001A005794,9292.00,0.00,0.00,0.00,0.00,0.00,0
2026-09-01,001A005794,9292.00,0.00,0.00,0.00,0.00,0.00,0
2026-09-01,001A005804,10800.00,10800.00,0.00,0.00,0.00,993.36,302339
2026-06-01,001A005821,75624.00,75624.00,0.00,0.00,0.00,0.00,12802
2026-07-01,001A005821,75624.00,0.00,0.00,0.00,0.00,0.00,17976
2026-08-01,001A005821,75624.00,0.00,0.00,0.00,0.00,0.00,15864
2026-09-01,001A005821,75624.00,0.00,0.00,0.00,0.00,0.00,21491
2025-11-01,001A005824,28400.00,28400.00,0.00,0.00,0.00,0.00,31963
2025-12-01,001A005824,28400.00,0.00,0.00,0.00,0.00,0.00,40239
2026-01-01,001A005824,28400.00,0.00,0.00,0.00,0.00,0.00,29143
2026-02-01,001A005824,28400.00,0.00,0.00,0.00,0.00,0.00,47992
2026-03-01,001A005824,28400.00,0.00,0.00,0.00,0.00,0.00,32271
2026-04-01,001A005824,28400.00,0.00,0.00,0.00,0.00,0.00,77003
2026-05-01,001A005824,28400.00,0.00,0.00,0.00,0.00,0.00,51541
2026-06-01,001A005824,28400.00,0.00,0.00,0.00,0.00,0.00,65522
2026-07-01,001A005824,28400.00,0.00,0.00,0.00,0.00,0.00,72141
2026-08-01,001A005824,28400.00,0.00,0.00,0.00,0.00,0.00,63701
2026-09-01,001A005824,28400.00,0.00,0.00,0.00,0.00,0.00,59536
2024-12-01,001A005842,14859.00,14859.00,0.00,0.00,0.00,0.00,4772
2025-01-01,001A005842,14859.00,0.00,0.00,0.00,0.00,0.00,4631
2025-02-01,001A005842,14859.00,0.00,0.00,0.00,0.00,0.00,5284
2025-03-01,001A005842,14859.00,0.00,0.00,0.00,0.00,0.00,4770
2025-04-01,001A005842,14859.00,0.00,0.00,0.00,0.00,0.00,7949
2025-05-01,001A005842,14859.00,0.00,0.00,0.00,0.00,0.00,6411
2025-06-01,001A005842,19422.00,0.00,4563.00,0.00,0.00,0.00,6867
2025-07-01,001A005842,19422.00,0.00,0.00,0.00,0.00,0.00,7639
2025-08-01,001A005842,19422.00,0.00,0.00,0.00,0.00,0.00,8322
2025-09-01,001A005842,19422.00,0.00,0.00,0.00,0.00,0.00,9119
2025-10-01,001A005842,19422.00,0.00,0.00,0.00,0.00,0.00,7861
2025-11-01,001A005842,19422.00,0.00,0.00,0.00,0.00,0.00,12212
2025-12-01,001A005842,19422.00,0.00,0.00,0.00,0.00,0.00,12426
2026-01-01,001A005842,19422.00,0.00,0.00,0.00,0.00,0.00,9246
2026-02-01,001A005842,19422.00,0.00,0.00,0.00,0.00,0.00,8362
2026-03-01,001A005842,19422.00,0.00,0.00,0.00,0.00,0.00,8616
2026-04-01,001A005842,19422.00,0.00,0.00,0.00,0.00,0.00,10262
2026-05-01,001A005842,19422.00,0.00,0.00,0.00,0.00,0.00,17087
2026-06-01,001A005842,19422.00,0.00,0.00,0.00,0.00,0.00,31351
2026-07-01,001A005842,19422.00,0.00,0.00,0.00,0.00,0.00,23428
2026-08-01,001A005842,19422.00,0.00,0.00,0.00,0.00,0.00,11000
2026-09-01,001A005842,19422.00,0.00,0.00,0.00,0.00,0.00,22283
2025-12-01,001A005853,36621.00,36621.00,0.00,0.00,0.00,0.00,13183
2026-01-01,001A005853,36621.00,0.00,0.00,0.00,0.00,0.00,15556
2026-02-01,001A005853,36621.00,0.00,0.00,0.00,0.00,0.00,14308
2026-03-01,001A005853,36621.00,0.00,0.00,0.00,0.00,0.00,27134
2026-04-01,001A005853,36621.00,0.00,0.00,0.00,0.00,0.00,22494
2026-05-01,001A005853,45396.00,0.00,8775.00,0.00,0.00,0.00,20805
2026-06-01,001A005853,45396.00,0.00,0.00,0.00,0.00,0.00,22665
2026-07-01,001A005853,45396.00,0.00,0.00,0.00,0.00,0.00,27097
2026-08-01,001A005853,45396.00,0.00,0.00,0.00,0.00,0.00,15280
2026-09-01,001A005853,45396.00,0.00,0.00,0.00,0.00,0.00,16380
2025-09-01,001A005864,6716.00,6716.00,0.00,0.00,0.00,0.00,19086
2025-10-01,001A005864,6716.00,0.00,0.00,0.00,0.00,0.00,27071
2025-11-01,001A005864,6716.00,0.00,0.00,0.00,0.00,0.00,28960
2025-12-01,001A005864,6716.00,0.00,0.00,0.00,0.00,0.00,20067
2026-01-01,001A005864,6716.00,0.00,0.00,0.00,0.00,0.00,26326
2026-02-01,001A005864,6716.00,0.00,0.00,0.00,0.00,0.00,30580
2026-03-01,001A005864,15272.00,0.00,8556.00,0.00,0.00,0.00,23775
2026-04-01,001A005864,15272.00,0.00,0.00,0.00,0.00,0.00,36462
2026-05-01,001A005864,15272.00,0.00,0.00,0.00,0.00,0.00,33994
2026-06-01,001A005864,15272.00,0.00,0.00,0.00,0.00,0.00,46109
2026-07-01,001A005864,25576.00,0.00,10304.00,0.00,0.00,0.00,30698
2026-08-01,001A005864,25576.00,0.00,0.00,0.00,0.00,0.00,32858
2026-09-01,001A005864,25576.00,0.00,0.00,0.00,0.00,0.00,43916
2026-05-01,001A005869,25272.00,25272.00,0.00,0.00,0.00,0.00,20539
2026-06-01,001A005869,25272.00,0.00,0.00,0.00,0.00,0.00,25537
2026-07-01,001A005869,25272.00,0.00,0.00,0.00,0.00,0.00,16226
2026-08-01,001A005869,25272.00,0.00,0.00,0.00,0.00,0.00,26806
2026-09-01,001A005869,25272.00,0.00,0.00,0.00,0.00,0.00,32729
2026-03-01,001A005872,21400.00,21400.00,0.00,0.00,0.00,0.00,8366
2026-04-01,001A005872,21400.00,0.00,0.00,0.00,0.00,0.00,7039
2026-05-01,001A005872,21400.00,0.00,0.00,0.00,0.00,0.00,6751
2026-06-01,001A005872,21400.00,0.00,0.00,0.00,0.00,0.00,10001
2026-07-01,001A005872,21400.00,0.00,0.00,0.00,0.00,0.00,10188
2026-08-01,001A005872,21400.00,0.00,0.00,0.00,0.00,0.00,9107
2026-09-01,001A005872,23700.00,0.00,2300.00,0.00,0.00,0.00,9296
2025-12-01,001A005899,103100.00,103100.00,0.00,0.00,0.00,0.00,10925
2026-01-01,001A005899,103100.00,0.00,0.00,0.00,0.00,0.00,9658
2026-02-01,001A005899,103100.00,0.00,0.00,0.00,0.00,0.00,10673
2026-03-01,001A005899,103100.00,0.00,0.00,0.00,0.00,0.00,13755
2026-04-01,001A005899,103100.00,0.00,0.00,0.00,0.00,0.00,5518
2026-05-01,001A005899,115900.00,0.00,12800.00,0.00,0.00,0.00,10109
2026-06-01,001A005899,115900.00,0.00,0.00,0.00,0.00,0.00,11147
2026-07-01,001A005899,115900.00,0.00,0.00,0.00,0.00,0.00,8859
2026-08-01,001A005899,115900.00,0.00,0.00,0.00,0.00,0.00,9650
2026-09-01,001A005899,115900.00,0.00,0.00,0.00,0.00,0.00,10994
2025-04-01,001A005904,42800.00,42800.00,0.00,0.00,0.00,0.00,11676
2025-05-01,001A005904,42800.00,0.00,0.00,0.00,0.00,0.00,17405
2025-06-01,001A005904,42800.00,0.00,0.00,0.00,0.00,0.00,45599
2025-07-01,001A005904,42800.00,0.00,0.00,0.00,0.00,0.00,30706
2025-08-01,001A005904,42800.00,0.00,0.00,0.00,0.00,0.00,35988
2025-09-01,001A005904,42800.00,0.00,0.00,0.00,0.00,0.00,43682
2025-10-01,001A005904,53800.00,0.00,11000.00,0.00,0.00,0.00,66571
2025-11-01,001A005904,53800.00,0.00,0.00,0.00,0.00,0.00,62615
2025-12-01,001A005904,53800.00,0.00,0.00,0.00,0.00,0.00,58622
2026-01-01,001A005904,53800.00,0.00,0.00,0.00,0.00,0.00,74063
2026-02-01,001A005904,53800.00,0.00,0.00,0.00,0.00,0.00,114040
2026-03-01,001A005904,53800.00,0.00,0.00,0.00,0.00,0.00,67250
2026-04-01,001A005904,53800.00,0.00,0.00,0.00,0.00,0.00,62395
2026-05-01,001A005904,53800.00,0.00,0.00,0.00,0.00,0.00,92673
2026-06-01,001A005904,53800.00,0.00,0.00,0.00,0.00,0.00,73015
2026-07-01,001A005904,53800.00,0.00,0.00,0.00,0.00,0.00,157008
2026-08-01,001A005904,53800.00,0.00,0.00,0.00,0.00,0.00,110496
2026-09-01,001A005904,53800.00,0.00,0.00,0.00,0.00,0.00,147636
2024-09-01,001A005908,32200.00,32200.00,0.00,0.00,0.00,0.00,6321
2024-10-01,001A005908,32200.00,0.00,0.00,0.00,0.00,0.00,5173
2024-11-01,001A005908,32200.00,0.00,0.00,0.00,0.00,0.00,4985
2024-12-01,001A005908,32200.00,0.00,0.00,0.00,0.00,0.00,5549
2025-01-01,001A005908,32200.00,0.00,0.00,0.00,0.00,0.00,9163
2025-02-01,001A005908,32200.00,0.00,0.00,0.00,0.00,0.00,9231
2025-03-01,001A005908,32200.00,0.00,0.00,0.00,0.00,0.00,7265
2025-04-01,001A005908,32200.00,0.00,0.00,0.00,0.00,0.00,9039
2025-05-01,001A005908,32200.00,0.00,0.00,0.00,0.00,0.00,7885
2025-06-01,001A005908,32200.00,0.00,0.00,0.00,0.00,0.00,12545
2025-07-01,001A005908,32200.00,0.00,0.00,0.00,0.00,0.00,9904
2025-08-01,001A005908,48500.00,0.00,16300.00,0.00,0.00,0.00,6110
2025-09-01,001A005908,48500.00,0.00,0.00,0.00,0.00,0.00,17473
2025-10-01,001A005908,48500.00,0.00,0.00,0.00,0.00,0.00,16877
2025-11-01,001A005908,48500.00,0.00,0.00,0.00,0.00,0.00,14081
2025-12-01,001A005908,48500.00,0.00,0.00,0.00,0.00,0.00,13341
2026-01-01,001A005908,48500.00,0.00,0.00,0.00,0.00,0.00,30492
2026-02-01,001A005908,48500.00,0.00,0.00,0.00,0.00,0.00,23803
2026-03-01,001A005908,48500.00,0.00,0.00,0.00,0.00,0.00,23343
2026-04-01,001A005908,48500.00,0.00,0.00,0.00,0.00,0.00,24680
2026-05-01,001A005908,48500.00,0.00,0.00,0.00,0.00,0.00,39537
2026-06-01,001A005908,48500.00,0.00,0.00,0.00,0.00,0.00,24903
2026-07-01,001A005908,48500.00,0.00,0.00,0.00,0.00,0.00,31168
2026-08-01,001A005908,48500.00,0.00,0.00,0.00,0.00,0.00,52791
2026-09-01,001A005908,53300.00,0.00,4800.00,0.00,0.00,0.00,40297
2024-12-01,001A005909,18400.00,18400.00,0.00,0.00,0.00,0.00,1047
2025-01-01,001A005909,18400.00,0.00,0.00,0.00,0.00,0.00,1540
2025-02-01,001A005909,18400.00,0.00,0.00,0.00,0.00,0.00,1802
2025-03-01,001A005909,18400.00,0.00,0.00,0.00,0.00,0.00,2053
2025-04-01,001A005909,18400.00,0.00,0.00,0.00,0.00,0.00,2459
2025-05-01,001A005909,18400.00,0.00,0.00,0.00,0.00,0.00,2706
2025-06-01,001A005909,18400.00,0.00,0.00,0.00,0.00,0.00,4251
2025-07-01,001A005909,18400.00,0.00,0.00,0.00,0.00,0.00,3363
2025-08-01,001A005909,18400.00,0.00,0.00,0.00,0.00,0.00,3450
2025-09-01,001A005909,18400.00,0.00,0.00,0.00,0.00,0.00,3374
2025-10-01,001A005909,18400.00,0.00,0.00,0.00,0.00,0.00,4500
2025-11-01,001A005909,18400.00,0.00,0.00,0.00,0.00,0.00,4761
2025-12-01,001A005909,23000.00,0.00,4600.00,0.00,0.00,0.00,4501
2026-01-01,001A005909,23000.00,0.00,0.00,0.00,0.00,0.00,3619
2026-02-01,001A005909,23000.00,0.00,0.00,0.00,0.00,0.00,4632
2026-03-01,001A005909,23000.00,0.00,0.00,0.00,0.00,0.00,4083
2026-04-01,001A005909,23000.00,0.00,0.00,0.00,0.00,0.00,3916
2026-05-01,001A005909,23000.00,0.00,0.00,0.00,0.00,0.00,5442
2026-06-01,001A005909,23000.00,0.00,0.00,0.00,0.00,0.00,4369
2026-07-01,001A005909,23000.00,0.00,0.00,0.00,0.00,0.00,6411
2026-08-01,001A005909,23000.00,0.00,0.00,0.00,0.00,0.00,3713
2026-09-01,001A005909,23000.00,0.00,0.00,0.00,0.00,0.00,5136
2025-09-01,001A005911,17200.00,17200.00,0.00,0.00,0.00,0.00,3919
2025-10-01,001A005911,17200.00,0.00,0.00,0.00,0.00,0.00,2691
2025-11-01,001A005911,17200.00,0.00,0.00,0.00,0.00,0.00,3992
2025-12-01,001A005911,17200.00,0.00,0.00,0.00,0.00,0.00,3466
2026-01-01,001A005911,17200.00,0.00,0.00,0.00,0.00,0.00,3913
2026-02-01,001A005911,17200.00,0.00,0.00,0.00,0.00,0.00,5690
2026-03-01,001A005911,17200.00,0.00,0.00,0.00,0.00,0.00,4510
2026-04-01,001A005911,17200.00,0.00,0.00,0.00,0.00,0.00,4692
2026-05-01,001A005911,17200.00,0.00,0.00,0.00,0.00,0.00,4017
2026-06-01,001A005911,17200.00,0.00,0.00,0.00,0.00,0.00,3799
2026-07-01,001A005911,17200.00,0.00,0.00,0.00,0.00,0.00,4901
2026-08-01,001A005911,17200.00,0.00,0.00,0.00,0.00,0.00,6721
2026-09-01,001A005911,17200.00,0.00,0.00,0.00,0.00,0.00,10519
2025-12-01,001A005912,20100.00,20100.00,0.00,0.00,0.00,0.00,5702
2026-01-01,001A005912,20100.00,0.00,0.00,0.00,0.00,0.00,6718
2026-02-01,001A005912,20100.00,0.00,0.00,0.00,0.00,0.00,4126
2026-03-01,001A005912,20100.00,0.00,0.00,0.00,0.00,0.00,6391
2026-04-01,001A005912,20100.00,0.00,0.00,0.00,0.00,0.00,5652
2026-05-01,001A005912,20100.00,0.00,0.00,0.00,0.00,0.00,8354
2026-06-01,001A005912,20100.00,0.00,0.00,0.00,0.00,0.00,3109
2026-07-01,001A005912,42400.00,0.00,22300.00,0.00,0.00,0.00,3053
2026-08-01,001A005912,42400.00,0.00,0.00,0.00,0.00,0.00,4241
2026-09-01,001A005912,42400.00,0.00,0.00,0.00,0.00,0.00,7142
2025-11-01,001A005921,20100.00,20100.00,0.00,0.00,0.00,0.00,0
2025-12-01,001A005921,20100.00,0.00,0.00,0.00,0.00,0.00,0
2026-01-01,001A005921,20100.00,0.00,0.00,0.00,0.00,0.00,0
2026-02-01,001A005921,20100.00,0.00,0.00,0.00,0.00,0.00,0
2026-03-01,001A005921,20100.00,0.00,0.00,0.00,0.00,0.00,0
2026-04-01,001A005921,20100.00,0.00,0.00,0.00,0.00,0.00,0
2026-05-01,001A005921,20100.00,0.00,0.00,0.00,0.00,0.00,0
2026-06-01,001A005921,20100.00,0.00,0.00,0.00,0.00,0.00,0
2026-07-01,001A005921,20100.00,0.00,0.00,0.00,0.00,0.00,0
2026-08-01,001A005921,20100.00,0.00,0.00,0.00,0.00,0.00,0
2026-09-01,001A005921,20100.00,0.00,0.00,0.00,0.00,0.00,0
2025-12-01,001A005929,35100.00,35100.00,0.00,0.00,0.00,0.00,8786
2026-01-01,001A005929,35100.00,0.00,0.00,0.00,0.00,0.00,0
2026-02-01,001A005929,35100.00,0.00,0.00,0.00,0.00,0.00,0
2026-03-01,001A005929,35100.00,0.00,0.00,0.00,0.00,0.00,0
2026-04-01,001A005929,35100.00,0.00,0.00,0.00,0.00,0.00,0
2026-05-01,001A005929,35100.00,0.00,0.00,0.00,0.00,0.00,0
2026-06-01,001A005929,35100.00,0.00,0.00,0.00,0.00,0.00,0
2026-07-01,001A005929,35100.00,0.00,0.00,0.00,0.00,0.00,0
2026-08-01,001A005929,35100.00,0.00,0.00,0.00,0.00,0.00,0
2026-09-01,001A005929,35100.00,0.00,0.00,0.00,0.00,0.00,0
2024-06-01,001A005936,20592.00,20592.00,0.00,0.00,0.00,0.00,712
2024-07-01,001A005936,20592.00,0.00,0.00,0.00,0.00,0.00,880
2024-08-01,001A005936,20592.00,0.00,0.00,0.00,0.00,0.00,581
2024-09-01,001A005936,20592.00,0.00,0.00,0.00,0.00,0.00,621
2024-10-01,001A005936,20592.00,0.00,0.00,0.00,0.00,0.00,555
2024-11-01,001A005936,20592.00,0.00,0.00,0.00,0.00,0.00,865
2024-12-01,001A005936,20592.00,0.00,0.00,0.00,0.00,0.00,1049
2025-01-01,001A005936,20592.00,0.00,0.00,0.00,0.00,0.00,652
2025-02-01,001A005936,20592.00,0.00,0.00,0.00,0.00,0.00,888
2025-03-01,001A005936,20592.00,0.00,0.00,0.00,0.00,0.00,1060
2025-04-01,001A005936,20592.00,0.00,0.00,0.00,0.00,0.00,1102
2025-05-01,001A005936,20592.00,0.00,0.00,0.00,0.00,0.00,916
2025-06-01,001A005936,20592.00,0.00,0.00,0.00,0.00,0.00,1598
2025-07-01,001A005936,20592.00,0.00,0.00,0.00,0.00,0.00,1097
2025-08-01,001A005936,20592.00,0.00,0.00,0.00,0.00,0.00,1489
2025-09-01,001A005936,20592.00,0.00,0.00,0.00,0.00,0.00,1369
2025-10-01,001A005936,20592.00,0.00,0.00,0.00,0.00,0.00,829
2025-11-01,001A005936,20592.00,0.00,0.00,0.00,0.00,0.00,1909
2025-12-01,001A005936,20592.00,0.00,0.00,0.00,0.00,0.00,2030
2026-01-01,001A005936,20592.00,0.00,0.00,0.00,0.00,0.00,2825
2026-02-01,001A005936,20592.00,0.00,0.00,0.00,0.00,0.00,1506
2026-03-01,001A005936,20592.00,0.00,0.00,0.00,0.00,0.00,2933
2026-04-01,001A005936,20592.00,0.00,0.00,0.00,0.00,0.00,1481
2026-05-01,001A005936,20592.00,0.00,0.00,0.00,0.00,0.00,1989
2026-06-01,001A005936,16792.00,0.00,0.00,-3800.00,0.00,0.00,5652
2026-07-01,001A005936,16792.00,0.00,0.00,0.00,0.00,0.00,3129
2026-08-01,001A005936,19834.00,0.00,3042.00,0.00,0.00,0.00,3448
2026-09-01,001A005936,19834.00,0.00,0.00,0.00,0.00,0.00,7469
2026-02-01,001A005939,55016.00,55016.00,0.00,0.00,0.00,0.00,13424
2026-03-01,001A005939,55016.00,0.00,0.00,0.00,0.00,0.00,21646
2026-04-01,001A005939,55016.00,0.00,0.00,0.00,0.00,0.00,38309
2026-05-01,001A005939,55016.00,0.00,0.00,0.00,0.00,0.00,33428
2026-06-01,001A005939,55016.00,0.00,0.00,0.00,0.00,0.00,30088
2026-07-01,001A005939,65136.00,0.00,10120.00,0.00,0.00,0.00,39258
2026-08-01,001A005939,65136.00,0.00,0.00,0.00,0.00,0.00,32751
2026-09-01,001A005939,65136.00,0.00,0.00,0.00,0.00,0.00,65663
2025-10-01,001A005942,246300.00,246300.00,0.00,0.00,0.00,0.00,18012
2025-11-01,001A005942,246300.00,0.00,0.00,0.00,0.00,0.00,20069
2025-12-01,001A005942,246300.00,0.00,0.00,0.00,0.00,0.00,13655
2026-01-01,001A005942,246300.00,0.00,0.00,0.00,0.00,0.00,22286
2026-02-01,001A005942,246300.00,0.00,0.00,0.00,0.00,0.00,19156
2026-03-01,001A005942,246300.00,0.00,0.00,0.00,0.00,0.00,13453
2026-04-01,001A005942,246300.00,0.00,0.00,0.00,0.00,0.00,11064
2026-05-01,001A005942,246300.00,0.00,0.00,0.00,0.00,0.00,16033
2026-06-01,001A005942,246300.00,0.00,0.00,0.00,0.00,0.00,16650
2026-07-01,001A005942,246300.00,0.00,0.00,0.00,0.00,0.00,16274
2026-08-01,001A005942,246300.00,0.00,0.00,0.00,0.00,0.00,13472
2026-09-01,001A005942,246300.00,0.00,0.00,0.00,0.00,0.00,17963
2025-02-01,001A005943,89976.00,89976.00,0.00,0.00,0.00,0.00,3654
2025-03-01,001A005943,89976.00,0.00,0.00,0.00,0.00,0.00,4832
2025-04-01,001A005943,89976.00,0.00,0.00,0.00,0.00,0.00,4593
2025-05-01,001A005943,89976.00,0.00,0.00,0.00,0.00,0.00,3291
2025-06-01,001A005943,89976.00,0.00,0.00,0.00,0.00,0.00,5704
2025-07-01,001A005943,89976.00,0.00,0.00,0.00,0.00,0.00,3240
2025-08-01,001A005943,89976.00,0.00,0.00,0.00,0.00,0.00,2398
2025-09-01,001A005943,89976.00,0.00,0.00,0.00,0.00,0.00,3009
2025-10-01,001A005943,89976.00,0.00,0.00,0.00,0.00,0.00,3681
2025-11-01,001A005943,89976.00,0.00,0.00,0.00,0.00,0.00,4461
2025-12-01,001A005943,89976.00,0.00,0.00,0.00,0.00,0.00,4462
2026-01-01,001A005943,89976.00,0.00,0.00,0.00,0.00,0.00,5623
2026-02-01,001A005943,89976.00,0.00,0.00,0.00,0.00,0.00,4645
2026-03-01,001A005943,89976.00,0.00,0.00,0.00,0.00,0.00,5142
2026-04-01,001A005943,89976.00,0.00,0.00,0.00,0.00,0.00,4891
2026-05-01,001A005943,89976.00,0.00,0.00,0.00,0.00,0.00,5039
2026-06-01,001A005943,89976.00,0.00,0.00,0.00,0.00,0.00,4600
2026-07-01,001A005943,89976.00,0.00,0.00,0.00,0.00,0.00,4615
2026-08-01,001A005943,89976.00,0.00,0.00,0.00,0.00,0.00,3861
2026-09-01,001A005943,89976.00,0.00,0.00,0.00,0.00,0.00,6353
2026-07-01,001A005950,14300.00,14300.00,0.00,0.00,0.00,0.00,50654
2026-08-01,001A005950,14300.00,0.00,0.00,0.00,0.00,0.00,52724
2026-09-01,001A005950,14300.00,0.00,0.00,0.00,0.00,0.00,46876
2026-02-01,001A005954,80300.00,80300.00,0.00,0.00,0.00,0.00,16851
2026-03-01,001A005954,80300.00,0.00,0.00,0.00,0.00,0.00,14268
2026-04-01,001A005954,80300.00,0.00,0.00,0.00,0.00,0.00,21835
2026-05-01,001A005954,80300.00,0.00,0.00,0.00,0.00,0.00,31830
2026-06-01,001A005954,80300.00,0.00,0.00,0.00,0.00,0.00,34862
2026-07-01,001A005954,80300.00,0.00,0.00,0.00,0.00,0.00,22517
2026-08-01,001A005954,80300.00,0.00,0.00,0.00,0.00,0.00,32023
2026-09-01,001A005954,80300.00,0.00,0.00,0.00,0.00,0.00,38917
2025-12-01,001A005955,9384.00,9384.00,0.00,0.00,0.00,0.00,4782
2026-01-01,001A005955,9384.00,0.00,0.00,0.00,0.00,0.00,3279
2026-02-01,001A005955,9384.00,0.00,0.00,0.00,0.00,0.00,5197
2026-03-01,001A005955,9384.00,0.00,0.00,0.00,0.00,0.00,7081
2026-04-01,001A005955,9384.00,0.00,0.00,0.00,0.00,0.00,6852
2026-05-01,001A005955,9384.00,0.00,0.00,0.00,0.00,0.00,5538
2026-06-01,001A005955,9384.00,0.00,0.00,0.00,0.00,0.00,6887
2026-07-01,001A005955,9384.00,0.00,0.00,0.00,0.00,0.00,4856
2026-08-01,001A005955,9384.00,0.00,0.00,0.00,0.00,0.00,5225
2026-09-01,001A005955,9384.00,0.00,0.00,0.00,0.00,0.00,6280
2025-02-01,001A005960,26100.00,26100.00,0.00,0.00,0.00,0.00,5226
2025-03-01,001A005960,26100.00,0.00,0.00,0.00,0.00,0.00,5625
2025-04-01,001A005960,26100.00,0.00,0.00,0.00,0.00,0.00,5190
2025-05-01,001A005960,26100.00,0.00,0.00,0.00,0.00,0.00,5338
2025-06-01,001A005960,26100.00,0.00,0.00,0.00,0.00,0.00,6738
2025-07-01,001A005960,26100.00,0.00,0.00,0.00,0.00,0.00,8334
2025-08-01,001A005960,26100.00,0.00,0.00,0.00,0.00,0.00,6745
2025-09-01,001A005960,34100.00,0.00,8000.00,0.00,0.00,0.00,6905
2025-10-01,001A005960,34100.00,0.00,0.00,0.00,0.00,0.00,7909
2025-11-01,001A005960,34100.00,0.00,0.00,0.00,0.00,0.00,13329
2025-12-01,001A005960,34100.00,0.00,0.00,0.00,0.00,0.00,9635
2026-01-01,001A005960,34100.00,0.00,0.00,0.00,0.00,0.00,14709
2026-02-01,001A005960,40600.00,0.00,6500.00,0.00,0.00,0.00,19124
2026-03-01,001A005960,40600.00,0.00,0.00,0.00,0.00,0.00,15614
2026-04-01,001A005960,40600.00,0.00,0.00,0.00,0.00,0.00,19552
2026-05-01,001A005960,40600.00,0.00,0.00,0.00,0.00,0.00,19800
2026-06-01,001A005960,40600.00,0.00,0.00,0.00,0.00,0.00,25863
2026-07-01,001A005960,40600.00,0.00,0.00,0.00,0.00,0.00,15924
2026-08-01,001A005960,40600.00,0.00,0.00,0.00,0.00,0.00,17297
2026-09-01,001A005960,40600.00,0.00,0.00,0.00,0.00,0.00,19505
2026-01-01,001A005968,41768.00,41768.00,0.00,0.00,0.00,0.00,19286
2026-02-01,001A005968,41768.00,0.00,0.00,0.00,0.00,0.00,19357
2026-03-01,001A005968,41768.00,0.00,0.00,0.00,0.00,0.00,19087
2026-04-01,001A005968,41768.00,0.00,0.00,0.00,0.00,0.00,23687
2026-05-01,001A005968,41768.00,0.00,0.00,0.00,0.00,0.00,28000
2026-06-01,001A005968,41768.00,0.00,0.00,0.00,0.00,0.00,33814
2026-07-01,001A005968,41768.00,0.00,0.00,0.00,0.00,0.00,38710
2026-08-01,001A005968,41768.00,0.00,0.00,0.00,0.00,0.00,44467
2026-09-01,001A005968,41768.00,0.00,0.00,0.00,0.00,0.00,52266
2026-07-01,001A005969,18124.00,18124.00,0.00,0.00,0.00,0.00,4402
2026-08-01,001A005969,18124.00,0.00,0.00,0.00,0.00,0.00,4398
2026-09-01,001A005969,18124.00,0.00,0.00,0.00,0.00,0.00,8144
2026-02-01,001A005996,178848.00,178848.00,0.00,0.00,0.00,0.00,31534
2026-03-01,001A005996,178848.00,0.00,0.00,0.00,0.00,0.00,41109
2026-04-01,001A005996,178848.00,0.00,0.00,0.00,0.00,0.00,55571
2026-05-01,001A005996,178848.00,0.00,0.00,0.00,0.00,0.00,55812
2026-06-01,001A005996,178848.00,0.00,0.00,0.00,0.00,0.00,75847
2026-07-01,001A005996,178848.00,0.00,0.00,0.00,0.00,0.00,80436
2026-08-01,001A005996,178848.00,0.00,0.00,0.00,0.00,0.00,74715
2026-09-01,001A005996,178848.00,0.00,0.00,0.00,0.00,0.00,62170
2025-10-01,001A005997,21988.00,21988.00,0.00,0.00,0.00,0.00,18376
2025-11-01,001A005997,21988.00,0.00,0.00,0.00,0.00,0.00,24223
2025-12-01,001A005997,21988.00,0.00,0.00,0.00,0.00,0.00,15928
2026-01-01,001A005997,21988.00,0.00,0.00,0.00,0.00,0.00,32616
2026-02-01,001A005997,21988.00,0.00,0.00,0.00,0.00,0.00,23909
2026-03-01,001A005997,27324.00,0.00,5336.00,0.00,0.00,0.00,39174
2026-04-01,001A005997,27324.00,0.00,0.00,0.00,0.00,0.00,37690
2026-05-01,001A005997,27324.00,0.00,0.00,0.00,0.00,0.00,31246
2026-06-01,001A005997,27324.00,0.00,0.00,0.00,0.00,0.00,64939
2026-07-01,001A005997,27324.00,0.00,0.00,0.00,0.00,0.00,38989
2026-08-01,001A005997,27324.00,0.00,0.00,0.00,0.00,0.00,52524
2026-09-01,001A005997,27324.00,0.00,0.00,0.00,0.00,0.00,70219
2026-04-01,001A005998,35420.00,35420.00,0.00,0.00,0.00,0.00,21440
2026-05-01,001A005998,35420.00,0.00,0.00,0.00,0.00,0.00,23766
2026-06-01,001A005998,35420.00,0.00,0.00,0.00,0.00,0.00,28517
2026-07-01,001A005998,35420.00,0.00,0.00,0.00,0.00,0.00,10021
2026-08-01,001A005998,35420.00,0.00,0.00,0.00,0.00,0.00,11051
2026-09-01,001A005998,35420.00,0.00,0.00,0.00,0.00,0.00,19323
2026-07-01,001A006003,16200.00,16200.00,0.00,0.00,0.00,0.00,10746
2026-08-01,001A006003,16200.00,0.00,0.00,0.00,0.00,0.00,9591
2026-09-01,001A006003,16200.00,0.00,0.00,0.00,0.00,0.00,8448
2025-09-01,001A006013,10488.00,10488.00,0.00,0.00,0.00,0.00,125
2025-10-01,001A006013,10488.00,0.00,0.00,0.00,0.00,0.00,136
2025-11-01,001A006013,10488.00,0.00,0.00,0.00,0.00,0.00,183
2025-12-01,001A006013,10488.00,0.00,0.00,0.00,0.00,0.00,249
2026-01-01,001A006013,10488.00,0.00,0.00,0.00,0.00,0.00,0
2026-02-01,001A006013,10488.00,0.00,0.00,0.00,0.00,0.00,0
2026-03-01,001A006013,10488.00,0.00,0.00,0.00,0.00,0.00,0
2026-04-01,001A006013,10488.00,0.00,0.00,0.00,0.00,0.00,0
2026-05-01,001A006013,10488.00,0.00,0.00,0.00,0.00,0.00,0
2026-06-01,001A006013,10488.00,0.00,0.00,0.00,0.00,0.00,0
2026-07-01,001A006013,10488.00,0.00,0.00,0.00,0.00,0.00,0
2026-08-01,001A006013,10488.00,0.00,0.00,0.00,0.00,0.00,0
2026-09-01,001A006013,10488.00,0.00,0.00,0.00,0.00,0.00,0
2025-07-01,001A006025,3680.00,3680.00,0.00,0.00,0.00,0.00,0
2025-08-01,001A006025,3680.00,0.00,0.00,0.00,0.00,0.00,0
2025-09-01,001A006025,3680.00,0.00,0.00,0.00,0.00,0.00,0
2025-10-01,001A006025,3680.00,0.00,0.00,0.00,0.00,0.00,0
2025-11-01,001A006025,3680.00,0.00,0.00,0.00,0.00,0.00,0
2025-12-01,001A006025,3680.00,0.00,0.00,0.00,0.00,0.00,0
2026-01-01,001A006025,3680.00,0.00,0.00,0.00,0.00,0.00,0
2026-02-01,001A006025,3680.00,0.00,0.00,0.00,0.00,0.00,0
2026-03-01,001A006025,3680.00,0.00,0.00,0.00,0.00,0.00,0
2026-04-01,001A006025,3680.00,0.00,0.00,0.00,0.00,0.00,106
2026-05-01,001A006025,3680.00,0.00,0.00,0.00,0.00,0.00,290
2026-06-01,001A006025,3680.00,0.00,0.00,0.00,0.00,0.00,258
2026-07-01,001A006025,3680.00,0.00,0.00,0.00,0.00,0.00,514
2026-08-01,001A006025,3680.00,0.00,0.00,0.00,0.00,0.00,465
2026-09-01,001A006025,3680.00,0.00,0.00,0.00,0.00,0.00,452
2025-05-01,001A006040,92400.00,92400.00,0.00,0.00,0.00,0.00,14822
2025-06-01,001A006040,92400.00,0.00,0.00,0.00,0.00,0.00,14431
2025-07-01,001A006040,92400.00,0.00,0.00,0.00,0.00,0.00,15036
2025-08-01,001A006040,92400.00,0.00,0.00,0.00,0.00,0.00,15780
2025-09-01,001A006040,92400.00,0.00,0.00,0.00,0.00,0.00,20199
2025-10-01,001A006040,92400.00,0.00,0.00,0.00,0.00,0.00,16012
2025-11-01,001A006040,92400.00,0.00,0.00,0.00,0.00,0.00,34302
2025-12-01,001A006040,92400.00,0.00,0.00,0.00,0.00,0.00,26856
2026-01-01,001A006040,92400.00,0.00,0.00,0.00,0.00,0.00,40811
2026-02-01,001A006040,92400.00,0.00,0.00,0.00,0.00,0.00,63622
2026-03-01,001A006040,92400.00,0.00,0.00,0.00,0.00,0.00,82223
2026-04-01,001A006040,92400.00,0.00,0.00,0.00,0.00,0.00,88171
2026-05-01,001A006040,67300.00,0.00,8200.00,-33300.00,0.00,0.00,131155
2026-06-01,001A006040,67300.00,0.00,0.00,0.00,0.00,0.00,84915
2026-07-01,001A006040,67300.00,0.00,0.00,0.00,0.00,0.00,73117
2026-08-01,001A006040,67300.00,0.00,0.00,0.00,0.00,0.00,137711
2026-09-01,001A006040,67300.00,0.00,0.00,0.00,0.00,0.00,212261
2025-08-01,001A006044,56600.00,56600.00,0.00,0.00,0.00,0.00,9548
2025-09-01,001A006044,56600.00,0.00,0.00,0.00,0.00,0.00,19470
2025-10-01,001A006044,56600.00,0.00,0.00,0.00,0.00,0.00,12432
2025-11-01,001A006044,56600.00,0.00,0.00,0.00,0.00,0.00,18726
2025-12-01,001A006044,56600.00,0.00,0.00,0.00,0.00,0.00,12340
2026-01-01,001A006044,56600.00,0.00,0.00,0.00,0.00,0.00,17348
2026-02-01,001A006044,56600.00,0.00,0.00,0.00,0.00,0.00,9819
2026-03-01,001A006044,56600.00,0.00,0.00,0.00,0.00,0.00,16734
2026-04-01,001A006044,56600.00,0.00,0.00,0.00,0.00,0.00,18527
2026-05-01,001A006044,56600.00,0.00,0.00,0.00,0.00,0.00,18402
2026-06-01,001A006044,56600.00,0.00,0.00,0.00,0.00,0.00,26829
2026-07-01,001A006044,56600.00,0.00,0.00,0.00,0.00,0.00,15943
2026-08-01,001A006044,68300.00,0.00,11700.00,0.00,0.00,0.00,12516
2026-09-01,001A006044,68300.00,0.00,0.00,0.00,0.00,0.00,14701
2026-02-01,001A006055,9000.00,9000.00,0.00,0.00,0.00,0.00,2118
2026-03-01,001A006055,9000.00,0.00,0.00,0.00,0.00,0.00,2109
2026-04-01,001A006055,9000.00,0.00,0.00,0.00,0.00,0.00,2724
2026-05-01,001A006055,9000.00,0.00,0.00,0.00,0.00,0.00,2671
2026-06-01,001A006055,9000.00,0.00,0.00,0.00,0.00,0.00,2115
2026-07-01,001A006055,9000.00,0.00,0.00,0.00,0.00,0.00,1822
2026-08-01,001A006055,9000.00,0.00,0.00,0.00,0.00,0.00,2731
2026-09-01,001A006055,9000.00,0.00,0.00,0.00,0.00,0.00,2780
2026-02-01,001A006068,8800.00,8800.00,0.00,0.00,0.00,0.00,1001
2026-03-01,001A006068,8800.00,0.00,0.00,0.00,0.00,0.00,499
2026-04-01,001A006068,8800.00,0.00,0.00,0.00,0.00,0.00,605
2026-05-01,001A006068,8800.00,0.00,0.00,0.00,0.00,0.00,354
2026-06-01,001A006068,8800.00,0.00,0.00,0.00,0.00,0.00,412
2026-07-01,001A006068,8800.00,0.00,0.00,0.00,0.00,0.00,415
2026-08-01,001A006068,8800.00,0.00,0.00,0.00,0.00,0.00,346
2026-09-01,001A006068,8800.00,0.00,0.00,0.00,0.00,0.00,420
2026-06-01,001A006076,42872.00,42872.00,0.00,0.00,0.00,0.00,3765
2026-07-01,001A006076,42872.00,0.00,0.00,0.00,0.00,0.00,3491
2026-08-01,001A006076,42872.00,0.00,0.00,0.00,0.00,0.00,3693
2026-09-01,001A006076,42872.00,0.00,0.00,0.00,0.00,0.00,4474
2025-08-01,001A006077,17300.00,17300.00,0.00,0.00,0.00,0.00,10086
2025-09-01,001A006077,17300.00,0.00,0.00,0.00,0.00,0.00,9598
2025-10-01,001A006077,17300.00,0.00,0.00,0.00,0.00,0.00,6318
2025-11-01,001A006077,17300.00,0.00,0.00,0.00,0.00,0.00,8843
2025-12-01,001A006077,17300.00,0.00,0.00,0.00,0.00,0.00,10633
2026-01-01,001A006077,17300.00,0.00,0.00,0.00,0.00,0.00,11498
2026-02-01,001A006077,17300.00,0.00,0.00,0.00,0.00,0.00,9291
2026-03-01,001A006077,17300.00,0.00,0.00,0.00,0.00,0.00,11116
2026-04-01,001A006077,17300.00,0.00,0.00,0.00,0.00,0.00,9963
2026-05-01,001A006077,17300.00,0.00,0.00,0.00,0.00,0.00,12952
2026-06-01,001A006077,17300.00,0.00,0.00,0.00,0.00,0.00,9547
2026-07-01,001A006077,17300.00,0.00,0.00,0.00,0.00,0.00,15139
2026-08-01,001A006077,14300.00,0.00,0.00,-3000.00,0.00,0.00,11707
2026-09-01,001A006077,14300.00,0.00,0.00,0.00,0.00,0.00,10970
2026-06-01,001A006082,24196.00,24196.00,0.00,0.00,0.00,0.00,415
2026-07-01,001A006082,24196.00,0.00,0.00,0.00,0.00,0.00,361
2026-08-01,001A006082,24196.00,0.00,0.00,0.00,0.00,0.00,0
2026-09-01,001A006082,24196.00,0.00,0.00,0.00,0.00,0.00,324
2026-07-01,001A006105,55752.00,55752.00,0.00,0.00,0.00,0.00,12698
2026-08-01,001A006105,55752.00,0.00,0.00,0.00,0.00,0.00,14589
2026-09-01,001A006105,55752.00,0.00,0.00,0.00,0.00,0.00,18479
2026-03-01,001A006116,139100.00,139100.00,0.00,0.00,0.00,0.00,4424
2026-04-01,001A006116,139100.00,0.00,0.00,0.00,0.00,0.00,2313
2026-05-01,001A006116,139100.00,0.00,0.00,0.00,0.00,0.00,3067
2026-06-01,001A006116,139100.00,0.00,0.00,0.00,0.00,0.00,3923
2026-07-01,001A006116,139100.00,0.00,0.00,0.00,0.00,0.00,3428
2026-08-01,001A006116,139100.00,0.00,0.00,0.00,0.00,0.00,1727
2026-09-01,001A006116,139100.00,0.00,0.00,0.00,0.00,0.00,890
2025-10-01,001A006120,9100.00,9100.00,0.00,0.00,0.00,0.00,1082
2025-11-01,001A006120,9100.00,0.00,0.00,0.00,0.00,0.00,954
2025-12-01,001A006120,9100.00,0.00,0.00,0.00,0.00,0.00,1431
2026-01-01,001A006120,9100.00,0.00,0.00,0.00,0.00,0.00,1379
2026-02-01,001A006120,9100.00,0.00,0.00,0.00,0.00,0.00,1915
2026-03-01,001A006120,9100.00,0.00,0.00,0.00,0.00,0.00,3607
2026-04-01,001A006120,9100.00,0.00,0.00,0.00,0.00,0.00,2981
2026-05-01,001A006120,9100.00,0.00,0.00,0.00,0.00,0.00,8155
2026-06-01,001A006120,9100.00,0.00,0.00,0.00,0.00,0.00,8310
2026-07-01,001A006120,9100.00,0.00,0.00,0.00,0.00,0.00,24234
2026-08-01,001A006120,9100.00,0.00,0.00,0.00,0.00,0.00,13312
2026-09-01,001A006120,9100.00,0.00,0.00,0.00,0.00,0.00,24243
2026-04-01,001A006122,99544.00,99544.00,0.00,0.00,0.00,0.00,12260
2026-05-01,001A006122,99544.00,0.00,0.00,0.00,0.00,0.00,9750
2026-06-01,001A006122,99544.00,0.00,0.00,0.00,0.00,0.00,20817
2026-07-01,001A006122,99544.00,0.00,0.00,0.00,0.00,0.00,16471
2026-08-01,001A006122,99544.00,0.00,0.00,0.00,0.00,0.00,1502
2026-09-01,001A006122,99544.00,0.00,0.00,0.00,0.00,0.00,2763
2024-11-01,001A006141,81200.00,81200.00,0.00,0.00,0.00,0.00,5424
2024-12-01,001A006141,81200.00,0.00,0.00,0.00,0.00,0.00,3879
2025-01-01,001A006141,81200.00,0.00,0.00,0.00,0.00,0.00,4623
2025-02-01,001A006141,81200.00,0.00,0.00,0.00,0.00,0.00,4900
2025-03-01,001A006141,81200.00,0.00,0.00,0.00,0.00,0.00,8399
2025-04-01,001A006141,81200.00,0.00,0.00,0.00,0.00,0.00,9182
2025-05-01,001A006141,81200.00,0.00,0.00,0.00,0.00,0.00,7853
2025-06-01,001A006141,81200.00,0.00,0.00,0.00,0.00,0.00,9118
2025-07-01,001A006141,81200.00,0.00,0.00,0.00,0.00,0.00,8065
2025-08-01,001A006141,81200.00,0.00,0.00,0.00,0.00,0.00,6739
2025-09-01,001A006141,81200.00,0.00,0.00,0.00,0.00,0.00,11145
2025-10-01,001A006141,81200.00,0.00,0.00,0.00,0.00,0.00,13977
2025-11-01,001A006141,114600.00,0.00,33400.00,0.00,0.00,0.00,16385
2025-12-01,001A006141,114600.00,0.00,0.00,0.00,0.00,0.00,18429
2026-01-01,001A006141,114600.00,0.00,0.00,0.00,0.00,0.00,39312
2026-02-01,001A006141,114600.00,0.00,0.00,0.00,0.00,0.00,15858
2026-03-01,001A006141,114600.00,0.00,0.00,0.00,0.00,0.00,23358
2026-04-01,001A006141,114600.00,0.00,0.00,0.00,0.00,0.00,22147
2026-05-01,001A006141,114600.00,0.00,0.00,0.00,0.00,0.00,27205
2026-06-01,001A006141,114600.00,0.00,0.00,0.00,0.00,0.00,34936
2026-07-01,001A006141,114600.00,0.00,0.00,0.00,0.00,0.00,30494
2026-08-01,001A006141,114600.00,0.00,0.00,0.00,0.00,0.00,32024
2026-09-01,001A006141,114600.00,0.00,0.00,0.00,0.00,0.00,31573
2026-07-01,001A006142,6700.00,6700.00,0.00,0.00,0.00,0.00,1196
2026-08-01,001A006142,6700.00,0.00,0.00,0.00,0.00,0.00,691
2026-09-01,001A006142,6700.00,0.00,0.00,0.00,0.00,0.00,971
2025-03-01,001A006146,21988.00,21988.00,0.00,0.00,0.00,0.00,3285
2025-04-01,001A006146,21988.00,0.00,0.00,0.00,0.00,0.00,4801
2025-05-01,001A006146,21988.00,0.00,0.00,0.00,0.00,0.00,5253
2025-06-01,001A006146,21988.00,0.00,0.00,0.00,0.00,0.00,5324
2025-07-01,001A006146,21988.00,0.00,0.00,0.00,0.00,0.00,3183
2025-08-01,001A006146,24656.00,0.00,2668.00,0.00,0.00,0.00,12957
2025-09-01,001A006146,24656.00,0.00,0.00,0.00,0.00,0.00,5517
2025-10-01,001A006146,24656.00,0.00,0.00,0.00,0.00,0.00,7847
2025-11-01,001A006146,24656.00,0.00,0.00,0.00,0.00,0.00,10037
2025-12-01,001A006146,24656.00,0.00,0.00,0.00,0.00,0.00,11808
2026-01-01,001A006146,24656.00,0.00,0.00,0.00,0.00,0.00,14958
2026-02-01,001A006146,32752.00,0.00,8096.00,0.00,0.00,0.00,14908
2026-03-01,001A006146,35952.00,0.00,3200.00,0.00,0.00,0.00,11045
2026-04-01,001A006146,35952.00,0.00,0.00,0.00,0.00,0.00,11676
2026-05-01,001A006146,35952.00,0.00,0.00,0.00,0.00,0.00,35713
2026-06-01,001A006146,35952.00,0.00,0.00,0.00,0.00,0.00,24960
2026-07-01,001A006146,35952.00,0.00,0.00,0.00,0.00,0.00,19160
2026-08-01,001A006146,35952.00,0.00,0.00,0.00,0.00,0.00,29181
2026-09-01,001A006146,39448.00,0.00,3496.00,0.00,0.00,0.00,41004
2025-10-01,001A006153,10296.00,10296.00,0.00,0.00,0.00,0.00,1815
2025-11-01,001A006153,10296.00,0.00,0.00,0.00,0.00,0.00,3181
2025-12-01,001A006153,10296.00,0.00,0.00,0.00,0.00,0.00,2956
2026-01-01,001A006153,10296.00,0.00,0.00,0.00,0.00,0.00,5846
2026-02-01,001A006153,10296.00,0.00,0.00,0.00,0.00,0.00,3573
2026-03-01,001A006153,10296.00,0.00,0.00,0.00,0.00,0.00,5511
2026-04-01,001A006153,10296.00,0.00,0.00,0.00,0.00,0.00,8532
2026-05-01,001A006153,10296.00,0.00,0.00,0.00,0.00,0.00,10534
2026-06-01,001A006153,10296.00,0.00,0.00,0.00,0.00,0.00,11515
2026-07-01,001A006153,10296.00,0.00,0.00,0.00,0.00,0.00,12318
2026-08-01,001A006153,19890.00,0.00,9594.00,0.00,0.00,0.00,12509
2026-09-01,001A006153,19890.00,0.00,0.00,0.00,0.00,0.00,14005
2024-08-01,001A006158,46300.00,46300.00,0.00,0.00,0.00,0.00,9619
2024-09-01,001A006158,46300.00,0.00,0.00,0.00,0.00,0.00,19151
2024-10-01,001A006158,46300.00,0.00,0.00,0.00,0.00,0.00,15073
2024-11-01,001A006158,46300.00,0.00,0.00,0.00,0.00,0.00,12438
2024-12-01,001A006158,46300.00,0.00,0.00,0.00,0.00,0.00,31297
2025-01-01,001A006158,46300.00,0.00,0.00,0.00,0.00,0.00,21068
2025-02-01,001A006158,46300.00,0.00,0.00,0.00,0.00,0.00,18329
2025-03-01,001A006158,46300.00,0.00,0.00,0.00,0.00,0.00,38440
2025-04-01,001A006158,46300.00,0.00,0.00,0.00,0.00,0.00,30563
2025-05-01,001A006158,46300.00,0.00,0.00,0.00,0.00,0.00,27194
2025-06-01,001A006158,46300.00,0.00,0.00,0.00,0.00,0.00,43335
2025-07-01,001A006158,46300.00,0.00,0.00,0.00,0.00,0.00,31318
2025-08-01,001A006158,57800.00,0.00,11500.00,0.00,0.00,0.00,38816
2025-09-01,001A006158,57800.00,0.00,0.00,0.00,0.00,0.00,65820
2025-10-01,001A006158,57800.00,0.00,0.00,0.00,0.00,0.00,65435
2025-11-01,001A006158,57800.00,0.00,0.00,0.00,0.00,0.00,50827
2025-12-01,001A006158,57800.00,0.00,0.00,0.00,0.00,0.00,75978
2026-01-01,001A006158,57800.00,0.00,0.00,0.00,0.00,0.00,72485
2026-02-01,001A006158,57800.00,0.00,0.00,0.00,0.00,0.00,104598
2026-03-01,001A006158,57800.00,0.00,0.00,0.00,0.00,0.00,123820
2026-04-01,001A006158,57800.00,0.00,0.00,0.00,0.00,0.00,108099
2026-05-01,001A006158,57800.00,0.00,0.00,0.00,0.00,0.00,122556
2026-06-01,001A006158,57800.00,0.00,0.00,0.00,0.00,0.00,153087
2026-07-01,001A006158,57800.00,0.00,0.00,0.00,0.00,0.00,152967
2026-08-01,001A006158,61400.00,0.00,3600.00,0.00,0.00,0.00,113662
2026-09-01,001A006158,61400.00,0.00,0.00,0.00,0.00,0.00,174747
2026-06-01,001A006169,14536.00,14536.00,0.00,0.00,0.00,0.00,5657
2026-07-01,001A006169,14536.00,0.00,0.00,0.00,0.00,0.00,11802
2026-08-01,001A006169,14536.00,0.00,0.00,0.00,0.00,0.00,6291
2026-09-01,001A006169,14536.00,0.00,0.00,0.00,0.00,0.00,8509
2025-06-01,001A006172,15300.00,15300.00,0.00,0.00,0.00,0.00,7392
2025-07-01,001A006172,15300.00,0.00,0.00,0.00,0.00,0.00,7298
2025-08-01,001A006172,15300.00,0.00,0.00,0.00,0.00,0.00,5214
2025-09-01,001A006172,15300.00,0.00,0.00,0.00,0.00,0.00,15585
2025-10-01,001A006172,15300.00,0.00,0.00,0.00,0.00,0.00,7306
2025-11-01,001A006172,15300.00,0.00,0.00,0.00,0.00,0.00,9382
2025-12-01,001A006172,15300.00,0.00,0.00,0.00,0.00,0.00,10850
2026-01-01,001A006172,15300.00,0.00,0.00,0.00,0.00,0.00,11717
2026-02-01,001A006172,15300.00,0.00,0.00,0.00,0.00,0.00,12518
2026-03-01,001A006172,15300.00,0.00,0.00,0.00,0.00,0.00,16131
2026-04-01,001A006172,15300.00,0.00,0.00,0.00,0.00,0.00,18499
2026-05-01,001A006172,15300.00,0.00,0.00,0.00,0.00,0.00,28531
2026-06-01,001A006172,15300.00,0.00,0.00,0.00,0.00,0.00,21466
2026-07-01,001A006172,15300.00,0.00,0.00,0.00,0.00,0.00,30374
2026-08-01,001A006172,15300.00,0.00,0.00,0.00,0.00,0.00,20626
2026-09-01,001A006172,15300.00,0.00,0.00,0.00,0.00,0.00,28606
2026-02-01,001A006196,70288.00,70288.00,0.00,0.00,0.00,0.00,241664
2026-03-01,001A006196,70288.00,0.00,0.00,0.00,0.00,0.00,301903
2026-04-01,001A006196,70288.00,0.00,0.00,0.00,0.00,0.00,331211
2026-05-01,001A006196,70288.00,0.00,0.00,0.00,0.00,1383.22,697245
2026-06-01,001A006196,70288.00,0.00,0.00,0.00,0.00,141.78,386884
2026-07-01,001A006196,81604.00,0.00,11316.00,0.00,0.00,0.00,384115
2026-08-01,001A006196,81604.00,0.00,0.00,0.00,0.00,0.00,276824
2026-09-01,001A006196,81604.00,0.00,0.00,0.00,0.00,0.00,280861
2024-08-01,001A006213,15824.00,15824.00,0.00,0.00,0.00,0.00,4380
2024-09-01,001A006213,15824.00,0.00,0.00,0.00,0.00,0.00,4283
2024-10-01,001A006213,15824.00,0.00,0.00,0.00,0.00,0.00,9228
2024-11-01,001A006213,15824.00,0.00,0.00,0.00,0.00,0.00,9335
2024-12-01,001A006213,15824.00,0.00,0.00,0.00,0.00,0.00,13582
2025-01-01,001A006213,15824.00,0.00,0.00,0.00,0.00,0.00,13290
2025-02-01,001A006213,15824.00,0.00,0.00,0.00,0.00,0.00,11908
2025-03-01,001A006213,15824.00,0.00,0.00,0.00,0.00,0.00,15013
2025-04-01,001A006213,18400.00,0.00,2576.00,0.00,0.00,0.00,34790
2025-05-01,001A006213,18400.00,0.00,0.00,0.00,0.00,0.00,57866
2025-06-01,001A006213,18400.00,0.00,0.00,0.00,0.00,0.00,36657
2025-07-01,001A006213,18400.00,0.00,0.00,0.00,0.00,0.00,52828
2025-08-01,001A006213,21896.00,0.00,3496.00,0.00,0.00,0.00,33907
2025-09-01,001A006213,21896.00,0.00,0.00,0.00,0.00,0.00,35038
2025-10-01,001A006213,21896.00,0.00,0.00,0.00,0.00,0.00,56613
2025-11-01,001A006213,21896.00,0.00,0.00,0.00,0.00,0.00,54158
2025-12-01,001A006213,28980.00,0.00,7084.00,0.00,0.00,0.00,82154
2026-01-01,001A006213,28980.00,0.00,0.00,0.00,0.00,0.00,78135
2026-02-01,001A006213,28980.00,0.00,0.00,0.00,0.00,0.00,127381
2026-03-01,001A006213,28980.00,0.00,0.00,0.00,0.00,0.00,131253
2026-04-01,001A006213,31648.00,0.00,2668.00,0.00,0.00,395.34,257076
2026-05-01,001A006213,31648.00,0.00,0.00,0.00,0.00,1204.42,459345
2026-06-01,001A006213,31648.00,0.00,0.00,0.00,0.00,986.56,404881
2026-07-01,001A006213,31648.00,0.00,0.00,0.00,0.00,579.70,303166
2026-08-01,001A006213,31648.00,0.00,0.00,0.00,0.00,907.94,385226
2026-09-01,001A006213,31648.00,0.00,0.00,0.00,0.00,513.03,286498
2026-04-01,001A006221,63648.00,63648.00,0.00,0.00,0.00,0.00,25548
2026-05-01,001A006221,63648.00,0.00,0.00,0.00,0.00,0.00,19846
2026-06-01,001A006221,63648.00,0.00,0.00,0.00,0.00,0.00,19610
2026-07-01,001A006221,63648.00,0.00,0.00,0.00,0.00,0.00,20516
2026-08-01,001A006221,63648.00,0.00,0.00,0.00,0.00,0.00,16171
2026-09-01,001A006221,63648.00,0.00,0.00,0.00,0.00,0.00,38239
2026-06-01,001A006233,7488.00,7488.00,0.00,0.00,0.00,0.00,0
2026-07-01,001A006233,7488.00,0.00,0.00,0.00,0.00,0.00,0
2026-08-01,001A006233,7488.00,0.00,0.00,0.00,0.00,0.00,0
2026-09-01,001A006233,7488.00,0.00,0.00,0.00,0.00,0.00,0
2026-08-01,001A006244,68500.00,68500.00,0.00,0.00,0.00,0.00,10092
2026-09-01,001A006244,68500.00,0.00,0.00,0.00,0.00,0.00,6337
2025-07-01,001A006247,152536.00,152536.00,0.00,0.00,0.00,0.00,11825
2025-08-01,001A006247,152536.00,0.00,0.00,0.00,0.00,0.00,18959
2025-09-01,001A006247,152536.00,0.00,0.00,0.00,0.00,0.00,20451
2025-10-01,001A006247,152536.00,0.00,0.00,0.00,0.00,0.00,15960
2025-11-01,001A006247,152536.00,0.00,0.00,0.00,0.00,0.00,20834
2025-12-01,001A006247,152536.00,0.00,0.00,0.00,0.00,0.00,19088
2026-01-01,001A006247,152536.00,0.00,0.00,0.00,0.00,0.00,31320
2026-02-01,001A006247,152536.00,0.00,0.00,0.00,0.00,0.00,42839
2026-03-01,001A006247,152536.00,0.00,0.00,0.00,0.00,0.00,58540
2026-04-01,001A006247,152536.00,0.00,0.00,0.00,0.00,0.00,46845
2026-05-01,001A006247,152536.00,0.00,0.00,0.00,0.00,0.00,77170
2026-06-01,001A006247,152536.00,0.00,0.00,0.00,0.00,0.00,69729
2026-07-01,001A006247,0.00,0.00,0.00,0.00,-152536.00,0.00,89128
2026-07-01,001A006254,6992.00,6992.00,0.00,0.00,0.00,0.00,4642
2026-08-01,001A006254,6992.00,0.00,0.00,0.00,0.00,0.00,5012
2026-09-01,001A006254,6992.00,0.00,0.00,0.00,0.00,0.00,7338
2026-02-01,001A006266,49600.00,49600.00,0.00,0.00,0.00,0.00,11302
2026-03-01,001A006266,49600.00,0.00,0.00,0.00,0.00,0.00,17914
2026-04-01,001A006266,49600.00,0.00,0.00,0.00,0.00,0.00,22423
2026-05-01,001A006266,49600.00,0.00,0.00,0.00,0.00,0.00,26433
2026-06-01,001A006266,49600.00,0.00,0.00,0.00,0.00,0.00,33413
2026-07-01,001A006266,49600.00,0.00,0.00,0.00,0.00,0.00,25147
2026-08-01,001A006266,49600.00,0.00,0.00,0.00,0.00,0.00,20787
2026-09-01,001A006266,49600.00,0.00,0.00,0.00,0.00,0.00,20971
2026-09-01,001A006269,25700.00,25700.00,0.00,0.00,0.00,0.00,8121
2026-05-01,001A006272,10028.00,10028.00,0.00,0.00,0.00,0.00,4947
2026-06-01,001A006272,10028.00,0.00,0.00,0.00,0.00,0.00,4587
2026-07-01,001A006272,10028.00,0.00,0.00,0.00,0.00,0.00,3098
2026-08-01,001A006272,10028.00,0.00,0.00,0.00,0.00,0.00,4481
2026-09-01,001A006272,10028.00,0.00,0.00,0.00,0.00,0.00,3701
2026-05-01,001A006274,76600.00,76600.00,0.00,0.00,0.00,0.00,68133
2026-06-01,001A006274,76600.00,0.00,0.00,0.00,0.00,0.00,138918
2026-07-01,001A006274,76600.00,0.00,0.00,0.00,0.00,0.00,88388
2026-08-01,001A006274,76600.00,0.00,0.00,0.00,0.00,0.00,74000
2026-09-01,001A006274,76600.00,0.00,0.00,0.00,0.00,0.00,98143
2025-05-01,001A006278,12512.00,12512.00,0.00,0.00,0.00,0.00,7083
2025-06-01,001A006278,12512.00,0.00,0.00,0.00,0.00,0.00,10051
2025-07-01,001A006278,12512.00,0.00,0.00,0.00,0.00,0.00,12730
2025-08-01,001A006278,12512.00,0.00,0.00,0.00,0.00,0.00,9413
2025-09-01,001A006278,12512.00,0.00,0.00,0.00,0.00,0.00,19768
2025-10-01,001A006278,12512.00,0.00,0.00,0.00,0.00,0.00,15745
2025-11-01,001A006278,12512.00,0.00,0.00,0.00,0.00,0.00,22432
2025-12-01,001A006278,12512.00,0.00,0.00,0.00,0.00,0.00,22415
2026-01-01,001A006278,12512.00,0.00,0.00,0.00,0.00,0.00,37930
2026-02-01,001A006278,12512.00,0.00,0.00,0.00,0.00,0.00,54469
2026-03-01,001A006278,12512.00,0.00,0.00,0.00,0.00,0.00,50814
2026-04-01,001A006278,12512.00,0.00,0.00,0.00,0.00,95.08,86331
2026-05-01,001A006278,12512.00,0.00,0.00,0.00,0.00,24.22,68615
2026-06-01,001A006278,18032.00,0.00,5520.00,0.00,0.00,142.68,125829
2026-07-01,001A006278,18032.00,0.00,0.00,0.00,0.00,349.15,177447
2026-08-01,001A006278,18032.00,0.00,0.00,0.00,0.00,299.64,165069
2026-09-01,001A006278,18032.00,0.00,0.00,0.00,0.00,896.36,314250
2026-04-01,001A006279,16700.00,16700.00,0.00,0.00,0.00,0.00,12284
2026-05-01,001A006279,16700.00,0.00,0.00,0.00,0.00,0.00,16969
2026-06-01,001A006279,16700.00,0.00,0.00,0.00,0.00,0.00,14459
2026-07-01,001A006279,16700.00,0.00,0.00,0.00,0.00,0.00,10534
2026-08-01,001A006279,16700.00,0.00,0.00,0.00,0.00,0.00,13038
2026-09-01,001A006279,16700.00,0.00,0.00,0.00,0.00,0.00,16561
2026-09-01,001A006282,26200.00,26200.00,0.00,0.00,0.00,0.00,3713
2026-07-01,001A006292,43792.00,43792.00,0.00,0.00,0.00,0.00,6075
2026-08-01,001A006292,43792.00,0.00,0.00,0.00,0.00,0.00,14031
2026-09-01,001A006292,43792.00,0.00,0.00,0.00,0.00,0.00,11198
2025-05-01,001A006293,13156.00,13156.00,0.00,0.00,0.00,0.00,519
2025-06-01,001A006293,13156.00,0.00,0.00,0.00,0.00,0.00,913
2025-07-01,001A006293,13156.00,0.00,0.00,0.00,0.00,0.00,1155
2025-08-01,001A006293,13156.00,0.00,0.00,0.00,0.00,0.00,713
2025-09-01,001A006293,13156.00,0.00,0.00,0.00,0.00,0.00,487
2025-10-01,001A006293,13156.00,0.00,0.00,0.00,0.00,0.00,1395
2025-11-01,001A006293,13156.00,0.00,0.00,0.00,0.00,0.00,1738
2025-12-01,001A006293,13156.00,0.00,0.00,0.00,0.00,0.00,1927
2026-01-01,001A006293,13156.00,0.00,0.00,0.00,0.00,0.00,1935
2026-02-01,001A006293,13156.00,0.00,0.00,0.00,0.00,0.00,0
2026-03-01,001A006293,13156.00,0.00,0.00,0.00,0.00,0.00,0
2026-04-01,001A006293,13156.00,0.00,0.00,0.00,0.00,0.00,0
2026-05-01,001A006293,0.00,0.00,0.00,0.00,-13156.00,0.00,0
2025-08-01,001A006303,23200.00,23200.00,0.00,0.00,0.00,0.00,7244
2025-09-01,001A006303,23200.00,0.00,0.00,0.00,0.00,0.00,8645
2025-10-01,001A006303,23200.00,0.00,0.00,0.00,0.00,0.00,13482
2025-11-01,001A006303,23200.00,0.00,0.00,0.00,0.00,0.00,11484
2025-12-01,001A006303,23200.00,0.00,0.00,0.00,0.00,0.00,14959
2026-01-01,001A006303,23200.00,0.00,0.00,0.00,0.00,0.00,21506
2026-02-01,001A006303,23200.00,0.00,0.00,0.00,0.00,0.00,22091
2026-03-01,001A006303,23200.00,0.00,0.00,0.00,0.00,0.00,15941
2026-04-01,001A006303,23200.00,0.00,0.00,0.00,0.00,0.00,30214
2026-05-01,001A006303,23200.00,0.00,0.00,0.00,0.00,0.00,16170
2026-06-01,001A006303,23200.00,0.00,0.00,0.00,0.00,0.00,27094
2026-07-01,001A006303,28000.00,0.00,4800.00,0.00,0.00,0.00,12868
2026-08-01,001A006303,0.00,0.00,0.00,0.00,-28000.00,0.00,28131
2026-07-01,001A006317,18308.00,18308.00,0.00,0.00,0.00,0.00,6506
2026-08-01,001A006317,18308.00,0.00,0.00,0.00,0.00,0.00,5760
2026-09-01,001A006317,18308.00,0.00,0.00,0.00,0.00,0.00,7352
2026-08-01,001A006321,37600.00,37600.00,0.00,0.00,0.00,0.00,21714
2026-09-01,001A006321,37600.00,0.00,0.00,0.00,0.00,0.00,19949
2026-09-01,001A006342,104604.00,104604.00,0.00,0.00,0.00,0.00,3364
2026-09-01,001A006346,37812.00,37812.00,0.00,0.00,0.00,0.00,2347
2026-05-01,001A006347,2484.00,2484.00,0.00,0.00,0.00,0.00,9310
2026-06-01,001A006347,2484.00,0.00,0.00,0.00,0.00,36.59,21568
2026-07-01,001A006347,2484.00,0.00,0.00,0.00,0.00,13.74,15856
2026-08-01,001A006347,2484.00,0.00,0.00,0.00,0.00,0.00,11039
2026-09-01,001A006347,2484.00,0.00,0.00,0.00,0.00,45.63,23828
2025-12-01,001A006358,58500.00,58500.00,0.00,0.00,0.00,0.00,20840
2026-01-01,001A006358,58500.00,0.00,0.00,0.00,0.00,0.00,18938
2026-02-01,001A006358,58500.00,0.00,0.00,0.00,0.00,0.00,18222
2026-03-01,001A006358,58500.00,0.00,0.00,0.00,0.00,0.00,36692
2026-04-01,001A006358,58500.00,0.00,0.00,0.00,0.00,0.00,43123
2026-05-01,001A006358,58500.00,0.00,0.00,0.00,0.00,0.00,45819
2026-06-01,001A006358,64700.00,0.00,6200.00,0.00,0.00,0.00,67226
2026-07-01,001A006358,64700.00,0.00,0.00,0.00,0.00,0.00,63878
2026-08-01,001A006358,64700.00,0.00,0.00,0.00,0.00,0.00,37414
2026-09-01,001A006358,64700.00,0.00,0.00,0.00,0.00,0.00,88677
2025-09-01,001A006361,22080.00,22080.00,0.00,0.00,0.00,0.00,11883
2025-10-01,001A006361,22080.00,0.00,0.00,0.00,0.00,0.00,13144
2025-11-01,001A006361,22080.00,0.00,0.00,0.00,0.00,0.00,11296
2025-12-01,001A006361,22080.00,0.00,0.00,0.00,0.00,0.00,18757
2026-01-01,001A006361,22080.00,0.00,0.00,0.00,0.00,0.00,22907
2026-02-01,001A006361,22080.00,0.00,0.00,0.00,0.00,0.00,25147
2026-03-01,001A006361,27784.00,0.00,5704.00,0.00,0.00,0.00,34171
2026-04-01,001A006361,27784.00,0.00,0.00,0.00,0.00,0.00,29321
2026-05-01,001A006361,27784.00,0.00,0.00,0.00,0.00,0.00,38397
2026-06-01,001A006361,27784.00,0.00,0.00,0.00,0.00,0.00,38954
2026-07-01,001A006361,27784.00,0.00,0.00,0.00,0.00,0.00,41684
2026-08-01,001A006361,27784.00,0.00,0.00,0.00,0.00,0.00,34142
2026-09-01,001A006361,32284.00,0.00,4500.00,0.00,0.00,0.00,35755
2026-09-01,001A006382,24380.00,24380.00,0.00,0.00,0.00,0.00,7573
2025-01-01,001A006397,31400.00,31400.00,0.00,0.00,0.00,0.00,457
2025-02-01,001A006397,31400.00,0.00,0.00,0.00,0.00,0.00,720
2025-03-01,001A006397,31400.00,0.00,0.00,0.00,0.00,0.00,840
2025-04-01,001A006397,31400.00,0.00,0.00,0.00,0.00,0.00,505
2025-05-01,001A006397,31400.00,0.00,0.00,0.00,0.00,0.00,462
2025-06-01,001A006397,31400.00,0.00,0.00,0.00,0.00,0.00,1173
2025-07-01,001A006397,31400.00,0.00,0.00,0.00,0.00,0.00,832
2025-08-01,001A006397,31400.00,0.00,0.00,0.00,0.00,0.00,2704
2025-09-01,001A006397,31400.00,0.00,0.00,0.00,0.00,0.00,3047
2025-10-01,001A006397,31400.00,0.00,0.00,0.00,0.00,0.00,5182
2025-11-01,001A006397,31400.00,0.00,0.00,0.00,0.00,0.00,8257
2025-12-01,001A006397,31400.00,0.00,0.00,0.00,0.00,0.00,6111
2026-01-01,001A006397,0.00,0.00,0.00,0.00,-31400.00,0.00,5695
2024-07-01,001A006411,22356.00,22356.00,0.00,0.00,0.00,0.00,690
2024-08-01,001A006411,22356.00,0.00,0.00,0.00,0.00,0.00,810
2024-09-01,001A006411,22356.00,0.00,0.00,0.00,0.00,0.00,477
2024-10-01,001A006411,22356.00,0.00,0.00,0.00,0.00,0.00,1023
2024-11-01,001A006411,22356.00,0.00,0.00,0.00,0.00,0.00,444
2024-12-01,001A006411,22356.00,0.00,0.00,0.00,0.00,0.00,893
2025-01-01,001A006411,22356.00,0.00,0.00,0.00,0.00,0.00,553
2025-02-01,001A006411,22356.00,0.00,0.00,0.00,0.00,0.00,878
2025-03-01,001A006411,22356.00,0.00,0.00,0.00,0.00,0.00,1084
2025-04-01,001A006411,22356.00,0.00,0.00,0.00,0.00,0.00,572
2025-05-01,001A006411,22356.00,0.00,0.00,0.00,0.00,0.00,940
2025-06-01,001A006411,22356.00,0.00,0.00,0.00,0.00,0.00,1100
2025-07-01,001A006411,22356.00,0.00,0.00,0.00,0.00,0.00,905
2025-08-01,001A006411,37720.00,0.00,15364.00,0.00,0.00,0.00,0
2025-09-01,001A006411,37720.00,0.00,0.00,0.00,0.00,0.00,0
2025-10-01,001A006411,37720.00,0.00,0.00,0.00,0.00,0.00,0
2025-11-01,001A006411,37720.00,0.00,0.00,0.00,0.00,0.00,0
2025-12-01,001A006411,37720.00,0.00,0.00,0.00,0.00,0.00,0
2026-01-01,001A006411,37720.00,0.00,0.00,0.00,0.00,0.00,817
2026-02-01,001A006411,37720.00,0.00,0.00,0.00,0.00,0.00,698
2026-03-01,001A006411,53636.00,0.00,15916.00,0.00,0.00,0.00,1258
2026-04-01,001A006411,53636.00,0.00,0.00,0.00,0.00,0.00,3409
2026-05-01,001A006411,53636.00,0.00,0.00,0.00,0.00,0.00,1625
2026-06-01,001A006411,53636.00,0.00,0.00,0.00,0.00,0.00,1706
2026-07-01,001A006411,53636.00,0.00,0.00,0.00,0.00,0.00,2617
2026-08-01,001A006411,53636.00,0.00,0.00,0.00,0.00,0.00,1603
2026-09-01,001A006411,53636.00,0.00,0.00,0.00,0.00,0.00,2057
2026-03-01,001A006415,8200.00,8200.00,0.00,0.00,0.00,0.00,868
2026-04-01,001A006415,8200.00,0.00,0.00,0.00,0.00,0.00,677
2026-05-01,001A006415,8200.00,0.00,0.00,0.00,0.00,0.00,868
2026-06-01,001A006415,8200.00,0.00,0.00,0.00,0.00,0.00,927
2026-07-01,001A006415,8200.00,0.00,0.00,0.00,0.00,0.00,769
2026-08-01,001A006415,8200.00,0.00,0.00,0.00,0.00,0.00,1210
2026-09-01,001A006415,8200.00,0.00,0.00,0.00,0.00,0.00,1695
2026-02-01,001A006419,16652.00,16652.00,0.00,0.00,0.00,0.00,931
2026-03-01,001A006419,16652.00,0.00,0.00,0.00,0.00,0.00,1075
2026-04-01,001A006419,16652.00,0.00,0.00,0.00,0.00,0.00,1063
2026-05-01,001A006419,16652.00,0.00,0.00,0.00,0.00,0.00,297
2026-06-01,001A006419,18676.00,0.00,2024.00,0.00,0.00,0.00,154
2026-07-01,001A006419,18676.00,0.00,0.00,0.00,0.00,0.00,99
2026-08-01,001A006419,18676.00,0.00,0.00,0.00,0.00,0.00,278
2026-09-01,001A006419,18676.00,0.00,0.00,0.00,0.00,0.00,171
2026-03-01,001A006437,8600.00,8600.00,0.00,0.00,0.00,0.00,0
2026-04-01,001A006437,8600.00,0.00,0.00,0.00,0.00,0.00,0
2026-05-01,001A006437,8600.00,0.00,0.00,0.00,0.00,0.00,0
2026-06-01,001A006437,8600.00,0.00,0.00,0.00,0.00,0.00,0
2026-07-01,001A006437,8600.00,0.00,0.00,0.00,0.00,0.00,0
2026-08-01,001A006437,8600.00,0.00,0.00,0.00,0.00,0.00,0
2026-09-01,001A006437,8600.00,0.00,0.00,0.00,0.00,0.00,0
2026-07-01,001A006438,28520.00,28520.00,0.00,0.00,0.00,0.00,4642
2026-08-01,001A006438,28520.00,0.00,0.00,0.00,0.00,0.00,4385
2026-09-01,001A006438,28520.00,0.00,0.00,0.00,0.00,0.00,7817
2026-04-01,001A006449,14260.00,14260.00,0.00,0.00,0.00,0.00,21436
2026-05-01,001A006449,14260.00,0.00,0.00,0.00,0.00,0.00,16979
2026-06-01,001A006449,14260.00,0.00,0.00,0.00,0.00,0.00,23812
2026-07-01,001A006449,14260.00,0.00,0.00,0.00,0.00,0.00,21641
2026-08-01,001A006449,14260.00,0.00,0.00,0.00,0.00,0.00,19334
2026-09-01,001A006449,14260.00,0.00,0.00,0.00,0.00,0.00,35169
2026-04-01,001A006466,55341.00,55341.00,0.00,0.00,0.00,0.00,7697
2026-05-01,001A006466,55341.00,0.00,0.00,0.00,0.00,0.00,10631
2026-06-01,001A006466,55341.00,0.00,0.00,0.00,0.00,0.00,12958
2026-07-01,001A006466,55341.00,0.00,0.00,0.00,0.00,0.00,10039
2026-08-01,001A006466,55341.00,0.00,0.00,0.00,0.00,0.00,12718
2026-09-01,001A006466,55341.00,0.00,0.00,0.00,0.00,0.00,14216
2025-03-01,001A006473,12972.00,12972.00,0.00,0.00,0.00,0.00,929
2025-04-01,001A006473,12972.00,0.00,0.00,0.00,0.00,0.00,1594
2025-05-01,001A006473,12972.00,0.00,0.00,0.00,0.00,0.00,2630
2025-06-01,001A006473,12972.00,0.00,0.00,0.00,0.00,0.00,3647
2025-07-01,001A006473,12972.00,0.00,0.00,0.00,0.00,0.00,2283
2025-08-01,001A006473,12972.00,0.00,0.00,0.00,0.00,0.00,1479
2025-09-01,001A006473,12972.00,0.00,0.00,0.00,0.00,0.00,1483
2025-10-01,001A006473,12972.00,0.00,0.00,0.00,0.00,0.00,2744
2025-11-01,001A006473,12972.00,0.00,0.00,0.00,0.00,0.00,3768
2025-12-01,001A006473,12972.00,0.00,0.00,0.00,0.00,0.00,2070
2026-01-01,001A006473,12972.00,0.00,0.00,0.00,0.00,0.00,4473
2026-02-01,001A006473,12972.00,0.00,0.00,0.00,0.00,0.00,4369
2026-03-01,001A006473,12972.00,0.00,0.00,0.00,0.00,0.00,4840
2026-04-01,001A006473,12972.00,0.00,0.00,0.00,0.00,0.00,5785
2026-05-01,001A006473,20240.00,0.00,7268.00,0.00,0.00,0.00,7744
2026-06-01,001A006473,20240.00,0.00,0.00,0.00,0.00,0.00,8525
2026-07-01,001A006473,20240.00,0.00,0.00,0.00,0.00,0.00,6013
2026-08-01,001A006473,20240.00,0.00,0.00,0.00,0.00,0.00,7411
2026-09-01,001A006473,20240.00,0.00,0.00,0.00,0.00,0.00,17196
2025-12-01,001A006482,39008.00,39008.00,0.00,0.00,0.00,0.00,4558
2026-01-01,001A006482,39008.00,0.00,0.00,0.00,0.00,0.00,4237
2026-02-01,001A006482,39008.00,0.00,0.00,0.00,0.00,0.00,4878
2026-03-01,001A006482,39008.00,0.00,0.00,0.00,0.00,0.00,5848
2026-04-01,001A006482,39008.00,0.00,0.00,0.00,0.00,0.00,7134
2026-05-01,001A006482,39008.00,0.00,0.00,0.00,0.00,0.00,7292
2026-06-01,001A006482,39008.00,0.00,0.00,0.00,0.00,0.00,7087
2026-07-01,001A006482,39008.00,0.00,0.00,0.00,0.00,0.00,8305
2026-08-01,001A006482,39008.00,0.00,0.00,0.00,0.00,0.00,4820
2026-09-01,001A006482,39008.00,0.00,0.00,0.00,0.00,0.00,10625
2026-09-01,001A006483,17664.00,17664.00,0.00,0.00,0.00,0.00,2454
2024-11-01,001A006496,155100.00,155100.00,0.00,0.00,0.00,0.00,2265
2024-12-01,001A006496,155100.00,0.00,0.00,0.00,0.00,0.00,2706
2025-01-01,001A006496,155100.00,0.00,0.00,0.00,0.00,0.00,4276
2025-02-01,001A006496,155100.00,0.00,0.00,0.00,0.00,0.00,2023
2025-03-01,001A006496,155100.00,0.00,0.00,0.00,0.00,0.00,2211
2025-04-01,001A006496,155100.00,0.00,0.00,0.00,0.00,0.00,3398
2025-05-01,001A006496,155100.00,0.00,0.00,0.00,0.00,0.00,2809
2025-06-01,001A006496,155100.00,0.00,0.00,0.00,0.00,0.00,4496
2025-07-01,001A006496,155100.00,0.00,0.00,0.00,0.00,0.00,4284
2025-08-01,001A006496,155100.00,0.00,0.00,0.00,0.00,0.00,4293
2025-09-01,001A006496,176300.00,0.00,21200.00,0.00,0.00,0.00,2056
2025-10-01,001A006496,176300.00,0.00,0.00,0.00,0.00,0.00,2149
2025-11-01,001A006496,176300.00,0.00,0.00,0.00,0.00,0.00,2491
2025-12-01,001A006496,176300.00,0.00,0.00,0.00,0.00,0.00,3424
2026-01-01,001A006496,176300.00,0.00,0.00,0.00,0.00,0.00,4201
2026-02-01,001A006496,176300.00,0.00,0.00,0.00,0.00,0.00,4365
2026-03-01,001A006496,176300.00,0.00,0.00,0.00,0.00,0.00,5908
2026-04-01,001A006496,183900.00,0.00,7600.00,0.00,0.00,0.00,9465
2026-05-01,001A006496,183900.00,0.00,0.00,0.00,0.00,0.00,10585
2026-06-01,001A006496,183900.00,0.00,0.00,0.00,0.00,0.00,9106
2026-07-01,001A006496,183900.00,0.00,0.00,0.00,0.00,0.00,9624
2026-08-01,001A006496,183900.00,0.00,0.00,0.00,0.00,0.00,10761
2026-09-01,001A006496,183900.00,0.00,0.00,0.00,0.00,0.00,8941
2024-08-01,001A006503,28520.00,28520.00,0.00,0.00,0.00,0.00,24671
2024-09-01,001A006503,28520.00,0.00,0.00,0.00,0.00,0.00,61562
2024-10-01,001A006503,28520.00,0.00,0.00,0.00,0.00,0.00,28859
2024-11-01,001A006503,28520.00,0.00,0.00,0.00,0.00,0.00,41355
2024-12-01,001A006503,28520.00,0.00,0.00,0.00,0.00,0.00,30100
2025-01-01,001A006503,30912.00,0.00,2392.00,0.00,0.00,0.00,53392
2025-02-01,001A006503,30912.00,0.00,0.00,0.00,0.00,0.00,36296
2025-03-01,001A006503,30912.00,0.00,0.00,0.00,0.00,0.00,58803
2025-04-01,001A006503,30912.00,0.00,0.00,0.00,0.00,0.00,63678
2025-05-01,001A006503,30912.00,0.00,0.00,0.00,0.00,0.00,54315
2025-06-01,001A006503,30912.00,0.00,0.00,0.00,0.00,0.00,62112
2025-07-01,001A006503,30912.00,0.00,0.00,0.00,0.00,0.00,79606
2025-08-01,001A006503,30912.00,0.00,0.00,0.00,0.00,0.00,74758
2025-09-01,001A006503,30912.00,0.00,0.00,0.00,0.00,0.00,60127
2025-10-01,001A006503,30912.00,0.00,0.00,0.00,0.00,0.00,48185
2025-11-01,001A006503,30912.00,0.00,0.00,0.00,0.00,0.00,75643
2025-12-01,001A006503,30912.00,0.00,0.00,0.00,0.00,0.00,75969
2026-01-01,001A006503,30912.00,0.00,0.00,0.00,0.00,0.00,76247
2026-02-01,001A006503,30912.00,0.00,0.00,0.00,0.00,0.00,109981
2026-03-01,001A006503,30912.00,0.00,0.00,0.00,0.00,0.00,151684
2026-04-01,001A006503,30912.00,0.00,0.00,0.00,0.00,0.00,109682
2026-05-01,001A006503,30912.00,0.00,0.00,0.00,0.00,0.00,140775
2026-06-01,001A006503,30912.00,0.00,0.00,0.00,0.00,0.00,140522
2026-07-01,001A006503,36524.00,0.00,5612.00,0.00,0.00,0.00,129785
2026-08-01,001A006503,36524.00,0.00,0.00,0.00,0.00,0.00,106528
2026-09-01,001A006503,36524.00,0.00,0.00,0.00,0.00,208.95,234857
2025-06-01,001A006513,3128.00,3128.00,0.00,0.00,0.00,0.00,0
2025-07-01,001A006513,3128.00,0.00,0.00,0.00,0.00,0.00,0
2025-08-01,001A006513,3128.00,0.00,0.00,0.00,0.00,0.00,0
2025-09-01,001A006513,3128.00,0.00,0.00,0.00,0.00,0.00,0
2025-10-01,001A006513,3128.00,0.00,0.00,0.00,0.00,0.00,0
2025-11-01,001A006513,3128.00,0.00,0.00,0.00,0.00,0.00,0
2025-12-01,001A006513,3128.00,0.00,0.00,0.00,0.00,0.00,0
2026-01-01,001A006513,3128.00,0.00,0.00,0.00,0.00,0.00,0
2026-02-01,001A006513,3128.00,0.00,0.00,0.00,0.00,0.00,0
2026-03-01,001A006513,3128.00,0.00,0.00,0.00,0.00,0.00,0
2026-04-01,001A006513,3128.00,0.00,0.00,0.00,0.00,0.00,802
2026-05-01,001A006513,3128.00,0.00,0.00,0.00,0.00,0.00,2096
2026-06-01,001A006513,3828.00,0.00,700.00,0.00,0.00,0.00,4486
2026-07-01,001A006513,6588.00,0.00,2760.00,0.00,0.00,0.00,2495
2026-08-01,001A006513,6588.00,0.00,0.00,0.00,0.00,0.00,5878
2026-09-01,001A006513,6588.00,0.00,0.00,0.00,0.00,0.00,7525
2025-09-01,001A006555,31000.00,31000.00,0.00,0.00,0.00,0.00,3830
2025-10-01,001A006555,31000.00,0.00,0.00,0.00,0.00,0.00,4054
2025-11-01,001A006555,31000.00,0.00,0.00,0.00,0.00,0.00,7626
2025-12-01,001A006555,31000.00,0.00,0.00,0.00,0.00,0.00,7207
2026-01-01,001A006555,31000.00,0.00,0.00,0.00,0.00,0.00,14347
2026-02-01,001A006555,31000.00,0.00,0.00,0.00,0.00,0.00,14240
2026-03-01,001A006555,31000.00,0.00,0.00,0.00,0.00,0.00,10289
2026-04-01,001A006555,31000.00,0.00,0.00,0.00,0.00,0.00,10045
2026-05-01,001A006555,31000.00,0.00,0.00,0.00,0.00,0.00,14655
2026-06-01,001A006555,31000.00,0.00,0.00,0.00,0.00,0.00,14211
2026-07-01,001A006555,31000.00,0.00,0.00,0.00,0.00,0.00,12896
2026-08-01,001A006555,31000.00,0.00,0.00,0.00,0.00,0.00,30202
2026-09-01,001A006555,31000.00,0.00,0.00,0.00,0.00,0.00,24464
2025-09-01,001A006560,8700.00,8700.00,0.00,0.00,0.00,0.00,17743
2025-10-01,001A006560,8700.00,0.00,0.00,0.00,0.00,0.00,20714
2025-11-01,001A006560,8700.00,0.00,0.00,0.00,0.00,0.00,25027
2025-12-01,001A006560,8700.00,0.00,0.00,0.00,0.00,0.00,30255
2026-01-01,001A006560,8700.00,0.00,0.00,0.00,0.00,1.01,43753
2026-02-01,001A006560,8700.00,0.00,0.00,0.00,0.00,0.00,32440
2026-03-01,001A006560,8700.00,0.00,0.00,0.00,0.00,0.00,43182
2026-04-01,001A006560,8700.00,0.00,0.00,0.00,0.00,0.00,39158
2026-05-01,001A006560,8700.00,0.00,0.00,0.00,0.00,18.51,48127
2026-06-01,001A006560,8700.00,0.00,0.00,0.00,0.00,0.00,32079
2026-07-01,001A006560,8700.00,0.00,0.00,0.00,0.00,0.00,30016
2026-08-01,001A006560,8700.00,0.00,0.00,0.00,0.00,0.00,34248
2026-09-01,001A006560,8700.00,0.00,0.00,0.00,0.00,80.24,63561
2026-03-01,001A006571,15800.00,15800.00,0.00,0.00,0.00,0.00,59760
2026-04-01,001A006571,15800.00,0.00,0.00,0.00,0.00,0.00,57956
2026-05-01,001A006571,15800.00,0.00,0.00,0.00,0.00,0.00,62758
2026-06-01,001A006571,15800.00,0.00,0.00,0.00,0.00,0.00,46979
2026-07-01,001A006571,15800.00,0.00,0.00,0.00,0.00,0.00,56537
2026-08-01,001A006571,15800.00,0.00,0.00,0.00,0.00,0.00,73010
2026-09-01,001A006571,23000.00,0.00,7200.00,0.00,0.00,0.00,72156
2025-06-01,001A006581,16744.00,16744.00,0.00,0.00,0.00,0.00,3670
2025-07-01,001A006581,16744.00,0.00,0.00,0.00,0.00,0.00,3897
2025-08-01,001A006581,16744.00,0.00,0.00,0.00,0.00,0.00,2418
2025-09-01,001A006581,16744.00,0.00,0.00,0.00,0.00,0.00,5056
2025-10-01,001A006581,16744.00,0.00,0.00,0.00,0.00,0.00,2937
2025-11-01,001A006581,16744.00,0.00,0.00,0.00,0.00,0.00,1978
2025-12-01,001A006581,16744.00,0.00,0.00,0.00,0.00,0.00,2639
2026-01-01,001A006581,16744.00,0.00,0.00,0.00,0.00,0.00,3168
2026-02-01,001A006581,16744.00,0.00,0.00,0.00,0.00,0.00,6236
2026-03-01,001A006581,16744.00,0.00,0.00,0.00,0.00,0.00,5795
2026-04-01,001A006581,16744.00,0.00,0.00,0.00,0.00,0.00,7715
2026-05-01,001A006581,27600.00,0.00,10856.00,0.00,0.00,0.00,6819
2026-06-01,001A006581,21400.00,0.00,0.00,-6200.00,0.00,0.00,9119
2026-07-01,001A006581,21400.00,0.00,0.00,0.00,0.00,0.00,7601
2026-08-01,001A006581,21400.00,0.00,0.00,0.00,0.00,0.00,7270
2026-09-01,001A006581,21400.00,0.00,0.00,0.00,0.00,0.00,13401
2025-06-01,001A006598,17200.00,17200.00,0.00,0.00,0.00,0.00,3937
2025-07-01,001A006598,17200.00,0.00,0.00,0.00,0.00,0.00,4736
2025-08-01,001A006598,17200.00,0.00,0.00,0.00,0.00,0.00,3170
2025-09-01,001A006598,17200.00,0.00,0.00,0.00,0.00,0.00,2315
2025-10-01,001A006598,17200.00,0.00,0.00,0.00,0.00,0.00,3320
2025-11-01,001A006598,17200.00,0.00,0.00,0.00,0.00,0.00,2548
2025-12-01,001A006598,17200.00,0.00,0.00,0.00,0.00,0.00,3283
2026-01-01,001A006598,17200.00,0.00,0.00,0.00,0.00,0.00,2500
2026-02-01,001A006598,17200.00,0.00,0.00,0.00,0.00,0.00,970
2026-03-01,001A006598,17200.00,0.00,0.00,0.00,0.00,0.00,1056
2026-04-01,001A006598,17200.00,0.00,0.00,0.00,0.00,0.00,860
2026-05-01,001A006598,17200.00,0.00,0.00,0.00,0.00,0.00,1135
2026-06-01,001A006598,17200.00,0.00,0.00,0.00,0.00,0.00,1133
2026-07-01,001A006598,17200.00,0.00,0.00,0.00,0.00,0.00,1131
2026-08-01,001A006598,17200.00,0.00,0.00,0.00,0.00,0.00,826
2026-09-01,001A006598,17200.00,0.00,0.00,0.00,0.00,0.00,792
2026-06-01,001A006619,17199.00,17199.00,0.00,0.00,0.00,0.00,9619
2026-07-01,001A006619,17199.00,0.00,0.00,0.00,0.00,0.00,14793
2026-08-01,001A006619,17199.00,0.00,0.00,0.00,0.00,0.00,7463
2026-09-01,001A006619,17199.00,0.00,0.00,0.00,0.00,0.00,9575
2026-06-01,001A006649,52800.00,52800.00,0.00,0.00,0.00,0.00,2426
2026-07-01,001A006649,52800.00,0.00,0.00,0.00,0.00,0.00,2304
2026-08-01,001A006649,52800.00,0.00,0.00,0.00,0.00,0.00,1670
2026-09-01,001A006649,52800.00,0.00,0.00,0.00,0.00,0.00,2265
2025-02-01,001A006677,10028.00,10028.00,0.00,0.00,0.00,0.00,4113
2025-03-01,001A006677,10028.00,0.00,0.00,0.00,0.00,0.00,3059
2025-04-01,001A006677,10028.00,0.00,0.00,0.00,0.00,0.00,1917
2025-05-01,001A006677,10028.00,0.00,0.00,0.00,0.00,0.00,4997
2025-06-01,001A006677,10028.00,0.00,0.00,0.00,0.00,0.00,3726
2025-07-01,001A006677,10028.00,0.00,0.00,0.00,0.00,0.00,4361
2025-08-01,001A006677,13524.00,0.00,3496.00,0.00,0.00,0.00,5132
2025-09-01,001A006677,13524.00,0.00,0.00,0.00,0.00,0.00,7576
2025-10-01,001A006677,13524.00,0.00,0.00,0.00,0.00,0.00,6087
2025-11-01,001A006677,13524.00,0.00,0.00,0.00,0.00,0.00,7012
2025-12-01,001A006677,13524.00,0.00,0.00,0.00,0.00,0.00,14104
2026-01-01,001A006677,13524.00,0.00,0.00,0.00,0.00,0.00,5481
2026-02-01,001A006677,11424.00,0.00,0.00,-2100.00,0.00,0.00,6869
2026-03-01,001A006677,11424.00,0.00,0.00,0.00,0.00,0.00,7685
2026-04-01,001A006677,11424.00,0.00,0.00,0.00,0.00,0.00,7091
2026-05-01,001A006677,11424.00,0.00,0.00,0.00,0.00,0.00,9268
2026-06-01,001A006677,11424.00,0.00,0.00,0.00,0.00,0.00,10624
2026-07-01,001A006677,11424.00,0.00,0.00,0.00,0.00,0.00,10603
2026-08-01,001A006677,11424.00,0.00,0.00,0.00,0.00,0.00,2108
2026-09-01,001A006677,11424.00,0.00,0.00,0.00,0.00,0.00,1831
2026-09-01,001A006715,123280.00,123280.00,0.00,0.00,0.00,0.00,42668
2024-11-01,001A006716,67068.00,67068.00,0.00,0.00,0.00,0.00,5084
2024-12-01,001A006716,67068.00,0.00,0.00,0.00,0.00,0.00,5957
2025-01-01,001A006716,67068.00,0.00,0.00,0.00,0.00,0.00,6969
2025-02-01,001A006716,67068.00,0.00,0.00,0.00,0.00,0.00,9182
2025-03-01,001A006716,67068.00,0.00,0.00,0.00,0.00,0.00,13407
2025-04-01,001A006716,67068.00,0.00,0.00,0.00,0.00,0.00,12337
2025-05-01,001A006716,79672.00,0.00,12604.00,0.00,0.00,0.00,15437
2025-06-01,001A006716,79672.00,0.00,0.00,0.00,0.00,0.00,17095
2025-07-01,001A006716,79672.00,0.00,0.00,0.00,0.00,0.00,39265
2025-08-01,001A006716,79672.00,0.00,0.00,0.00,0.00,0.00,24534
2025-09-01,001A006716,79672.00,0.00,0.00,0.00,0.00,0.00,41040
2025-10-01,001A006716,104512.00,0.00,24840.00,0.00,0.00,0.00,41411
2025-11-01,001A006716,104512.00,0.00,0.00,0.00,0.00,0.00,54399
2025-12-01,001A006716,104512.00,0.00,0.00,0.00,0.00,0.00,56391
2026-01-01,001A006716,104512.00,0.00,0.00,0.00,0.00,0.00,58775
2026-02-01,001A006716,104512.00,0.00,0.00,0.00,0.00,0.00,126422
2026-03-01,001A006716,104512.00,0.00,0.00,0.00,0.00,0.00,82239
2026-04-01,001A006716,118404.00,0.00,13892.00,0.00,0.00,0.00,120879
2026-05-01,001A006716,118404.00,0.00,0.00,0.00,0.00,0.00,121311
2026-06-01,001A006716,118404.00,0.00,0.00,0.00,0.00,0.00,140380
2026-07-01,001A006716,118404.00,0.00,0.00,0.00,0.00,0.00,139236
2026-08-01,001A006716,118404.00,0.00,0.00,0.00,0.00,0.00,196281
2026-09-01,001A006716,118404.00,0.00,0.00,0.00,0.00,0.00,197064
2026-03-01,001A006722,19200.00,19200.00,0.00,0.00,0.00,0.00,0
2026-04-01,001A006722,19200.00,0.00,0.00,0.00,0.00,0.00,0
2026-05-01,001A006722,19200.00,0.00,0.00,0.00,0.00,0.00,0
2026-06-01,001A006722,19200.00,0.00,0.00,0.00,0.00,0.00,0
2026-07-01,001A006722,19200.00,0.00,0.00,0.00,0.00,0.00,0
2026-08-01,001A006722,19200.00,0.00,0.00,0.00,0.00,0.00,0
2026-09-01,001A006722,19200.00,0.00,0.00,0.00,0.00,0.00,0
2026-08-01,001A006723,26800.00,26800.00,0.00,0.00,0.00,0.00,11045
2026-09-01,001A006723,26800.00,0.00,0.00,0.00,0.00,0.00,16246
2025-01-01,001A006763,19412.00,19412.00,0.00,0.00,0.00,0.00,1565
2025-02-01,001A006763,19412.00,0.00,0.00,0.00,0.00,0.00,1087
2025-03-01,001A006763,19412.00,0.00,0.00,0.00,0.00,0.00,1017
2025-04-01,001A006763,19412.00,0.00,0.00,0.00,0.00,0.00,1194
2025-05-01,001A006763,19412.00,0.00,0.00,0.00,0.00,0.00,1134
2025-06-01,001A006763,19412.00,0.00,0.00,0.00,0.00,0.00,797
2025-07-01,001A006763,19412.00,0.00,0.00,0.00,0.00,0.00,864
2025-08-01,001A006763,19412.00,0.00,0.00,0.00,0.00,0.00,548
2025-09-01,001A006763,19412.00,0.00,0.00,0.00,0.00,0.00,811
2025-10-01,001A006763,19412.00,0.00,0.00,0.00,0.00,0.00,715
2025-11-01,001A006763,19412.00,0.00,0.00,0.00,0.00,0.00,215
2025-12-01,001A006763,19412.00,0.00,0.00,0.00,0.00,0.00,249
2026-01-01,001A006763,15912.00,0.00,0.00,-3500.00,0.00,0.00,394
2026-02-01,001A006763,15912.00,0.00,0.00,0.00,0.00,0.00,223
2026-03-01,001A006763,15912.00,0.00,0.00,0.00,0.00,0.00,244
2026-04-01,001A006763,15912.00,0.00,0.00,0.00,0.00,0.00,185
2026-05-01,001A006763,15912.00,0.00,0.00,0.00,0.00,0.00,881
2026-06-01,001A006763,15912.00,0.00,0.00,0.00,0.00,0.00,1180
2026-07-01,001A006763,15912.00,0.00,0.00,0.00,0.00,0.00,1968
2026-08-01,001A006763,15912.00,0.00,0.00,0.00,0.00,0.00,2172
2026-09-01,001A006763,15912.00,0.00,0.00,0.00,0.00,0.00,1295
2026-08-01,001A006766,27692.00,27692.00,0.00,0.00,0.00,0.00,45813
2026-09-01,001A006766,27692.00,0.00,0.00,0.00,0.00,0.00,30513
2024-08-01,001A006780,70200.00,70200.00,0.00,0.00,0.00,0.00,1572
2024-09-01,001A006780,70200.00,0.00,0.00,0.00,0.00,0.00,1016
2024-10-01,001A006780,70200.00,0.00,0.00,0.00,0.00,0.00,573
2024-11-01,001A006780,70200.00,0.00,0.00,0.00,0.00,0.00,2013
2024-12-01,001A006780,70200.00,0.00,0.00,0.00,0.00,0.00,3006
2025-01-01,001A006780,70200.00,0.00,0.00,0.00,0.00,0.00,4295
2025-02-01,001A006780,74300.00,0.00,4100.00,0.00,0.00,0.00,4282
2025-03-01,001A006780,74300.00,0.00,0.00,0.00,0.00,0.00,5490
2025-04-01,001A006780,74300.00,0.00,0.00,0.00,0.00,0.00,6955
2025-05-01,001A006780,74300.00,0.00,0.00,0.00,0.00,0.00,6414
2025-06-01,001A006780,74300.00,0.00,0.00,0.00,0.00,0.00,7542
2025-07-01,001A006780,74300.00,0.00,0.00,0.00,0.00,0.00,14617
2025-08-01,001A006780,74300.00,0.00,0.00,0.00,0.00,0.00,5639
2025-09-01,001A006780,74300.00,0.00,0.00,0.00,0.00,0.00,4184
2025-10-01,001A006780,74300.00,0.00,0.00,0.00,0.00,0.00,5071
2025-11-01,001A006780,74300.00,0.00,0.00,0.00,0.00,0.00,9183
2025-12-01,001A006780,74300.00,0.00,0.00,0.00,0.00,0.00,6009
2026-01-01,001A006780,74300.00,0.00,0.00,0.00,0.00,0.00,7975
2026-02-01,001A006780,74300.00,0.00,0.00,0.00,0.00,0.00,10255
2026-03-01,001A006780,74300.00,0.00,0.00,0.00,0.00,0.00,8480
2026-04-01,001A006780,74300.00,0.00,0.00,0.00,0.00,0.00,11905
2026-05-01,001A006780,74300.00,0.00,0.00,0.00,0.00,0.00,14562
2026-06-01,001A006780,74300.00,0.00,0.00,0.00,0.00,0.00,28306
2026-07-01,001A006780,74300.00,0.00,0.00,0.00,0.00,0.00,28291
2026-08-01,001A006780,88500.00,0.00,14200.00,0.00,0.00,0.00,23400
2026-09-01,001A006780,88500.00,0.00,0.00,0.00,0.00,0.00,36350
2026-06-01,001A006806,23200.00,23200.00,0.00,0.00,0.00,0.00,31711
2026-07-01,001A006806,23200.00,0.00,0.00,0.00,0.00,0.00,35552
2026-08-01,001A006806,23200.00,0.00,0.00,0.00,0.00,0.00,52398
2026-09-01,001A006806,23200.00,0.00,0.00,0.00,0.00,0.00,63015
2025-08-01,001A006833,12512.00,12512.00,0.00,0.00,0.00,0.00,3072
2025-09-01,001A006833,12512.00,0.00,0.00,0.00,0.00,0.00,5859
2025-10-01,001A006833,12512.00,0.00,0.00,0.00,0.00,0.00,4486
2025-11-01,001A006833,12512.00,0.00,0.00,0.00,0.00,0.00,3428
2025-12-01,001A006833,12512.00,0.00,0.00,0.00,0.00,0.00,4692
2026-01-01,001A006833,12512.00,0.00,0.00,0.00,0.00,0.00,7267
2026-02-01,001A006833,12512.00,0.00,0.00,0.00,0.00,0.00,3574
2026-03-01,001A006833,12512.00,0.00,0.00,0.00,0.00,0.00,5108
2026-04-01,001A006833,12512.00,0.00,0.00,0.00,0.00,0.00,12993
2026-05-01,001A006833,12512.00,0.00,0.00,0.00,0.00,0.00,9711
2026-06-01,001A006833,15824.00,0.00,3312.00,0.00,0.00,0.00,8993
2026-07-01,001A006833,15824.00,0.00,0.00,0.00,0.00,0.00,8303
2026-08-01,001A006833,15824.00,0.00,0.00,0.00,0.00,0.00,8433
2026-09-01,001A006833,15824.00,0.00,0.00,0.00,0.00,0.00,6470
2025-04-01,001A006851,7000.00,7000.00,0.00,0.00,0.00,0.00,538
2025-05-01,001A006851,7000.00,0.00,0.00,0.00,0.00,0.00,842
2025-06-01,001A006851,7000.00,0.00,0.00,0.00,0.00,0.00,1857
2025-07-01,001A006851,7000.00,0.00,0.00,0.00,0.00,0.00,3555
2025-08-01,001A006851,7000.00,0.00,0.00,0.00,0.00,0.00,4987
2025-09-01,001A006851,7000.00,0.00,0.00,0.00,0.00,0.00,3692
2025-10-01,001A006851,7000.00,0.00,0.00,0.00,0.00,0.00,5129
2025-11-01,001A006851,7000.00,0.00,0.00,0.00,0.00,0.00,3879
2025-12-01,001A006851,7000.00,0.00,0.00,0.00,0.00,0.00,6941
2026-01-01,001A006851,7000.00,0.00,0.00,0.00,0.00,0.00,8140
2026-02-01,001A006851,16800.00,0.00,9800.00,0.00,0.00,0.00,10337
2026-03-01,001A006851,16800.00,0.00,0.00,0.00,0.00,0.00,15478
2026-04-01,001A006851,16800.00,0.00,0.00,0.00,0.00,0.00,10713
2026-05-01,001A006851,16800.00,0.00,0.00,0.00,0.00,0.00,12347
2026-06-01,001A006851,16800.00,0.00,0.00,0.00,0.00,0.00,16784
2026-07-01,001A006851,16800.00,0.00,0.00,0.00,0.00,0.00,13835
2026-08-01,001A006851,16800.00,0.00,0.00,0.00,0.00,0.00,12590
2026-09-01,001A006851,16800.00,0.00,0.00,0.00,0.00,0.00,9540
2025-06-01,001A006858,6669.00,6669.00,0.00,0.00,0.00,0.00,2513
2025-07-01,001A006858,6669.00,0.00,0.00,0.00,0.00,0.00,1827
2025-08-01,001A006858,6669.00,0.00,0.00,0.00,0.00,0.00,2169
2025-09-01,001A006858,6669.00,0.00,0.00,0.00,0.00,0.00,3544
2025-10-01,001A006858,6669.00,0.00,0.00,0.00,0.00,0.00,2308
2025-11-01,001A006858,6669.00,0.00,0.00,0.00,0.00,0.00,2902
2025-12-01,001A006858,6669.00,0.00,0.00,0.00,0.00,0.00,4843
2026-01-01,001A006858,6669.00,0.00,0.00,0.00,0.00,0.00,3662
2026-02-01,001A006858,6669.00,0.00,0.00,0.00,0.00,0.00,5403
2026-03-01,001A006858,6669.00,0.00,0.00,0.00,0.00,0.00,3064
2026-04-01,001A006858,6669.00,0.00,0.00,0.00,0.00,0.00,4706
2026-05-01,001A006858,6669.00,0.00,0.00,0.00,0.00,0.00,6068
2026-06-01,001A006858,6669.00,0.00,0.00,0.00,0.00,0.00,5105
2026-07-01,001A006858,6669.00,0.00,0.00,0.00,0.00,0.00,3283
2026-08-01,001A006858,6669.00,0.00,0.00,0.00,0.00,0.00,5832
2026-09-01,001A006858,6669.00,0.00,0.00,0.00,0.00,0.00,3828
2024-09-01,001A006864,122400.00,122400.00,0.00,0.00,0.00,0.00,0
2024-10-01,001A006864,122400.00,0.00,0.00,0.00,0.00,0.00,0
2024-11-01,001A006864,122400.00,0.00,0.00,0.00,0.00,0.00,124
2024-12-01,001A006864,122400.00,0.00,0.00,0.00,0.00,0.00,943
2025-01-01,001A006864,122400.00,0.00,0.00,0.00,0.00,0.00,1866
2025-02-01,001A006864,122400.00,0.00,0.00,0.00,0.00,0.00,2703
2025-03-01,001A006864,122400.00,0.00,0.00,0.00,0.00,0.00,2726
2025-04-01,001A006864,122400.00,0.00,0.00,0.00,0.00,0.00,2905
2025-05-01,001A006864,122400.00,0.00,0.00,0.00,0.00,0.00,4888
2025-06-01,001A006864,122400.00,0.00,0.00,0.00,0.00,0.00,4384
2025-07-01,001A006864,122400.00,0.00,0.00,0.00,0.00,0.00,3003
2025-08-01,001A006864,122400.00,0.00,0.00,0.00,0.00,0.00,2558
2025-09-01,001A006864,128000.00,0.00,5600.00,0.00,0.00,0.00,4858
2025-10-01,001A006864,128000.00,0.00,0.00,0.00,0.00,0.00,3882
2025-11-01,001A006864,128000.00,0.00,0.00,0.00,0.00,0.00,4646
2025-12-01,001A006864,128000.00,0.00,0.00,0.00,0.00,0.00,3060
2026-01-01,001A006864,128000.00,0.00,0.00,0.00,0.00,0.00,1275
2026-02-01,001A006864,128000.00,0.00,0.00,0.00,0.00,0.00,1019
2026-03-01,001A006864,128000.00,0.00,0.00,0.00,0.00,0.00,1728
2026-04-01,001A006864,131200.00,0.00,3200.00,0.00,0.00,0.00,1613
2026-05-01,001A006864,131200.00,0.00,0.00,0.00,0.00,0.00,922
2026-06-01,001A006864,131200.00,0.00,0.00,0.00,0.00,0.00,1534
2026-07-01,001A006864,131200.00,0.00,0.00,0.00,0.00,0.00,1357
2026-08-01,001A006864,131200.00,0.00,0.00,0.00,0.00,0.00,805
2026-09-01,001A006864,131200.00,0.00,0.00,0.00,0.00,0.00,1791
2026-02-01,001A006877,32900.00,32900.00,0.00,0.00,0.00,0.00,34442
2026-03-01,001A006877,32900.00,0.00,0.00,0.00,0.00,0.00,34612
2026-04-01,001A006877,32900.00,0.00,0.00,0.00,0.00,0.00,48296
2026-05-01,001A006877,32900.00,0.00,0.00,0.00,0.00,0.00,34059
2026-06-01,001A006877,32900.00,0.00,0.00,0.00,0.00,0.00,49891
2026-07-01,001A006877,32900.00,0.00,0.00,0.00,0.00,0.00,42278
2026-08-01,001A006877,32900.00,0.00,0.00,0.00,0.00,0.00,18811
2026-09-01,001A006877,32900.00,0.00,0.00,0.00,0.00,0.00,21409
2025-05-01,001A006893,178542.00,178542.00,0.00,0.00,0.00,0.00,3307
2025-06-01,001A006893,178542.00,0.00,0.00,0.00,0.00,0.00,4239
2025-07-01,001A006893,178542.00,0.00,0.00,0.00,0.00,0.00,3314
2025-08-01,001A006893,178542.00,0.00,0.00,0.00,0.00,0.00,1832
2025-09-01,001A006893,178542.00,0.00,0.00,0.00,0.00,0.00,2259
2025-10-01,001A006893,178542.00,0.00,0.00,0.00,0.00,0.00,2942
2025-11-01,001A006893,178542.00,0.00,0.00,0.00,0.00,0.00,2665
2025-12-01,001A006893,178542.00,0.00,0.00,0.00,0.00,0.00,3472
2026-01-01,001A006893,178542.00,0.00,0.00,0.00,0.00,0.00,4628
2026-02-01,001A006893,178542.00,0.00,0.00,0.00,0.00,0.00,2911
2026-03-01,001A006893,178542.00,0.00,0.00,0.00,0.00,0.00,3990
2026-04-01,001A006893,178542.00,0.00,0.00,0.00,0.00,0.00,3529
2026-05-01,001A006893,222742.00,0.00,44200.00,0.00,0.00,0.00,4425
2026-06-01,001A006893,222742.00,0.00,0.00,0.00,0.00,0.00,7944
2026-07-01,001A006893,222742.00,0.00,0.00,0.00,0.00,0.00,5495
2026-08-01,001A006893,222742.00,0.00,0.00,0.00,0.00,0.00,5269
2026-09-01,001A006893,222742.00,0.00,0.00,0.00,0.00,0.00,6481
2026-09-01,001A006918,11817.00,11817.00,0.00,0.00,0.00,0.00,10899
2026-05-01,001A006922,12100.00,12100.00,0.00,0.00,0.00,0.00,3185
2026-06-01,001A006922,12100.00,0.00,0.00,0.00,0.00,0.00,2191
2026-07-01,001A006922,12100.00,0.00,0.00,0.00,0.00,0.00,2301
2026-08-01,001A006922,12100.00,0.00,0.00,0.00,0.00,0.00,2512
2026-09-01,001A006922,12100.00,0.00,0.00,0.00,0.00,0.00,3067
2025-07-01,001A006923,84600.00,84600.00,0.00,0.00,0.00,0.00,67224
2025-08-01,001A006923,84600.00,0.00,0.00,0.00,0.00,0.00,76679
2025-09-01,001A006923,84600.00,0.00,0.00,0.00,0.00,0.00,56974
2025-10-01,001A006923,84600.00,0.00,0.00,0.00,0.00,0.00,107917
2025-11-01,001A006923,84600.00,0.00,0.00,0.00,0.00,0.00,79018
2025-12-01,001A006923,84600.00,0.00,0.00,0.00,0.00,0.00,125763
2026-01-01,001A006923,126200.00,0.00,41600.00,0.00,0.00,0.00,163831
2026-02-01,001A006923,126200.00,0.00,0.00,0.00,0.00,0.00,165759
2026-03-01,001A006923,126200.00,0.00,0.00,0.00,0.00,0.00,184877
2026-04-01,001A006923,126200.00,0.00,0.00,0.00,0.00,0.00,239377
2026-05-01,001A006923,126200.00,0.00,0.00,0.00,0.00,0.00,246551
2026-06-01,001A006923,126200.00,0.00,0.00,0.00,0.00,0.00,390345
2026-07-01,001A006923,194800.00,0.00,68600.00,0.00,0.00,0.00,391196
2026-08-01,001A006923,194800.00,0.00,0.00,0.00,0.00,0.00,477531
2026-09-01,001A006923,194800.00,0.00,0.00,0.00,0.00,0.00,398486
2026-03-01,001A006928,10600.00,10600.00,0.00,0.00,0.00,0.00,31736
2026-04-01,001A006928,10600.00,0.00,0.00,0.00,0.00,0.00,25211
2026-05-01,001A006928,10600.00,0.00,0.00,0.00,0.00,0.00,38235
2026-06-01,001A006928,10600.00,0.00,0.00,0.00,0.00,0.00,44105
2026-07-01,001A006928,10600.00,0.00,0.00,0.00,0.00,0.00,40070
2026-08-01,001A006928,13700.00,0.00,3100.00,0.00,0.00,0.00,50057
2026-09-01,001A006928,13700.00,0.00,0.00,0.00,0.00,8.23,70557
2025-12-01,001A006944,81000.00,81000.00,0.00,0.00,0.00,0.00,4391
2026-01-01,001A006944,81000.00,0.00,0.00,0.00,0.00,0.00,6689
2026-02-01,001A006944,81000.00,0.00,0.00,0.00,0.00,0.00,3456
2026-03-01,001A006944,81000.00,0.00,0.00,0.00,0.00,0.00,9164
2026-04-01,001A006944,81000.00,0.00,0.00,0.00,0.00,0.00,8852
2026-05-01,001A006944,81000.00,0.00,0.00,0.00,0.00,0.00,8701
2026-06-01,001A006944,81000.00,0.00,0.00,0.00,0.00,0.00,6204
2026-07-01,001A006944,81000.00,0.00,0.00,0.00,0.00,0.00,4682
2026-08-01,001A006944,81000.00,0.00,0.00,0.00,0.00,0.00,6191
2026-09-01,001A006944,81000.00,0.00,0.00,0.00,0.00,0.00,5921
2026-06-01,001A006951,7820.00,7820.00,0.00,0.00,0.00,0.00,12680
2026-07-01,001A006951,7820.00,0.00,0.00,0.00,0.00,0.00,13176
2026-08-01,001A006951,7820.00,0.00,0.00,0.00,0.00,0.00,11161
2026-09-01,001A006951,7820.00,0.00,0.00,0.00,0.00,0.00,21566
2025-07-01,001A006952,45100.00,45100.00,0.00,0.00,0.00,0.00,5449
2025-08-01,001A006952,45100.00,0.00,0.00,0.00,0.00,0.00,4149
2025-09-01,001A006952,45100.00,0.00,0.00,0.00,0.00,0.00,4605
2025-10-01,001A006952,45100.00,0.00,0.00,0.00,0.00,0.00,11053
2025-11-01,001A006952,45100.00,0.00,0.00,0.00,0.00,0.00,7951
2025-12-01,001A006952,45100.00,0.00,0.00,0.00,0.00,0.00,10736
2026-01-01,001A006952,45100.00,0.00,0.00,0.00,0.00,0.00,14805
2026-02-01,001A006952,45100.00,0.00,0.00,0.00,0.00,0.00,19866
2026-03-01,001A006952,45100.00,0.00,0.00,0.00,0.00,0.00,9068
2026-04-01,001A006952,45100.00,0.00,0.00,0.00,0.00,0.00,16152
2026-05-01,001A006952,45100.00,0.00,0.00,0.00,0.00,0.00,26765
2026-06-01,001A006952,45100.00,0.00,0.00,0.00,0.00,0.00,26623
2026-07-01,001A006952,33700.00,0.00,0.00,-11400.00,0.00,0.00,29503
2026-08-01,001A006952,54300.00,0.00,20600.00,0.00,0.00,0.00,17069
2026-09-01,001A006952,54300.00,0.00,0.00,0.00,0.00,0.00,16883
2025-10-01,001A006967,38600.00,38600.00,0.00,0.00,0.00,0.00,11661
2025-11-01,001A006967,38600.00,0.00,0.00,0.00,0.00,0.00,12512
2025-12-01,001A006967,38600.00,0.00,0.00,0.00,0.00,0.00,21950
2026-01-01,001A006967,38600.00,0.00,0.00,0.00,0.00,0.00,16510
2026-02-01,001A006967,38600.00,0.00,0.00,0.00,0.00,0.00,26111
2026-03-01,001A006967,38600.00,0.00,0.00,0.00,0.00,0.00,29663
2026-04-01,001A006967,38600.00,0.00,0.00,0.00,0.00,0.00,37553
2026-05-01,001A006967,38600.00,0.00,0.00,0.00,0.00,0.00,38683
2026-06-01,001A006967,38600.00,0.00,0.00,0.00,0.00,0.00,36646
2026-07-01,001A006967,38600.00,0.00,0.00,0.00,0.00,0.00,45177
2026-08-01,001A006967,38600.00,0.00,0.00,0.00,0.00,0.00,39379
2026-09-01,001A006967,38600.00,0.00,0.00,0.00,0.00,0.00,62877
2026-05-01,001A006978,15640.00,15640.00,0.00,0.00,0.00,0.00,19000
2026-06-01,001A006978,15640.00,0.00,0.00,0.00,0.00,0.00,16871
2026-07-01,001A006978,15640.00,0.00,0.00,0.00,0.00,0.00,13890
2026-08-01,001A006978,15640.00,0.00,0.00,0.00,0.00,0.00,13194
2026-09-01,001A006978,15640.00,0.00,0.00,0.00,0.00,0.00,12637
2026-04-01,001A006987,24700.00,24700.00,0.00,0.00,0.00,0.00,9845
2026-05-01,001A006987,24700.00,0.00,0.00,0.00,0.00,0.00,12304
2026-06-01,001A006987,24700.00,0.00,0.00,0.00,0.00,0.00,8910
2026-07-01,001A006987,24700.00,0.00,0.00,0.00,0.00,0.00,14798
2026-08-01,001A006987,24700.00,0.00,0.00,0.00,0.00,0.00,15634
2026-09-01,001A006987,24700.00,0.00,0.00,0.00,0.00,0.00,18301
2026-01-01,001A006989,16100.00,16100.00,0.00,0.00,0.00,0.00,3198
2026-02-01,001A006989,16100.00,0.00,0.00,0.00,0.00,0.00,5577
2026-03-01,001A006989,16100.00,0.00,0.00,0.00,0.00,0.00,6431
2026-04-01,001A006989,16100.00,0.00,0.00,0.00,0.00,0.00,7499
2026-05-01,001A006989,16100.00,0.00,0.00,0.00,0.00,0.00,8319
2026-06-01,001A006989,16100.00,0.00,0.00,0.00,0.00,0.00,5584
2026-07-01,001A006989,21700.00,0.00,5600.00,0.00,0.00,0.00,6534
2026-08-01,001A006989,21700.00,0.00,0.00,0.00,0.00,0.00,7767
2026-09-01,001A006989,21700.00,0.00,0.00,0.00,0.00,0.00,7000
2024-05-01,001A006993,15200.00,15200.00,0.00,0.00,0.00,0.00,771
2024-06-01,001A006993,15200.00,0.00,0.00,0.00,0.00,0.00,355
2024-07-01,001A006993,15200.00,0.00,0.00,0.00,0.00,0.00,578
2024-08-01,001A006993,15200.00,0.00,0.00,0.00,0.00,0.00,386
2024-09-01,001A006993,15200.00,0.00,0.00,0.00,0.00,0.00,435
2024-10-01,001A006993,15200.00,0.00,0.00,0.00,0.00,0.00,366
2024-11-01,001A006993,15200.00,0.00,0.00,0.00,0.00,0.00,425
2024-12-01,001A006993,15200.00,0.00,0.00,0.00,0.00,0.00,452
2025-01-01,001A006993,15200.00,0.00,0.00,0.00,0.00,0.00,448
2025-02-01,001A006993,15200.00,0.00,0.00,0.00,0.00,0.00,1281
2025-03-01,001A006993,15200.00,0.00,0.00,0.00,0.00,0.00,2617
2025-04-01,001A006993,15200.00,0.00,0.00,0.00,0.00,0.00,5317
2025-05-01,001A006993,11300.00,0.00,0.00,-3900.00,0.00,0.00,8897
2025-06-01,001A006993,11300.00,0.00,0.00,0.00,0.00,0.00,10108
2025-07-01,001A006993,11300.00,0.00,0.00,0.00,0.00,0.00,9817
2025-08-01,001A006993,11300.00,0.00,0.00,0.00,0.00,0.00,7210
2025-09-01,001A006993,11300.00,0.00,0.00,0.00,0.00,0.00,11816
2025-10-01,001A006993,11300.00,0.00,0.00,0.00,0.00,0.00,8082
2025-11-01,001A006993,23700.00,0.00,12400.00,0.00,0.00,0.00,8930
2025-12-01,001A006993,23700.00,0.00,0.00,0.00,0.00,0.00,16564
2026-01-01,001A006993,23700.00,0.00,0.00,0.00,0.00,0.00,14023
2026-02-01,001A006993,23700.00,0.00,0.00,0.00,0.00,0.00,10415
2026-03-01,001A006993,23700.00,0.00,0.00,0.00,0.00,0.00,18130
2026-04-01,001A006993,23700.00,0.00,0.00,0.00,0.00,0.00,20142
2026-05-01,001A006993,23700.00,0.00,0.00,0.00,0.00,0.00,15174
2026-06-01,001A006993,23700.00,0.00,0.00,0.00,0.00,0.00,24625
2026-07-01,001A006993,23700.00,0.00,0.00,0.00,0.00,0.00,27536
2026-08-01,001A006993,23700.00,0.00,0.00,0.00,0.00,0.00,27716
2026-09-01,001A006993,23700.00,0.00,0.00,0.00,0.00,0.00,25765
2026-09-01,001A006998,9292.00,9292.00,0.00,0.00,0.00,0.00,16243
2025-11-01,001A007015,93748.00,93748.00,0.00,0.00,0.00,0.00,32359
2025-12-01,001A007015,93748.00,0.00,0.00,0.00,0.00,0.00,34638
2026-01-01,001A007015,93748.00,0.00,0.00,0.00,0.00,0.00,29534
2026-02-01,001A007015,93748.00,0.00,0.00,0.00,0.00,0.00,38780
2026-03-01,001A007015,93748.00,0.00,0.00,0.00,0.00,0.00,72723
2026-04-01,001A007015,93748.00,0.00,0.00,0.00,0.00,0.00,66864
2026-05-01,001A007015,114632.00,0.00,20884.00,0.00,0.00,0.00,60262
2026-06-01,001A007015,114632.00,0.00,0.00,0.00,0.00,0.00,112918
2026-07-01,001A007015,114632.00,0.00,0.00,0.00,0.00,0.00,102868
2026-08-01,001A007015,114632.00,0.00,0.00,0.00,0.00,0.00,72243
2026-09-01,001A007015,114632.00,0.00,0.00,0.00,0.00,0.00,109538
2025-05-01,001A007016,8400.00,8400.00,0.00,0.00,0.00,0.00,4047
2025-06-01,001A007016,8400.00,0.00,0.00,0.00,0.00,0.00,1715
2025-07-01,001A007016,8400.00,0.00,0.00,0.00,0.00,0.00,4203
2025-08-01,001A007016,8400.00,0.00,0.00,0.00,0.00,0.00,1611
2025-09-01,001A007016,8400.00,0.00,0.00,0.00,0.00,0.00,3976
2025-10-01,001A007016,8400.00,0.00,0.00,0.00,0.00,0.00,2075
2025-11-01,001A007016,8400.00,0.00,0.00,0.00,0.00,0.00,4999
2025-12-01,001A007016,8400.00,0.00,0.00,0.00,0.00,0.00,5126
2026-01-01,001A007016,8400.00,0.00,0.00,0.00,0.00,0.00,9452
2026-02-01,001A007016,8400.00,0.00,0.00,0.00,0.00,0.00,7892
2026-03-01,001A007016,8400.00,0.00,0.00,0.00,0.00,0.00,7130
2026-04-01,001A007016,8400.00,0.00,0.00,0.00,0.00,0.00,8292
2026-05-01,001A007016,8400.00,0.00,0.00,0.00,0.00,0.00,4987
2026-06-01,001A007016,8400.00,0.00,0.00,0.00,0.00,0.00,6595
2026-07-01,001A007016,8400.00,0.00,0.00,0.00,0.00,0.00,5359
2026-08-01,001A007016,8400.00,0.00,0.00,0.00,0.00,0.00,4860
2026-09-01,001A007016,8400.00,0.00,0.00,0.00,0.00,0.00,5454
2025-10-01,001A007018,7500.00,7500.00,0.00,0.00,0.00,0.00,1819
2025-11-01,001A007018,7500.00,0.00,0.00,0.00,0.00,0.00,3697
2025-12-01,001A007018,7500.00,0.00,0.00,0.00,0.00,0.00,2365
2026-01-01,001A007018,7500.00,0.00,0.00,0.00,0.00,0.00,2948
2026-02-01,001A007018,7500.00,0.00,0.00,0.00,0.00,0.00,4939
2026-03-01,001A007018,7500.00,0.00,0.00,0.00,0.00,0.00,9872
2026-04-01,001A007018,7500.00,0.00,0.00,0.00,0.00,0.00,8231
2026-05-01,001A007018,7500.00,0.00,0.00,0.00,0.00,0.00,9688
2026-06-01,001A007018,7500.00,0.00,0.00,0.00,0.00,0.00,23961
2026-07-01,001A007018,7500.00,0.00,0.00,0.00,0.00,0.00,14195
2026-08-01,001A007018,12400.00,0.00,4900.00,0.00,0.00,0.00,15718
2026-09-01,001A007018,12400.00,0.00,0.00,0.00,0.00,0.00,24924
2026-05-01,001A007022,25100.00,25100.00,0.00,0.00,0.00,0.00,24574
2026-06-01,001A007022,25100.00,0.00,0.00,0.00,0.00,0.00,30260
2026-07-01,001A007022,25100.00,0.00,0.00,0.00,0.00,0.00,36964
2026-08-01,001A007022,25100.00,0.00,0.00,0.00,0.00,0.00,24851
2026-09-01,001A007022,25100.00,0.00,0.00,0.00,0.00,0.00,53929
2025-09-01,001A007028,32660.00,32660.00,0.00,0.00,0.00,0.00,1694
2025-10-01,001A007028,32660.00,0.00,0.00,0.00,0.00,0.00,2371
2025-11-01,001A007028,32660.00,0.00,0.00,0.00,0.00,0.00,2509
2025-12-01,001A007028,32660.00,0.00,0.00,0.00,0.00,0.00,2767
2026-01-01,001A007028,32660.00,0.00,0.00,0.00,0.00,0.00,2691
2026-02-01,001A007028,32660.00,0.00,0.00,0.00,0.00,0.00,3176
2026-03-01,001A007028,32660.00,0.00,0.00,0.00,0.00,0.00,6122
2026-04-01,001A007028,32660.00,0.00,0.00,0.00,0.00,0.00,4598
2026-05-01,001A007028,32660.00,0.00,0.00,0.00,0.00,0.00,7955
2026-06-01,001A007028,38732.00,0.00,6072.00,0.00,0.00,0.00,6954
2026-07-01,001A007028,38732.00,0.00,0.00,0.00,0.00,0.00,7144
2026-08-01,001A007028,38732.00,0.00,0.00,0.00,0.00,0.00,8575
2026-09-01,001A007028,38732.00,0.00,0.00,0.00,0.00,0.00,10511
2025-08-01,001A007035,10028.00,10028.00,0.00,0.00,0.00,0.00,1631
2025-09-01,001A007035,10028.00,0.00,0.00,0.00,0.00,0.00,1349
2025-10-01,001A007035,10028.00,0.00,0.00,0.00,0.00,0.00,1210
2025-11-01,001A007035,10028.00,0.00,0.00,0.00,0.00,0.00,1863
2025-12-01,001A007035,10028.00,0.00,0.00,0.00,0.00,0.00,1275
2026-01-01,001A007035,10028.00,0.00,0.00,0.00,0.00,0.00,1492
2026-02-01,001A007035,15640.00,0.00,5612.00,0.00,0.00,0.00,1368
2026-03-01,001A007035,15640.00,0.00,0.00,0.00,0.00,0.00,1951
2026-04-01,001A007035,15640.00,0.00,0.00,0.00,0.00,0.00,1738
2026-05-01,001A007035,15640.00,0.00,0.00,0.00,0.00,0.00,1482
2026-06-01,001A007035,15640.00,0.00,0.00,0.00,0.00,0.00,2193
2026-07-01,001A007035,15640.00,0.00,0.00,0.00,0.00,0.00,2382
2026-08-01,001A007035,15640.00,0.00,0.00,0.00,0.00,0.00,1323
2026-09-01,001A007035,15640.00,0.00,0.00,0.00,0.00,0.00,1231
2026-06-01,001A007038,4140.00,4140.00,0.00,0.00,0.00,0.00,6205
2026-07-01,001A007038,4140.00,0.00,0.00,0.00,0.00,0.00,6087
2026-08-01,001A007038,4140.00,0.00,0.00,0.00,0.00,0.00,2378
2026-09-01,001A007038,4140.00,0.00,0.00,0.00,0.00,0.00,3778
2024-03-01,001A007048,11700.00,11700.00,0.00,0.00,0.00,0.00,1641
2024-04-01,001A007048,11700.00,0.00,0.00,0.00,0.00,0.00,1610
2024-05-01,001A007048,11700.00,0.00,0.00,0.00,0.00,0.00,813
2024-06-01,001A007048,11700.00,0.00,0.00,0.00,0.00,0.00,1457
2024-07-01,001A007048,11700.00,0.00,0.00,0.00,0.00,0.00,1336
2024-08-01,001A007048,11700.00,0.00,0.00,0.00,0.00,0.00,1655
2024-09-01,001A007048,11700.00,0.00,0.00,0.00,0.00,0.00,1495
2024-10-01,001A007048,11700.00,0.00,0.00,0.00,0.00,0.00,1895
2024-11-01,001A007048,11700.00,0.00,0.00,0.00,0.00,0.00,1385
2024-12-01,001A007048,11700.00,0.00,0.00,0.00,0.00,0.00,2111
2025-01-01,001A007048,11700.00,0.00,0.00,0.00,0.00,0.00,2203
2025-02-01,001A007048,11700.00,0.00,0.00,0.00,0.00,0.00,2821
2025-03-01,001A007048,7800.00,0.00,0.00,-3900.00,0.00,0.00,2696
2025-04-01,001A007048,7800.00,0.00,0.00,0.00,0.00,0.00,4323
2025-05-01,001A007048,7800.00,0.00,0.00,0.00,0.00,0.00,3581
2025-06-01,001A007048,7800.00,0.00,0.00,0.00,0.00,0.00,4663
2025-07-01,001A007048,7800.00,0.00,0.00,0.00,0.00,0.00,5595
2025-08-01,001A007048,7800.00,0.00,0.00,0.00,0.00,0.00,4162
2025-09-01,001A007048,7800.00,0.00,0.00,0.00,0.00,0.00,3590
2025-10-01,001A007048,7800.00,0.00,0.00,0.00,0.00,0.00,6356
2025-11-01,001A007048,7800.00,0.00,0.00,0.00,0.00,0.00,4549
2025-12-01,001A007048,7800.00,0.00,0.00,0.00,0.00,0.00,3573
2026-01-01,001A007048,7800.00,0.00,0.00,0.00,0.00,0.00,6949
2026-02-01,001A007048,7800.00,0.00,0.00,0.00,0.00,0.00,8786
2026-03-01,001A007048,7800.00,0.00,0.00,0.00,0.00,0.00,9812
2026-04-01,001A007048,7800.00,0.00,0.00,0.00,0.00,0.00,8861
2026-05-01,001A007048,7800.00,0.00,0.00,0.00,0.00,0.00,9002
2026-06-01,001A007048,7800.00,0.00,0.00,0.00,0.00,0.00,8183
2026-07-01,001A007048,7800.00,0.00,0.00,0.00,0.00,0.00,14780
2026-08-01,001A007048,7800.00,0.00,0.00,0.00,0.00,0.00,9856
2026-09-01,001A007048,10600.00,0.00,2800.00,0.00,0.00,0.00,22980
2025-07-01,001A007052,22600.00,22600.00,0.00,0.00,0.00,0.00,27474
2025-08-01,001A007052,22600.00,0.00,0.00,0.00,0.00,0.00,21439
2025-09-01,001A007052,22600.00,0.00,0.00,0.00,0.00,0.00,39746
2025-10-01,001A007052,22600.00,0.00,0.00,0.00,0.00,0.00,66086
2025-11-01,001A007052,22600.00,0.00,0.00,0.00,0.00,36.69,122172
2025-12-01,001A007052,39300.00,0.00,16700.00,0.00,0.00,0.00,67891
2026-01-01,001A007052,39300.00,0.00,0.00,0.00,0.00,0.00,88880
2026-02-01,001A007052,39300.00,0.00,0.00,0.00,0.00,0.00,164587
2026-03-01,001A007052,39300.00,0.00,0.00,0.00,0.00,0.00,160033
2026-04-01,001A007052,39300.00,0.00,0.00,0.00,0.00,356.48,285620
2026-05-01,001A007052,39300.00,0.00,0.00,0.00,0.00,319.01,276252
2026-06-01,001A007052,39300.00,0.00,0.00,0.00,0.00,687.06,368264
2026-07-01,001A007052,30800.00,0.00,0.00,-8500.00,0.00,333.34,237335
2026-08-01,001A007052,30800.00,0.00,0.00,0.00,0.00,1215.09,457772
2026-09-01,001A007052,30800.00,0.00,0.00,0.00,0.00,975.29,397823
2025-12-01,001A007053,88600.00,88600.00,0.00,0.00,0.00,0.00,3298
2026-01-01,001A007053,88600.00,0.00,0.00,0.00,0.00,0.00,4076
2026-02-01,001A007053,88600.00,0.00,0.00,0.00,0.00,0.00,6823
2026-03-01,001A007053,88600.00,0.00,0.00,0.00,0.00,0.00,7191
2026-04-01,001A007053,88600.00,0.00,0.00,0.00,0.00,0.00,5337
2026-05-01,001A007053,88600.00,0.00,0.00,0.00,0.00,0.00,6740
2026-06-01,001A007053,88600.00,0.00,0.00,0.00,0.00,0.00,7847
2026-07-01,001A007053,88600.00,0.00,0.00,0.00,0.00,0.00,8165
2026-08-01,001A007053,88600.00,0.00,0.00,0.00,0.00,0.00,16004
2026-09-01,001A007053,88600.00,0.00,0.00,0.00,0.00,0.00,13922
2025-09-01,001A007083,32292.00,32292.00,0.00,0.00,0.00,0.00,10170
2025-10-01,001A007083,32292.00,0.00,0.00,0.00,0.00,0.00,12814
2025-11-01,001A007083,32292.00,0.00,0.00,0.00,0.00,0.00,10122
2025-12-01,001A007083,32292.00,0.00,0.00,0.00,0.00,0.00,32789
2026-01-01,001A007083,32292.00,0.00,0.00,0.00,0.00,0.00,20476
2026-02-01,001A007083,32292.00,0.00,0.00,0.00,0.00,0.00,33304
2026-03-01,001A007083,32292.00,0.00,0.00,0.00,0.00,0.00,37133
2026-04-01,001A007083,32292.00,0.00,0.00,0.00,0.00,0.00,34763
2026-05-01,001A007083,32292.00,0.00,0.00,0.00,0.00,0.00,22900
2026-06-01,001A007083,32292.00,0.00,0.00,0.00,0.00,0.00,66685
2026-07-01,001A007083,32292.00,0.00,0.00,0.00,0.00,0.00,38252
2026-08-01,001A007083,32292.00,0.00,0.00,0.00,0.00,0.00,42704
2026-09-01,001A007083,0.00,0.00,0.00,0.00,-32292.00,0.00,0
2025-01-01,001A007094,28336.00,28336.00,0.00,0.00,0.00,0.00,1780
2025-02-01,001A007094,28336.00,0.00,0.00,0.00,0.00,0.00,1572
2025-03-01,001A007094,28336.00,0.00,0.00,0.00,0.00,0.00,1817
2025-04-01,001A007094,28336.00,0.00,0.00,0.00,0.00,0.00,1738
2025-05-01,001A007094,28336.00,0.00,0.00,0.00,0.00,0.00,2192
2025-06-01,001A007094,28336.00,0.00,0.00,0.00,0.00,0.00,1623
2025-07-01,001A007094,30544.00,0.00,2208.00,0.00,0.00,0.00,2661
2025-08-01,001A007094,30544.00,0.00,0.00,0.00,0.00,0.00,2706
2025-09-01,001A007094,30544.00,0.00,0.00,0.00,0.00,0.00,1917
2025-10-01,001A007094,30544.00,0.00,0.00,0.00,0.00,0.00,3204
2025-11-01,001A007094,30544.00,0.00,0.00,0.00,0.00,0.00,2727
2025-12-01,001A007094,30544.00,0.00,0.00,0.00,0.00,0.00,2969
2026-01-01,001A007094,32844.00,0.00,2300.00,0.00,0.00,0.00,5950
2026-02-01,001A007094,32844.00,0.00,0.00,0.00,0.00,0.00,8000
2026-03-01,001A007094,32844.00,0.00,0.00,0.00,0.00,0.00,10056
2026-04-01,001A007094,32844.00,0.00,0.00,0.00,0.00,0.00,9324
2026-05-01,001A007094,32844.00,0.00,0.00,0.00,0.00,0.00,8076
2026-06-01,001A007094,32844.00,0.00,0.00,0.00,0.00,0.00,12715
2026-07-01,001A007094,32844.00,0.00,0.00,0.00,0.00,0.00,11832
2026-08-01,001A007094,32844.00,0.00,0.00,0.00,0.00,0.00,15110
2026-09-01,001A007094,32844.00,0.00,0.00,0.00,0.00,0.00,10582
2024-05-01,001A007095,16029.00,16029.00,0.00,0.00,0.00,0.00,508
2024-06-01,001A007095,16029.00,0.00,0.00,0.00,0.00,0.00,498
2024-07-01,001A007095,16029.00,0.00,0.00,0.00,0.00,0.00,804
2024-08-01,001A007095,16029.00,0.00,0.00,0.00,0.00,0.00,812
2024-09-01,001A007095,16029.00,0.00,0.00,0.00,0.00,0.00,920
2024-10-01,001A007095,16029.00,0.00,0.00,0.00,0.00,0.00,589
2024-11-01,001A007095,16029.00,0.00,0.00,0.00,0.00,0.00,1033
2024-12-01,001A007095,16029.00,0.00,0.00,0.00,0.00,0.00,1438
2025-01-01,001A007095,16029.00,0.00,0.00,0.00,0.00,0.00,1502
2025-02-01,001A007095,16029.00,0.00,0.00,0.00,0.00,0.00,909
2025-03-01,001A007095,16029.00,0.00,0.00,0.00,0.00,0.00,1120
2025-04-01,001A007095,16029.00,0.00,0.00,0.00,0.00,0.00,897
2025-05-01,001A007095,16029.00,0.00,0.00,0.00,0.00,0.00,1430
2025-06-01,001A007095,16029.00,0.00,0.00,0.00,0.00,0.00,1431
2025-07-01,001A007095,16029.00,0.00,0.00,0.00,0.00,0.00,1462
2025-08-01,001A007095,16029.00,0.00,0.00,0.00,0.00,0.00,1876
2025-09-01,001A007095,18369.00,0.00,2340.00,0.00,0.00,0.00,2593
2025-10-01,001A007095,18369.00,0.00,0.00,0.00,0.00,0.00,2829
2025-11-01,001A007095,18369.00,0.00,0.00,0.00,0.00,0.00,3153
2025-12-01,001A007095,18369.00,0.00,0.00,0.00,0.00,0.00,2473
2026-01-01,001A007095,18369.00,0.00,0.00,0.00,0.00,0.00,2619
2026-02-01,001A007095,18369.00,0.00,0.00,0.00,0.00,0.00,3283
2026-03-01,001A007095,18369.00,0.00,0.00,0.00,0.00,0.00,4730
2026-04-01,001A007095,18369.00,0.00,0.00,0.00,0.00,0.00,5599
2026-05-01,001A007095,18369.00,0.00,0.00,0.00,0.00,0.00,4467
2026-06-01,001A007095,18369.00,0.00,0.00,0.00,0.00,0.00,6031
2026-07-01,001A007095,18369.00,0.00,0.00,0.00,0.00,0.00,5456
2026-08-01,001A007095,18369.00,0.00,0.00,0.00,0.00,0.00,3890
2026-09-01,001A007095,18369.00,0.00,0.00,0.00,0.00,0.00,7258
2024-08-01,001A007116,27600.00,27600.00,0.00,0.00,0.00,0.00,5178
2024-09-01,001A007116,27600.00,0.00,0.00,0.00,0.00,0.00,8188
2024-10-01,001A007116,27600.00,0.00,0.00,0.00,0.00,0.00,9224
2024-11-01,001A007116,27600.00,0.00,0.00,0.00,0.00,0.00,5661
2024-12-01,001A007116,27600.00,0.00,0.00,0.00,0.00,0.00,6469
2025-01-01,001A007116,27600.00,0.00,0.00,0.00,0.00,0.00,8268
2025-02-01,001A007116,27600.00,0.00,0.00,0.00,0.00,0.00,11672
2025-03-01,001A007116,27600.00,0.00,0.00,0.00,0.00,0.00,18382
2025-04-01,001A007116,27600.00,0.00,0.00,0.00,0.00,0.00,14779
2025-05-01,001A007116,46100.00,0.00,18500.00,0.00,0.00,0.00,17855
2025-06-01,001A007116,46100.00,0.00,0.00,0.00,0.00,0.00,21150
2025-07-01,001A007116,46100.00,0.00,0.00,0.00,0.00,0.00,25929
2025-08-01,001A007116,46100.00,0.00,0.00,0.00,0.00,0.00,26379
2025-09-01,001A007116,46100.00,0.00,0.00,0.00,0.00,0.00,34813
2025-10-01,001A007116,46100.00,0.00,0.00,0.00,0.00,0.00,32683
2025-11-01,001A007116,46100.00,0.00,0.00,0.00,0.00,0.00,38119
2025-12-01,001A007116,46100.00,0.00,0.00,0.00,0.00,0.00,70728
2026-01-01,001A007116,57800.00,0.00,11700.00,0.00,0.00,0.00,84023
2026-02-01,001A007116,57800.00,0.00,0.00,0.00,0.00,0.00,101435
2026-03-01,001A007116,57800.00,0.00,0.00,0.00,0.00,0.00,120735
2026-04-01,001A007116,57800.00,0.00,0.00,0.00,0.00,0.00,107981
2026-05-01,001A007116,57800.00,0.00,0.00,0.00,0.00,0.00,132560
2026-06-01,001A007116,57800.00,0.00,0.00,0.00,0.00,0.00,147342
2026-07-01,001A007116,57800.00,0.00,0.00,0.00,0.00,0.00,174035
2026-08-01,001A007116,79300.00,0.00,21500.00,0.00,0.00,0.00,135986
2026-09-01,001A007116,79300.00,0.00,0.00,0.00,0.00,0.00,239786
2024-11-01,001A007120,10000.00,10000.00,0.00,0.00,0.00,0.00,12660
2024-12-01,001A007120,10000.00,0.00,0.00,0.00,0.00,0.00,6205
2025-01-01,001A007120,10000.00,0.00,0.00,0.00,0.00,0.00,7177
2025-02-01,001A007120,10000.00,0.00,0.00,0.00,0.00,0.00,7550
2025-03-01,001A007120,10000.00,0.00,0.00,0.00,0.00,0.00,7956
2025-04-01,001A007120,10000.00,0.00,0.00,0.00,0.00,0.00,8056
2025-05-01,001A007120,10000.00,0.00,0.00,0.00,0.00,0.00,9450
2025-06-01,001A007120,10000.00,0.00,0.00,0.00,0.00,0.00,8934
2025-07-01,001A007120,10000.00,0.00,0.00,0.00,0.00,0.00,6404
2025-08-01,001A007120,10000.00,0.00,0.00,0.00,0.00,0.00,7480
2025-09-01,001A007120,10000.00,0.00,0.00,0.00,0.00,0.00,3790
2025-10-01,001A007120,10000.00,0.00,0.00,0.00,0.00,0.00,3640
2025-11-01,001A007120,10000.00,0.00,0.00,0.00,0.00,0.00,4817
2025-12-01,001A007120,10000.00,0.00,0.00,0.00,0.00,0.00,4812
2026-01-01,001A007120,10000.00,0.00,0.00,0.00,0.00,0.00,7091
2026-02-01,001A007120,10000.00,0.00,0.00,0.00,0.00,0.00,7363
2026-03-01,001A007120,10000.00,0.00,0.00,0.00,0.00,0.00,5866
2026-04-01,001A007120,10000.00,0.00,0.00,0.00,0.00,0.00,9303
2026-05-01,001A007120,10000.00,0.00,0.00,0.00,0.00,0.00,7380
2026-06-01,001A007120,10000.00,0.00,0.00,0.00,0.00,0.00,6789
2026-07-01,001A007120,10000.00,0.00,0.00,0.00,0.00,0.00,8095
2026-08-01,001A007120,10000.00,0.00,0.00,0.00,0.00,0.00,9016
2026-09-01,001A007120,10000.00,0.00,0.00,0.00,0.00,0.00,7735
2026-08-01,001A007138,9936.00,9936.00,0.00,0.00,0.00,0.00,4663
2026-09-01,001A007138,9936.00,0.00,0.00,0.00,0.00,0.00,6209
2026-06-01,001A007141,11408.00,11408.00,0.00,0.00,0.00,0.00,19040
2026-07-01,001A007141,11408.00,0.00,0.00,0.00,0.00,0.00,19915
2026-08-01,001A007141,11408.00,0.00,0.00,0.00,0.00,0.00,15498
2026-09-01,001A007141,11408.00,0.00,0.00,0.00,0.00,0.00,26855
2026-04-01,001A007175,18900.00,18900.00,0.00,0.00,0.00,0.00,49674
2026-05-01,001A007175,18900.00,0.00,0.00,0.00,0.00,0.00,38196
2026-06-01,001A007175,18900.00,0.00,0.00,0.00,0.00,0.00,63249
2026-07-01,001A007175,18900.00,0.00,0.00,0.00,0.00,0.00,57010
2026-08-01,001A007175,18900.00,0.00,0.00,0.00,0.00,30.10,102025
2026-09-01,001A007175,18900.00,0.00,0.00,0.00,0.00,0.00,80853
2026-05-01,001A007183,6400.00,6400.00,0.00,0.00,0.00,0.00,1117
2026-06-01,001A007183,6400.00,0.00,0.00,0.00,0.00,0.00,622
2026-07-01,001A007183,6400.00,0.00,0.00,0.00,0.00,0.00,1635
2026-08-01,001A007183,6400.00,0.00,0.00,0.00,0.00,0.00,1847
2026-09-01,001A007183,6400.00,0.00,0.00,0.00,0.00,0.00,4181
2026-06-01,001A007208,18700.00,18700.00,0.00,0.00,0.00,0.00,0
2026-07-01,001A007208,18700.00,0.00,0.00,0.00,0.00,0.00,0
2026-08-01,001A007208,18700.00,0.00,0.00,0.00,0.00,0.00,0
2026-09-01,001A007208,18700.00,0.00,0.00,0.00,0.00,0.00,0
2024-12-01,001A007212,14352.00,14352.00,0.00,0.00,0.00,0.00,28617
2025-01-01,001A007212,14352.00,0.00,0.00,0.00,0.00,0.00,25714
2025-02-01,001A007212,14352.00,0.00,0.00,0.00,0.00,0.00,45677
2025-03-01,001A007212,14352.00,0.00,0.00,0.00,0.00,0.00,36902
2025-04-01,001A007212,14352.00,0.00,0.00,0.00,0.00,0.00,67559
2025-05-01,001A007212,14352.00,0.00,0.00,0.00,0.00,0.00,52388
2025-06-01,001A007212,21620.00,0.00,7268.00,0.00,0.00,0.00,86504
2025-07-01,001A007212,21620.00,0.00,0.00,0.00,0.00,11.16,110890
2025-08-01,001A007212,21620.00,0.00,0.00,0.00,0.00,0.00,69221
2025-09-01,001A007212,21620.00,0.00,0.00,0.00,0.00,113.87,136568
2025-10-01,001A007212,21620.00,0.00,0.00,0.00,0.00,173.80,151550
2025-11-01,001A007212,21620.00,0.00,0.00,0.00,0.00,120.34,138184
2025-12-01,001A007212,21620.00,0.00,0.00,0.00,0.00,489.38,230446
2026-01-01,001A007212,24564.00,0.00,2944.00,0.00,0.00,808.48,324939
2026-02-01,001A007212,24564.00,0.00,0.00,0.00,0.00,1536.60,506969
2026-03-01,001A007212,24564.00,0.00,0.00,0.00,0.00,752.00,310821
2026-04-01,001A007212,24564.00,0.00,0.00,0.00,0.00,677.77,292262
2026-05-01,001A007212,24564.00,0.00,0.00,0.00,0.00,2044.84,634029
2026-06-01,001A007212,24564.00,0.00,0.00,0.00,0.00,2431.04,730579
2026-07-01,001A007212,24564.00,0.00,0.00,0.00,0.00,2433.02,731075
2026-08-01,001A007212,24564.00,0.00,0.00,0.00,0.00,3951.27,1110637
2026-09-01,001A007212,24564.00,0.00,0.00,0.00,0.00,5088.82,1395024
2026-05-01,001A007216,14444.00,14444.00,0.00,0.00,0.00,0.00,4498
2026-06-01,001A007216,14444.00,0.00,0.00,0.00,0.00,0.00,4334
2026-07-01,001A007216,14444.00,0.00,0.00,0.00,0.00,0.00,5487
2026-08-01,001A007216,14444.00,0.00,0.00,0.00,0.00,0.00,5027
2026-09-01,001A007216,14444.00,0.00,0.00,0.00,0.00,0.00,7148
2024-12-01,001A007223,19400.00,19400.00,0.00,0.00,0.00,0.00,3112
2025-01-01,001A007223,19400.00,0.00,0.00,0.00,0.00,0.00,1952
2025-02-01,001A007223,19400.00,0.00,0.00,0.00,0.00,0.00,1640
2025-03-01,001A007223,19400.00,0.00,0.00,0.00,0.00,0.00,2266
2025-04-01,001A007223,19400.00,0.00,0.00,0.00,0.00,0.00,0
2025-05-01,001A007223,19400.00,0.00,0.00,0.00,0.00,0.00,0
2025-06-01,001A007223,19400.00,0.00,0.00,0.00,0.00,0.00,0
2025-07-01,001A007223,19400.00,0.00,0.00,0.00,0.00,0.00,209
2025-08-01,001A007223,19400.00,0.00,0.00,0.00,0.00,0.00,321
2025-09-01,001A007223,19400.00,0.00,0.00,0.00,0.00,0.00,1488
2025-10-01,001A007223,19400.00,0.00,0.00,0.00,0.00,0.00,1782
2025-11-01,001A007223,19400.00,0.00,0.00,0.00,0.00,0.00,783
2025-12-01,001A007223,17100.00,0.00,0.00,-2300.00,0.00,0.00,1330
2026-01-01,001A007223,17100.00,0.00,0.00,0.00,0.00,0.00,1346
2026-02-01,001A007223,17100.00,0.00,0.00,0.00,0.00,0.00,1279
2026-03-01,001A007223,17100.00,0.00,0.00,0.00,0.00,0.00,2450
2026-04-01,001A007223,17100.00,0.00,0.00,0.00,0.00,0.00,4176
2026-05-01,001A007223,17100.00,0.00,0.00,0.00,0.00,0.00,6059
2026-06-01,001A007223,25300.00,0.00,8200.00,0.00,0.00,0.00,6826
2026-07-01,001A007223,25300.00,0.00,0.00,0.00,0.00,0.00,5562
2026-08-01,001A007223,25300.00,0.00,0.00,0.00,0.00,0.00,5364
2026-09-01,001A007223,25300.00,0.00,0.00,0.00,0.00,0.00,6626
2026-08-01,001A007228,7300.00,7300.00,0.00,0.00,0.00,0.00,23237
2026-09-01,001A007228,7300.00,0.00,0.00,0.00,0.00,0.00,29618
2026-05-01,001A007234,9108.00,9108.00,0.00,0.00,0.00,0.00,16034
2026-06-01,001A007234,9108.00,0.00,0.00,0.00,0.00,0.00,8529
2026-07-01,001A007234,9108.00,0.00,0.00,0.00,0.00,0.00,16801
2026-08-01,001A007234,9108.00,0.00,0.00,0.00,0.00,0.00,15501
2026-09-01,001A007234,9108.00,0.00,0.00,0.00,0.00,0.00,13470
2025-10-01,001A007245,6256.00,6256.00,0.00,0.00,0.00,0.00,709
2025-11-01,001A007245,6256.00,0.00,0.00,0.00,0.00,0.00,456
2025-12-01,001A007245,6256.00,0.00,0.00,0.00,0.00,0.00,957
2026-01-01,001A007245,6256.00,0.00,0.00,0.00,0.00,0.00,802
2026-02-01,001A007245,6256.00,0.00,0.00,0.00,0.00,0.00,969
2026-03-01,001A007245,6256.00,0.00,0.00,0.00,0.00,0.00,1183
2026-04-01,001A007245,6256.00,0.00,0.00,0.00,0.00,0.00,1268
2026-05-01,001A007245,6256.00,0.00,0.00,0.00,0.00,0.00,620
2026-06-01,001A007245,6256.00,0.00,0.00,0.00,0.00,0.00,672
2026-07-01,001A007245,6256.00,0.00,0.00,0.00,0.00,0.00,933
2026-08-01,001A007245,6256.00,0.00,0.00,0.00,0.00,0.00,1170
2026-09-01,001A007245,9660.00,0.00,3404.00,0.00,0.00,0.00,2370
2024-10-01,001A007247,25740.00,25740.00,0.00,0.00,0.00,0.00,223
2024-11-01,001A007247,25740.00,0.00,0.00,0.00,0.00,0.00,343
2024-12-01,001A007247,25740.00,0.00,0.00,0.00,0.00,0.00,594
2025-01-01,001A007247,25740.00,0.00,0.00,0.00,0.00,0.00,306
2025-02-01,001A007247,25740.00,0.00,0.00,0.00,0.00,0.00,227
2025-03-01,001A007247,25740.00,0.00,0.00,0.00,0.00,0.00,245
2025-04-01,001A007247,25740.00,0.00,0.00,0.00,0.00,0.00,0
2025-05-01,001A007247,25740.00,0.00,0.00,0.00,0.00,0.00,0
2025-06-01,001A007247,25740.00,0.00,0.00,0.00,0.00,0.00,0
2025-07-01,001A007247,25740.00,0.00,0.00,0.00,0.00,0.00,0
2025-08-01,001A007247,25740.00,0.00,0.00,0.00,0.00,0.00,0
2025-09-01,001A007247,25740.00,0.00,0.00,0.00,0.00,0.00,0
2025-10-01,001A007247,0.00,0.00,0.00,0.00,-25740.00,0.00,0
2025-04-01,001A007260,7268.00,7268.00,0.00,0.00,0.00,0.00,0
2025-05-01,001A007260,7268.00,0.00,0.00,0.00,0.00,0.00,0
2025-06-01,001A007260,7268.00,0.00,0.00,0.00,0.00,0.00,0
2025-07-01,001A007260,7268.00,0.00,0.00,0.00,0.00,0.00,197
2025-08-01,001A007260,7268.00,0.00,0.00,0.00,0.00,0.00,394
2025-09-01,001A007260,13892.00,0.00,6624.00,0.00,0.00,0.00,798
2025-10-01,001A007260,13892.00,0.00,0.00,0.00,0.00,0.00,713
2025-11-01,001A007260,13892.00,0.00,0.00,0.00,0.00,0.00,1006
2025-12-01,001A007260,13892.00,0.00,0.00,0.00,0.00,0.00,911
2026-01-01,001A007260,13892.00,0.00,0.00,0.00,0.00,0.00,751
2026-02-01,001A007260,13892.00,0.00,0.00,0.00,0.00,0.00,995
2026-03-01,001A007260,13892.00,0.00,0.00,0.00,0.00,0.00,1652
2026-04-01,001A007260,11292.00,0.00,0.00,-2600.00,0.00,0.00,1514
2026-05-01,001A007260,11292.00,0.00,0.00,0.00,0.00,0.00,1072
2026-06-01,001A007260,11292.00,0.00,0.00,0.00,0.00,0.00,1644
2026-07-01,001A007260,11292.00,0.00,0.00,0.00,0.00,0.00,2354
2026-08-01,001A007260,11292.00,0.00,0.00,0.00,0.00,0.00,1336
2026-09-01,001A007260,11292.00,0.00,0.00,0.00,0.00,0.00,2117
2026-05-01,001A007273,48087.00,48087.00,0.00,0.00,0.00,0.00,772
2026-06-01,001A007273,48087.00,0.00,0.00,0.00,0.00,0.00,720
2026-07-01,001A007273,48087.00,0.00,0.00,0.00,0.00,0.00,324
2026-08-01,001A007273,48087.00,0.00,0.00,0.00,0.00,0.00,430
2026-09-01,001A007273,48087.00,0.00,0.00,0.00,0.00,0.00,207
2026-08-01,001A007298,17664.00,17664.00,0.00,0.00,0.00,0.00,7696
2026-09-01,001A007298,17664.00,0.00,0.00,0.00,0.00,0.00,14868
2025-03-01,001A007302,24564.00,24564.00,0.00,0.00,0.00,0.00,28387
2025-04-01,001A007302,24564.00,0.00,0.00,0.00,0.00,0.00,29342
2025-05-01,001A007302,24564.00,0.00,0.00,0.00,0.00,0.00,36755
2025-06-01,001A007302,24564.00,0.00,0.00,0.00,0.00,0.00,30667
2025-07-01,001A007302,24564.00,0.00,0.00,0.00,0.00,0.00,42140
2025-08-01,001A007302,24564.00,0.00,0.00,0.00,0.00,0.00,32710
2025-09-01,001A007302,46184.00,0.00,21620.00,0.00,0.00,0.00,66120
2025-10-01,001A007302,46184.00,0.00,0.00,0.00,0.00,0.00,57442
2025-11-01,001A007302,46184.00,0.00,0.00,0.00,0.00,0.00,47544
2025-12-01,001A007302,46184.00,0.00,0.00,0.00,0.00,0.00,55232
2026-01-01,001A007302,46184.00,0.00,0.00,0.00,0.00,0.00,79721
2026-02-01,001A007302,46184.00,0.00,0.00,0.00,0.00,0.00,59589
2026-03-01,001A007302,32684.00,0.00,0.00,-13500.00,0.00,0.00,125939
2026-04-01,001A007302,32684.00,0.00,0.00,0.00,0.00,8.09,165442
2026-05-01,001A007302,32684.00,0.00,0.00,0.00,0.00,57.36,177760
2026-06-01,001A007302,32684.00,0.00,0.00,0.00,0.00,470.07,280937
2026-07-01,001A007302,32684.00,0.00,0.00,0.00,0.00,214.97,217162
2026-08-01,001A007302,32684.00,0.00,0.00,0.00,0.00,240.19,223467
2026-09-01,001A007302,32684.00,0.00,0.00,0.00,0.00,205.91,214898
2026-01-01,001A007311,28665.00,28665.00,0.00,0.00,0.00,0.00,43016
2026-02-01,001A007311,28665.00,0.00,0.00,0.00,0.00,0.00,32529
2026-03-01,001A007311,28665.00,0.00,0.00,0.00,0.00,0.00,38759
2026-04-01,001A007311,28665.00,0.00,0.00,0.00,0.00,0.00,53516
2026-05-01,001A007311,28665.00,0.00,0.00,0.00,0.00,0.00,81277
2026-06-01,001A007311,28665.00,0.00,0.00,0.00,0.00,0.00,88967
2026-07-01,001A007311,28665.00,0.00,0.00,0.00,0.00,0.00,67700
2026-08-01,001A007311,28665.00,0.00,0.00,0.00,0.00,0.00,85509
2026-09-01,001A007311,28665.00,0.00,0.00,0.00,0.00,0.00,92985
2026-02-01,001A007329,25200.00,25200.00,0.00,0.00,0.00,0.00,25351
2026-03-01,001A007329,25200.00,0.00,0.00,0.00,0.00,0.00,23651
2026-04-01,001A007329,25200.00,0.00,0.00,0.00,0.00,0.00,28669
2026-05-01,001A007329,25200.00,0.00,0.00,0.00,0.00,0.00,37873
2026-06-01,001A007329,25200.00,0.00,0.00,0.00,0.00,0.00,32225
2026-07-01,001A007329,25200.00,0.00,0.00,0.00,0.00,0.00,44780
2026-08-01,001A007329,25200.00,0.00,0.00,0.00,0.00,0.00,30782
2026-09-01,001A007329,25200.00,0.00,0.00,0.00,0.00,0.00,41907
2024-10-01,001A007342,9108.00,9108.00,0.00,0.00,0.00,0.00,5661
2024-11-01,001A007342,9108.00,0.00,0.00,0.00,0.00,0.00,6296
2024-12-01,001A007342,9108.00,0.00,0.00,0.00,0.00,0.00,8758
2025-01-01,001A007342,9108.00,0.00,0.00,0.00,0.00,0.00,7994
2025-02-01,001A007342,9108.00,0.00,0.00,0.00,0.00,0.00,10124
2025-03-01,001A007342,9108.00,0.00,0.00,0.00,0.00,0.00,9338
2025-04-01,001A007342,9108.00,0.00,0.00,0.00,0.00,0.00,6647
2025-05-01,001A007342,9108.00,0.00,0.00,0.00,0.00,0.00,10030
2025-06-01,001A007342,9108.00,0.00,0.00,0.00,0.00,0.00,9537
2025-07-01,001A007342,9108.00,0.00,0.00,0.00,0.00,0.00,10107
2025-08-01,001A007342,9108.00,0.00,0.00,0.00,0.00,0.00,9877
2025-09-01,001A007342,9108.00,0.00,0.00,0.00,0.00,0.00,13675
2025-10-01,001A007342,11008.00,0.00,1900.00,0.00,0.00,0.00,22971
2025-11-01,001A007342,11008.00,0.00,0.00,0.00,0.00,0.00,17055
2025-12-01,001A007342,11008.00,0.00,0.00,0.00,0.00,0.00,11366
2026-01-01,001A007342,11008.00,0.00,0.00,0.00,0.00,0.00,20245
2026-02-01,001A007342,11008.00,0.00,0.00,0.00,0.00,0.00,20788
2026-03-01,001A007342,11008.00,0.00,0.00,0.00,0.00,0.00,29162
2026-04-01,001A007342,11008.00,0.00,0.00,0.00,0.00,0.00,15234
2026-05-01,001A007342,11008.00,0.00,0.00,0.00,0.00,0.00,20203
2026-06-01,001A007342,11008.00,0.00,0.00,0.00,0.00,0.00,0
2026-07-01,001A007342,11008.00,0.00,0.00,0.00,0.00,0.00,0
2026-08-01,001A007342,11008.00,0.00,0.00,0.00,0.00,0.00,0
2026-09-01,001A007342,11008.00,0.00,0.00,0.00,0.00,0.00,0
2026-07-01,001A007349,34600.00,34600.00,0.00,0.00,0.00,0.00,19624
2026-08-01,001A007349,34600.00,0.00,0.00,0.00,0.00,0.00,20206
2026-09-01,001A007349,34600.00,0.00,0.00,0.00,0.00,0.00,18935
2024-07-01,001A007371,28060.00,28060.00,0.00,0.00,0.00,0.00,2595
2024-08-01,001A007371,28060.00,0.00,0.00,0.00,0.00,0.00,2478
2024-09-01,001A007371,28060.00,0.00,0.00,0.00,0.00,0.00,2467
2024-10-01,001A007371,28060.00,0.00,0.00,0.00,0.00,0.00,2390
2024-11-01,001A007371,28060.00,0.00,0.00,0.00,0.00,0.00,2418
2024-12-01,001A007371,28060.00,0.00,0.00,0.00,0.00,0.00,3165
2025-01-01,001A007371,28060.00,0.00,0.00,0.00,0.00,0.00,3078
2025-02-01,001A007371,28060.00,0.00,0.00,0.00,0.00,0.00,4274
2025-03-01,001A007371,28060.00,0.00,0.00,0.00,0.00,0.00,3326
2025-04-01,001A007371,28060.00,0.00,0.00,0.00,0.00,0.00,3702
2025-05-01,001A007371,28060.00,0.00,0.00,0.00,0.00,0.00,7443
2025-06-01,001A007371,28060.00,0.00,0.00,0.00,0.00,0.00,6628
2025-07-01,001A007371,28060.00,0.00,0.00,0.00,0.00,0.00,6233
2025-08-01,001A007371,34040.00,0.00,5980.00,0.00,0.00,0.00,5420
2025-09-01,001A007371,34040.00,0.00,0.00,0.00,0.00,0.00,4544
2025-10-01,001A007371,34040.00,0.00,0.00,0.00,0.00,0.00,4414
2025-11-01,001A007371,34040.00,0.00,0.00,0.00,0.00,0.00,7820
2025-12-01,001A007371,34040.00,0.00,0.00,0.00,0.00,0.00,5058
2026-01-01,001A007371,34040.00,0.00,0.00,0.00,0.00,0.00,3776
2026-02-01,001A007371,34040.00,0.00,0.00,0.00,0.00,0.00,3832
2026-03-01,001A007371,34040.00,0.00,0.00,0.00,0.00,0.00,3984
2026-04-01,001A007371,34040.00,0.00,0.00,0.00,0.00,0.00,4600
2026-05-01,001A007371,34040.00,0.00,0.00,0.00,0.00,0.00,3385
2026-06-01,001A007371,34040.00,0.00,0.00,0.00,0.00,0.00,7460
2026-07-01,001A007371,41040.00,0.00,7000.00,0.00,0.00,0.00,3460
2026-08-01,001A007371,41040.00,0.00,0.00,0.00,0.00,0.00,4057
2026-09-01,001A007371,41040.00,0.00,0.00,0.00,0.00,0.00,6201
2026-01-01,001A007372,7500.00,7500.00,0.00,0.00,0.00,0.00,11750
2026-02-01,001A007372,7500.00,0.00,0.00,0.00,0.00,0.00,18722
2026-03-01,001A007372,7500.00,0.00,0.00,0.00,0.00,0.00,21221
2026-04-01,001A007372,7500.00,0.00,0.00,0.00,0.00,0.00,24773
2026-05-01,001A007372,7500.00,0.00,0.00,0.00,0.00,0.00,19542
2026-06-01,001A007372,7500.00,0.00,0.00,0.00,0.00,0.00,20209
2026-07-01,001A007372,7500.00,0.00,0.00,0.00,0.00,0.00,17853
2026-08-01,001A007372,7500.00,0.00,0.00,0.00,0.00,0.00,20111
2026-09-01,001A007372,7500.00,0.00,0.00,0.00,0.00,0.00,14561
2026-08-01,001A007381,81100.00,81100.00,0.00,0.00,0.00,0.00,781
2026-09-01,001A007381,81100.00,0.00,0.00,0.00,0.00,0.00,513
2025-05-01,001A007384,21200.00,21200.00,0.00,0.00,0.00,0.00,12209
2025-06-01,001A007384,21200.00,0.00,0.00,0.00,0.00,0.00,8462
2025-07-01,001A007384,21200.00,0.00,0.00,0.00,0.00,0.00,15837
2025-08-01,001A007384,21200.00,0.00,0.00,0.00,0.00,0.00,19557
2025-09-01,001A007384,21200.00,0.00,0.00,0.00,0.00,0.00,21341
2025-10-01,001A007384,21200.00,0.00,0.00,0.00,0.00,0.00,0
2025-11-01,001A007384,21200.00,0.00,0.00,0.00,0.00,0.00,0
2025-12-01,001A007384,21200.00,0.00,0.00,0.00,0.00,0.00,0
2026-01-01,001A007384,21200.00,0.00,0.00,0.00,0.00,0.00,0
2026-02-01,001A007384,21200.00,0.00,0.00,0.00,0.00,0.00,0
2026-03-01,001A007384,21200.00,0.00,0.00,0.00,0.00,0.00,0
2026-04-01,001A007384,21200.00,0.00,0.00,0.00,0.00,0.00,0
2026-05-01,001A007384,21200.00,0.00,0.00,0.00,0.00,0.00,0
2026-06-01,001A007384,21200.00,0.00,0.00,0.00,0.00,0.00,0
2026-07-01,001A007384,21200.00,0.00,0.00,0.00,0.00,0.00,0
2026-08-01,001A007384,21200.00,0.00,0.00,0.00,0.00,0.00,0
2026-09-01,001A007384,21200.00,0.00,0.00,0.00,0.00,0.00,0
2026-01-01,001A007387,28400.00,28400.00,0.00,0.00,0.00,0.00,4157
2026-02-01,001A007387,28400.00,0.00,0.00,0.00,0.00,0.00,6604
2026-03-01,001A007387,28400.00,0.00,0.00,0.00,0.00,0.00,3958
2026-04-01,001A007387,28400.00,0.00,0.00,0.00,0.00,0.00,1225
2026-05-01,001A007387,28400.00,0.00,0.00,0.00,0.00,0.00,1103
2026-06-01,001A007387,28400.00,0.00,0.00,0.00,0.00,0.00,529
2026-07-01,001A007387,28400.00,0.00,0.00,0.00,0.00,0.00,1426
2026-08-01,001A007387,28400.00,0.00,0.00,0.00,0.00,0.00,932
2026-09-01,001A007387,28400.00,0.00,0.00,0.00,0.00,0.00,993
2026-08-01,001A007451,29600.00,29600.00,0.00,0.00,0.00,0.00,8085
2026-09-01,001A007451,29600.00,0.00,0.00,0.00,0.00,0.00,8395
2025-02-01,001A007454,142600.00,142600.00,0.00,0.00,0.00,0.00,2702
2025-03-01,001A007454,142600.00,0.00,0.00,0.00,0.00,0.00,3751
2025-04-01,001A007454,142600.00,0.00,0.00,0.00,0.00,0.00,4189
2025-05-01,001A007454,142600.00,0.00,0.00,0.00,0.00,0.00,3549
2025-06-01,001A007454,142600.00,0.00,0.00,0.00,0.00,0.00,3718
2025-07-01,001A007454,142600.00,0.00,0.00,0.00,0.00,0.00,2670
2025-08-01,001A007454,142600.00,0.00,0.00,0.00,0.00,0.00,3399
2025-09-01,001A007454,142600.00,0.00,0.00,0.00,0.00,0.00,3588
2025-10-01,001A007454,142600.00,0.00,0.00,0.00,0.00,0.00,4601
2025-11-01,001A007454,175812.00,0.00,33212.00,0.00,0.00,0.00,3164
2025-12-01,001A007454,175812.00,0.00,0.00,0.00,0.00,0.00,5227
2026-01-01,001A007454,175812.00,0.00,0.00,0.00,0.00,0.00,6146
2026-02-01,001A007454,175812.00,0.00,0.00,0.00,0.00,0.00,5862
2026-03-01,001A007454,175812.00,0.00,0.00,0.00,0.00,0.00,6565
2026-04-01,001A007454,175812.00,0.00,0.00,0.00,0.00,0.00,6403
2026-05-01,001A007454,175812.00,0.00,0.00,0.00,0.00,0.00,6780
2026-06-01,001A007454,175812.00,0.00,0.00,0.00,0.00,0.00,9621
2026-07-01,001A007454,215004.00,0.00,39192.00,0.00,0.00,0.00,11713
2026-08-01,001A007454,215004.00,0.00,0.00,0.00,0.00,0.00,11296
2026-09-01,001A007454,215004.00,0.00,0.00,0.00,0.00,0.00,14543
2025-06-01,001A007458,13100.00,13100.00,0.00,0.00,0.00,0.00,7941
2025-07-01,001A007458,13100.00,0.00,0.00,0.00,0.00,0.00,15675
2025-08-01,001A007458,13100.00,0.00,0.00,0.00,0.00,0.00,13836
2025-09-01,001A007458,13100.00,0.00,0.00,0.00,0.00,0.00,12799
2025-10-01,001A007458,13100.00,0.00,0.00,0.00,0.00,0.00,0
2025-11-01,001A007458,13100.00,0.00,0.00,0.00,0.00,0.00,0
2025-12-01,001A007458,13100.00,0.00,0.00,0.00,0.00,0.00,0
2026-01-01,001A007458,13100.00,0.00,0.00,0.00,0.00,0.00,0
2026-02-01,001A007458,13100.00,0.00,0.00,0.00,0.00,0.00,0
2026-03-01,001A007458,13100.00,0.00,0.00,0.00,0.00,0.00,0
2026-04-01,001A007458,13100.00,0.00,0.00,0.00,0.00,0.00,0
2026-05-01,001A007458,13100.00,0.00,0.00,0.00,0.00,0.00,0
2026-06-01,001A007458,0.00,0.00,0.00,0.00,-13100.00,0.00,0
2025-08-01,001A007464,23276.00,23276.00,0.00,0.00,0.00,0.00,10851
2025-09-01,001A007464,23276.00,0.00,0.00,0.00,0.00,0.00,11944
2025-10-01,001A007464,23276.00,0.00,0.00,0.00,0.00,0.00,12894
2025-11-01,001A007464,23276.00,0.00,0.00,0.00,0.00,0.00,14990
2025-12-01,001A007464,34408.00,0.00,11132.00,0.00,0.00,0.00,17063
2026-01-01,001A007464,34408.00,0.00,0.00,0.00,0.00,0.00,26930
2026-02-01,001A007464,34408.00,0.00,0.00,0.00,0.00,0.00,23897
2026-03-01,001A007464,34408.00,0.00,0.00,0.00,0.00,0.00,28946
2026-04-01,001A007464,34408.00,0.00,0.00,0.00,0.00,0.00,43521
2026-05-01,001A007464,34408.00,0.00,0.00,0.00,0.00,0.00,47354
2026-06-01,001A007464,68080.00,0.00,33672.00,0.00,0.00,0.00,42320
2026-07-01,001A007464,68080.00,0.00,0.00,0.00,0.00,0.00,64246
2026-08-01,001A007464,81680.00,0.00,13600.00,0.00,0.00,0.00,50697
2026-09-01,001A007464,81680.00,0.00,0.00,0.00,0.00,0.00,52914
2026-01-01,001A007465,243200.00,243200.00,0.00,0.00,0.00,0.00,14214
2026-02-01,001A007465,243200.00,0.00,0.00,0.00,0.00,0.00,22634
2026-03-01,001A007465,243200.00,0.00,0.00,0.00,0.00,0.00,16942
2026-04-01,001A007465,243200.00,0.00,0.00,0.00,0.00,0.00,13873
2026-05-01,001A007465,243200.00,0.00,0.00,0.00,0.00,0.00,21016
2026-06-01,001A007465,243200.00,0.00,0.00,0.00,0.00,0.00,17488
2026-07-01,001A007465,243200.00,0.00,0.00,0.00,0.00,0.00,16500
2026-08-01,001A007465,243200.00,0.00,0.00,0.00,0.00,0.00,16500
2026-09-01,001A007465,243200.00,0.00,0.00,0.00,0.00,0.00,20196
2026-04-01,001A007469,20332.00,20332.00,0.00,0.00,0.00,0.00,6461
2026-05-01,001A007469,20332.00,0.00,0.00,0.00,0.00,0.00,6710
2026-06-01,001A007469,20332.00,0.00,0.00,0.00,0.00,0.00,3644
2026-07-01,001A007469,20332.00,0.00,0.00,0.00,0.00,0.00,5633
2026-08-01,001A007469,20332.00,0.00,0.00,0.00,0.00,0.00,9836
2026-09-01,001A007469,20332.00,0.00,0.00,0.00,0.00,0.00,8208
2026-05-01,001A007502,18500.00,18500.00,0.00,0.00,0.00,0.00,11886
2026-06-01,001A007502,18500.00,0.00,0.00,0.00,0.00,0.00,8286
2026-07-01,001A007502,18500.00,0.00,0.00,0.00,0.00,0.00,0
2026-08-01,001A007502,18500.00,0.00,0.00,0.00,0.00,0.00,0
2026-09-01,001A007502,18500.00,0.00,0.00,0.00,0.00,0.00,0
2025-03-01,001A007505,7268.00,7268.00,0.00,0.00,0.00,0.00,5430
2025-04-01,001A007505,7268.00,0.00,0.00,0.00,0.00,0.00,5885
2025-05-01,001A007505,7268.00,0.00,0.00,0.00,0.00,0.00,2901
2025-06-01,001A007505,7268.00,0.00,0.00,0.00,0.00,0.00,6077
2025-07-01,001A007505,7268.00,0.00,0.00,0.00,0.00,0.00,5343
2025-08-01,001A007505,9936.00,0.00,2668.00,0.00,0.00,0.00,3196
2025-09-01,001A007505,9936.00,0.00,0.00,0.00,0.00,0.00,4216
2025-10-01,001A007505,9936.00,0.00,0.00,0.00,0.00,0.00,4137
2025-11-01,001A007505,9936.00,0.00,0.00,0.00,0.00,0.00,1831
2025-12-01,001A007505,9936.00,0.00,0.00,0.00,0.00,0.00,5502
2026-01-01,001A007505,9936.00,0.00,0.00,0.00,0.00,0.00,4662
2026-02-01,001A007505,9936.00,0.00,0.00,0.00,0.00,0.00,2623
2026-03-01,001A007505,0.00,0.00,0.00,0.00,-9936.00,0.00,4265
2025-06-01,001A007507,14076.00,14076.00,0.00,0.00,0.00,0.00,20505
2025-07-01,001A007507,14076.00,0.00,0.00,0.00,0.00,0.00,22126
2025-08-01,001A007507,14076.00,0.00,0.00,0.00,0.00,0.00,21786
2025-09-01,001A007507,14076.00,0.00,0.00,0.00,0.00,0.00,23231
2025-10-01,001A007507,14076.00,0.00,0.00,0.00,0.00,0.00,27877
2025-11-01,001A007507,14076.00,0.00,0.00,0.00,0.00,0.00,34590
2025-12-01,001A007507,14076.00,0.00,0.00,0.00,0.00,0.00,30818
2026-01-01,001A007507,14076.00,0.00,0.00,0.00,0.00,0.00,25741
2026-02-01,001A007507,14076.00,0.00,0.00,0.00,0.00,0.00,34105
2026-03-01,001A007507,14076.00,0.00,0.00,0.00,0.00,0.00,43566
2026-04-01,001A007507,17756.00,0.00,3680.00,0.00,0.00,0.00,56094
2026-05-01,001A007507,17756.00,0.00,0.00,0.00,0.00,0.00,57882
2026-06-01,001A007507,19556.00,0.00,1800.00,0.00,0.00,0.00,42070
2026-07-01,001A007507,19556.00,0.00,0.00,0.00,0.00,0.00,72312
2026-08-01,001A007507,19556.00,0.00,0.00,0.00,0.00,0.00,61450
2026-09-01,001A007507,24340.00,0.00,4784.00,0.00,0.00,0.00,67868
2026-07-01,001A007509,53912.00,53912.00,0.00,0.00,0.00,0.00,100695
2026-08-01,001A007509,53912.00,0.00,0.00,0.00,0.00,0.00,39353
2026-09-01,001A007509,53912.00,0.00,0.00,0.00,0.00,0.00,62619
2026-06-01,001A007517,60076.00,60076.00,0.00,0.00,0.00,0.00,6119
2026-07-01,001A007517,60076.00,0.00,0.00,0.00,0.00,0.00,6316
2026-08-01,001A007517,60076.00,0.00,0.00,0.00,0.00,0.00,6735
2026-09-01,001A007517,60076.00,0.00,0.00,0.00,0.00,0.00,8976
2026-04-01,001A007539,25506.00,25506.00,0.00,0.00,0.00,0.00,13510
2026-05-01,001A007539,25506.00,0.00,0.00,0.00,0.00,0.00,17721
2026-06-01,001A007539,25506.00,0.00,0.00,0.00,0.00,0.00,17353
2026-07-01,001A007539,25506.00,0.00,0.00,0.00,0.00,0.00,18219
2026-08-01,001A007539,25506.00,0.00,0.00,0.00,0.00,0.00,18715
2026-09-01,001A007539,25506.00,0.00,0.00,0.00,0.00,0.00,20522
2026-03-01,001A007544,6200.00,6200.00,0.00,0.00,0.00,0.00,9472
2026-04-01,001A007544,6200.00,0.00,0.00,0.00,0.00,0.00,6329
2026-05-01,001A007544,6200.00,0.00,0.00,0.00,0.00,0.00,6047
2026-06-01,001A007544,6200.00,0.00,0.00,0.00,0.00,0.00,10074
2026-07-01,001A007544,6200.00,0.00,0.00,0.00,0.00,0.00,8693
2026-08-01,001A007544,6200.00,0.00,0.00,0.00,0.00,0.00,5403
2026-09-01,001A007544,6200.00,0.00,0.00,0.00,0.00,0.00,9274
2025-08-01,001A007550,50416.00,50416.00,0.00,0.00,0.00,0.00,7979
2025-09-01,001A007550,50416.00,0.00,0.00,0.00,0.00,0.00,9429
2025-10-01,001A007550,50416.00,0.00,0.00,0.00,0.00,0.00,6344
2025-11-01,001A007550,50416.00,0.00,0.00,0.00,0.00,0.00,6196
2025-12-01,001A007550,50416.00,0.00,0.00,0.00,0.00,0.00,11972
2026-01-01,001A007550,50416.00,0.00,0.00,0.00,0.00,0.00,8021
2026-02-01,001A007550,50416.00,0.00,0.00,0.00,0.00,0.00,7127
2026-03-01,001A007550,50416.00,0.00,0.00,0.00,0.00,0.00,6791
2026-04-01,001A007550,50416.00,0.00,0.00,0.00,0.00,0.00,9215
2026-05-01,001A007550,50416.00,0.00,0.00,0.00,0.00,0.00,13213
2026-06-01,001A007550,50416.00,0.00,0.00,0.00,0.00,0.00,9211
2026-07-01,001A007550,50416.00,0.00,0.00,0.00,0.00,0.00,7735
2026-08-01,001A007550,50416.00,0.00,0.00,0.00,0.00,0.00,5105
2026-09-01,001A007550,50416.00,0.00,0.00,0.00,0.00,0.00,12365
2026-09-01,001A007553,66339.00,66339.00,0.00,0.00,0.00,0.00,12961
2024-09-01,001A007568,368552.00,368552.00,0.00,0.00,0.00,0.00,90670
2024-10-01,001A007568,368552.00,0.00,0.00,0.00,0.00,0.00,109034
2024-11-01,001A007568,368552.00,0.00,0.00,0.00,0.00,0.00,239316
2024-12-01,001A007568,368552.00,0.00,0.00,0.00,0.00,0.00,166696
2025-01-01,001A007568,368552.00,0.00,0.00,0.00,0.00,0.00,210568
2025-02-01,001A007568,368552.00,0.00,0.00,0.00,0.00,0.00,255436
2025-03-01,001A007568,368552.00,0.00,0.00,0.00,0.00,0.00,235113
2025-04-01,001A007568,368552.00,0.00,0.00,0.00,0.00,0.00,360932
2025-05-01,001A007568,368552.00,0.00,0.00,0.00,0.00,0.00,599595
2025-06-01,001A007568,368552.00,0.00,0.00,0.00,0.00,0.00,462884
2025-07-01,001A007568,368552.00,0.00,0.00,0.00,0.00,0.00,1080763
2025-08-01,001A007568,368552.00,0.00,0.00,0.00,0.00,0.00,862510
2025-09-01,001A007568,422052.00,0.00,53500.00,0.00,0.00,0.00,886218
2025-10-01,001A007568,422052.00,0.00,0.00,0.00,0.00,0.00,857695
2025-11-01,001A007568,422052.00,0.00,0.00,0.00,0.00,2597.43,2759618
2025-12-01,001A007568,422052.00,0.00,0.00,0.00,0.00,0.00,1929930
2026-01-01,001A007568,422052.00,0.00,0.00,0.00,0.00,106.42,2136866
2026-02-01,001A007568,422052.00,0.00,0.00,0.00,0.00,4617.22,3264565
2026-03-01,001A007568,422052.00,0.00,0.00,0.00,0.00,7140.44,3895369
2026-04-01,001A007568,422052.00,0.00,0.00,0.00,0.00,15025.78,5866704
2026-05-01,001A007568,422052.00,0.00,0.00,0.00,0.00,24726.24,8291819
2026-06-01,001A007568,422052.00,0.00,0.00,0.00,0.00,15897.41,6084612
2026-07-01,001A007568,422052.00,0.00,0.00,0.00,0.00,16094.06,6133776
2026-08-01,001A007568,422052.00,0.00,0.00,0.00,0.00,27016.20,8864310
2026-09-01,001A007568,364852.00,0.00,0.00,-57200.00,0.00,22186.00,7370760
2025-11-01,001A007571,35880.00,35880.00,0.00,0.00,0.00,0.00,4706
2025-12-01,001A007571,35880.00,0.00,0.00,0.00,0.00,0.00,11637
2026-01-01,001A007571,35880.00,0.00,0.00,0.00,0.00,0.00,10700
2026-02-01,001A007571,35880.00,0.00,0.00,0.00,0.00,0.00,7913
2026-03-01,001A007571,35880.00,0.00,0.00,0.00,0.00,0.00,12899
2026-04-01,001A007571,35880.00,0.00,0.00,0.00,0.00,0.00,8010
2026-05-01,001A007571,35880.00,0.00,0.00,0.00,0.00,0.00,18129
2026-06-01,001A007571,35880.00,0.00,0.00,0.00,0.00,0.00,17209
2026-07-01,001A007571,35880.00,0.00,0.00,0.00,0.00,0.00,16255
2026-08-01,001A007571,35880.00,0.00,0.00,0.00,0.00,0.00,33592
2026-09-01,001A007571,35880.00,0.00,0.00,0.00,0.00,0.00,19434
2026-08-01,001A007574,120400.00,120400.00,0.00,0.00,0.00,0.00,114436
2026-09-01,001A007574,120400.00,0.00,0.00,0.00,0.00,0.00,121242
2026-04-01,001A007583,19136.00,19136.00,0.00,0.00,0.00,0.00,19972
2026-05-01,001A007583,19136.00,0.00,0.00,0.00,0.00,0.00,24458
2026-06-01,001A007583,19136.00,0.00,0.00,0.00,0.00,0.00,25784
2026-07-01,001A007583,19136.00,0.00,0.00,0.00,0.00,0.00,22441
2026-08-01,001A007583,28612.00,0.00,9476.00,0.00,0.00,0.00,23731
2026-09-01,001A007583,28612.00,0.00,0.00,0.00,0.00,0.00,34069
2025-06-01,001A007585,2600.00,2600.00,0.00,0.00,0.00,0.00,813
2025-07-01,001A007585,2600.00,0.00,0.00,0.00,0.00,0.00,695
2025-08-01,001A007585,2600.00,0.00,0.00,0.00,0.00,0.00,750
2025-09-01,001A007585,2600.00,0.00,0.00,0.00,0.00,0.00,479
2025-10-01,001A007585,2600.00,0.00,0.00,0.00,0.00,0.00,583
2025-11-01,001A007585,2600.00,0.00,0.00,0.00,0.00,0.00,612
2025-12-01,001A007585,2600.00,0.00,0.00,0.00,0.00,0.00,492
2026-01-01,001A007585,2600.00,0.00,0.00,0.00,0.00,0.00,582
2026-02-01,001A007585,9900.00,0.00,7300.00,0.00,0.00,0.00,765
2026-03-01,001A007585,9900.00,0.00,0.00,0.00,0.00,0.00,1131
2026-04-01,001A007585,9900.00,0.00,0.00,0.00,0.00,0.00,420
2026-05-01,001A007585,9900.00,0.00,0.00,0.00,0.00,0.00,366
2026-06-01,001A007585,9900.00,0.00,0.00,0.00,0.00,0.00,412
2026-07-01,001A007585,9900.00,0.00,0.00,0.00,0.00,0.00,0
2026-08-01,001A007585,9900.00,0.00,0.00,0.00,0.00,0.00,0
2026-09-01,001A007585,9900.00,0.00,0.00,0.00,0.00,0.00,0
2026-05-01,001A007593,12972.00,12972.00,0.00,0.00,0.00,0.00,5924
2026-06-01,001A007593,12972.00,0.00,0.00,0.00,0.00,0.00,7095
2026-07-01,001A007593,12972.00,0.00,0.00,0.00,0.00,0.00,8707
2026-08-01,001A007593,12972.00,0.00,0.00,0.00,0.00,0.00,4860
2026-09-01,001A007593,12972.00,0.00,0.00,0.00,0.00,0.00,12269
2026-04-01,001A007615,26956.00,26956.00,0.00,0.00,0.00,0.00,1877
2026-05-01,001A007615,26956.00,0.00,0.00,0.00,0.00,0.00,1504
2026-06-01,001A007615,26956.00,0.00,0.00,0.00,0.00,0.00,1592
2026-07-01,001A007615,26956.00,0.00,0.00,0.00,0.00,0.00,1552
2026-08-01,001A007615,26956.00,0.00,0.00,0.00,0.00,0.00,2122
2026-09-01,001A007615,26956.00,0.00,0.00,0.00,0.00,0.00,3224
2024-12-01,001A007637,8648.00,8648.00,0.00,0.00,0.00,0.00,2646
2025-01-01,001A007637,8648.00,0.00,0.00,0.00,0.00,0.00,4681
2025-02-01,001A007637,8648.00,0.00,0.00,0.00,0.00,0.00,5665
2025-03-01,001A007637,8648.00,0.00,0.00,0.00,0.00,0.00,7640
2025-04-01,001A007637,8648.00,0.00,0.00,0.00,0.00,0.00,8960
2025-05-01,001A007637,8648.00,0.00,0.00,0.00,0.00,0.00,7796
2025-06-01,001A007637,12144.00,0.00,3496.00,0.00,0.00,0.00,12748
2025-07-01,001A007637,12144.00,0.00,0.00,0.00,0.00,0.00,7293
2025-08-01,001A007637,12144.00,0.00,0.00,0.00,0.00,0.00,10553
2025-09-01,001A007637,16928.00,0.00,4784.00,0.00,0.00,0.00,8424
2025-10-01,001A007637,16928.00,0.00,0.00,0.00,0.00,0.00,12178
2025-11-01,001A007637,16928.00,0.00,0.00,0.00,0.00,0.00,18131
2025-12-01,001A007637,16928.00,0.00,0.00,0.00,0.00,0.00,16866
2026-01-01,001A007637,16928.00,0.00,0.00,0.00,0.00,0.00,16216
2026-02-01,001A007637,16928.00,0.00,0.00,0.00,0.00,0.00,23875
2026-03-01,001A007637,16928.00,0.00,0.00,0.00,0.00,0.00,21694
2026-04-01,001A007637,16928.00,0.00,0.00,0.00,0.00,0.00,28683
2026-05-01,001A007637,16928.00,0.00,0.00,0.00,0.00,0.00,38926
2026-06-01,001A007637,16928.00,0.00,0.00,0.00,0.00,0.00,35114
2026-07-01,001A007637,16928.00,0.00,0.00,0.00,0.00,0.00,54228
2026-08-01,001A007637,27508.00,0.00,10580.00,0.00,0.00,0.00,25106
2026-09-01,001A007637,27508.00,0.00,0.00,0.00,0.00,0.00,37356
2025-02-01,001A007678,39928.00,39928.00,0.00,0.00,0.00,0.00,1908
2025-03-01,001A007678,39928.00,0.00,0.00,0.00,0.00,0.00,2008
2025-04-01,001A007678,39928.00,0.00,0.00,0.00,0.00,0.00,3379
2025-05-01,001A007678,39928.00,0.00,0.00,0.00,0.00,0.00,3396
2025-06-01,001A007678,39928.00,0.00,0.00,0.00,0.00,0.00,2672
2025-07-01,001A007678,39928.00,0.00,0.00,0.00,0.00,0.00,3020
2025-08-01,001A007678,39928.00,0.00,0.00,0.00,0.00,0.00,3043
2025-09-01,001A007678,39928.00,0.00,0.00,0.00,0.00,0.00,5049
2025-10-01,001A007678,39928.00,0.00,0.00,0.00,0.00,0.00,3602
2025-11-01,001A007678,39928.00,0.00,0.00,0.00,0.00,0.00,4876
2025-12-01,001A007678,39928.00,0.00,0.00,0.00,0.00,0.00,4150
2026-01-01,001A007678,39928.00,0.00,0.00,0.00,0.00,0.00,6349
2026-02-01,001A007678,39928.00,0.00,0.00,0.00,0.00,0.00,7051
2026-03-01,001A007678,39928.00,0.00,0.00,0.00,0.00,0.00,7434
2026-04-01,001A007678,39928.00,0.00,0.00,0.00,0.00,0.00,9240
2026-05-01,001A007678,39928.00,0.00,0.00,0.00,0.00,0.00,12260
2026-06-01,001A007678,39928.00,0.00,0.00,0.00,0.00,0.00,12474
2026-07-01,001A007678,39928.00,0.00,0.00,0.00,0.00,0.00,13709
2026-08-01,001A007678,39928.00,0.00,0.00,0.00,0.00,0.00,12890
2026-09-01,001A007678,39928.00,0.00,0.00,0.00,0.00,0.00,16176
2026-06-01,001A007680,21620.00,21620.00,0.00,0.00,0.00,0.00,2528
2026-07-01,001A007680,21620.00,0.00,0.00,0.00,0.00,0.00,3012
2026-08-01,001A007680,21620.00,0.00,0.00,0.00,0.00,0.00,5343
2026-09-01,001A007680,21620.00,0.00,0.00,0.00,0.00,0.00,4959
2026-03-01,001A007686,25200.00,25200.00,0.00,0.00,0.00,0.00,8590
2026-04-01,001A007686,25200.00,0.00,0.00,0.00,0.00,0.00,0
2026-05-01,001A007686,25200.00,0.00,0.00,0.00,0.00,0.00,0
2026-06-01,001A007686,25200.00,0.00,0.00,0.00,0.00,0.00,0
2026-07-01,001A007686,25200.00,0.00,0.00,0.00,0.00,0.00,0
2026-08-01,001A007686,25200.00,0.00,0.00,0.00,0.00,0.00,0
2026-09-01,001A007686,25200.00,0.00,0.00,0.00,0.00,0.00,0
2026-07-01,001A007688,143200.00,143200.00,0.00,0.00,0.00,0.00,81653
2026-08-01,001A007688,143200.00,0.00,0.00,0.00,0.00,0.00,127267
2026-09-01,001A007688,143200.00,0.00,0.00,0.00,0.00,0.00,167054
2024-11-01,001A007701,14800.00,14800.00,0.00,0.00,0.00,0.00,1015
2024-12-01,001A007701,14800.00,0.00,0.00,0.00,0.00,0.00,1356
2025-01-01,001A007701,14800.00,0.00,0.00,0.00,0.00,0.00,1680
2025-02-01,001A007701,14800.00,0.00,0.00,0.00,0.00,0.00,2340
2025-03-01,001A007701,14800.00,0.00,0.00,0.00,0.00,0.00,2266
2025-04-01,001A007701,14800.00,0.00,0.00,0.00,0.00,0.00,1638
2025-05-01,001A007701,14800.00,0.00,0.00,0.00,0.00,0.00,0
2025-06-01,001A007701,14800.00,0.00,0.00,0.00,0.00,0.00,0
2025-07-01,001A007701,14800.00,0.00,0.00,0.00,0.00,0.00,0
2025-08-01,001A007701,14800.00,0.00,0.00,0.00,0.00,0.00,0
2025-09-01,001A007701,14800.00,0.00,0.00,0.00,0.00,0.00,0
2025-10-01,001A007701,14800.00,0.00,0.00,0.00,0.00,0.00,0
2025-11-01,001A007701,10000.00,0.00,0.00,-4800.00,0.00,0.00,0
2025-12-01,001A007701,10000.00,0.00,0.00,0.00,0.00,0.00,359
2026-01-01,001A007701,10000.00,0.00,0.00,0.00,0.00,0.00,1044
2026-02-01,001A007701,10000.00,0.00,0.00,0.00,0.00,0.00,1560
2026-03-01,001A007701,10000.00,0.00,0.00,0.00,0.00,0.00,3014
2026-04-01,001A007701,10000.00,0.00,0.00,0.00,0.00,0.00,3947
2026-05-01,001A007701,10000.00,0.00,0.00,0.00,0.00,0.00,3368
2026-06-01,001A007701,10000.00,0.00,0.00,0.00,0.00,0.00,3692
2026-07-01,001A007701,10000.00,0.00,0.00,0.00,0.00,0.00,5690
2026-08-01,001A007701,10000.00,0.00,0.00,0.00,0.00,0.00,3725
2026-09-01,001A007701,10000.00,0.00,0.00,0.00,0.00,0.00,4528
2026-06-01,001A007732,52700.00,52700.00,0.00,0.00,0.00,720.97,443743
2026-07-01,001A007732,52700.00,0.00,0.00,0.00,0.00,727.92,445479
2026-08-01,001A007732,52700.00,0.00,0.00,0.00,0.00,1072.37,531593
2026-09-01,001A007732,52700.00,0.00,0.00,0.00,0.00,2232.30,821576
2025-12-01,001A007743,29808.00,29808.00,0.00,0.00,0.00,0.00,22246
2026-01-01,001A007743,29808.00,0.00,0.00,0.00,0.00,0.00,10494
2026-02-01,001A007743,29808.00,0.00,0.00,0.00,0.00,0.00,11624
2026-03-01,001A007743,29808.00,0.00,0.00,0.00,0.00,0.00,14878
2026-04-01,001A007743,29808.00,0.00,0.00,0.00,0.00,0.00,24919
2026-05-01,001A007743,29808.00,0.00,0.00,0.00,0.00,0.00,15398
2026-06-01,001A007743,29808.00,0.00,0.00,0.00,0.00,0.00,14439
2026-07-01,001A007743,29808.00,0.00,0.00,0.00,0.00,0.00,14327
2026-08-01,001A007743,29808.00,0.00,0.00,0.00,0.00,0.00,23297
2026-09-01,001A007743,29808.00,0.00,0.00,0.00,0.00,0.00,18695
2024-11-01,001A007756,43800.00,43800.00,0.00,0.00,0.00,0.00,490
2024-12-01,001A007756,43800.00,0.00,0.00,0.00,0.00,0.00,700
2025-01-01,001A007756,43800.00,0.00,0.00,0.00,0.00,0.00,1091
2025-02-01,001A007756,43800.00,0.00,0.00,0.00,0.00,0.00,1385
2025-03-01,001A007756,43800.00,0.00,0.00,0.00,0.00,0.00,546
2025-04-01,001A007756,43800.00,0.00,0.00,0.00,0.00,0.00,829
2025-05-01,001A007756,43800.00,0.00,0.00,0.00,0.00,0.00,1304
2025-06-01,001A007756,43800.00,0.00,0.00,0.00,0.00,0.00,917
2025-07-01,001A007756,43800.00,0.00,0.00,0.00,0.00,0.00,1464
2025-08-01,001A007756,43800.00,0.00,0.00,0.00,0.00,0.00,1641
2025-09-01,001A007756,43800.00,0.00,0.00,0.00,0.00,0.00,1467
2025-10-01,001A007756,43800.00,0.00,0.00,0.00,0.00,0.00,974
2025-11-01,001A007756,43800.00,0.00,0.00,0.00,0.00,0.00,1253
2025-12-01,001A007756,43800.00,0.00,0.00,0.00,0.00,0.00,2014
2026-01-01,001A007756,43800.00,0.00,0.00,0.00,0.00,0.00,1750
2026-02-01,001A007756,43800.00,0.00,0.00,0.00,0.00,0.00,2176
2026-03-01,001A007756,43800.00,0.00,0.00,0.00,0.00,0.00,1358
2026-04-01,001A007756,43800.00,0.00,0.00,0.00,0.00,0.00,1360
2026-05-01,001A007756,43800.00,0.00,0.00,0.00,0.00,0.00,1410
2026-06-01,001A007756,43800.00,0.00,0.00,0.00,0.00,0.00,3096
2026-07-01,001A007756,43800.00,0.00,0.00,0.00,0.00,0.00,2783
2026-08-01,001A007756,43800.00,0.00,0.00,0.00,0.00,0.00,1938
2026-09-01,001A007756,43800.00,0.00,0.00,0.00,0.00,0.00,5112
2025-09-01,001A007767,43800.00,43800.00,0.00,0.00,0.00,0.00,3332
2025-10-01,001A007767,43800.00,0.00,0.00,0.00,0.00,0.00,4527
2025-11-01,001A007767,43800.00,0.00,0.00,0.00,0.00,0.00,6513
2025-12-01,001A007767,43800.00,0.00,0.00,0.00,0.00,0.00,16150
2026-01-01,001A007767,43800.00,0.00,0.00,0.00,0.00,0.00,14789
2026-02-01,001A007767,43800.00,0.00,0.00,0.00,0.00,0.00,17994
2026-03-01,001A007767,43800.00,0.00,0.00,0.00,0.00,0.00,22264
2026-04-01,001A007767,61900.00,0.00,18100.00,0.00,0.00,0.00,34211
2026-05-01,001A007767,61900.00,0.00,0.00,0.00,0.00,0.00,48049
2026-06-01,001A007767,61900.00,0.00,0.00,0.00,0.00,0.00,34276
2026-07-01,001A007767,61900.00,0.00,0.00,0.00,0.00,0.00,33458
2026-08-01,001A007767,61900.00,0.00,0.00,0.00,0.00,0.00,35925
2026-09-01,001A007767,75100.00,0.00,13200.00,0.00,0.00,0.00,46365
2026-07-01,001A007770,152800.00,152800.00,0.00,0.00,0.00,0.00,4692
2026-08-01,001A007770,152800.00,0.00,0.00,0.00,0.00,0.00,3202
2026-09-01,001A007770,152800.00,0.00,0.00,0.00,0.00,0.00,3059
2026-06-01,001A007781,10800.00,10800.00,0.00,0.00,0.00,0.00,11644
2026-07-01,001A007781,10800.00,0.00,0.00,0.00,0.00,0.00,12533
2026-08-01,001A007781,10800.00,0.00,0.00,0.00,0.00,0.00,12989
2026-09-01,001A007781,10800.00,0.00,0.00,0.00,0.00,0.00,12340
2025-02-01,001A007783,27729.00,27729.00,0.00,0.00,0.00,0.00,10206
2025-03-01,001A007783,27729.00,0.00,0.00,0.00,0.00,0.00,15354
2025-04-01,001A007783,27729.00,0.00,0.00,0.00,0.00,0.00,18893
2025-05-01,001A007783,27729.00,0.00,0.00,0.00,0.00,0.00,13791
2025-06-01,001A007783,33579.00,0.00,5850.00,0.00,0.00,0.00,14947
2025-07-01,001A007783,33579.00,0.00,0.00,0.00,0.00,0.00,44083
2025-08-01,001A007783,33579.00,0.00,0.00,0.00,0.00,0.00,19892
2025-09-01,001A007783,33579.00,0.00,0.00,0.00,0.00,0.00,47136
2025-10-01,001A007783,33579.00,0.00,0.00,0.00,0.00,0.00,50542
2025-11-01,001A007783,33579.00,0.00,0.00,0.00,0.00,0.00,70765
2025-12-01,001A007783,33579.00,0.00,0.00,0.00,0.00,0.00,73214
2026-01-01,001A007783,33579.00,0.00,0.00,0.00,0.00,0.00,69399
2026-02-01,001A007783,33579.00,0.00,0.00,0.00,0.00,0.00,101035
2026-03-01,001A007783,33579.00,0.00,0.00,0.00,0.00,0.00,109876
2026-04-01,001A007783,33579.00,0.00,0.00,0.00,0.00,0.00,129671
2026-05-01,001A007783,33579.00,0.00,0.00,0.00,0.00,0.00,99161
2026-06-01,001A007783,33579.00,0.00,0.00,0.00,0.00,0.00,151554
2026-07-01,001A007783,33579.00,0.00,0.00,0.00,0.00,0.00,151686
2026-08-01,001A007783,33579.00,0.00,0.00,0.00,0.00,0.00,118570
2026-09-01,001A007783,33579.00,0.00,0.00,0.00,0.00,3.43,168753
2025-03-01,001A007784,72100.00,72100.00,0.00,0.00,0.00,0.00,4676
2025-04-01,001A007784,72100.00,0.00,0.00,0.00,0.00,0.00,6286
2025-05-01,001A007784,72100.00,0.00,0.00,0.00,0.00,0.00,7768
2025-06-01,001A007784,72100.00,0.00,0.00,0.00,0.00,0.00,10054
2025-07-01,001A007784,72100.00,0.00,0.00,0.00,0.00,0.00,7514
2025-08-01,001A007784,72100.00,0.00,0.00,0.00,0.00,0.00,7213
2025-09-01,001A007784,76000.00,0.00,3900.00,0.00,0.00,0.00,10233
2025-10-01,001A007784,76000.00,0.00,0.00,0.00,0.00,0.00,5996
2025-11-01,001A007784,76000.00,0.00,0.00,0.00,0.00,0.00,6587
2025-12-01,001A007784,76000.00,0.00,0.00,0.00,0.00,0.00,8151
2026-01-01,001A007784,76000.00,0.00,0.00,0.00,0.00,0.00,5082
2026-02-01,001A007784,76000.00,0.00,0.00,0.00,0.00,0.00,8643
2026-03-01,001A007784,96600.00,0.00,20600.00,0.00,0.00,0.00,16430
2026-04-01,001A007784,96600.00,0.00,0.00,0.00,0.00,0.00,12041
2026-05-01,001A007784,96600.00,0.00,0.00,0.00,0.00,0.00,9482
2026-06-01,001A007784,96600.00,0.00,0.00,0.00,0.00,0.00,17414
2026-07-01,001A007784,96600.00,0.00,0.00,0.00,0.00,0.00,785
2026-08-01,001A007784,96600.00,0.00,0.00,0.00,0.00,0.00,1899
2026-09-01,001A007784,96600.00,0.00,0.00,0.00,0.00,0.00,2162
2025-11-01,001A007798,11800.00,11800.00,0.00,0.00,0.00,0.00,18084
2025-12-01,001A007798,11800.00,0.00,0.00,0.00,0.00,0.00,16053
2026-01-01,001A007798,11800.00,0.00,0.00,0.00,0.00,0.00,19209
2026-02-01,001A007798,11800.00,0.00,0.00,0.00,0.00,0.00,19041
2026-03-01,001A007798,11800.00,0.00,0.00,0.00,0.00,0.00,25001
2026-04-01,001A007798,21700.00,0.00,9900.00,0.00,0.00,0.00,25920
2026-05-01,001A007798,21700.00,0.00,0.00,0.00,0.00,0.00,28060
2026-06-01,001A007798,21700.00,0.00,0.00,0.00,0.00,0.00,42287
2026-07-01,001A007798,21700.00,0.00,0.00,0.00,0.00,0.00,41637
2026-08-01,001A007798,28000.00,0.00,6300.00,0.00,0.00,0.00,28423
2026-09-01,001A007798,28000.00,0.00,0.00,0.00,0.00,0.00,37214
2025-01-01,001A007806,8556.00,8556.00,0.00,0.00,0.00,0.00,1852
2025-02-01,001A007806,8556.00,0.00,0.00,0.00,0.00,0.00,1685
2025-03-01,001A007806,8556.00,0.00,0.00,0.00,0.00,0.00,1110
2025-04-01,001A007806,8556.00,0.00,0.00,0.00,0.00,0.00,1841
2025-05-01,001A007806,8556.00,0.00,0.00,0.00,0.00,0.00,2234
2025-06-01,001A007806,8556.00,0.00,0.00,0.00,0.00,0.00,3511
2025-07-01,001A007806,8556.00,0.00,0.00,0.00,0.00,0.00,1128
2025-08-01,001A007806,8556.00,0.00,0.00,0.00,0.00,0.00,2238
2025-09-01,001A007806,8556.00,0.00,0.00,0.00,0.00,0.00,1809
2025-10-01,001A007806,8556.00,0.00,0.00,0.00,0.00,0.00,2784
2025-11-01,001A007806,8556.00,0.00,0.00,0.00,0.00,0.00,3304
2025-12-01,001A007806,8556.00,0.00,0.00,0.00,0.00,0.00,3136
2026-01-01,001A007806,0.00,0.00,0.00,0.00,-8556.00,0.00,5208
2025-01-01,001A007815,15500.00,15500.00,0.00,0.00,0.00,0.00,5579
2025-02-01,001A007815,15500.00,0.00,0.00,0.00,0.00,0.00,6962
2025-03-01,001A007815,15500.00,0.00,0.00,0.00,0.00,0.00,6696
2025-04-01,001A007815,15500.00,0.00,0.00,0.00,0.00,0.00,11461
2025-05-01,001A007815,15500.00,0.00,0.00,0.00,0.00,0.00,5977
2025-06-01,001A007815,15500.00,0.00,0.00,0.00,0.00,0.00,9948
2025-07-01,001A007815,15500.00,0.00,0.00,0.00,0.00,0.00,6156
2025-08-01,001A007815,15500.00,0.00,0.00,0.00,0.00,0.00,9066
2025-09-01,001A007815,15500.00,0.00,0.00,0.00,0.00,0.00,6529
2025-10-01,001A007815,15500.00,0.00,0.00,0.00,0.00,0.00,3976
2025-11-01,001A007815,22900.00,0.00,7400.00,0.00,0.00,0.00,5697
2025-12-01,001A007815,22900.00,0.00,0.00,0.00,0.00,0.00,6904
2026-01-01,001A007815,24700.00,0.00,1800.00,0.00,0.00,0.00,7015
2026-02-01,001A007815,24700.00,0.00,0.00,0.00,0.00,0.00,5817
2026-03-01,001A007815,24700.00,0.00,0.00,0.00,0.00,0.00,5668
2026-04-01,001A007815,24700.00,0.00,0.00,0.00,0.00,0.00,6437
2026-05-01,001A007815,24700.00,0.00,0.00,0.00,0.00,0.00,5363
2026-06-01,001A007815,24700.00,0.00,0.00,0.00,0.00,0.00,5122
2026-07-01,001A007815,24700.00,0.00,0.00,0.00,0.00,0.00,5744
2026-08-01,001A007815,24700.00,0.00,0.00,0.00,0.00,0.00,5101
2026-09-01,001A007815,24700.00,0.00,0.00,0.00,0.00,0.00,3194
2026-08-01,001A007820,9660.00,9660.00,0.00,0.00,0.00,0.00,4600
2026-09-01,001A007820,9660.00,0.00,0.00,0.00,0.00,0.00,4547
2026-03-01,001A007828,48392.00,48392.00,0.00,0.00,0.00,0.00,1196
2026-04-01,001A007828,48392.00,0.00,0.00,0.00,0.00,0.00,2353
2026-05-01,001A007828,48392.00,0.00,0.00,0.00,0.00,0.00,2303
2026-06-01,001A007828,48392.00,0.00,0.00,0.00,0.00,0.00,2177
2026-07-01,001A007828,48392.00,0.00,0.00,0.00,0.00,0.00,1774
2026-08-01,001A007828,48392.00,0.00,0.00,0.00,0.00,0.00,2033
2026-09-01,001A007828,48392.00,0.00,0.00,0.00,0.00,0.00,2212
2025-06-01,001A007851,17572.00,17572.00,0.00,0.00,0.00,0.00,3654
2025-07-01,001A007851,17572.00,0.00,0.00,0.00,0.00,0.00,1827
2025-08-01,001A007851,17572.00,0.00,0.00,0.00,0.00,0.00,1793
2025-09-01,001A007851,17572.00,0.00,0.00,0.00,0.00,0.00,3203
2025-10-01,001A007851,17572.00,0.00,0.00,0.00,0.00,0.00,2938
2025-11-01,001A007851,17572.00,0.00,0.00,0.00,0.00,0.00,4296
2025-12-01,001A007851,17572.00,0.00,0.00,0.00,0.00,0.00,5279
2026-01-01,001A007851,17572.00,0.00,0.00,0.00,0.00,0.00,6843
2026-02-01,001A007851,17572.00,0.00,0.00,0.00,0.00,0.00,7470
2026-03-01,001A007851,17572.00,0.00,0.00,0.00,0.00,0.00,7374
2026-04-01,001A007851,17572.00,0.00,0.00,0.00,0.00,0.00,9087
2026-05-01,001A007851,17572.00,0.00,0.00,0.00,0.00,0.00,8693
2026-06-01,001A007851,17572.00,0.00,0.00,0.00,0.00,0.00,13059
2026-07-01,001A007851,26128.00,0.00,8556.00,0.00,0.00,0.00,7672
2026-08-01,001A007851,26128.00,0.00,0.00,0.00,0.00,0.00,9495
2026-09-01,001A007851,26128.00,0.00,0.00,0.00,0.00,0.00,9957
2026-05-01,001A007861,21700.00,21700.00,0.00,0.00,0.00,0.00,10791
2026-06-01,001A007861,21700.00,0.00,0.00,0.00,0.00,0.00,14847
2026-07-01,001A007861,21700.00,0.00,0.00,0.00,0.00,0.00,7123
2026-08-01,001A007861,21700.00,0.00,0.00,0.00,0.00,0.00,10739
2026-09-01,001A007861,32900.00,0.00,11200.00,0.00,0.00,0.00,17462
2024-08-01,001A007871,12900.00,12900.00,0.00,0.00,0.00,0.00,2459
2024-09-01,001A007871,12900.00,0.00,0.00,0.00,0.00,0.00,2470
2024-10-01,001A007871,12900.00,0.00,0.00,0.00,0.00,0.00,2608
2024-11-01,001A007871,12900.00,0.00,0.00,0.00,0.00,0.00,1680
2024-12-01,001A007871,12900.00,0.00,0.00,0.00,0.00,0.00,3350
2025-01-01,001A007871,12900.00,0.00,0.00,0.00,0.00,0.00,6305
2025-02-01,001A007871,12900.00,0.00,0.00,0.00,0.00,0.00,3532
2025-03-01,001A007871,12900.00,0.00,0.00,0.00,0.00,0.00,3131
2025-04-01,001A007871,12900.00,0.00,0.00,0.00,0.00,0.00,4509
2025-05-01,001A007871,12900.00,0.00,0.00,0.00,0.00,0.00,4086
2025-06-01,001A007871,12900.00,0.00,0.00,0.00,0.00,0.00,3052
2025-07-01,001A007871,12900.00,0.00,0.00,0.00,0.00,0.00,5991
2025-08-01,001A007871,12900.00,0.00,0.00,0.00,0.00,0.00,4987
2025-09-01,001A007871,23300.00,0.00,10400.00,0.00,0.00,0.00,4326
2025-10-01,001A007871,23300.00,0.00,0.00,0.00,0.00,0.00,4634
2025-11-01,001A007871,23300.00,0.00,0.00,0.00,0.00,0.00,4394
2025-12-01,001A007871,23300.00,0.00,0.00,0.00,0.00,0.00,5516
2026-01-01,001A007871,23300.00,0.00,0.00,0.00,0.00,0.00,4896
2026-02-01,001A007871,23300.00,0.00,0.00,0.00,0.00,0.00,6266
2026-03-01,001A007871,23300.00,0.00,0.00,0.00,0.00,0.00,7457
2026-04-01,001A007871,26700.00,0.00,3400.00,0.00,0.00,0.00,3907
2026-05-01,001A007871,26700.00,0.00,0.00,0.00,0.00,0.00,7074
2026-06-01,001A007871,26700.00,0.00,0.00,0.00,0.00,0.00,13867
2026-07-01,001A007871,26700.00,0.00,0.00,0.00,0.00,0.00,7897
2026-08-01,001A007871,26700.00,0.00,0.00,0.00,0.00,0.00,6268
2026-09-01,001A007871,26700.00,0.00,0.00,0.00,0.00,0.00,8573
2024-09-01,001A007873,14000.00,14000.00,0.00,0.00,0.00,0.00,6469
2024-10-01,001A007873,14000.00,0.00,0.00,0.00,0.00,0.00,7030
2024-11-01,001A007873,14000.00,0.00,0.00,0.00,0.00,0.00,6963
2024-12-01,001A007873,14000.00,0.00,0.00,0.00,0.00,0.00,7513
2025-01-01,001A007873,14000.00,0.00,0.00,0.00,0.00,0.00,9422
2025-02-01,001A007873,14000.00,0.00,0.00,0.00,0.00,0.00,6020
2025-03-01,001A007873,14000.00,0.00,0.00,0.00,0.00,0.00,11464
2025-04-01,001A007873,14000.00,0.00,0.00,0.00,0.00,0.00,12481
2025-05-01,001A007873,14000.00,0.00,0.00,0.00,0.00,0.00,12924
2025-06-01,001A007873,14000.00,0.00,0.00,0.00,0.00,0.00,11193
2025-07-01,001A007873,14000.00,0.00,0.00,0.00,0.00,0.00,11557
2025-08-01,001A007873,14000.00,0.00,0.00,0.00,0.00,0.00,17360
2025-09-01,001A007873,17300.00,0.00,3300.00,0.00,0.00,0.00,21337
2025-10-01,001A007873,17300.00,0.00,0.00,0.00,0.00,0.00,14528
2025-11-01,001A007873,17300.00,0.00,0.00,0.00,0.00,0.00,20482
2025-12-01,001A007873,17300.00,0.00,0.00,0.00,0.00,0.00,19452
2026-01-01,001A007873,17300.00,0.00,0.00,0.00,0.00,0.00,21755
2026-02-01,001A007873,17300.00,0.00,0.00,0.00,0.00,0.00,26549
2026-03-01,001A007873,17300.00,0.00,0.00,0.00,0.00,0.00,13953
2026-04-01,001A007873,17300.00,0.00,0.00,0.00,0.00,0.00,22170
2026-05-01,001A007873,17300.00,0.00,0.00,0.00,0.00,0.00,22782
2026-06-01,001A007873,28200.00,0.00,10900.00,0.00,0.00,0.00,29218
2026-07-01,001A007873,28200.00,0.00,0.00,0.00,0.00,0.00,28348
2026-08-01,001A007873,28200.00,0.00,0.00,0.00,0.00,0.00,35170
2026-09-01,001A007873,18300.00,0.00,0.00,-9900.00,0.00,0.00,30185
2024-07-01,001A007893,16100.00,16100.00,0.00,0.00,0.00,0.00,15927
2024-08-01,001A007893,16100.00,0.00,0.00,0.00,0.00,0.00,23623
2024-09-01,001A007893,16100.00,0.00,0.00,0.00,0.00,0.00,28292
2024-10-01,001A007893,16100.00,0.00,0.00,0.00,0.00,0.00,41515
2024-11-01,001A007893,16100.00,0.00,0.00,0.00,0.00,0.00,44716
2024-12-01,001A007893,16100.00,0.00,0.00,0.00,0.00,0.00,52537
2025-01-01,001A007893,16100.00,0.00,0.00,0.00,0.00,0.00,63165
2025-02-01,001A007893,16100.00,0.00,0.00,0.00,0.00,0.00,45333
2025-03-01,001A007893,16100.00,0.00,0.00,0.00,0.00,0.00,67590
2025-04-01,001A007893,16100.00,0.00,0.00,0.00,0.00,175.11,124278
2025-05-01,001A007893,16100.00,0.00,0.00,0.00,0.00,220.08,135521
2025-06-01,001A007893,16100.00,0.00,0.00,0.00,0.00,251.00,143249
2025-07-01,001A007893,17600.00,0.00,1500.00,0.00,0.00,140.76,123191
2025-08-01,001A007893,17600.00,0.00,0.00,0.00,0.00,339.66,172914
2025-09-01,001A007893,17600.00,0.00,0.00,0.00,0.00,502.36,213591
2025-10-01,001A007893,17600.00,0.00,0.00,0.00,0.00,1572.74,481185
2025-11-01,001A007893,17600.00,0.00,0.00,0.00,0.00,2972.54,831134
2025-12-01,001A007893,17600.00,0.00,0.00,0.00,0.00,947.50,324876
2026-01-01,001A007893,17600.00,0.00,0.00,0.00,0.00,1645.74,499434
2026-02-01,001A007893,17600.00,0.00,0.00,0.00,0.00,1788.40,535101
2026-03-01,001A007893,17600.00,0.00,0.00,0.00,0.00,2117.07,617267
2026-04-01,001A007893,17600.00,0.00,0.00,0.00,0.00,3815.93,1041983
2026-05-01,001A007893,17600.00,0.00,0.00,0.00,0.00,4481.59,1208397
2026-06-01,001A007893,17600.00,0.00,0.00,0.00,0.00,5016.11,1342028
2026-07-01,001A007893,20800.00,0.00,3200.00,0.00,0.00,3927.99,1085998
2026-08-01,001A007893,20800.00,0.00,0.00,0.00,0.00,2620.22,759056
2026-09-01,001A007893,20800.00,0.00,0.00,0.00,0.00,6262.06,1669515
2026-02-01,001A007897,327500.00,327500.00,0.00,0.00,0.00,0.00,17984
2026-03-01,001A007897,327500.00,0.00,0.00,0.00,0.00,0.00,16038
2026-04-01,001A007897,327500.00,0.00,0.00,0.00,0.00,0.00,20302
2026-05-01,001A007897,327500.00,0.00,0.00,0.00,0.00,0.00,15411
2026-06-01,001A007897,327500.00,0.00,0.00,0.00,0.00,0.00,15053
2026-07-01,001A007897,327500.00,0.00,0.00,0.00,0.00,0.00,18822
2026-08-01,001A007897,327500.00,0.00,0.00,0.00,0.00,0.00,18911
2026-09-01,001A007897,327500.00,0.00,0.00,0.00,0.00,0.00,16782
2026-06-01,001A007914,36432.00,36432.00,0.00,0.00,0.00,0.00,9482
2026-07-01,001A007914,36432.00,0.00,0.00,0.00,0.00,0.00,15040
2026-08-01,001A007914,36432.00,0.00,0.00,0.00,0.00,0.00,8957
2026-09-01,001A007914,36432.00,0.00,0.00,0.00,0.00,0.00,12447
2026-03-01,001A007921,43000.00,43000.00,0.00,0.00,0.00,0.00,44703
2026-04-01,001A007921,43000.00,0.00,0.00,0.00,0.00,0.00,30259
2026-05-01,001A007921,43000.00,0.00,0.00,0.00,0.00,0.00,24049
2026-06-01,001A007921,43000.00,0.00,0.00,0.00,0.00,0.00,33326
2026-07-01,001A007921,43000.00,0.00,0.00,0.00,0.00,0.00,40237
2026-08-01,001A007921,43000.00,0.00,0.00,0.00,0.00,0.00,79729
2026-09-01,001A007921,43000.00,0.00,0.00,0.00,0.00,0.00,49486
2026-04-01,001A007929,37812.00,37812.00,0.00,0.00,0.00,0.00,3217
2026-05-01,001A007929,37812.00,0.00,0.00,0.00,0.00,0.00,3147
2026-06-01,001A007929,37812.00,0.00,0.00,0.00,0.00,0.00,2210
2026-07-01,001A007929,37812.00,0.00,0.00,0.00,0.00,0.00,3609
2026-08-01,001A007929,37812.00,0.00,0.00,0.00,0.00,0.00,3312
2026-09-01,001A007929,37812.00,0.00,0.00,0.00,0.00,0.00,3663
2026-05-01,001A007939,16468.00,16468.00,0.00,0.00,0.00,0.00,72857
2026-06-01,001A007939,16468.00,0.00,0.00,0.00,0.00,117.83,111798
2026-07-01,001A007939,16468.00,0.00,0.00,0.00,0.00,373.95,175828
2026-08-01,001A007939,16468.00,0.00,0.00,0.00,0.00,270.24,149899
2026-09-01,001A007939,16468.00,0.00,0.00,0.00,0.00,488.51,204468
2024-11-01,001A007950,34224.00,34224.00,0.00,0.00,0.00,0.00,3132
2024-12-01,001A007950,34224.00,0.00,0.00,0.00,0.00,0.00,5262
2025-01-01,001A007950,34224.00,0.00,0.00,0.00,0.00,0.00,5781
2025-02-01,001A007950,34224.00,0.00,0.00,0.00,0.00,0.00,6300
2025-03-01,001A007950,34224.00,0.00,0.00,0.00,0.00,0.00,6105
2025-04-01,001A007950,34224.00,0.00,0.00,0.00,0.00,0.00,7388
2025-05-01,001A007950,34224.00,0.00,0.00,0.00,0.00,0.00,5994
2025-06-01,001A007950,34224.00,0.00,0.00,0.00,0.00,0.00,4472
2025-07-01,001A007950,34224.00,0.00,0.00,0.00,0.00,0.00,4653
2025-08-01,001A007950,48024.00,0.00,13800.00,0.00,0.00,0.00,4306
2025-09-01,001A007950,48024.00,0.00,0.00,0.00,0.00,0.00,5583
2025-10-01,001A007950,48024.00,0.00,0.00,0.00,0.00,0.00,5040
2025-11-01,001A007950,48024.00,0.00,0.00,0.00,0.00,0.00,5678
2025-12-01,001A007950,48024.00,0.00,0.00,0.00,0.00,0.00,5628
2026-01-01,001A007950,48024.00,0.00,0.00,0.00,0.00,0.00,4777
2026-02-01,001A007950,48024.00,0.00,0.00,0.00,0.00,0.00,6129
2026-03-01,001A007950,48024.00,0.00,0.00,0.00,0.00,0.00,5114
2026-04-01,001A007950,48024.00,0.00,0.00,0.00,0.00,0.00,3461
2026-05-01,001A007950,48024.00,0.00,0.00,0.00,0.00,0.00,1711
2026-06-01,001A007950,48024.00,0.00,0.00,0.00,0.00,0.00,1412
2026-07-01,001A007950,48024.00,0.00,0.00,0.00,0.00,0.00,1733
2026-08-01,001A007950,48024.00,0.00,0.00,0.00,0.00,0.00,1570
2026-09-01,001A007950,48024.00,0.00,0.00,0.00,0.00,0.00,1930
2026-08-01,001A007952,122636.00,122636.00,0.00,0.00,0.00,0.00,1989
2026-09-01,001A007952,122636.00,0.00,0.00,0.00,0.00,0.00,2471
2026-08-01,001A007953,25800.00,25800.00,0.00,0.00,0.00,0.00,9825
2026-09-01,001A007953,25800.00,0.00,0.00,0.00,0.00,0.00,17608
2025-09-01,001A007965,12972.00,12972.00,0.00,0.00,0.00,0.00,1904
2025-10-01,001A007965,12972.00,0.00,0.00,0.00,0.00,0.00,1825
2025-11-01,001A007965,12972.00,0.00,0.00,0.00,0.00,0.00,1256
2025-12-01,001A007965,12972.00,0.00,0.00,0.00,0.00,0.00,2438
2026-01-01,001A007965,12972.00,0.00,0.00,0.00,0.00,0.00,2270
2026-02-01,001A007965,12972.00,0.00,0.00,0.00,0.00,0.00,2129
2026-03-01,001A007965,12972.00,0.00,0.00,0.00,0.00,0.00,2183
2026-04-01,001A007965,12972.00,0.00,0.00,0.00,0.00,0.00,3300
2026-05-01,001A007965,12972.00,0.00,0.00,0.00,0.00,0.00,2575
2026-06-01,001A007965,12972.00,0.00,0.00,0.00,0.00,0.00,2849
2026-07-01,001A007965,12972.00,0.00,0.00,0.00,0.00,0.00,4164
2026-08-01,001A007965,12972.00,0.00,0.00,0.00,0.00,0.00,4129
2026-09-01,001A007965,14872.00,0.00,1900.00,0.00,0.00,0.00,4472
2026-08-01,001A007981,38824.00,38824.00,0.00,0.00,0.00,0.00,6621
2026-09-01,001A007981,38824.00,0.00,0.00,0.00,0.00,0.00,7071
2024-12-01,001A007982,25760.00,25760.00,0.00,0.00,0.00,0.00,1353
2025-01-01,001A007982,25760.00,0.00,0.00,0.00,0.00,0.00,3407
2025-02-01,001A007982,25760.00,0.00,0.00,0.00,0.00,0.00,2074
2025-03-01,001A007982,25760.00,0.00,0.00,0.00,0.00,0.00,3608
2025-04-01,001A007982,25760.00,0.00,0.00,0.00,0.00,0.00,5400
2025-05-01,001A007982,25760.00,0.00,0.00,0.00,0.00,0.00,6953
2025-06-01,001A007982,25760.00,0.00,0.00,0.00,0.00,0.00,6149
2025-07-01,001A007982,25760.00,0.00,0.00,0.00,0.00,0.00,5926
2025-08-01,001A007982,25760.00,0.00,0.00,0.00,0.00,0.00,8889
2025-09-01,001A007982,25760.00,0.00,0.00,0.00,0.00,0.00,8270
2025-10-01,001A007982,25760.00,0.00,0.00,0.00,0.00,0.00,5183
2025-11-01,001A007982,25760.00,0.00,0.00,0.00,0.00,0.00,2424
2025-12-01,001A007982,25760.00,0.00,0.00,0.00,0.00,0.00,2682
2026-01-01,001A007982,25760.00,0.00,0.00,0.00,0.00,0.00,3131
2026-02-01,001A007982,25760.00,0.00,0.00,0.00,0.00,0.00,2679
2026-03-01,001A007982,25760.00,0.00,0.00,0.00,0.00,0.00,2973
2026-04-01,001A007982,25760.00,0.00,0.00,0.00,0.00,0.00,3578
2026-05-01,001A007982,25760.00,0.00,0.00,0.00,0.00,0.00,4083
2026-06-01,001A007982,25760.00,0.00,0.00,0.00,0.00,0.00,3616
2026-07-01,001A007982,25760.00,0.00,0.00,0.00,0.00,0.00,4527
2026-08-01,001A007982,25760.00,0.00,0.00,0.00,0.00,0.00,5140
2026-09-01,001A007982,25760.00,0.00,0.00,0.00,0.00,0.00,7662
2026-09-01,001A007983,11684.00,11684.00,0.00,0.00,0.00,458.98,173166
2025-12-01,001A007989,19412.00,19412.00,0.00,0.00,0.00,0.00,7634
2026-01-01,001A007989,19412.00,0.00,0.00,0.00,0.00,0.00,1955
2026-02-01,001A007989,19412.00,0.00,0.00,0.00,0.00,0.00,2640
2026-03-01,001A007989,19412.00,0.00,0.00,0.00,0.00,0.00,1565
2026-04-01,001A007989,19412.00,0.00,0.00,0.00,0.00,0.00,1509
2026-05-01,001A007989,19412.00,0.00,0.00,0.00,0.00,0.00,2857
2026-06-01,001A007989,19412.00,0.00,0.00,0.00,0.00,0.00,2495
2026-07-01,001A007989,19412.00,0.00,0.00,0.00,0.00,0.00,3363
2026-08-01,001A007989,19412.00,0.00,0.00,0.00,0.00,0.00,4025
2026-09-01,001A007989,19412.00,0.00,0.00,0.00,0.00,0.00,4562
2026-01-01,001A008002,18954.00,18954.00,0.00,0.00,0.00,0.00,15423
2026-02-01,001A008002,18954.00,0.00,0.00,0.00,0.00,0.00,9852
2026-03-01,001A008002,18954.00,0.00,0.00,0.00,0.00,0.00,26211
2026-04-01,001A008002,18954.00,0.00,0.00,0.00,0.00,0.00,32897
2026-05-01,001A008002,18954.00,0.00,0.00,0.00,0.00,0.00,31918
2026-06-01,001A008002,25740.00,0.00,6786.00,0.00,0.00,0.00,39400
2026-07-01,001A008002,25740.00,0.00,0.00,0.00,0.00,0.00,23735
2026-08-01,001A008002,25740.00,0.00,0.00,0.00,0.00,0.00,37624
2026-09-01,001A008002,25740.00,0.00,0.00,0.00,0.00,0.00,58976
2025-04-01,001A008016,50876.00,50876.00,0.00,0.00,0.00,0.00,35477
2025-05-01,001A008016,50876.00,0.00,0.00,0.00,0.00,0.00,33670
2025-06-01,001A008016,50876.00,0.00,0.00,0.00,0.00,0.00,37122
2025-07-01,001A008016,50876.00,0.00,0.00,0.00,0.00,0.00,44120
2025-08-01,001A008016,50876.00,0.00,0.00,0.00,0.00,0.00,39318
2025-09-01,001A008016,50876.00,0.00,0.00,0.00,0.00,0.00,36914
2025-10-01,001A008016,50876.00,0.00,0.00,0.00,0.00,0.00,48798
2025-11-01,001A008016,50876.00,0.00,0.00,0.00,0.00,0.00,72325
2025-12-01,001A008016,50876.00,0.00,0.00,0.00,0.00,0.00,59537
2026-01-01,001A008016,50876.00,0.00,0.00,0.00,0.00,0.00,101474
2026-02-01,001A008016,50876.00,0.00,0.00,0.00,0.00,0.00,56351
2026-03-01,001A008016,50876.00,0.00,0.00,0.00,0.00,0.00,85186
2026-04-01,001A008016,62928.00,0.00,12052.00,0.00,0.00,0.00,89103
2026-05-01,001A008016,62928.00,0.00,0.00,0.00,0.00,0.00,120032
2026-06-01,001A008016,62928.00,0.00,0.00,0.00,0.00,0.00,126779
2026-07-01,001A008016,62928.00,0.00,0.00,0.00,0.00,0.00,106768
2026-08-01,001A008016,62928.00,0.00,0.00,0.00,0.00,0.00,122555
2026-09-01,001A008016,62928.00,0.00,0.00,0.00,0.00,0.00,124135
2025-05-01,001A008025,26500.00,26500.00,0.00,0.00,0.00,0.00,0
2025-06-01,001A008025,26500.00,0.00,0.00,0.00,0.00,0.00,0
2025-07-01,001A008025,26500.00,0.00,0.00,0.00,0.00,0.00,96
2025-08-01,001A008025,26500.00,0.00,0.00,0.00,0.00,0.00,396
2025-09-01,001A008025,26500.00,0.00,0.00,0.00,0.00,0.00,756
2025-10-01,001A008025,26500.00,0.00,0.00,0.00,0.00,0.00,429
2025-11-01,001A008025,26500.00,0.00,0.00,0.00,0.00,0.00,448
2025-12-01,001A008025,26500.00,0.00,0.00,0.00,0.00,0.00,856
2026-01-01,001A008025,26500.00,0.00,0.00,0.00,0.00,0.00,369
2026-02-01,001A008025,26500.00,0.00,0.00,0.00,0.00,0.00,659
2026-03-01,001A008025,26500.00,0.00,0.00,0.00,0.00,0.00,655
2026-04-01,001A008025,26500.00,0.00,0.00,0.00,0.00,0.00,910
2026-05-01,001A008025,26500.00,0.00,0.00,0.00,0.00,0.00,492
2026-06-01,001A008025,26500.00,0.00,0.00,0.00,0.00,0.00,441
2026-07-01,001A008025,26500.00,0.00,0.00,0.00,0.00,0.00,1041
2026-08-01,001A008025,26500.00,0.00,0.00,0.00,0.00,0.00,804
2026-09-01,001A008025,26500.00,0.00,0.00,0.00,0.00,0.00,629
2026-07-01,001A008039,41492.00,41492.00,0.00,0.00,0.00,0.00,20257
2026-08-01,001A008039,41492.00,0.00,0.00,0.00,0.00,0.00,14562
2026-09-01,001A008039,41492.00,0.00,0.00,0.00,0.00,0.00,28667
2026-03-01,001A008041,20500.00,20500.00,0.00,0.00,0.00,0.00,5798
2026-04-01,001A008041,20500.00,0.00,0.00,0.00,0.00,0.00,5287
2026-05-01,001A008041,20500.00,0.00,0.00,0.00,0.00,0.00,10462
2026-06-01,001A008041,20500.00,0.00,0.00,0.00,0.00,0.00,11696
2026-07-01,001A008041,20500.00,0.00,0.00,0.00,0.00,0.00,7061
2026-08-01,001A008041,20500.00,0.00,0.00,0.00,0.00,0.00,4631
2026-09-01,001A008041,20500.00,0.00,0.00,0.00,0.00,0.00,6504
2024-12-01,001A008046,20332.00,20332.00,0.00,0.00,0.00,0.00,18767
2025-01-01,001A008046,20332.00,0.00,0.00,0.00,0.00,0.00,36093
2025-02-01,001A008046,20332.00,0.00,0.00,0.00,0.00,0.00,27663
2025-03-01,001A008046,20332.00,0.00,0.00,0.00,0.00,0.00,46240
2025-04-01,001A008046,20332.00,0.00,0.00,0.00,0.00,0.00,41829
2025-05-01,001A008046,20332.00,0.00,0.00,0.00,0.00,0.00,36630
2025-06-01,001A008046,20332.00,0.00,0.00,0.00,0.00,0.00,37929
2025-07-01,001A008046,20332.00,0.00,0.00,0.00,0.00,0.00,43920
2025-08-01,001A008046,20332.00,0.00,0.00,0.00,0.00,0.00,31285
2025-09-01,001A008046,20332.00,0.00,0.00,0.00,0.00,0.00,52157
2025-10-01,001A008046,20332.00,0.00,0.00,0.00,0.00,0.00,63820
2025-11-01,001A008046,20332.00,0.00,0.00,0.00,0.00,0.00,60063
2025-12-01,001A008046,20332.00,0.00,0.00,0.00,0.00,0.00,51710
2026-01-01,001A008046,20332.00,0.00,0.00,0.00,0.00,0.00,47196
2026-02-01,001A008046,20332.00,0.00,0.00,0.00,0.00,0.00,58462
2026-03-01,001A008046,20332.00,0.00,0.00,0.00,0.00,168.68,143829
2026-04-01,001A008046,20332.00,0.00,0.00,0.00,0.00,244.14,162694
2026-05-01,001A008046,20332.00,0.00,0.00,0.00,0.00,15.57,105553
2026-06-01,001A008046,20332.00,0.00,0.00,0.00,0.00,101.32,126990
2026-07-01,001A008046,20332.00,0.00,0.00,0.00,0.00,69.78,119105
2026-08-01,001A008046,20332.00,0.00,0.00,0.00,0.00,0.00,92989
2026-09-01,001A008046,20332.00,0.00,0.00,0.00,0.00,330.04,184170
2026-05-01,001A008049,10672.00,10672.00,0.00,0.00,0.00,0.00,6841
2026-06-01,001A008049,10672.00,0.00,0.00,0.00,0.00,0.00,3979
2026-07-01,001A008049,10672.00,0.00,0.00,0.00,0.00,0.00,5021
2026-08-01,001A008049,10672.00,0.00,0.00,0.00,0.00,0.00,5890
2026-09-01,001A008049,10672.00,0.00,0.00,0.00,0.00,0.00,5187
2026-08-01,001A008053,248768.00,248768.00,0.00,0.00,0.00,0.00,31701
2026-09-01,001A008053,248768.00,0.00,0.00,0.00,0.00,0.00,19006
2026-09-01,001A008088,41600.00,41600.00,0.00,0.00,0.00,0.00,23867
2024-07-01,001A008090,14300.00,14300.00,0.00,0.00,0.00,0.00,5347
2024-08-01,001A008090,14300.00,0.00,0.00,0.00,0.00,0.00,5110
2024-09-01,001A008090,14300.00,0.00,0.00,0.00,0.00,0.00,8938
2024-10-01,001A008090,14300.00,0.00,0.00,0.00,0.00,0.00,8718
2024-11-01,001A008090,14300.00,0.00,0.00,0.00,0.00,0.00,7128
2024-12-01,001A008090,14300.00,0.00,0.00,0.00,0.00,0.00,6394
2025-01-01,001A008090,21000.00,0.00,6700.00,0.00,0.00,0.00,8595
2025-02-01,001A008090,21000.00,0.00,0.00,0.00,0.00,0.00,10463
2025-03-01,001A008090,21000.00,0.00,0.00,0.00,0.00,0.00,9761
2025-04-01,001A008090,21000.00,0.00,0.00,0.00,0.00,0.00,8743
2025-05-01,001A008090,21000.00,0.00,0.00,0.00,0.00,0.00,10453
2025-06-01,001A008090,21000.00,0.00,0.00,0.00,0.00,0.00,12860
2025-07-01,001A008090,21000.00,0.00,0.00,0.00,0.00,0.00,13026
2025-08-01,001A008090,21000.00,0.00,0.00,0.00,0.00,0.00,8608
2025-09-01,001A008090,21000.00,0.00,0.00,0.00,0.00,0.00,10309
2025-10-01,001A008090,21000.00,0.00,0.00,0.00,0.00,0.00,8874
2025-11-01,001A008090,21000.00,0.00,0.00,0.00,0.00,0.00,16856
2025-12-01,001A008090,21000.00,0.00,0.00,0.00,0.00,0.00,17760
2026-01-01,001A008090,24400.00,0.00,3400.00,0.00,0.00,0.00,11756
2026-02-01,001A008090,24400.00,0.00,0.00,0.00,0.00,0.00,6499
2026-03-01,001A008090,24400.00,0.00,0.00,0.00,0.00,0.00,8999
2026-04-01,001A008090,24400.00,0.00,0.00,0.00,0.00,0.00,16639
2026-05-01,001A008090,24400.00,0.00,0.00,0.00,0.00,0.00,14187
2026-06-01,001A008090,24400.00,0.00,0.00,0.00,0.00,0.00,22774
2026-07-01,001A008090,28800.00,0.00,4400.00,0.00,0.00,0.00,19614
2026-08-01,001A008090,28800.00,0.00,0.00,0.00,0.00,0.00,29965
2026-09-01,001A008090,37300.00,0.00,8500.00,0.00,0.00,0.00,38325
2025-04-01,001A008112,122176.00,122176.00,0.00,0.00,0.00,0.00,8954
2025-05-01,001A008112,122176.00,0.00,0.00,0.00,0.00,0.00,19803
2025-06-01,001A008112,122176.00,0.00,0.00,0.00,0.00,0.00,19106
2025-07-01,001A008112,122176.00,0.00,0.00,0.00,0.00,0.00,20460
2025-08-01,001A008112,122176.00,0.00,0.00,0.00,0.00,0.00,19391
2025-09-01,001A008112,122176.00,0.00,0.00,0.00,0.00,0.00,19104
2025-10-01,001A008112,122176.00,0.00,0.00,0.00,0.00,0.00,26091
2025-11-01,001A008112,122176.00,0.00,0.00,0.00,0.00,0.00,29091
2025-12-01,001A008112,122176.00,0.00,0.00,0.00,0.00,0.00,36063
2026-01-01,001A008112,122176.00,0.00,0.00,0.00,0.00,0.00,34260
2026-02-01,001A008112,122176.00,0.00,0.00,0.00,0.00,0.00,39987
2026-03-01,001A008112,122176.00,0.00,0.00,0.00,0.00,0.00,56096
2026-04-01,001A008112,132176.00,0.00,10000.00,0.00,0.00,0.00,53413
2026-05-01,001A008112,132176.00,0.00,0.00,0.00,0.00,0.00,53462
2026-06-01,001A008112,132176.00,0.00,0.00,0.00,0.00,0.00,54509
2026-07-01,001A008112,132176.00,0.00,0.00,0.00,0.00,0.00,72273
2026-08-01,001A008112,132176.00,0.00,0.00,0.00,0.00,0.00,46894
2026-09-01,001A008112,132176.00,0.00,0.00,0.00,0.00,0.00,73975
2026-04-01,001A008120,8700.00,8700.00,0.00,0.00,0.00,0.00,37128
2026-05-01,001A008120,8700.00,0.00,0.00,0.00,0.00,13.51,46878
2026-06-01,001A008120,8700.00,0.00,0.00,0.00,0.00,20.95,48738
2026-07-01,001A008120,8700.00,0.00,0.00,0.00,0.00,69.08,60770
2026-08-01,001A008120,8700.00,0.00,0.00,0.00,0.00,55.06,57264
2026-09-01,001A008120,8700.00,0.00,0.00,0.00,0.00,70.93,61232
2025-04-01,001A008137,11200.00,11200.00,0.00,0.00,0.00,0.00,361
2025-05-01,001A008137,11200.00,0.00,0.00,0.00,0.00,0.00,191
2025-06-01,001A008137,11200.00,0.00,0.00,0.00,0.00,0.00,206
2025-07-01,001A008137,11200.00,0.00,0.00,0.00,0.00,0.00,199
2025-08-01,001A008137,11200.00,0.00,0.00,0.00,0.00,0.00,256
2025-09-01,001A008137,11200.00,0.00,0.00,0.00,0.00,0.00,172
2025-10-01,001A008137,11200.00,0.00,0.00,0.00,0.00,0.00,95
2025-11-01,001A008137,11200.00,0.00,0.00,0.00,0.00,0.00,185
2025-12-01,001A008137,11200.00,0.00,0.00,0.00,0.00,0.00,0
2026-01-01,001A008137,11200.00,0.00,0.00,0.00,0.00,0.00,0
2026-02-01,001A008137,11200.00,0.00,0.00,0.00,0.00,0.00,0
2026-03-01,001A008137,11200.00,0.00,0.00,0.00,0.00,0.00,0
2026-04-01,001A008137,0.00,0.00,0.00,0.00,-11200.00,0.00,0
2025-06-01,001A008155,10672.00,10672.00,0.00,0.00,0.00,0.00,11604
2025-07-01,001A008155,10672.00,0.00,0.00,0.00,0.00,0.00,12641
2025-08-01,001A008155,10672.00,0.00,0.00,0.00,0.00,0.00,6408
2025-09-01,001A008155,10672.00,0.00,0.00,0.00,0.00,0.00,8211
2025-10-01,001A008155,10672.00,0.00,0.00,0.00,0.00,0.00,8097
2025-11-01,001A008155,10672.00,0.00,0.00,0.00,0.00,0.00,16388
2025-12-01,001A008155,10672.00,0.00,0.00,0.00,0.00,0.00,15947
2026-01-01,001A008155,10672.00,0.00,0.00,0.00,0.00,0.00,11209
2026-02-01,001A008155,10672.00,0.00,0.00,0.00,0.00,0.00,16122
2026-03-01,001A008155,10672.00,0.00,0.00,0.00,0.00,0.00,13832
2026-04-01,001A008155,10672.00,0.00,0.00,0.00,0.00,0.00,19990
2026-05-01,001A008155,10672.00,0.00,0.00,0.00,0.00,0.00,26281
2026-06-01,001A008155,16284.00,0.00,5612.00,0.00,0.00,0.00,7096
2026-07-01,001A008155,16284.00,0.00,0.00,0.00,0.00,0.00,8458
2026-08-01,001A008155,16284.00,0.00,0.00,0.00,0.00,0.00,6591
2026-09-01,001A008155,16284.00,0.00,0.00,0.00,0.00,0.00,6203
2026-07-01,001A008166,14168.00,14168.00,0.00,0.00,0.00,0.00,7692
2026-08-01,001A008166,14168.00,0.00,0.00,0.00,0.00,0.00,7173
2026-09-01,001A008166,14168.00,0.00,0.00,0.00,0.00,0.00,8025
2026-04-01,001A008204,12300.00,12300.00,0.00,0.00,0.00,0.00,659
2026-05-01,001A008204,12300.00,0.00,0.00,0.00,0.00,0.00,645
2026-06-01,001A008204,12300.00,0.00,0.00,0.00,0.00,0.00,282
2026-07-01,001A008204,12300.00,0.00,0.00,0.00,0.00,0.00,337
2026-08-01,001A008204,12300.00,0.00,0.00,0.00,0.00,0.00,214
2026-09-01,001A008204,12300.00,0.00,0.00,0.00,0.00,0.00,182
2026-08-01,001A008224,183807.00,183807.00,0.00,0.00,0.00,0.00,13885
2026-09-01,001A008224,183807.00,0.00,0.00,0.00,0.00,0.00,20328
2024-12-01,001A008228,20056.00,20056.00,0.00,0.00,0.00,0.00,7235
2025-01-01,001A008228,20056.00,0.00,0.00,0.00,0.00,0.00,7959
2025-02-01,001A008228,20056.00,0.00,0.00,0.00,0.00,0.00,18269
2025-03-01,001A008228,20056.00,0.00,0.00,0.00,0.00,0.00,12088
2025-04-01,001A008228,20056.00,0.00,0.00,0.00,0.00,0.00,9495
2025-05-01,001A008228,20056.00,0.00,0.00,0.00,0.00,0.00,20538
2025-06-01,001A008228,20056.00,0.00,0.00,0.00,0.00,0.00,0
2025-07-01,001A008228,20056.00,0.00,0.00,0.00,0.00,0.00,0
2025-08-01,001A008228,20056.00,0.00,0.00,0.00,0.00,0.00,0
2025-09-01,001A008228,20056.00,0.00,0.00,0.00,0.00,0.00,0
2025-10-01,001A008228,20056.00,0.00,0.00,0.00,0.00,0.00,0
2025-11-01,001A008228,20056.00,0.00,0.00,0.00,0.00,0.00,0
2025-12-01,001A008228,0.00,0.00,0.00,0.00,-20056.00,0.00,0
2026-05-01,001A008230,43875.00,43875.00,0.00,0.00,0.00,0.00,1888
2026-06-01,001A008230,43875.00,0.00,0.00,0.00,0.00,0.00,1572
2026-07-01,001A008230,43875.00,0.00,0.00,0.00,0.00,0.00,887
2026-08-01,001A008230,43875.00,0.00,0.00,0.00,0.00,0.00,845
2026-09-01,001A008230,43875.00,0.00,0.00,0.00,0.00,0.00,654
2026-07-01,001A008231,32877.00,32877.00,0.00,0.00,0.00,0.00,3595
2026-08-01,001A008231,32877.00,0.00,0.00,0.00,0.00,0.00,2900
2026-09-01,001A008231,32877.00,0.00,0.00,0.00,0.00,0.00,4925
2026-04-01,001A008251,5600.00,5600.00,0.00,0.00,0.00,0.00,808
2026-05-01,001A008251,5600.00,0.00,0.00,0.00,0.00,0.00,1405
2026-06-01,001A008251,5600.00,0.00,0.00,0.00,0.00,0.00,1391
2026-07-01,001A008251,5600.00,0.00,0.00,0.00,0.00,0.00,1455
2026-08-01,001A008251,5600.00,0.00,0.00,0.00,0.00,0.00,1476
2026-09-01,001A008251,5600.00,0.00,0.00,0.00,0.00,0.00,1563
2024-11-01,001A008259,8832.00,8832.00,0.00,0.00,0.00,0.00,3476
2024-12-01,001A008259,8832.00,0.00,0.00,0.00,0.00,0.00,4638
2025-01-01,001A008259,8832.00,0.00,0.00,0.00,0.00,0.00,10108
2025-02-01,001A008259,8832.00,0.00,0.00,0.00,0.00,0.00,9016
2025-03-01,001A008259,8832.00,0.00,0.00,0.00,0.00,0.00,9333
2025-04-01,001A008259,8832.00,0.00,0.00,0.00,0.00,0.00,10108
2025-05-01,001A008259,8832.00,0.00,0.00,0.00,0.00,0.00,14991
2025-06-01,001A008259,8832.00,0.00,0.00,0.00,0.00,0.00,22518
2025-07-01,001A008259,8832.00,0.00,0.00,0.00,0.00,0.00,21824
2025-08-01,001A008259,8832.00,0.00,0.00,0.00,0.00,0.00,13049
2025-09-01,001A008259,8832.00,0.00,0.00,0.00,0.00,0.00,12630
2025-10-01,001A008259,8832.00,0.00,0.00,0.00,0.00,0.00,15128
2025-11-01,001A008259,8832.00,0.00,0.00,0.00,0.00,0.00,19909
2025-12-01,001A008259,8832.00,0.00,0.00,0.00,0.00,0.00,11655
2026-01-01,001A008259,8832.00,0.00,0.00,0.00,0.00,0.00,23245
2026-02-01,001A008259,8832.00,0.00,0.00,0.00,0.00,0.00,34708
2026-03-01,001A008259,8832.00,0.00,0.00,0.00,0.00,0.00,43848
2026-04-01,001A008259,8832.00,0.00,0.00,0.00,0.00,95.57,68052
2026-05-01,001A008259,8832.00,0.00,0.00,0.00,0.00,103.16,69949
2026-06-01,001A008259,13248.00,0.00,4416.00,0.00,0.00,105.29,92562
2026-07-01,001A008259,13248.00,0.00,0.00,0.00,0.00,78.12,85769
2026-08-01,001A008259,13248.00,0.00,0.00,0.00,0.00,68.58,83384
2026-09-01,001A008259,13248.00,0.00,0.00,0.00,0.00,151.54,104124
2026-01-01,001A008275,15100.00,15100.00,0.00,0.00,0.00,0.00,5781
2026-02-01,001A008275,15100.00,0.00,0.00,0.00,0.00,0.00,10496
2026-03-01,001A008275,15100.00,0.00,0.00,0.00,0.00,0.00,6587
2026-04-01,001A008275,15100.00,0.00,0.00,0.00,0.00,0.00,366
2026-05-01,001A008275,15100.00,0.00,0.00,0.00,0.00,0.00,1629
2026-06-01,001A008275,15100.00,0.00,0.00,0.00,0.00,0.00,1297
2026-07-01,001A008275,15100.00,0.00,0.00,0.00,0.00,0.00,2800
2026-08-01,001A008275,15100.00,0.00,0.00,0.00,0.00,0.00,2505
2026-09-01,001A008275,15100.00,0.00,0.00,0.00,0.00,0.00,3471
2024-11-01,001A008277,21620.00,21620.00,0.00,0.00,0.00,0.00,874
2024-12-01,001A008277,21620.00,0.00,0.00,0.00,0.00,0.00,2425
2025-01-01,001A008277,21620.00,0.00,0.00,0.00,0.00,0.00,5904
2025-02-01,001A008277,21620.00,0.00,0.00,0.00,0.00,0.00,4093
2025-03-01,001A008277,21620.00,0.00,0.00,0.00,0.00,0.00,7037
2025-04-01,001A008277,27784.00,0.00,6164.00,0.00,0.00,0.00,8742
2025-05-01,001A008277,27784.00,0.00,0.00,0.00,0.00,0.00,13827
2025-06-01,001A008277,27784.00,0.00,0.00,0.00,0.00,0.00,11687
2025-07-01,001A008277,27784.00,0.00,0.00,0.00,0.00,0.00,9019
2025-08-01,001A008277,27784.00,0.00,0.00,0.00,0.00,0.00,7879
2025-09-01,001A008277,33764.00,0.00,5980.00,0.00,0.00,0.00,6659
2025-10-01,001A008277,33764.00,0.00,0.00,0.00,0.00,0.00,13785
2025-11-01,001A008277,33764.00,0.00,0.00,0.00,0.00,0.00,11434
2025-12-01,001A008277,33764.00,0.00,0.00,0.00,0.00,0.00,0
2026-01-01,001A008277,33764.00,0.00,0.00,0.00,0.00,0.00,0
2026-02-01,001A008277,33764.00,0.00,0.00,0.00,0.00,0.00,0
2026-03-01,001A008277,33764.00,0.00,0.00,0.00,0.00,0.00,0
2026-04-01,001A008277,33764.00,0.00,0.00,0.00,0.00,0.00,0
2026-05-01,001A008277,33764.00,0.00,0.00,0.00,0.00,0.00,174
2026-06-01,001A008277,33764.00,0.00,0.00,0.00,0.00,0.00,617
2026-07-01,001A008277,33764.00,0.00,0.00,0.00,0.00,0.00,527
2026-08-01,001A008277,33764.00,0.00,0.00,0.00,0.00,0.00,1597
2026-09-01,001A008277,33764.00,0.00,0.00,0.00,0.00,0.00,1005
2026-07-01,001A008285,14800.00,14800.00,0.00,0.00,0.00,0.00,4190
2026-08-01,001A008285,14800.00,0.00,0.00,0.00,0.00,0.00,4437
2026-09-01,001A008285,14800.00,0.00,0.00,0.00,0.00,0.00,5865
2026-05-01,001A008287,87308.00,87308.00,0.00,0.00,0.00,0.00,7280
2026-06-01,001A008287,87308.00,0.00,0.00,0.00,0.00,0.00,14629
2026-07-01,001A008287,87308.00,0.00,0.00,0.00,0.00,0.00,12740
2026-08-01,001A008287,87308.00,0.00,0.00,0.00,0.00,0.00,13164
2026-09-01,001A008287,87308.00,0.00,0.00,0.00,0.00,0.00,17217
2026-02-01,001A008288,18700.00,18700.00,0.00,0.00,0.00,0.00,26214
2026-03-01,001A008288,18700.00,0.00,0.00,0.00,0.00,0.00,21585
2026-04-01,001A008288,18700.00,0.00,0.00,0.00,0.00,0.00,23870
2026-05-01,001A008288,18700.00,0.00,0.00,0.00,0.00,0.00,25696
2026-06-01,001A008288,18700.00,0.00,0.00,0.00,0.00,0.00,46299
2026-07-01,001A008288,18700.00,0.00,0.00,0.00,0.00,0.00,31614
2026-08-01,001A008288,18700.00,0.00,0.00,0.00,0.00,0.00,31118
2026-09-01,001A008288,18700.00,0.00,0.00,0.00,0.00,0.00,44221
2026-04-01,001A008296,46552.00,46552.00,0.00,0.00,0.00,0.00,3927
2026-05-01,001A008296,46552.00,0.00,0.00,0.00,0.00,0.00,4525
2026-06-01,001A008296,46552.00,0.00,0.00,0.00,0.00,0.00,7066
2026-07-01,001A008296,46552.00,0.00,0.00,0.00,0.00,0.00,6904
2026-08-01,001A008296,46552.00,0.00,0.00,0.00,0.00,0.00,7373
2026-09-01,001A008296,100924.00,0.00,54372.00,0.00,0.00,0.00,8085
2025-12-01,001A008298,6800.00,6800.00,0.00,0.00,0.00,0.00,6562
2026-01-01,001A008298,6800.00,0.00,0.00,0.00,0.00,0.00,11248
2026-02-01,001A008298,6800.00,0.00,0.00,0.00,0.00,0.00,9729
2026-03-01,001A008298,6800.00,0.00,0.00,0.00,0.00,0.00,14032
2026-04-01,001A008298,6800.00,0.00,0.00,0.00,0.00,0.00,7953
2026-05-01,001A008298,6800.00,0.00,0.00,0.00,0.00,0.00,12830
2026-06-01,001A008298,6800.00,0.00,0.00,0.00,0.00,0.00,14715
2026-07-01,001A008298,6800.00,0.00,0.00,0.00,0.00,0.00,20689
2026-08-01,001A008298,6800.00,0.00,0.00,0.00,0.00,0.00,17711
2026-09-01,001A008298,6800.00,0.00,0.00,0.00,0.00,0.00,30774
2026-04-01,001A008301,10100.00,10100.00,0.00,0.00,0.00,0.00,7964
2026-05-01,001A008301,10100.00,0.00,0.00,0.00,0.00,0.00,9454
2026-06-01,001A008301,10100.00,0.00,0.00,0.00,0.00,0.00,12816
2026-07-01,001A008301,10100.00,0.00,0.00,0.00,0.00,0.00,15220
2026-08-01,001A008301,10100.00,0.00,0.00,0.00,0.00,0.00,12326
2026-09-01,001A008301,10100.00,0.00,0.00,0.00,0.00,0.00,15322
2024-11-01,001A008302,34983.00,34983.00,0.00,0.00,0.00,0.00,580
2024-12-01,001A008302,34983.00,0.00,0.00,0.00,0.00,0.00,632
2025-01-01,001A008302,34983.00,0.00,0.00,0.00,0.00,0.00,933
2025-02-01,001A008302,34983.00,0.00,0.00,0.00,0.00,0.00,1236
2025-03-01,001A008302,34983.00,0.00,0.00,0.00,0.00,0.00,1001
2025-04-01,001A008302,34983.00,0.00,0.00,0.00,0.00,0.00,1218
2025-05-01,001A008302,34983.00,0.00,0.00,0.00,0.00,0.00,1732
2025-06-01,001A008302,34983.00,0.00,0.00,0.00,0.00,0.00,1736
2025-07-01,001A008302,34983.00,0.00,0.00,0.00,0.00,0.00,1917
2025-08-01,001A008302,34983.00,0.00,0.00,0.00,0.00,0.00,1195
2025-09-01,001A008302,34983.00,0.00,0.00,0.00,0.00,0.00,942
2025-10-01,001A008302,34983.00,0.00,0.00,0.00,0.00,0.00,1214
2025-11-01,001A008302,42083.00,0.00,7100.00,0.00,0.00,0.00,1755
2025-12-01,001A008302,42083.00,0.00,0.00,0.00,0.00,0.00,1845
2026-01-01,001A008302,42083.00,0.00,0.00,0.00,0.00,0.00,2599
2026-02-01,001A008302,42083.00,0.00,0.00,0.00,0.00,0.00,3775
2026-03-01,001A008302,42083.00,0.00,0.00,0.00,0.00,0.00,4448
2026-04-01,001A008302,42083.00,0.00,0.00,0.00,0.00,0.00,3930
2026-05-01,001A008302,42083.00,0.00,0.00,0.00,0.00,0.00,4380
2026-06-01,001A008302,42083.00,0.00,0.00,0.00,0.00,0.00,4754
2026-07-01,001A008302,42083.00,0.00,0.00,0.00,0.00,0.00,4718
2026-08-01,001A008302,42083.00,0.00,0.00,0.00,0.00,0.00,3229
2026-09-01,001A008302,42083.00,0.00,0.00,0.00,0.00,0.00,4488
2026-06-01,001A008309,119324.00,119324.00,0.00,0.00,0.00,0.00,23964
2026-07-01,001A008309,119324.00,0.00,0.00,0.00,0.00,0.00,30591
2026-08-01,001A008309,119324.00,0.00,0.00,0.00,0.00,0.00,23830
2026-09-01,001A008309,119324.00,0.00,0.00,0.00,0.00,0.00,27783
2026-09-01,001A008339,12328.00,12328.00,0.00,0.00,0.00,0.00,12465
2024-11-01,001A008348,232300.00,232300.00,0.00,0.00,0.00,0.00,45198
2024-12-01,001A008348,232300.00,0.00,0.00,0.00,0.00,0.00,58820
2025-01-01,001A008348,232300.00,0.00,0.00,0.00,0.00,0.00,93000
2025-02-01,001A008348,232300.00,0.00,0.00,0.00,0.00,0.00,88891
2025-03-01,001A008348,232300.00,0.00,0.00,0.00,0.00,0.00,130874
2025-04-01,001A008348,232300.00,0.00,0.00,0.00,0.00,0.00,112326
2025-05-01,001A008348,232300.00,0.00,0.00,0.00,0.00,0.00,101261
2025-06-01,001A008348,232300.00,0.00,0.00,0.00,0.00,0.00,54227
2025-07-01,001A008348,232300.00,0.00,0.00,0.00,0.00,0.00,86727
2025-08-01,001A008348,287700.00,0.00,55400.00,0.00,0.00,0.00,54360
2025-09-01,001A008348,287700.00,0.00,0.00,0.00,0.00,0.00,106477
2025-10-01,001A008348,287700.00,0.00,0.00,0.00,0.00,0.00,78275
2025-11-01,001A008348,287700.00,0.00,0.00,0.00,0.00,0.00,97326
2025-12-01,001A008348,287700.00,0.00,0.00,0.00,0.00,0.00,167576
2026-01-01,001A008348,287700.00,0.00,0.00,0.00,0.00,0.00,118429
2026-02-01,001A008348,287700.00,0.00,0.00,0.00,0.00,0.00,140087
2026-03-01,001A008348,287700.00,0.00,0.00,0.00,0.00,0.00,118058
2026-04-01,001A008348,287700.00,0.00,0.00,0.00,0.00,0.00,254563
2026-05-01,001A008348,287700.00,0.00,0.00,0.00,0.00,0.00,201972
2026-06-01,001A008348,287700.00,0.00,0.00,0.00,0.00,0.00,368459
2026-07-01,001A008348,287700.00,0.00,0.00,0.00,0.00,0.00,216604
2026-08-01,001A008348,323100.00,0.00,35400.00,0.00,0.00,0.00,231304
2026-09-01,001A008348,323100.00,0.00,0.00,0.00,0.00,0.00,260998
2026-09-01,001A008349,11400.00,11400.00,0.00,0.00,0.00,0.00,4665
2025-07-01,001A008362,33400.00,33400.00,0.00,0.00,0.00,0.00,3998
2025-08-01,001A008362,33400.00,0.00,0.00,0.00,0.00,0.00,6589
2025-09-01,001A008362,33400.00,0.00,0.00,0.00,0.00,0.00,8171
2025-10-01,001A008362,33400.00,0.00,0.00,0.00,0.00,0.00,7672
2025-11-01,001A008362,33400.00,0.00,0.00,0.00,0.00,0.00,10658
2025-12-01,001A008362,33400.00,0.00,0.00,0.00,0.00,0.00,11429
2026-01-01,001A008362,33400.00,0.00,0.00,0.00,0.00,0.00,16485
2026-02-01,001A008362,33400.00,0.00,0.00,0.00,0.00,0.00,15730
2026-03-01,001A008362,33400.00,0.00,0.00,0.00,0.00,0.00,26131
2026-04-01,001A008362,33400.00,0.00,0.00,0.00,0.00,0.00,14759
2026-05-01,001A008362,33400.00,0.00,0.00,0.00,0.00,0.00,28759
2026-06-01,001A008362,33400.00,0.00,0.00,0.00,0.00,0.00,34454
2026-07-01,001A008362,33400.00,0.00,0.00,0.00,0.00,0.00,36166
2026-08-01,001A008362,33400.00,0.00,0.00,0.00,0.00,0.00,34364
2026-09-01,001A008362,33400.00,0.00,0.00,0.00,0.00,0.00,33181
2026-01-01,001A008400,20600.00,20600.00,0.00,0.00,0.00,0.00,7456
2026-02-01,001A008400,20600.00,0.00,0.00,0.00,0.00,0.00,0
2026-03-01,001A008400,20600.00,0.00,0.00,0.00,0.00,0.00,0
2026-04-01,001A008400,20600.00,0.00,0.00,0.00,0.00,0.00,646
2026-05-01,001A008400,20600.00,0.00,0.00,0.00,0.00,0.00,1284
2026-06-01,001A008400,20600.00,0.00,0.00,0.00,0.00,0.00,2036
2026-07-01,001A008400,20600.00,0.00,0.00,0.00,0.00,0.00,2649
2026-08-01,001A008400,20600.00,0.00,0.00,0.00,0.00,0.00,2452
2026-09-01,001A008400,20600.00,0.00,0.00,0.00,0.00,0.00,2455
2026-09-01,001A008405,79304.00,79304.00,0.00,0.00,0.00,0.00,7096
2026-08-01,001A008409,16836.00,16836.00,0.00,0.00,0.00,0.00,8130
2026-09-01,001A008409,16836.00,0.00,0.00,0.00,0.00,0.00,8643
2025-04-01,001A008414,9200.00,9200.00,0.00,0.00,0.00,0.00,21610
2025-05-01,001A008414,9200.00,0.00,0.00,0.00,0.00,0.00,17255
2025-06-01,001A008414,9200.00,0.00,0.00,0.00,0.00,0.00,21751
2025-07-01,001A008414,9200.00,0.00,0.00,0.00,0.00,0.00,25473
2025-08-01,001A008414,9200.00,0.00,0.00,0.00,0.00,0.00,12173
2025-09-01,001A008414,9200.00,0.00,0.00,0.00,0.00,0.00,28078
2025-10-01,001A008414,9200.00,0.00,0.00,0.00,0.00,0.00,40555
2025-11-01,001A008414,9200.00,0.00,0.00,0.00,0.00,11.48,48871
2025-12-01,001A008414,9200.00,0.00,0.00,0.00,0.00,111.74,73934
2026-01-01,001A008414,9200.00,0.00,0.00,0.00,0.00,1.74,46435
2026-02-01,001A008414,9200.00,0.00,0.00,0.00,0.00,176.09,90023
2026-03-01,001A008414,9200.00,0.00,0.00,0.00,0.00,181.88,91471
2026-04-01,001A008414,11200.00,0.00,2000.00,0.00,0.00,117.79,85448
2026-05-01,001A008414,11200.00,0.00,0.00,0.00,0.00,153.91,94478
2026-06-01,001A008414,20200.00,0.00,9000.00,0.00,0.00,144.78,137195
2026-07-01,001A008414,20200.00,0.00,0.00,0.00,0.00,273.70,169426
2026-08-01,001A008414,20200.00,0.00,0.00,0.00,0.00,78.96,120741
2026-09-01,001A008414,20200.00,0.00,0.00,0.00,0.00,197.70,150426
2025-04-01,001A008422,16744.00,16744.00,0.00,0.00,0.00,0.00,6144
2025-05-01,001A008422,16744.00,0.00,0.00,0.00,0.00,0.00,10731
2025-06-01,001A008422,16744.00,0.00,0.00,0.00,0.00,0.00,9896
2025-07-01,001A008422,16744.00,0.00,0.00,0.00,0.00,0.00,11214
2025-08-01,001A008422,16744.00,0.00,0.00,0.00,0.00,0.00,7356
2025-09-01,001A008422,16744.00,0.00,0.00,0.00,0.00,0.00,9479
2025-10-01,001A008422,16744.00,0.00,0.00,0.00,0.00,0.00,10235
2025-11-01,001A008422,16744.00,0.00,0.00,0.00,0.00,0.00,11273
2025-12-01,001A008422,16744.00,0.00,0.00,0.00,0.00,0.00,11534
2026-01-01,001A008422,16744.00,0.00,0.00,0.00,0.00,0.00,14859
2026-02-01,001A008422,16744.00,0.00,0.00,0.00,0.00,0.00,21342
2026-03-01,001A008422,16744.00,0.00,0.00,0.00,0.00,0.00,37265
2026-04-01,001A008422,19044.00,0.00,2300.00,0.00,0.00,0.00,32134
2026-05-01,001A008422,19044.00,0.00,0.00,0.00,0.00,0.00,28965
2026-06-01,001A008422,19044.00,0.00,0.00,0.00,0.00,0.00,29136
2026-07-01,001A008422,19044.00,0.00,0.00,0.00,0.00,0.00,29808
2026-08-01,001A008422,19044.00,0.00,0.00,0.00,0.00,0.00,28243
2026-09-01,001A008422,19044.00,0.00,0.00,0.00,0.00,0.00,43266
2025-12-01,001A008428,21436.00,21436.00,0.00,0.00,0.00,0.00,31544
2026-01-01,001A008428,21436.00,0.00,0.00,0.00,0.00,0.00,27032
2026-02-01,001A008428,21436.00,0.00,0.00,0.00,0.00,0.00,22161
2026-03-01,001A008428,21436.00,0.00,0.00,0.00,0.00,0.00,26947
2026-04-01,001A008428,21436.00,0.00,0.00,0.00,0.00,0.00,29275
2026-05-01,001A008428,21436.00,0.00,0.00,0.00,0.00,0.00,29329
2026-06-01,001A008428,21436.00,0.00,0.00,0.00,0.00,0.00,67954
2026-07-01,001A008428,26680.00,0.00,5244.00,0.00,0.00,0.00,33984
2026-08-01,001A008428,26680.00,0.00,0.00,0.00,0.00,0.00,56811
2026-09-01,001A008428,26680.00,0.00,0.00,0.00,0.00,0.00,67551
2024-05-01,001A008432,38364.00,38364.00,0.00,0.00,0.00,0.00,44032
2024-06-01,001A008432,38364.00,0.00,0.00,0.00,0.00,0.00,22255
2024-07-01,001A008432,38364.00,0.00,0.00,0.00,0.00,0.00,29719
2024-08-01,001A008432,38364.00,0.00,0.00,0.00,0.00,0.00,40542
2024-09-01,001A008432,38364.00,0.00,0.00,0.00,0.00,0.00,30903
2024-10-01,001A008432,38364.00,0.00,0.00,0.00,0.00,0.00,58013
2024-11-01,001A008432,38364.00,0.00,0.00,0.00,0.00,0.00,44882
2024-12-01,001A008432,38364.00,0.00,0.00,0.00,0.00,0.00,46592
2025-01-01,001A008432,38364.00,0.00,0.00,0.00,0.00,0.00,44436
2025-02-01,001A008432,38364.00,0.00,0.00,0.00,0.00,0.00,37795
2025-03-01,001A008432,38364.00,0.00,0.00,0.00,0.00,0.00,70093
2025-04-01,001A008432,38364.00,0.00,0.00,0.00,0.00,0.00,0
2025-05-01,001A008432,32264.00,0.00,0.00,-6100.00,0.00,0.00,0
2025-06-01,001A008432,32264.00,0.00,0.00,0.00,0.00,0.00,71
2025-07-01,001A008432,32264.00,0.00,0.00,0.00,0.00,0.00,232
2025-08-01,001A008432,32264.00,0.00,0.00,0.00,0.00,0.00,372
2025-09-01,001A008432,32264.00,0.00,0.00,0.00,0.00,0.00,265
2025-10-01,001A008432,32264.00,0.00,0.00,0.00,0.00,0.00,399
2025-11-01,001A008432,32264.00,0.00,0.00,0.00,0.00,0.00,0
2025-12-01,001A008432,32264.00,0.00,0.00,0.00,0.00,0.00,0
2026-01-01,001A008432,32264.00,0.00,0.00,0.00,0.00,0.00,0
2026-02-01,001A008432,32264.00,0.00,0.00,0.00,0.00,0.00,229
2026-03-01,001A008432,32264.00,0.00,0.00,0.00,0.00,0.00,1821
2026-04-01,001A008432,32264.00,0.00,0.00,0.00,0.00,0.00,4413
2026-05-01,001A008432,23964.00,0.00,0.00,-8300.00,0.00,0.00,9146
2026-06-01,001A008432,23964.00,0.00,0.00,0.00,0.00,0.00,7856
2026-07-01,001A008432,23964.00,0.00,0.00,0.00,0.00,0.00,9360
2026-08-01,001A008432,23964.00,0.00,0.00,0.00,0.00,0.00,6248
2026-09-01,001A008432,31968.00,0.00,8004.00,0.00,0.00,0.00,8512
2025-09-01,001A008502,16000.00,16000.00,0.00,0.00,0.00,0.00,4885
2025-10-01,001A008502,16000.00,0.00,0.00,0.00,0.00,0.00,4625
2025-11-01,001A008502,16000.00,0.00,0.00,0.00,0.00,0.00,5466
2025-12-01,001A008502,16000.00,0.00,0.00,0.00,0.00,0.00,4789
2026-01-01,001A008502,16000.00,0.00,0.00,0.00,0.00,0.00,4612
2026-02-01,001A008502,16000.00,0.00,0.00,0.00,0.00,0.00,5515
2026-03-01,001A008502,16000.00,0.00,0.00,0.00,0.00,0.00,5952
2026-04-01,001A008502,16000.00,0.00,0.00,0.00,0.00,0.00,6707
2026-05-01,001A008502,16000.00,0.00,0.00,0.00,0.00,0.00,7850
2026-06-01,001A008502,16000.00,0.00,0.00,0.00,0.00,0.00,9249
2026-07-01,001A008502,16000.00,0.00,0.00,0.00,0.00,0.00,17869
2026-08-01,001A008502,16000.00,0.00,0.00,0.00,0.00,0.00,10556
2026-09-01,001A008502,19500.00,0.00,3500.00,0.00,0.00,0.00,13057
2026-03-01,001A008505,63531.00,63531.00,0.00,0.00,0.00,0.00,16032
2026-04-01,001A008505,63531.00,0.00,0.00,0.00,0.00,0.00,18792
2026-05-01,001A008505,63531.00,0.00,0.00,0.00,0.00,0.00,22772
2026-06-01,001A008505,63531.00,0.00,0.00,0.00,0.00,0.00,40041
2026-07-01,001A008505,63531.00,0.00,0.00,0.00,0.00,0.00,73540
2026-08-01,001A008505,67626.00,0.00,4095.00,0.00,0.00,0.00,29053
2026-09-01,001A008505,67626.00,0.00,0.00,0.00,0.00,0.00,59498
2025-02-01,001A008507,17550.00,17550.00,0.00,0.00,0.00,0.00,7671
2025-03-01,001A008507,17550.00,0.00,0.00,0.00,0.00,0.00,10600
2025-04-01,001A008507,17550.00,0.00,0.00,0.00,0.00,0.00,12024
2025-05-01,001A008507,17550.00,0.00,0.00,0.00,0.00,0.00,13617
2025-06-01,001A008507,17550.00,0.00,0.00,0.00,0.00,0.00,8927
2025-07-01,001A008507,17550.00,0.00,0.00,0.00,0.00,0.00,10911
2025-08-01,001A008507,17550.00,0.00,0.00,0.00,0.00,0.00,11669
2025-09-01,001A008507,17550.00,0.00,0.00,0.00,0.00,0.00,15287
2025-10-01,001A008507,17550.00,0.00,0.00,0.00,0.00,0.00,13778
2025-11-01,001A008507,17550.00,0.00,0.00,0.00,0.00,0.00,11614
2025-12-01,001A008507,17550.00,0.00,0.00,0.00,0.00,0.00,12375
2026-01-01,001A008507,17550.00,0.00,0.00,0.00,0.00,0.00,9913
2026-02-01,001A008507,21650.00,0.00,4100.00,0.00,0.00,0.00,14291
2026-03-01,001A008507,21650.00,0.00,0.00,0.00,0.00,0.00,18964
2026-04-01,001A008507,21650.00,0.00,0.00,0.00,0.00,0.00,16834
2026-05-01,001A008507,21650.00,0.00,0.00,0.00,0.00,0.00,17048
2026-06-01,001A008507,21650.00,0.00,0.00,0.00,0.00,0.00,15403
2026-07-01,001A008507,21650.00,0.00,0.00,0.00,0.00,0.00,20738
2026-08-01,001A008507,21650.00,0.00,0.00,0.00,0.00,0.00,12982
2026-09-01,001A008507,21650.00,0.00,0.00,0.00,0.00,0.00,24757
2025-12-01,001A008532,28899.00,28899.00,0.00,0.00,0.00,0.00,7106
2026-01-01,001A008532,28899.00,0.00,0.00,0.00,0.00,0.00,7648
2026-02-01,001A008532,28899.00,0.00,0.00,0.00,0.00,0.00,24239
2026-03-01,001A008532,28899.00,0.00,0.00,0.00,0.00,0.00,14224
2026-04-01,001A008532,28899.00,0.00,0.00,0.00,0.00,0.00,16942
2026-05-01,001A008532,28899.00,0.00,0.00,0.00,0.00,0.00,9902
2026-06-01,001A008532,28899.00,0.00,0.00,0.00,0.00,0.00,20232
2026-07-01,001A008532,28899.00,0.00,0.00,0.00,0.00,0.00,17089
2026-08-01,001A008532,28899.00,0.00,0.00,0.00,0.00,0.00,15062
2026-09-01,001A008532,28899.00,0.00,0.00,0.00,0.00,0.00,21639
2024-03-01,001A008533,6532.00,6532.00,0.00,0.00,0.00,0.00,618
2024-04-01,001A008533,6532.00,0.00,0.00,0.00,0.00,0.00,1550
2024-05-01,001A008533,6532.00,0.00,0.00,0.00,0.00,0.00,1427
2024-06-01,001A008533,6532.00,0.00,0.00,0.00,0.00,0.00,913
2024-07-01,001A008533,6532.00,0.00,0.00,0.00,0.00,0.00,600
2024-08-01,001A008533,6532.00,0.00,0.00,0.00,0.00,0.00,449
2024-09-01,001A008533,11500.00,0.00,4968.00,0.00,0.00,0.00,805
2024-10-01,001A008533,11500.00,0.00,0.00,0.00,0.00,0.00,370
2024-11-01,001A008533,11500.00,0.00,0.00,0.00,0.00,0.00,877
2024-12-01,001A008533,11500.00,0.00,0.00,0.00,0.00,0.00,770
2025-01-01,001A008533,11500.00,0.00,0.00,0.00,0.00,0.00,771
2025-02-01,001A008533,11500.00,0.00,0.00,0.00,0.00,0.00,2219
2025-03-01,001A008533,11500.00,0.00,0.00,0.00,0.00,0.00,2116
2025-04-01,001A008533,11500.00,0.00,0.00,0.00,0.00,0.00,5900
2025-05-01,001A008533,11500.00,0.00,0.00,0.00,0.00,0.00,8045
2025-06-01,001A008533,11500.00,0.00,0.00,0.00,0.00,0.00,14003
2025-07-01,001A008533,11500.00,0.00,0.00,0.00,0.00,0.00,15662
2025-08-01,001A008533,11500.00,0.00,0.00,0.00,0.00,0.00,14570
2025-09-01,001A008533,11500.00,0.00,0.00,0.00,0.00,0.00,22340
2025-10-01,001A008533,11500.00,0.00,0.00,0.00,0.00,0.00,17698
2025-11-01,001A008533,11500.00,0.00,0.00,0.00,0.00,0.00,29201
2025-12-01,001A008533,11500.00,0.00,0.00,0.00,0.00,0.00,14388
2026-01-01,001A008533,11500.00,0.00,0.00,0.00,0.00,0.00,19755
2026-02-01,001A008533,11500.00,0.00,0.00,0.00,0.00,0.00,21254
2026-03-01,001A008533,13500.00,0.00,2000.00,0.00,0.00,0.00,35142
2026-04-01,001A008533,13500.00,0.00,0.00,0.00,0.00,0.00,33754
2026-05-01,001A008533,13500.00,0.00,0.00,0.00,0.00,0.00,30798
2026-06-01,001A008533,13500.00,0.00,0.00,0.00,0.00,0.00,62854
2026-07-01,001A008533,13500.00,0.00,0.00,0.00,0.00,0.00,27046
2026-08-01,001A008533,13500.00,0.00,0.00,0.00,0.00,0.00,20905
2026-09-01,001A008533,13500.00,0.00,0.00,0.00,0.00,0.00,20254
2026-09-01,001A008541,20800.00,20800.00,0.00,0.00,0.00,0.00,5585
2026-03-01,001A008543,4416.00,4416.00,0.00,0.00,0.00,0.00,7019
2026-04-01,001A008543,4416.00,0.00,0.00,0.00,0.00,0.00,4758
2026-05-01,001A008543,4416.00,0.00,0.00,0.00,0.00,0.00,8221
2026-06-01,001A008543,4416.00,0.00,0.00,0.00,0.00,0.00,6680
2026-07-01,001A008543,4416.00,0.00,0.00,0.00,0.00,0.00,6838
2026-08-01,001A008543,4416.00,0.00,0.00,0.00,0.00,0.00,8376
2026-09-01,001A008543,4416.00,0.00,0.00,0.00,0.00,0.00,4926
2025-08-01,001A008584,131284.00,131284.00,0.00,0.00,0.00,0.00,2230
2025-09-01,001A008584,131284.00,0.00,0.00,0.00,0.00,0.00,2560
2025-10-01,001A008584,131284.00,0.00,0.00,0.00,0.00,0.00,2569
2025-11-01,001A008584,131284.00,0.00,0.00,0.00,0.00,0.00,4560
2025-12-01,001A008584,131284.00,0.00,0.00,0.00,0.00,0.00,5804
2026-01-01,001A008584,131284.00,0.00,0.00,0.00,0.00,0.00,6575
2026-02-01,001A008584,131284.00,0.00,0.00,0.00,0.00,0.00,3526
2026-03-01,001A008584,131284.00,0.00,0.00,0.00,0.00,0.00,6948
2026-04-01,001A008584,131284.00,0.00,0.00,0.00,0.00,0.00,9258
2026-05-01,001A008584,131284.00,0.00,0.00,0.00,0.00,0.00,12011
2026-06-01,001A008584,131284.00,0.00,0.00,0.00,0.00,0.00,12819
2026-07-01,001A008584,131284.00,0.00,0.00,0.00,0.00,0.00,12453
2026-08-01,001A008584,152784.00,0.00,21500.00,0.00,0.00,0.00,11614
2026-09-01,001A008584,152784.00,0.00,0.00,0.00,0.00,0.00,11900
2026-06-01,001A008592,38640.00,38640.00,0.00,0.00,0.00,0.00,4009
2026-07-01,001A008592,38640.00,0.00,0.00,0.00,0.00,0.00,2752
2026-08-01,001A008592,38640.00,0.00,0.00,0.00,0.00,0.00,2707
2026-09-01,001A008592,38640.00,0.00,0.00,0.00,0.00,0.00,5286
2025-05-01,001A008606,79911.00,79911.00,0.00,0.00,0.00,0.00,2728
2025-06-01,001A008606,79911.00,0.00,0.00,0.00,0.00,0.00,4095
2025-07-01,001A008606,79911.00,0.00,0.00,0.00,0.00,0.00,3616
2025-08-01,001A008606,79911.00,0.00,0.00,0.00,0.00,0.00,4012
2025-09-01,001A008606,79911.00,0.00,0.00,0.00,0.00,0.00,5147
2025-10-01,001A008606,79911.00,0.00,0.00,0.00,0.00,0.00,4311
2025-11-01,001A008606,79911.00,0.00,0.00,0.00,0.00,0.00,4627
2025-12-01,001A008606,79911.00,0.00,0.00,0.00,0.00,0.00,4735
2026-01-01,001A008606,79911.00,0.00,0.00,0.00,0.00,0.00,3985
2026-02-01,001A008606,79911.00,0.00,0.00,0.00,0.00,0.00,6034
2026-03-01,001A008606,79911.00,0.00,0.00,0.00,0.00,0.00,7749
2026-04-01,001A008606,79911.00,0.00,0.00,0.00,0.00,0.00,7229
2026-05-01,001A008606,64311.00,0.00,0.00,-15600.00,0.00,0.00,7531
2026-06-01,001A008606,64311.00,0.00,0.00,0.00,0.00,0.00,6778
2026-07-01,001A008606,64311.00,0.00,0.00,0.00,0.00,0.00,8477
2026-08-01,001A008606,64311.00,0.00,0.00,0.00,0.00,0.00,7826
2026-09-01,001A008606,64311.00,0.00,0.00,0.00,0.00,0.00,7625
2026-06-01,001A008608,18018.00,18018.00,0.00,0.00,0.00,0.00,16507
2026-07-01,001A008608,18018.00,0.00,0.00,0.00,0.00,0.00,0
2026-08-01,001A008608,18018.00,0.00,0.00,0.00,0.00,0.00,1185
2026-09-01,001A008608,18018.00,0.00,0.00,0.00,0.00,0.00,3508
2025-11-01,001A008643,85200.00,85200.00,0.00,0.00,0.00,0.00,13130
2025-12-01,001A008643,85200.00,0.00,0.00,0.00,0.00,0.00,15636
2026-01-01,001A008643,85200.00,0.00,0.00,0.00,0.00,0.00,14205
2026-02-01,001A008643,85200.00,0.00,0.00,0.00,0.00,0.00,22091
2026-03-01,001A008643,85200.00,0.00,0.00,0.00,0.00,0.00,14645
2026-04-01,001A008643,85200.00,0.00,0.00,0.00,0.00,0.00,24987
2026-05-01,001A008643,85200.00,0.00,0.00,0.00,0.00,0.00,23832
2026-06-01,001A008643,85200.00,0.00,0.00,0.00,0.00,0.00,18145
2026-07-01,001A008643,85200.00,0.00,0.00,0.00,0.00,0.00,21383
2026-08-01,001A008643,85200.00,0.00,0.00,0.00,0.00,0.00,17926
2026-09-01,001A008643,85200.00,0.00,0.00,0.00,0.00,0.00,21512
2025-10-01,001A008676,44620.00,44620.00,0.00,0.00,0.00,0.00,6805
2025-11-01,001A008676,44620.00,0.00,0.00,0.00,0.00,0.00,10445
2025-12-01,001A008676,44620.00,0.00,0.00,0.00,0.00,0.00,1590
2026-01-01,001A008676,44620.00,0.00,0.00,0.00,0.00,0.00,2721
2026-02-01,001A008676,44620.00,0.00,0.00,0.00,0.00,0.00,2257
2026-03-01,001A008676,44620.00,0.00,0.00,0.00,0.00,0.00,3216
2026-04-01,001A008676,44620.00,0.00,0.00,0.00,0.00,0.00,4121
2026-05-01,001A008676,44620.00,0.00,0.00,0.00,0.00,0.00,2588
2026-06-01,001A008676,44620.00,0.00,0.00,0.00,0.00,0.00,2907
2026-07-01,001A008676,44620.00,0.00,0.00,0.00,0.00,0.00,2508
2026-08-01,001A008676,44620.00,0.00,0.00,0.00,0.00,0.00,3560
2026-09-01,001A008676,44620.00,0.00,0.00,0.00,0.00,0.00,3427
2026-03-01,001A008677,20424.00,20424.00,0.00,0.00,0.00,0.00,44477
2026-04-01,001A008677,20424.00,0.00,0.00,0.00,0.00,0.00,30730
2026-05-01,001A008677,20424.00,0.00,0.00,0.00,0.00,0.00,36311
2026-06-01,001A008677,20424.00,0.00,0.00,0.00,0.00,0.00,45178
2026-07-01,001A008677,20424.00,0.00,0.00,0.00,0.00,0.00,51033
2026-08-01,001A008677,20424.00,0.00,0.00,0.00,0.00,0.00,56860
2026-09-01,001A008677,20424.00,0.00,0.00,0.00,0.00,0.00,66061
2026-02-01,001A008678,35696.00,35696.00,0.00,0.00,0.00,0.00,12136
2026-03-01,001A008678,35696.00,0.00,0.00,0.00,0.00,0.00,19685
2026-04-01,001A008678,35696.00,0.00,0.00,0.00,0.00,0.00,22212
2026-05-01,001A008678,35696.00,0.00,0.00,0.00,0.00,0.00,24928
2026-06-01,001A008678,35696.00,0.00,0.00,0.00,0.00,0.00,26919
2026-07-01,001A008678,35696.00,0.00,0.00,0.00,0.00,0.00,31292
2026-08-01,001A008678,35696.00,0.00,0.00,0.00,0.00,0.00,27678
2026-09-01,001A008678,35696.00,0.00,0.00,0.00,0.00,0.00,17246
2026-05-01,001A008721,22400.00,22400.00,0.00,0.00,0.00,0.00,4262
2026-06-01,001A008721,22400.00,0.00,0.00,0.00,0.00,0.00,9016
2026-07-01,001A008721,22400.00,0.00,0.00,0.00,0.00,0.00,9804
2026-08-01,001A008721,22400.00,0.00,0.00,0.00,0.00,0.00,8761
2026-09-01,001A008721,22400.00,0.00,0.00,0.00,0.00,0.00,12642
2024-08-01,001A008730,40014.00,40014.00,0.00,0.00,0.00,0.00,1102
2024-09-01,001A008730,40014.00,0.00,0.00,0.00,0.00,0.00,1027
2024-10-01,001A008730,40014.00,0.00,0.00,0.00,0.00,0.00,1698
2024-11-01,001A008730,40014.00,0.00,0.00,0.00,0.00,0.00,1238
2024-12-01,001A008730,40014.00,0.00,0.00,0.00,0.00,0.00,1478
2025-01-01,001A008730,40014.00,0.00,0.00,0.00,0.00,0.00,862
2025-02-01,001A008730,40014.00,0.00,0.00,0.00,0.00,0.00,853
2025-03-01,001A008730,40014.00,0.00,0.00,0.00,0.00,0.00,2495
2025-04-01,001A008730,40014.00,0.00,0.00,0.00,0.00,0.00,2226
2025-05-01,001A008730,40014.00,0.00,0.00,0.00,0.00,0.00,1508
2025-06-01,001A008730,40014.00,0.00,0.00,0.00,0.00,0.00,2501
2025-07-01,001A008730,40014.00,0.00,0.00,0.00,0.00,0.00,4120
2025-08-01,001A008730,47314.00,0.00,7300.00,0.00,0.00,0.00,5723
2025-09-01,001A008730,47314.00,0.00,0.00,0.00,0.00,0.00,4694
2025-10-01,001A008730,47314.00,0.00,0.00,0.00,0.00,0.00,6480
2025-11-01,001A008730,47314.00,0.00,0.00,0.00,0.00,0.00,5110
2025-12-01,001A008730,47314.00,0.00,0.00,0.00,0.00,0.00,4468
2026-01-01,001A008730,47314.00,0.00,0.00,0.00,0.00,0.00,6793
2026-02-01,001A008730,47314.00,0.00,0.00,0.00,0.00,0.00,6615
2026-03-01,001A008730,47314.00,0.00,0.00,0.00,0.00,0.00,5780
2026-04-01,001A008730,47314.00,0.00,0.00,0.00,0.00,0.00,4489
2026-05-01,001A008730,47314.00,0.00,0.00,0.00,0.00,0.00,6972
2026-06-01,001A008730,47314.00,0.00,0.00,0.00,0.00,0.00,5122
2026-07-01,001A008730,47314.00,0.00,0.00,0.00,0.00,0.00,3972
2026-08-01,001A008730,47314.00,0.00,0.00,0.00,0.00,0.00,3925
2026-09-01,001A008730,47314.00,0.00,0.00,0.00,0.00,0.00,8672
2026-01-01,001A008752,3220.00,3220.00,0.00,0.00,0.00,0.00,8509
2026-02-01,001A008752,3220.00,0.00,0.00,0.00,0.00,0.00,5045
2026-03-01,001A008752,3220.00,0.00,0.00,0.00,0.00,0.00,6740
2026-04-01,001A008752,3220.00,0.00,0.00,0.00,0.00,0.00,10986
2026-05-01,001A008752,3220.00,0.00,0.00,0.00,0.00,0.00,8570
2026-06-01,001A008752,8648.00,0.00,5428.00,0.00,0.00,0.00,9955
2026-07-01,001A008752,8648.00,0.00,0.00,0.00,0.00,0.00,23172
2026-08-01,001A008752,8648.00,0.00,0.00,0.00,0.00,0.00,13065
2026-09-01,001A008752,8648.00,0.00,0.00,0.00,0.00,0.00,23348
2025-11-01,001A008771,26312.00,26312.00,0.00,0.00,0.00,0.00,11867
2025-12-01,001A008771,26312.00,0.00,0.00,0.00,0.00,0.00,12470
2026-01-01,001A008771,26312.00,0.00,0.00,0.00,0.00,0.00,22817
2026-02-01,001A008771,26312.00,0.00,0.00,0.00,0.00,0.00,16842
2026-03-01,001A008771,26312.00,0.00,0.00,0.00,0.00,0.00,44298
2026-04-01,001A008771,40112.00,0.00,13800.00,0.00,0.00,0.00,26207
2026-05-01,001A008771,40112.00,0.00,0.00,0.00,0.00,0.00,41681
2026-06-01,001A008771,40112.00,0.00,0.00,0.00,0.00,0.00,36784
2026-07-01,001A008771,40112.00,0.00,0.00,0.00,0.00,0.00,47715
2026-08-01,001A008771,40112.00,0.00,0.00,0.00,0.00,0.00,31396
2026-09-01,001A008771,40112.00,0.00,0.00,0.00,0.00,0.00,52970
2025-09-01,001A008781,3700.00,3700.00,0.00,0.00,0.00,0.00,1544
2025-10-01,001A008781,3700.00,0.00,0.00,0.00,0.00,0.00,1112
2025-11-01,001A008781,3700.00,0.00,0.00,0.00,0.00,0.00,0
2025-12-01,001A008781,3700.00,0.00,0.00,0.00,0.00,0.00,0
2026-01-01,001A008781,3700.00,0.00,0.00,0.00,0.00,0.00,0
2026-02-01,001A008781,3700.00,0.00,0.00,0.00,0.00,0.00,0
2026-03-01,001A008781,3700.00,0.00,0.00,0.00,0.00,0.00,0
2026-04-01,001A008781,3700.00,0.00,0.00,0.00,0.00,0.00,0
2026-05-01,001A008781,3700.00,0.00,0.00,0.00,0.00,0.00,0
2026-06-01,001A008781,3700.00,0.00,0.00,0.00,0.00,0.00,0
2026-07-01,001A008781,3700.00,0.00,0.00,0.00,0.00,0.00,0
2026-08-01,001A008781,3700.00,0.00,0.00,0.00,0.00,0.00,131
2026-09-01,001A008781,3700.00,0.00,0.00,0.00,0.00,0.00,232
2026-07-01,001A008785,14976.00,14976.00,0.00,0.00,0.00,0.00,48116
2026-08-01,001A008785,14976.00,0.00,0.00,0.00,0.00,0.00,46450
2026-09-01,001A008785,14976.00,0.00,0.00,0.00,0.00,0.00,51822
2026-04-01,001A008790,8372.00,8372.00,0.00,0.00,0.00,0.00,319
2026-05-01,001A008790,8372.00,0.00,0.00,0.00,0.00,0.00,581
2026-06-01,001A008790,8372.00,0.00,0.00,0.00,0.00,0.00,910
2026-07-01,001A008790,8372.00,0.00,0.00,0.00,0.00,0.00,1100
2026-08-01,001A008790,8372.00,0.00,0.00,0.00,0.00,0.00,642
2026-09-01,001A008790,8372.00,0.00,0.00,0.00,0.00,0.00,1511
2025-10-01,001A008797,305532.00,305532.00,0.00,0.00,0.00,0.00,6380
2025-11-01,001A008797,305532.00,0.00,0.00,0.00,0.00,0.00,7792
2025-12-01,001A008797,305532.00,0.00,0.00,0.00,0.00,0.00,5737
2026-01-01,001A008797,305532.00,0.00,0.00,0.00,0.00,0.00,6531
2026-02-01,001A008797,305532.00,0.00,0.00,0.00,0.00,0.00,7256
2026-03-01,001A008797,305532.00,0.00,0.00,0.00,0.00,0.00,7892
2026-04-01,001A008797,305532.00,0.00,0.00,0.00,0.00,0.00,8640
2026-05-01,001A008797,305532.00,0.00,0.00,0.00,0.00,0.00,9446
2026-06-01,001A008797,305532.00,0.00,0.00,0.00,0.00,0.00,9837
2026-07-01,001A008797,305532.00,0.00,0.00,0.00,0.00,0.00,8331
2026-08-01,001A008797,305532.00,0.00,0.00,0.00,0.00,0.00,7659
2026-09-01,001A008797,305532.00,0.00,0.00,0.00,0.00,0.00,14814
2026-02-01,001A008803,10998.00,10998.00,0.00,0.00,0.00,0.00,0
2026-03-01,001A008803,10998.00,0.00,0.00,0.00,0.00,0.00,0
2026-04-01,001A008803,10998.00,0.00,0.00,0.00,0.00,0.00,0
2026-05-01,001A008803,10998.00,0.00,0.00,0.00,0.00,0.00,45
2026-06-01,001A008803,10998.00,0.00,0.00,0.00,0.00,0.00,95
2026-07-01,001A008803,10998.00,0.00,0.00,0.00,0.00,0.00,190
2026-08-01,001A008803,10998.00,0.00,0.00,0.00,0.00,0.00,290
2026-09-01,001A008803,10998.00,0.00,0.00,0.00,0.00,0.00,462
2025-02-01,001A008813,60444.00,60444.00,0.00,0.00,0.00,0.00,1760
2025-03-01,001A008813,60444.00,0.00,0.00,0.00,0.00,0.00,1398
2025-04-01,001A008813,60444.00,0.00,0.00,0.00,0.00,0.00,853
2025-05-01,001A008813,60444.00,0.00,0.00,0.00,0.00,0.00,1140
2025-06-01,001A008813,60444.00,0.00,0.00,0.00,0.00,0.00,1586
2025-07-01,001A008813,60444.00,0.00,0.00,0.00,0.00,0.00,1482
2025-08-01,001A008813,60444.00,0.00,0.00,0.00,0.00,0.00,4664
2025-09-01,001A008813,60444.00,0.00,0.00,0.00,0.00,0.00,5330
2025-10-01,001A008813,60444.00,0.00,0.00,0.00,0.00,0.00,7176
2025-11-01,001A008813,60444.00,0.00,0.00,0.00,0.00,0.00,4091
2025-12-01,001A008813,60444.00,0.00,0.00,0.00,0.00,0.00,6887
2026-01-01,001A008813,60444.00,0.00,0.00,0.00,0.00,0.00,5851
2026-02-01,001A008813,60444.00,0.00,0.00,0.00,0.00,0.00,6390
2026-03-01,001A008813,60444.00,0.00,0.00,0.00,0.00,0.00,5065
2026-04-01,001A008813,60444.00,0.00,0.00,0.00,0.00,0.00,4384
2026-05-01,001A008813,78476.00,0.00,18032.00,0.00,0.00,0.00,5098
2026-06-01,001A008813,78476.00,0.00,0.00,0.00,0.00,0.00,3611
2026-07-01,001A008813,78476.00,0.00,0.00,0.00,0.00,0.00,3881
2026-08-01,001A008813,78476.00,0.00,0.00,0.00,0.00,0.00,2323
2026-09-01,001A008813,78476.00,0.00,0.00,0.00,0.00,0.00,3419
2026-02-01,001A008815,20000.00,20000.00,0.00,0.00,0.00,0.00,11882
2026-03-01,001A008815,20000.00,0.00,0.00,0.00,0.00,0.00,11466
2026-04-01,001A008815,20000.00,0.00,0.00,0.00,0.00,0.00,19703
2026-05-01,001A008815,20000.00,0.00,0.00,0.00,0.00,0.00,21110
2026-06-01,001A008815,20000.00,0.00,0.00,0.00,0.00,0.00,14299
2026-07-01,001A008815,20000.00,0.00,0.00,0.00,0.00,0.00,13003
2026-08-01,001A008815,20000.00,0.00,0.00,0.00,0.00,0.00,21049
2026-09-01,001A008815,20000.00,0.00,0.00,0.00,0.00,0.00,27712
2026-04-01,001A008816,12972.00,12972.00,0.00,0.00,0.00,0.00,14379
2026-05-01,001A008816,12972.00,0.00,0.00,0.00,0.00,0.00,14531
2026-06-01,001A008816,12972.00,0.00,0.00,0.00,0.00,0.00,19937
2026-07-01,001A008816,12972.00,0.00,0.00,0.00,0.00,0.00,17814
2026-08-01,001A008816,12972.00,0.00,0.00,0.00,0.00,0.00,17061
2026-09-01,001A008816,15364.00,0.00,2392.00,0.00,0.00,0.00,20855
2026-06-01,001A008818,37260.00,37260.00,0.00,0.00,0.00,0.00,15472
2026-07-01,001A008818,37260.00,0.00,0.00,0.00,0.00,0.00,15029
2026-08-01,001A008818,37260.00,0.00,0.00,0.00,0.00,0.00,16060
2026-09-01,001A008818,37260.00,0.00,0.00,0.00,0.00,0.00,21006
2024-08-01,001A008819,45816.00,45816.00,0.00,0.00,0.00,0.00,7616
2024-09-01,001A008819,45816.00,0.00,0.00,0.00,0.00,0.00,5558
2024-10-01,001A008819,45816.00,0.00,0.00,0.00,0.00,0.00,13496
2024-11-01,001A008819,45816.00,0.00,0.00,0.00,0.00,0.00,7803
2024-12-01,001A008819,45816.00,0.00,0.00,0.00,0.00,0.00,7608
2025-01-01,001A008819,45816.00,0.00,0.00,0.00,0.00,0.00,8139
2025-02-01,001A008819,45816.00,0.00,0.00,0.00,0.00,0.00,17859
2025-03-01,001A008819,45816.00,0.00,0.00,0.00,0.00,0.00,9971
2025-04-01,001A008819,45816.00,0.00,0.00,0.00,0.00,0.00,22116
2025-05-01,001A008819,45816.00,0.00,0.00,0.00,0.00,0.00,12487
2025-06-01,001A008819,45816.00,0.00,0.00,0.00,0.00,0.00,10676
2025-07-01,001A008819,45816.00,0.00,0.00,0.00,0.00,0.00,17553
2025-08-01,001A008819,0.00,0.00,0.00,0.00,-45816.00,0.00,27559
2026-03-01,001A008824,10212.00,10212.00,0.00,0.00,0.00,0.00,14223
2026-04-01,001A008824,10212.00,0.00,0.00,0.00,0.00,0.00,25505
2026-05-01,001A008824,10212.00,0.00,0.00,0.00,0.00,0.00,9989
2026-06-01,001A008824,10212.00,0.00,0.00,0.00,0.00,0.00,15281
2026-07-01,001A008824,16100.00,0.00,5888.00,0.00,0.00,0.00,15975
2026-08-01,001A008824,16100.00,0.00,0.00,0.00,0.00,0.00,20830
2026-09-01,001A008824,16100.00,0.00,0.00,0.00,0.00,0.00,16556
2026-04-01,001A008833,122544.00,122544.00,0.00,0.00,0.00,0.00,19458
2026-05-01,001A008833,122544.00,0.00,0.00,0.00,0.00,0.00,15897
2026-06-01,001A008833,122544.00,0.00,0.00,0.00,0.00,0.00,18255
2026-07-01,001A008833,122544.00,0.00,0.00,0.00,0.00,0.00,23155
2026-08-01,001A008833,122544.00,0.00,0.00,0.00,0.00,0.00,16190
2026-09-01,001A008833,122544.00,0.00,0.00,0.00,0.00,0.00,23405
2026-09-01,001A008842,16600.00,16600.00,0.00,0.00,0.00,0.00,29588
2025-07-01,001A008844,72864.00,72864.00,0.00,0.00,0.00,0.00,12951
2025-08-01,001A008844,72864.00,0.00,0.00,0.00,0.00,0.00,10676
2025-09-01,001A008844,72864.00,0.00,0.00,0.00,0.00,0.00,9702
2025-10-01,001A008844,72864.00,0.00,0.00,0.00,0.00,0.00,9812
2025-11-01,001A008844,72864.00,0.00,0.00,0.00,0.00,0.00,10183
2025-12-01,001A008844,126316.00,0.00,53452.00,0.00,0.00,0.00,22805
2026-01-01,001A008844,126316.00,0.00,0.00,0.00,0.00,0.00,21021
2026-02-01,001A008844,126316.00,0.00,0.00,0.00,0.00,0.00,27685
2026-03-01,001A008844,126316.00,0.00,0.00,0.00,0.00,0.00,26510
2026-04-01,001A008844,126316.00,0.00,0.00,0.00,0.00,0.00,31458
2026-05-01,001A008844,126316.00,0.00,0.00,0.00,0.00,0.00,29452
2026-06-01,001A008844,126316.00,0.00,0.00,0.00,0.00,0.00,30625
2026-07-01,001A008844,126316.00,0.00,0.00,0.00,0.00,0.00,26078
2026-08-01,001A008844,126316.00,0.00,0.00,0.00,0.00,0.00,31374
2026-09-01,001A008844,126316.00,0.00,0.00,0.00,0.00,0.00,40227
2026-03-01,001A008854,12100.00,12100.00,0.00,0.00,0.00,0.00,1113
2026-04-01,001A008854,12100.00,0.00,0.00,0.00,0.00,0.00,707
2026-05-01,001A008854,12100.00,0.00,0.00,0.00,0.00,0.00,833
2026-06-01,001A008854,12100.00,0.00,0.00,0.00,0.00,0.00,882
2026-07-01,001A008854,12100.00,0.00,0.00,0.00,0.00,0.00,858
2026-08-01,001A008854,12100.00,0.00,0.00,0.00,0.00,0.00,1019
2026-09-01,001A008854,12100.00,0.00,0.00,0.00,0.00,0.00,2272
2024-11-01,001A008864,60100.00,60100.00,0.00,0.00,0.00,0.00,13362
2024-12-01,001A008864,60100.00,0.00,0.00,0.00,0.00,0.00,12427
2025-01-01,001A008864,60100.00,0.00,0.00,0.00,0.00,0.00,12184
2025-02-01,001A008864,60100.00,0.00,0.00,0.00,0.00,0.00,24803
2025-03-01,001A008864,60100.00,0.00,0.00,0.00,0.00,0.00,26621
2025-04-01,001A008864,60100.00,0.00,0.00,0.00,0.00,0.00,20732
2025-05-01,001A008864,60100.00,0.00,0.00,0.00,0.00,0.00,19860
2025-06-01,001A008864,60100.00,0.00,0.00,0.00,0.00,0.00,24495
2025-07-01,001A008864,60100.00,0.00,0.00,0.00,0.00,0.00,31654
2025-08-01,001A008864,60100.00,0.00,0.00,0.00,0.00,0.00,23744
2025-09-01,001A008864,64800.00,0.00,4700.00,0.00,0.00,0.00,24454
2025-10-01,001A008864,64800.00,0.00,0.00,0.00,0.00,0.00,25403
2025-11-01,001A008864,64800.00,0.00,0.00,0.00,0.00,0.00,26736
2025-12-01,001A008864,64800.00,0.00,0.00,0.00,0.00,0.00,71995
2026-01-01,001A008864,72200.00,0.00,7400.00,0.00,0.00,0.00,50164
2026-02-01,001A008864,72200.00,0.00,0.00,0.00,0.00,0.00,27525
2026-03-01,001A008864,72200.00,0.00,0.00,0.00,0.00,0.00,44940
2026-04-01,001A008864,72200.00,0.00,0.00,0.00,0.00,0.00,48685
2026-05-01,001A008864,72200.00,0.00,0.00,0.00,0.00,0.00,31764
2026-06-01,001A008864,72200.00,0.00,0.00,0.00,0.00,0.00,53713
2026-07-01,001A008864,72200.00,0.00,0.00,0.00,0.00,0.00,47665
2026-08-01,001A008864,72200.00,0.00,0.00,0.00,0.00,0.00,57578
2026-09-01,001A008864,72200.00,0.00,0.00,0.00,0.00,0.00,51267
2025-09-01,001A008871,83904.00,83904.00,0.00,0.00,0.00,0.00,4231
2025-10-01,001A008871,83904.00,0.00,0.00,0.00,0.00,0.00,4289
2025-11-01,001A008871,83904.00,0.00,0.00,0.00,0.00,0.00,9815
2025-12-01,001A008871,83904.00,0.00,0.00,0.00,0.00,0.00,7352
2026-01-01,001A008871,83904.00,0.00,0.00,0.00,0.00,0.00,6955
2026-02-01,001A008871,83904.00,0.00,0.00,0.00,0.00,0.00,13764
2026-03-01,001A008871,83904.00,0.00,0.00,0.00,0.00,0.00,13203
2026-04-01,001A008871,83904.00,0.00,0.00,0.00,0.00,0.00,13026
2026-05-01,001A008871,83904.00,0.00,0.00,0.00,0.00,0.00,16615
2026-06-01,001A008871,83904.00,0.00,0.00,0.00,0.00,0.00,25150
2026-07-01,001A008871,83904.00,0.00,0.00,0.00,0.00,0.00,25698
2026-08-01,001A008871,83904.00,0.00,0.00,0.00,0.00,0.00,18004
2026-09-01,001A008871,83904.00,0.00,0.00,0.00,0.00,0.00,40669
2025-06-01,001A008881,45080.00,45080.00,0.00,0.00,0.00,0.00,17832
2025-07-01,001A008881,45080.00,0.00,0.00,0.00,0.00,0.00,24633
2025-08-01,001A008881,45080.00,0.00,0.00,0.00,0.00,0.00,10857
2025-09-01,001A008881,45080.00,0.00,0.00,0.00,0.00,0.00,26658
2025-10-01,001A008881,45080.00,0.00,0.00,0.00,0.00,0.00,29429
2025-11-01,001A008881,45080.00,0.00,0.00,0.00,0.00,0.00,35629
2025-12-01,001A008881,45080.00,0.00,0.00,0.00,0.00,0.00,27752
2026-01-01,001A008881,45080.00,0.00,0.00,0.00,0.00,0.00,35537
2026-02-01,001A008881,45080.00,0.00,0.00,0.00,0.00,0.00,33678
2026-03-01,001A008881,45080.00,0.00,0.00,0.00,0.00,0.00,68227
2026-04-01,001A008881,45080.00,0.00,0.00,0.00,0.00,0.00,69133
2026-05-01,001A008881,45080.00,0.00,0.00,0.00,0.00,0.00,37707
2026-06-01,001A008881,45080.00,0.00,0.00,0.00,0.00,0.00,68699
2026-07-01,001A008881,45080.00,0.00,0.00,0.00,0.00,0.00,48233
2026-08-01,001A008881,45080.00,0.00,0.00,0.00,0.00,0.00,79817
2026-09-01,001A008881,45080.00,0.00,0.00,0.00,0.00,0.00,83634
2025-07-01,001A008891,21620.00,21620.00,0.00,0.00,0.00,0.00,4209
2025-08-01,001A008891,21620.00,0.00,0.00,0.00,0.00,0.00,2987
2025-09-01,001A008891,21620.00,0.00,0.00,0.00,0.00,0.00,3431
2025-10-01,001A008891,21620.00,0.00,0.00,0.00,0.00,0.00,4149
2025-11-01,001A008891,21620.00,0.00,0.00,0.00,0.00,0.00,6806
2025-12-01,001A008891,21620.00,0.00,0.00,0.00,0.00,0.00,6724
2026-01-01,001A008891,21620.00,0.00,0.00,0.00,0.00,0.00,9705
2026-02-01,001A008891,21620.00,0.00,0.00,0.00,0.00,0.00,6400
2026-03-01,001A008891,26036.00,0.00,4416.00,0.00,0.00,0.00,7973
2026-04-01,001A008891,26036.00,0.00,0.00,0.00,0.00,0.00,9208
2026-05-01,001A008891,26036.00,0.00,0.00,0.00,0.00,0.00,14121
2026-06-01,001A008891,26036.00,0.00,0.00,0.00,0.00,0.00,15506
2026-07-01,001A008891,28136.00,0.00,2100.00,0.00,0.00,0.00,11497
2026-08-01,001A008891,28136.00,0.00,0.00,0.00,0.00,0.00,16085
2026-09-01,001A008891,28136.00,0.00,0.00,0.00,0.00,0.00,14351
2024-10-01,001A008897,57900.00,57900.00,0.00,0.00,0.00,0.00,23653
2024-11-01,001A008897,57900.00,0.00,0.00,0.00,0.00,0.00,24797
2024-12-01,001A008897,57900.00,0.00,0.00,0.00,0.00,0.00,30053
2025-01-01,001A008897,57900.00,0.00,0.00,0.00,0.00,0.00,40096
2025-02-01,001A008897,57900.00,0.00,0.00,0.00,0.00,0.00,38287
2025-03-01,001A008897,57900.00,0.00,0.00,0.00,0.00,0.00,52998
2025-04-01,001A008897,57900.00,0.00,0.00,0.00,0.00,0.00,52877
2025-05-01,001A008897,57900.00,0.00,0.00,0.00,0.00,0.00,84084
2025-06-01,001A008897,57900.00,0.00,0.00,0.00,0.00,0.00,82490
2025-07-01,001A008897,57900.00,0.00,0.00,0.00,0.00,0.00,87314
2025-08-01,001A008897,57900.00,0.00,0.00,0.00,0.00,0.00,59523
2025-09-01,001A008897,57900.00,0.00,0.00,0.00,0.00,0.00,92966
2025-10-01,001A008897,57900.00,0.00,0.00,0.00,0.00,0.00,124598
2025-11-01,001A008897,57900.00,0.00,0.00,0.00,0.00,0.00,158083
2025-12-01,001A008897,57900.00,0.00,0.00,0.00,0.00,0.00,155301
2026-01-01,001A008897,57900.00,0.00,0.00,0.00,0.00,0.00,226552
2026-02-01,001A008897,81600.00,0.00,23700.00,0.00,0.00,0.00,200788
2026-03-01,001A008897,81600.00,0.00,0.00,0.00,0.00,0.00,318806
2026-04-01,001A008897,81600.00,0.00,0.00,0.00,0.00,0.00,281588
2026-05-01,001A008897,81600.00,0.00,0.00,0.00,0.00,0.00,193473
2026-06-01,001A008897,81600.00,0.00,0.00,0.00,0.00,0.00,257626
2026-07-01,001A008897,81600.00,0.00,0.00,0.00,0.00,0.00,259610
2026-08-01,001A008897,81600.00,0.00,0.00,0.00,0.00,0.00,236706
2026-09-01,001A008897,81600.00,0.00,0.00,0.00,0.00,0.00,396131
2025-07-01,001A008904,28428.00,28428.00,0.00,0.00,0.00,0.00,2107
2025-08-01,001A008904,28428.00,0.00,0.00,0.00,0.00,0.00,1749
2025-09-01,001A008904,28428.00,0.00,0.00,0.00,0.00,0.00,2016
2025-10-01,001A008904,28428.00,0.00,0.00,0.00,0.00,0.00,1424
2025-11-01,001A008904,28428.00,0.00,0.00,0.00,0.00,0.00,4214
2025-12-01,001A008904,28428.00,0.00,0.00,0.00,0.00,0.00,5118
2026-01-01,001A008904,33672.00,0.00,5244.00,0.00,0.00,0.00,2243
2026-02-01,001A008904,33672.00,0.00,0.00,0.00,0.00,0.00,2879
2026-03-01,001A008904,33672.00,0.00,0.00,0.00,0.00,0.00,2655
2026-04-01,001A008904,33672.00,0.00,0.00,0.00,0.00,0.00,3927
2026-05-01,001A008904,33672.00,0.00,0.00,0.00,0.00,0.00,5470
2026-06-01,001A008904,33672.00,0.00,0.00,0.00,0.00,0.00,3443
2026-07-01,001A008904,41172.00,0.00,7500.00,0.00,0.00,0.00,6747
2026-08-01,001A008904,41172.00,0.00,0.00,0.00,0.00,0.00,3711
2026-09-01,001A008904,41172.00,0.00,0.00,0.00,0.00,0.00,6304
2026-02-01,001A008906,30300.00,30300.00,0.00,0.00,0.00,0.00,27581
2026-03-01,001A008906,30300.00,0.00,0.00,0.00,0.00,0.00,25125
2026-04-01,001A008906,30300.00,0.00,0.00,0.00,0.00,0.00,38017
2026-05-01,001A008906,30300.00,0.00,0.00,0.00,0.00,0.00,33028
2026-06-01,001A008906,30300.00,0.00,0.00,0.00,0.00,0.00,48563
2026-07-01,001A008906,30300.00,0.00,0.00,0.00,0.00,0.00,46360
2026-08-01,001A008906,30300.00,0.00,0.00,0.00,0.00,0.00,34133
2026-09-01,001A008906,30300.00,0.00,0.00,0.00,0.00,0.00,50943
2025-11-01,001A008909,10647.00,10647.00,0.00,0.00,0.00,0.00,1461
2025-12-01,001A008909,10647.00,0.00,0.00,0.00,0.00,0.00,2642
2026-01-01,001A008909,10647.00,0.00,0.00,0.00,0.00,0.00,1670
2026-02-01,001A008909,10647.00,0.00,0.00,0.00,0.00,0.00,1995
2026-03-01,001A008909,10647.00,0.00,0.00,0.00,0.00,0.00,1904
2026-04-01,001A008909,10647.00,0.00,0.00,0.00,0.00,0.00,1514
2026-05-01,001A008909,10647.00,0.00,0.00,0.00,0.00,0.00,1215
2026-06-01,001A008909,10647.00,0.00,0.00,0.00,0.00,0.00,1499
2026-07-01,001A008909,10647.00,0.00,0.00,0.00,0.00,0.00,1341
2026-08-01,001A008909,10647.00,0.00,0.00,0.00,0.00,0.00,1456
2026-09-01,001A008909,10647.00,0.00,0.00,0.00,0.00,0.00,1563
2025-02-01,001A008911,148800.00,148800.00,0.00,0.00,0.00,0.00,7856
2025-03-01,001A008911,148800.00,0.00,0.00,0.00,0.00,0.00,11018
2025-04-01,001A008911,148800.00,0.00,0.00,0.00,0.00,0.00,6487
2025-05-01,001A008911,148800.00,0.00,0.00,0.00,0.00,0.00,7560
2025-06-01,001A008911,148800.00,0.00,0.00,0.00,0.00,0.00,10652
2025-07-01,001A008911,148800.00,0.00,0.00,0.00,0.00,0.00,12134
2025-08-01,001A008911,148800.00,0.00,0.00,0.00,0.00,0.00,8401
2025-09-01,001A008911,148800.00,0.00,0.00,0.00,0.00,0.00,9228
2025-10-01,001A008911,148800.00,0.00,0.00,0.00,0.00,0.00,20305
2025-11-01,001A008911,148800.00,0.00,0.00,0.00,0.00,0.00,0
2025-12-01,001A008911,148800.00,0.00,0.00,0.00,0.00,0.00,0
2026-01-01,001A008911,148800.00,0.00,0.00,0.00,0.00,0.00,0
2026-02-01,001A008911,107000.00,0.00,0.00,-41800.00,0.00,0.00,0
2026-03-01,001A008911,107000.00,0.00,0.00,0.00,0.00,0.00,0
2026-04-01,001A008911,107000.00,0.00,0.00,0.00,0.00,0.00,1163
2026-05-01,001A008911,107000.00,0.00,0.00,0.00,0.00,0.00,2183
2026-06-01,001A008911,107000.00,0.00,0.00,0.00,0.00,0.00,5466
2026-07-01,001A008911,107000.00,0.00,0.00,0.00,0.00,0.00,6099
2026-08-01,001A008911,107000.00,0.00,0.00,0.00,0.00,0.00,3405
2026-09-01,001A008911,107000.00,0.00,0.00,0.00,0.00,0.00,4318
2026-08-01,001A008920,111800.00,111800.00,0.00,0.00,0.00,0.00,68891
2026-09-01,001A008920,111800.00,0.00,0.00,0.00,0.00,0.00,107034
2026-07-01,001A008926,7268.00,7268.00,0.00,0.00,0.00,0.00,3742
2026-08-01,001A008926,7268.00,0.00,0.00,0.00,0.00,0.00,5545
2026-09-01,001A008926,7268.00,0.00,0.00,0.00,0.00,0.00,4014
2026-04-01,001A008934,7268.00,7268.00,0.00,0.00,0.00,0.00,2643
2026-05-01,001A008934,7268.00,0.00,0.00,0.00,0.00,0.00,2978
2026-06-01,001A008934,7268.00,0.00,0.00,0.00,0.00,0.00,2908
2026-07-01,001A008934,7268.00,0.00,0.00,0.00,0.00,0.00,4276
2026-08-01,001A008934,7268.00,0.00,0.00,0.00,0.00,0.00,5452
2026-09-01,001A008934,7268.00,0.00,0.00,0.00,0.00,0.00,4065
2025-05-01,001A008937,34400.00,34400.00,0.00,0.00,0.00,0.00,20634
2025-06-01,001A008937,34400.00,0.00,0.00,0.00,0.00,0.00,30401
2025-07-01,001A008937,34400.00,0.00,0.00,0.00,0.00,0.00,23104
2025-08-01,001A008937,34400.00,0.00,0.00,0.00,0.00,0.00,20125
2025-09-01,001A008937,34400.00,0.00,0.00,0.00,0.00,0.00,28940
2025-10-01,001A008937,34400.00,0.00,0.00,0.00,0.00,0.00,53264
2025-11-01,001A008937,34400.00,0.00,0.00,0.00,0.00,0.00,42136
2025-12-01,001A008937,34400.00,0.00,0.00,0.00,0.00,0.00,61276
2026-01-01,001A008937,34400.00,0.00,0.00,0.00,0.00,0.00,78944
2026-02-01,001A008937,34400.00,0.00,0.00,0.00,0.00,0.00,83028
2026-03-01,001A008937,34400.00,0.00,0.00,0.00,0.00,0.00,80945
2026-04-01,001A008937,34400.00,0.00,0.00,0.00,0.00,0.00,103555
2026-05-01,001A008937,34400.00,0.00,0.00,0.00,0.00,0.00,117585
2026-06-01,001A008937,42600.00,0.00,8200.00,0.00,0.00,0.00,137402
2026-07-01,001A008937,42600.00,0.00,0.00,0.00,0.00,0.00,184407
2026-08-01,001A008937,42600.00,0.00,0.00,0.00,0.00,0.00,106615
2026-09-01,001A008937,42600.00,0.00,0.00,0.00,0.00,0.00,134235
2026-07-01,001A008964,45200.00,45200.00,0.00,0.00,0.00,0.00,4035
2026-08-01,001A008964,45200.00,0.00,0.00,0.00,0.00,0.00,3726
2026-09-01,001A008964,45200.00,0.00,0.00,0.00,0.00,0.00,4614
2025-11-01,001A008970,30636.00,30636.00,0.00,0.00,0.00,0.00,13789
2025-12-01,001A008970,30636.00,0.00,0.00,0.00,0.00,0.00,1882
2026-01-01,001A008970,30636.00,0.00,0.00,0.00,0.00,0.00,3268
2026-02-01,001A008970,30636.00,0.00,0.00,0.00,0.00,0.00,2574
2026-03-01,001A008970,30636.00,0.00,0.00,0.00,0.00,0.00,2785
2026-04-01,001A008970,30636.00,0.00,0.00,0.00,0.00,0.00,3912
2026-05-01,001A008970,30636.00,0.00,0.00,0.00,0.00,0.00,4286
2026-06-01,001A008970,30636.00,0.00,0.00,0.00,0.00,0.00,5807
2026-07-01,001A008970,30636.00,0.00,0.00,0.00,0.00,0.00,13225
2026-08-01,001A008970,30636.00,0.00,0.00,0.00,0.00,0.00,9712
2026-09-01,001A008970,30636.00,0.00,0.00,0.00,0.00,0.00,6576
2026-08-01,001A008975,3700.00,3700.00,0.00,0.00,0.00,0.00,2683
2026-09-01,001A008975,3700.00,0.00,0.00,0.00,0.00,0.00,4680
2026-08-01,001A008995,5612.00,5612.00,0.00,0.00,0.00,0.00,21210
2026-09-01,001A008995,5612.00,0.00,0.00,0.00,0.00,0.00,20830
