submission_week,fiscal_quarter,rep_id,closed_won_qtd_eur,commit_call_eur,best_case_call_eur,open_pipeline_in_quarter_eur
2025-01-20,2025-Q1,005A0000,155100.00,462600.00,620500.00,1023188.00
2025-01-20,2025-Q1,005A0001,135144.00,289000.00,461100.00,605908.00
2025-01-20,2025-Q1,005A0002,3700.00,21900.00,119800.00,380456.00
2025-01-20,2025-Q1,005A0003,0.00,475700.00,602200.00,1057893.00
2025-01-20,2025-Q1,005A0004,18018.00,271100.00,311000.00,1058891.00
2025-01-20,2025-Q1,005A0005,27729.00,140900.00,154700.00,325146.00
2025-01-20,2025-Q1,005A0006,77300.00,246400.00,392100.00,1236516.00
2025-01-20,2025-Q1,005A0007,148800.00,492400.00,492400.00,1104920.00
2025-01-20,2025-Q1,005A0011,39928.00,383000.00,394500.00,783164.00
2025-01-20,2025-Q1,005A0012,118312.00,471200.00,1157200.00,3186144.00
2025-01-20,2025-Q1,005A0019,5152.00,11400.00,168000.00,839868.00
2025-01-20,2025-Q1,005A0024,26100.00,39800.00,91000.00,375384.00
2025-01-27,2025-Q1,005A0000,155100.00,456300.00,645900.00,974288.00
2025-01-27,2025-Q1,005A0001,135144.00,260700.00,400900.00,472708.00
2025-01-27,2025-Q1,005A0002,3700.00,44500.00,142100.00,375256.00
2025-01-27,2025-Q1,005A0003,0.00,470700.00,827600.00,1057893.00
2025-01-27,2025-Q1,005A0004,18018.00,292600.00,387800.00,1012910.00
2025-01-27,2025-Q1,005A0005,45279.00,160500.00,178300.00,315435.00
2025-01-27,2025-Q1,005A0006,77300.00,285900.00,381700.00,1220916.00
2025-01-27,2025-Q1,005A0007,291400.00,542900.00,559800.00,923420.00
2025-01-27,2025-Q1,005A0011,39928.00,408900.00,412500.00,804864.00
2025-01-27,2025-Q1,005A0012,118312.00,521000.00,1047500.00,3120732.00
2025-01-27,2025-Q1,005A0019,15180.00,15200.00,158400.00,864616.00
2025-02-03,2025-Q1,005A0000,155100.00,406600.00,577900.00,886980.00
2025-02-03,2025-Q1,005A0001,135144.00,267200.00,385400.00,472708.00
2025-02-03,2025-Q1,005A0002,27300.00,51800.00,244500.00,396256.00
2025-02-03,2025-Q1,005A0003,0.00,590800.00,725600.00,987473.00
2025-02-03,2025-Q1,005A0004,18018.00,467800.00,537100.00,978863.00
2025-02-03,2025-Q1,005A0006,77300.00,268300.00,412400.00,1361216.00
2025-02-03,2025-Q1,005A0007,291400.00,546600.00,562200.00,878948.00
2025-02-03,2025-Q1,005A0011,39928.00,482200.00,516700.00,899264.00
2025-02-03,2025-Q1,005A0012,309396.00,582400.00,1119400.00,2984112.00
2025-02-03,2025-Q1,005A0019,15180.00,15200.00,188600.00,757804.00
2025-02-03,2025-Q1,005A0024,26100.00,40300.00,138200.00,610184.00
2025-02-10,2025-Q1,005A0000,155100.00,387800.00,511500.00,762600.00
2025-02-10,2025-Q1,005A0001,195344.00,268200.00,413200.00,378108.00
2025-02-10,2025-Q1,005A0002,27300.00,37400.00,245400.00,454388.00
2025-02-10,2025-Q1,005A0003,0.00,564600.00,733000.00,987473.00
2025-02-10,2025-Q1,005A0004,18018.00,395900.00,452400.00,906529.00
2025-02-10,2025-Q1,005A0005,79560.00,88100.00,111300.00,168127.00
2025-02-10,2025-Q1,005A0006,149400.00,228700.00,408400.00,1129384.00
2025-02-10,2025-Q1,005A0007,291400.00,726600.00,726600.00,864928.00
2025-02-10,2025-Q1,005A0011,39928.00,508000.00,547600.00,886344.00
2025-02-10,2025-Q1,005A0012,385848.00,590100.00,1108600.00,2654108.00
2025-02-10,2025-Q1,005A0019,15180.00,15200.00,233900.00,769948.00
2025-02-10,2025-Q1,005A0024,26100.00,43900.00,136700.00,697188.00
2025-02-17,2025-Q1,005A0000,155100.00,427300.00,427300.00,626300.00
2025-02-17,2025-Q1,005A0002,27300.00,31200.00,280700.00,576680.00
2025-02-17,2025-Q1,005A0003,0.00,538000.00,723200.00,987473.00
2025-02-17,2025-Q1,005A0004,82134.00,412000.00,481500.00,839605.00
2025-02-17,2025-Q1,005A0005,87282.00,117200.00,124700.00,179710.00
2025-02-17,2025-Q1,005A0006,149400.00,229300.00,400300.00,1090184.00
2025-02-17,2025-Q1,005A0007,316800.00,734900.00,742200.00,831928.00
2025-02-17,2025-Q1,005A0011,39928.00,482700.00,538400.00,867344.00
2025-02-17,2025-Q1,005A0012,448132.00,669100.00,1314500.00,2637732.00
2025-02-17,2025-Q1,005A0019,15180.00,55600.00,266900.00,880072.00
2025-02-17,2025-Q1,005A0024,33000.00,35300.00,168800.00,772304.00
2025-02-24,2025-Q1,005A0000,155100.00,444200.00,444200.00,498300.00
2025-02-24,2025-Q1,005A0001,195344.00,267900.00,315900.00,240752.00
2025-02-24,2025-Q1,005A0002,46900.00,165100.00,238800.00,620980.00
2025-02-24,2025-Q1,005A0003,0.00,567900.00,693200.00,978365.00
2025-02-24,2025-Q1,005A0004,145062.00,276500.00,351600.00,416863.00
2025-02-24,2025-Q1,005A0006,171500.00,222400.00,499800.00,1114084.00
2025-02-24,2025-Q1,005A0007,316800.00,716200.00,723700.00,824640.00
2025-02-24,2025-Q1,005A0011,78728.00,478900.00,502600.00,775444.00
2025-02-24,2025-Q1,005A0012,456688.00,691200.00,1397800.00,2364492.00
2025-02-24,2025-Q1,005A0024,38200.00,91800.00,189300.00,763504.00
2025-03-03,2025-Q1,005A0000,170400.00,403600.00,403600.00,459600.00
2025-03-03,2025-Q1,005A0001,195344.00,244700.00,289000.00,216852.00
2025-03-03,2025-Q1,005A0002,79100.00,171200.00,292600.00,565880.00
2025-03-03,2025-Q1,005A0003,0.00,570800.00,745200.00,978365.00
2025-03-03,2025-Q1,005A0004,145062.00,229700.00,317500.00,370765.00
2025-03-03,2025-Q1,005A0005,107338.00,139200.00,139200.00,221001.00
2025-03-03,2025-Q1,005A0006,171500.00,292900.00,521900.00,1120884.00
2025-03-03,2025-Q1,005A0007,467588.00,795500.00,795500.00,439152.00
2025-03-03,2025-Q1,005A0011,78728.00,460400.00,465100.00,744344.00
2025-03-03,2025-Q1,005A0012,562028.00,795300.00,1567400.00,2243144.00
2025-03-03,2025-Q1,005A0019,63664.00,214500.00,288400.00,814476.00
2025-03-03,2025-Q1,005A0024,38200.00,120200.00,191000.00,691780.00
2025-03-10,2025-Q1,005A0000,170400.00,424900.00,424900.00,421600.00
2025-03-10,2025-Q1,005A0001,195344.00,242900.00,286400.00,177452.00
2025-03-10,2025-Q1,005A0002,79100.00,224500.00,351900.00,463148.00
2025-03-10,2025-Q1,005A0003,283728.00,647700.00,832700.00,694637.00
2025-03-10,2025-Q1,005A0004,145062.00,230800.00,309300.00,353917.00
2025-03-10,2025-Q1,005A0005,107338.00,111400.00,111400.00,183812.00
2025-03-10,2025-Q1,005A0006,171500.00,288400.00,528800.00,1131884.00
2025-03-10,2025-Q1,005A0007,474588.00,770100.00,770100.00,452052.00
2025-03-10,2025-Q1,005A0011,145928.00,507400.00,517800.00,673844.00
2025-03-10,2025-Q1,005A0012,769488.00,1093600.00,1836900.00,2065768.00
2025-03-10,2025-Q1,005A0019,281612.00,322200.00,353400.00,388332.00
2025-03-10,2025-Q1,005A0021,0.00,0.00,0.00,6164.00
2025-03-10,2025-Q1,005A0024,128544.00,163500.00,218800.00,648736.00
2025-03-17,2025-Q1,005A0000,170400.00,425100.00,425100.00,384800.00
2025-03-17,2025-Q1,005A0001,195344.00,247000.00,285800.00,136052.00
2025-03-17,2025-Q1,005A0003,283728.00,450900.00,607300.00,477251.00
2025-03-17,2025-Q1,005A0004,145062.00,203400.00,222900.00,121446.00
2025-03-17,2025-Q1,005A0005,128866.00,132700.00,132700.00,111040.00
2025-03-17,2025-Q1,005A0006,257400.00,324600.00,617500.00,899884.00
2025-03-17,2025-Q1,005A0007,474588.00,693700.00,693700.00,327200.00
2025-03-17,2025-Q1,005A0011,188728.00,470500.00,477600.00,497244.00
2025-03-17,2025-Q1,005A0012,783564.00,1033900.00,1692100.00,1693904.00
2025-03-17,2025-Q1,005A0019,281612.00,303200.00,329600.00,234968.00
2025-03-17,2025-Q1,005A0021,0.00,0.00,3700.00,22908.00
2025-03-17,2025-Q1,005A0024,128544.00,172100.00,236400.00,423636.00
2025-03-24,2025-Q1,005A0000,170400.00,381300.00,381300.00,318900.00
2025-03-24,2025-Q1,005A0001,195344.00,245200.00,245200.00,68500.00
2025-03-24,2025-Q1,005A0002,101000.00,101000.00,213100.00,168168.00
2025-03-24,2025-Q1,005A0003,283728.00,291600.00,291600.00,10304.00
2025-03-24,2025-Q1,005A0004,145062.00,218900.00,231300.00,121446.00
2025-03-24,2025-Q1,005A0006,257400.00,328300.00,469800.00,683884.00
2025-03-24,2025-Q1,005A0007,491388.00,507900.00,507900.00,20100.00
2025-03-24,2025-Q1,005A0011,188728.00,423400.00,423400.00,395900.00
2025-03-24,2025-Q1,005A0012,790832.00,1035700.00,1122800.00,779884.00
2025-03-24,2025-Q1,005A0019,298356.00,301400.00,326500.00,165048.00
2025-03-24,2025-Q1,005A0021,6164.00,6200.00,13200.00,22908.00
2025-03-24,2025-Q1,005A0024,128544.00,163900.00,232800.00,373100.00
2025-03-31,2025-Q1,005A0000,170400.00,363200.00,363200.00,271700.00
2025-03-31,2025-Q1,005A0001,195344.00,195300.00,195300.00,0.00
2025-03-31,2025-Q1,005A0002,163100.00,163100.00,177000.00,46968.00
2025-03-31,2025-Q1,005A0003,283728.00,283700.00,283700.00,0.00
2025-03-31,2025-Q1,005A0004,145062.00,202900.00,202900.00,82836.00
2025-03-31,2025-Q1,005A0005,128866.00,128900.00,128900.00,89161.00
2025-03-31,2025-Q1,005A0006,282800.00,312800.00,327500.00,87300.00
2025-03-31,2025-Q1,005A0007,491388.00,505500.00,505500.00,20100.00
2025-03-31,2025-Q1,005A0011,188728.00,271600.00,271600.00,94500.00
2025-03-31,2025-Q1,005A0012,844284.00,981000.00,1060600.00,388884.00
2025-03-31,2025-Q1,005A0019,305256.00,307900.00,307900.00,35512.00
2025-03-31,2025-Q1,005A0021,6164.00,6200.00,16500.00,22908.00
2025-03-31,2025-Q1,005A0024,132344.00,132300.00,170100.00,212100.00
2025-04-07,2025-Q2,005A0000,19600.00,823800.00,837800.00,2560900.00
2025-04-07,2025-Q2,005A0001,0.00,55100.00,129100.00,250408.00
2025-04-07,2025-Q2,005A0002,129200.00,257200.00,355600.00,416856.00
2025-04-07,2025-Q2,005A0003,178542.00,338700.00,629600.00,840045.00
2025-04-07,2025-Q2,005A0004,0.00,219700.00,231500.00,582847.00
2025-04-07,2025-Q2,005A0005,0.00,95200.00,95200.00,423664.00
2025-04-07,2025-Q2,005A0006,0.00,114700.00,432200.00,1410348.00
2025-04-07,2025-Q2,005A0007,0.00,720500.00,939200.00,1353884.00
2025-04-07,2025-Q2,005A0011,10100.00,790000.00,919100.00,1879032.00
2025-04-07,2025-Q2,005A0012,31464.00,461600.00,1504300.00,3182372.00
2025-04-07,2025-Q2,005A0013,0.00,10300.00,10300.00,386308.00
2025-04-07,2025-Q2,005A0019,0.00,89200.00,407700.00,1497116.00
2025-04-07,2025-Q2,005A0021,0.00,31800.00,90600.00,448592.00
2025-04-07,2025-Q2,005A0024,0.00,60800.00,130500.00,658560.00
2025-04-14,2025-Q2,005A0000,19600.00,801000.00,879800.00,2533300.00
2025-04-14,2025-Q2,005A0001,0.00,47600.00,144100.00,250408.00
2025-04-14,2025-Q2,005A0002,129200.00,287200.00,365000.00,438656.00
2025-04-14,2025-Q2,005A0003,178542.00,331000.00,557700.00,829741.00
2025-04-14,2025-Q2,005A0004,79911.00,265700.00,265700.00,483649.00
2025-04-14,2025-Q2,005A0005,0.00,106300.00,111900.00,455973.00
2025-04-14,2025-Q2,005A0006,0.00,208000.00,448100.00,1404548.00
2025-04-14,2025-Q2,005A0007,0.00,666900.00,854500.00,1281684.00
2025-04-14,2025-Q2,005A0011,130200.00,755100.00,774600.00,1643632.00
2025-04-14,2025-Q2,005A0012,72128.00,442000.00,1975500.00,3203992.00
2025-04-14,2025-Q2,005A0013,12604.00,69100.00,70300.00,475088.00
2025-04-14,2025-Q2,005A0015,0.00,0.00,2600.00,74428.00
2025-04-14,2025-Q2,005A0019,0.00,131100.00,431800.00,1356264.00
2025-04-14,2025-Q2,005A0021,19504.00,51900.00,233400.00,487968.00
2025-04-14,2025-Q2,005A0024,0.00,50500.00,116800.00,650760.00
2025-04-21,2025-Q2,005A0000,19600.00,542000.00,884200.00,2342900.00
2025-04-21,2025-Q2,005A0001,0.00,50700.00,50700.00,113052.00
2025-04-21,2025-Q2,005A0002,155800.00,306400.00,348000.00,393056.00
2025-04-21,2025-Q2,005A0003,178542.00,354300.00,524600.00,694723.00
2025-04-21,2025-Q2,005A0004,136583.00,248700.00,248700.00,401237.00
2025-04-21,2025-Q2,005A0005,23166.00,103500.00,109600.00,482064.00
2025-04-21,2025-Q2,005A0006,150504.00,281500.00,527100.00,1304508.00
2025-04-21,2025-Q2,005A0007,0.00,583900.00,800600.00,1285384.00
2025-04-21,2025-Q2,005A0012,206172.00,543800.00,1951800.00,3059644.00
2025-04-21,2025-Q2,005A0013,12604.00,80000.00,80000.00,503148.00
2025-04-21,2025-Q2,005A0015,0.00,1800.00,1800.00,127972.00
2025-04-21,2025-Q2,005A0019,0.00,138800.00,480400.00,1291956.00
2025-04-21,2025-Q2,005A0021,23276.00,80400.00,277200.00,533416.00
2025-04-21,2025-Q2,005A0024,0.00,53900.00,191500.00,640860.00
2025-04-28,2025-Q2,005A0000,19600.00,591600.00,844100.00,2337300.00
2025-04-28,2025-Q2,005A0001,0.00,51500.00,51500.00,113052.00
2025-04-28,2025-Q2,005A0002,155800.00,330700.00,367000.00,394688.00
2025-04-28,2025-Q2,005A0003,178542.00,351300.00,489700.00,694723.00
2025-04-28,2025-Q2,005A0004,136583.00,241300.00,241300.00,496475.00
2025-04-28,2025-Q2,005A0005,32058.00,115000.00,121200.00,445894.00
2025-04-28,2025-Q2,005A0006,203804.00,425900.00,561700.00,1211308.00
2025-04-28,2025-Q2,005A0007,0.00,624100.00,856800.00,1295084.00
2025-04-28,2025-Q2,005A0011,149528.00,828200.00,855000.00,1463192.00
2025-04-28,2025-Q2,005A0012,219328.00,485200.00,1466600.00,2825412.00
2025-04-28,2025-Q2,005A0013,12604.00,77500.00,77500.00,465152.00
2025-04-28,2025-Q2,005A0015,0.00,1900.00,15500.00,185840.00
2025-04-28,2025-Q2,005A0019,0.00,152800.00,499300.00,1188548.00
2025-04-28,2025-Q2,005A0021,62100.00,176100.00,254600.00,524492.00
2025-04-28,2025-Q2,005A0024,0.00,62700.00,240200.00,637060.00
2025-05-05,2025-Q2,005A0000,19600.00,577200.00,851500.00,2483700.00
2025-05-05,2025-Q2,005A0001,0.00,5500.00,5500.00,8900.00
2025-05-05,2025-Q2,005A0002,290488.00,358000.00,402100.00,257600.00
2025-05-05,2025-Q2,005A0003,178542.00,340700.00,466300.00,694723.00
2025-05-05,2025-Q2,005A0004,136583.00,233100.00,233100.00,595574.00
2025-05-05,2025-Q2,005A0005,32058.00,160100.00,165200.00,431620.00
2025-05-05,2025-Q2,005A0006,219104.00,482000.00,690600.00,1156908.00
2025-05-05,2025-Q2,005A0007,0.00,636400.00,807800.00,1278432.00
2025-05-05,2025-Q2,005A0009,0.00,0.00,0.00,111200.00
2025-05-05,2025-Q2,005A0011,149528.00,802600.00,819500.00,1372292.00
2025-05-05,2025-Q2,005A0012,226780.00,662100.00,1587800.00,2412056.00
2025-05-05,2025-Q2,005A0013,12604.00,121000.00,121000.00,735540.00
2025-05-05,2025-Q2,005A0015,3496.00,3500.00,21400.00,261004.00
2025-05-05,2025-Q2,005A0019,44344.00,191000.00,514200.00,1110164.00
2025-05-05,2025-Q2,005A0021,79488.00,227100.00,296900.00,540500.00
2025-05-12,2025-Q2,005A0000,19600.00,737500.00,990400.00,2429000.00
2025-05-12,2025-Q2,005A0001,0.00,6200.00,6200.00,8900.00
2025-05-12,2025-Q2,005A0002,290488.00,367300.00,414800.00,257600.00
2025-05-12,2025-Q2,005A0003,178542.00,336600.00,477000.00,694723.00
2025-05-12,2025-Q2,005A0004,136583.00,232800.00,304300.00,595574.00
2025-05-12,2025-Q2,005A0005,43290.00,177600.00,177600.00,459700.00
2025-05-12,2025-Q2,005A0006,232628.00,485500.00,616700.00,1084184.00
2025-05-12,2025-Q2,005A0007,0.00,581200.00,808500.00,1278432.00
2025-05-12,2025-Q2,005A0009,0.00,0.00,0.00,165400.00
2025-05-12,2025-Q2,005A0011,156828.00,916400.00,938200.00,1369692.00
2025-05-12,2025-Q2,005A0012,226780.00,837100.00,1453100.00,2335144.00
2025-05-12,2025-Q2,005A0013,12604.00,120900.00,171100.00,735540.00
2025-05-12,2025-Q2,005A0015,3496.00,3500.00,22100.00,380788.00
2025-05-12,2025-Q2,005A0019,61088.00,221000.00,518800.00,1086152.00
2025-05-12,2025-Q2,005A0021,103960.00,262300.00,316900.00,583556.00
2025-05-12,2025-Q2,005A0024,57800.00,187000.00,234600.00,644056.00
2025-05-19,2025-Q2,005A0000,19600.00,791100.00,1013600.00,2381800.00
2025-05-19,2025-Q2,005A0001,0.00,5600.00,5600.00,8900.00
2025-05-19,2025-Q2,005A0002,303588.00,372800.00,417600.00,290000.00
2025-05-19,2025-Q2,005A0003,178542.00,327000.00,517800.00,694723.00
2025-05-19,2025-Q2,005A0004,136583.00,268200.00,344700.00,617274.00
2025-05-19,2025-Q2,005A0005,54522.00,186500.00,186500.00,460051.00
2025-05-19,2025-Q2,005A0006,232628.00,484300.00,626400.00,1109784.00
2025-05-19,2025-Q2,005A0007,0.00,652100.00,886600.00,1267532.00
2025-05-19,2025-Q2,005A0009,0.00,0.00,0.00,201900.00
2025-05-19,2025-Q2,005A0011,156828.00,913400.00,972200.00,1353592.00
2025-05-19,2025-Q2,005A0012,226780.00,826700.00,1586900.00,2237164.00
2025-05-19,2025-Q2,005A0013,12604.00,131100.00,198900.00,843364.00
2025-05-19,2025-Q2,005A0015,3496.00,3500.00,17600.00,311788.00
2025-05-19,2025-Q2,005A0019,61088.00,204100.00,520700.00,750996.00
2025-05-19,2025-Q2,005A0021,132664.00,256300.00,329200.00,503332.00
2025-05-19,2025-Q2,005A0024,87700.00,214300.00,270400.00,516956.00
2025-05-26,2025-Q2,005A0000,255700.00,1018000.00,1254900.00,2149600.00
2025-05-26,2025-Q2,005A0001,0.00,6300.00,6300.00,8900.00
2025-05-26,2025-Q2,005A0002,303588.00,372900.00,425600.00,321600.00
2025-05-26,2025-Q2,005A0003,178542.00,448200.00,638200.00,637499.00
2025-05-26,2025-Q2,005A0004,136583.00,256600.00,334100.00,583227.00
2025-05-26,2025-Q2,005A0005,76635.00,184400.00,184400.00,448117.00
2025-05-26,2025-Q2,005A0006,243428.00,511900.00,670800.00,1026384.00
2025-05-26,2025-Q2,005A0007,0.00,394000.00,575600.00,935460.00
2025-05-26,2025-Q2,005A0009,0.00,0.00,3800.00,134400.00
2025-05-26,2025-Q2,005A0011,166128.00,975300.00,1035000.00,1328492.00
2025-05-26,2025-Q2,005A0012,271860.00,792500.00,1077900.00,1581940.00
2025-05-26,2025-Q2,005A0013,77096.00,284900.00,327900.00,855784.00
2025-05-26,2025-Q2,005A0015,3496.00,3500.00,54600.00,362572.00
2025-05-26,2025-Q2,005A0019,61088.00,181900.00,409900.00,705088.00
2025-05-26,2025-Q2,005A0021,156124.00,256600.00,351700.00,617228.00
2025-05-26,2025-Q2,005A0024,244500.00,279400.00,350100.00,375356.00
2025-06-02,2025-Q2,005A0001,0.00,6000.00,6000.00,8900.00
2025-06-02,2025-Q2,005A0003,178542.00,465600.00,620100.00,637499.00
2025-06-02,2025-Q2,005A0004,136583.00,334300.00,377300.00,601947.00
2025-06-02,2025-Q2,005A0005,85410.00,274100.00,274100.00,461923.00
2025-06-02,2025-Q2,005A0006,243428.00,455600.00,609500.00,766484.00
2025-06-02,2025-Q2,005A0007,2600.00,254700.00,513500.00,814060.00
2025-06-02,2025-Q2,005A0009,0.00,0.00,4300.00,129600.00
2025-06-02,2025-Q2,005A0011,166128.00,1034300.00,1087200.00,1331792.00
2025-06-02,2025-Q2,005A0012,418508.00,819900.00,1162800.00,1288644.00
2025-06-02,2025-Q2,005A0013,77096.00,371900.00,405500.00,781816.00
2025-06-02,2025-Q2,005A0015,14168.00,30900.00,77000.00,426328.00
2025-06-02,2025-Q2,005A0019,102488.00,190800.00,340900.00,443716.00
2025-06-02,2025-Q2,005A0021,156124.00,278300.00,411400.00,604716.00
2025-06-02,2025-Q2,005A0024,244500.00,286100.00,351200.00,373956.00
2025-06-09,2025-Q2,005A0000,382900.00,920000.00,1253200.00,1677300.00
2025-06-09,2025-Q2,005A0001,0.00,6400.00,6400.00,8900.00
2025-06-09,2025-Q2,005A0002,303588.00,386600.00,434700.00,220400.00
2025-06-09,2025-Q2,005A0003,178542.00,452300.00,641500.00,637499.00
2025-06-09,2025-Q2,005A0004,136583.00,262700.00,278700.00,476748.00
2025-06-09,2025-Q2,005A0005,85410.00,267600.00,267600.00,333095.00
2025-06-09,2025-Q2,005A0006,266028.00,328100.00,487900.00,478300.00
2025-06-09,2025-Q2,005A0007,2600.00,100100.00,100100.00,226360.00
2025-06-09,2025-Q2,005A0009,0.00,5900.00,33000.00,147700.00
2025-06-09,2025-Q2,005A0011,166128.00,852500.00,928200.00,1123592.00
2025-06-09,2025-Q2,005A0012,850264.00,972900.00,1265400.00,764244.00
2025-06-09,2025-Q2,005A0013,77096.00,357500.00,410100.00,710424.00
2025-06-09,2025-Q2,005A0015,14168.00,47600.00,126800.00,443900.00
2025-06-09,2025-Q2,005A0019,102488.00,176500.00,302900.00,343988.00
2025-06-09,2025-Q2,005A0021,181424.00,299000.00,405400.00,518144.00
2025-06-09,2025-Q2,005A0024,264700.00,288000.00,363300.00,362756.00
2025-06-16,2025-Q2,005A0000,431400.00,814100.00,872300.00,683200.00
2025-06-16,2025-Q2,005A0001,0.00,6300.00,6300.00,8900.00
2025-06-16,2025-Q2,005A0002,323988.00,406300.00,451700.00,192000.00
2025-06-16,2025-Q2,005A0003,178542.00,453700.00,616100.00,637499.00
2025-06-16,2025-Q2,005A0004,164078.00,276700.00,292800.00,343134.00
2025-06-16,2025-Q2,005A0005,85410.00,255000.00,255000.00,274137.00
2025-06-16,2025-Q2,005A0006,299428.00,358400.00,409700.00,291900.00
2025-06-16,2025-Q2,005A0008,0.00,0.00,0.00,18000.00
2025-06-16,2025-Q2,005A0011,166128.00,957900.00,1002000.00,969892.00
2025-06-16,2025-Q2,005A0012,850264.00,963600.00,1112200.00,410596.00
2025-06-16,2025-Q2,005A0013,121072.00,377000.00,422600.00,669300.00
2025-06-16,2025-Q2,005A0015,42596.00,61900.00,129600.00,360272.00
2025-06-16,2025-Q2,005A0019,102488.00,168700.00,264900.00,263948.00
2025-06-16,2025-Q2,005A0021,210864.00,343600.00,417000.00,387320.00
2025-06-16,2025-Q2,005A0024,309800.00,313400.00,379000.00,289056.00
2025-06-23,2025-Q2,005A0000,431400.00,671300.00,671300.00,305700.00
2025-06-23,2025-Q2,005A0001,0.00,5800.00,5800.00,8900.00
2025-06-23,2025-Q2,005A0002,353088.00,404400.00,428300.00,112500.00
2025-06-23,2025-Q2,005A0003,178542.00,432400.00,432400.00,369922.00
2025-06-23,2025-Q2,005A0004,164078.00,212000.00,212000.00,135090.00
2025-06-23,2025-Q2,005A0005,85410.00,248800.00,248800.00,251673.00
2025-06-23,2025-Q2,005A0006,325528.00,325500.00,337500.00,83100.00
2025-06-23,2025-Q2,005A0007,87200.00,87200.00,87200.00,5060.00
2025-06-23,2025-Q2,005A0008,0.00,0.00,0.00,18000.00
2025-06-23,2025-Q2,005A0009,0.00,16300.00,29300.00,47500.00
2025-06-23,2025-Q2,005A0011,198528.00,615200.00,664700.00,575892.00
2025-06-23,2025-Q2,005A0012,850264.00,960600.00,1104100.00,361928.00
2025-06-23,2025-Q2,005A0013,183172.00,359400.00,390100.00,393116.00
2025-06-23,2025-Q2,005A0015,147568.00,152500.00,169000.00,244812.00
2025-06-23,2025-Q2,005A0019,102488.00,153200.00,224800.00,201388.00
2025-06-23,2025-Q2,005A0021,290996.00,334100.00,349300.00,150236.00
2025-06-23,2025-Q2,005A0024,314300.00,320100.00,399400.00,241156.00
2025-06-30,2025-Q2,005A0000,540400.00,647400.00,647400.00,136600.00
2025-06-30,2025-Q2,005A0001,0.00,6000.00,6000.00,8900.00
2025-06-30,2025-Q2,005A0002,375288.00,398700.00,400900.00,40500.00
2025-06-30,2025-Q2,005A0003,331078.00,331100.00,331100.00,0.00
2025-06-30,2025-Q2,005A0004,164078.00,176700.00,176700.00,16300.00
2025-06-30,2025-Q2,005A0005,85410.00,127600.00,127600.00,74255.00
2025-06-30,2025-Q2,005A0006,325528.00,325500.00,325500.00,29700.00
2025-06-30,2025-Q2,005A0007,87200.00,87200.00,87200.00,0.00
2025-06-30,2025-Q2,005A0008,0.00,0.00,0.00,18000.00
2025-06-30,2025-Q2,005A0009,12900.00,32300.00,32300.00,26400.00
2025-06-30,2025-Q2,005A0011,283028.00,476200.00,491800.00,230000.00
2025-06-30,2025-Q2,005A0012,850264.00,912200.00,1002300.00,270756.00
2025-06-30,2025-Q2,005A0013,217028.00,325200.00,344200.00,230920.00
2025-06-30,2025-Q2,005A0015,147568.00,152600.00,231600.00,176732.00
2025-06-30,2025-Q2,005A0021,312432.00,312400.00,317300.00,9200.00
2025-06-30,2025-Q2,005A0024,314300.00,315100.00,318600.00,75856.00
2025-07-07,2025-Q3,005A0000,8000.00,684800.00,922200.00,2038500.00
2025-07-07,2025-Q3,005A0001,0.00,3700.00,3700.00,5152.00
2025-07-07,2025-Q3,005A0002,0.00,57700.00,94800.00,348700.00
2025-07-07,2025-Q3,005A0003,0.00,173900.00,173900.00,818181.00
2025-07-07,2025-Q3,005A0004,16300.00,234200.00,256900.00,708001.00
2025-07-07,2025-Q3,005A0005,0.00,195200.00,195200.00,348656.00
2025-07-07,2025-Q3,005A0006,0.00,75600.00,263900.00,1030200.00
2025-07-07,2025-Q3,005A0007,0.00,496800.00,525900.00,817400.00
2025-07-07,2025-Q3,005A0008,0.00,10000.00,10000.00,125800.00
2025-07-07,2025-Q3,005A0012,0.00,128100.00,242200.00,1299592.00
2025-07-07,2025-Q3,005A0013,43240.00,375900.00,444500.00,2067148.00
2025-07-07,2025-Q3,005A0015,32200.00,70800.00,128500.00,456596.00
2025-07-07,2025-Q3,005A0019,0.00,71100.00,115600.00,888444.00
2025-07-07,2025-Q3,005A0021,0.00,174800.00,293200.00,621092.00
2025-07-07,2025-Q3,005A0024,0.00,79300.00,138100.00,409656.00
2025-07-14,2025-Q3,005A0000,78900.00,782500.00,1075400.00,2124600.00
2025-07-14,2025-Q3,005A0001,0.00,6400.00,6400.00,8900.00
2025-07-14,2025-Q3,005A0002,0.00,49200.00,93900.00,332900.00
2025-07-14,2025-Q3,005A0003,0.00,168300.00,202400.00,818181.00
2025-07-14,2025-Q3,005A0004,16300.00,239600.00,256300.00,787327.00
2025-07-14,2025-Q3,005A0005,15444.00,204100.00,204100.00,356261.00
2025-07-14,2025-Q3,005A0006,56600.00,111900.00,374900.00,956700.00
2025-07-14,2025-Q3,005A0007,0.00,506500.00,531400.00,891300.00
2025-07-14,2025-Q3,005A0008,15000.00,15000.00,25600.00,107400.00
2025-07-14,2025-Q3,005A0009,34500.00,67900.00,209800.00,606900.00
2025-07-14,2025-Q3,005A0011,83292.00,1199800.00,1207000.00,1634300.00
2025-07-14,2025-Q3,005A0012,0.00,118200.00,294700.00,1268956.00
2025-07-14,2025-Q3,005A0013,57040.00,407500.00,499800.00,1944052.00
2025-07-14,2025-Q3,005A0015,32200.00,120300.00,142100.00,498824.00
2025-07-14,2025-Q3,005A0019,62284.00,310700.00,437000.00,983756.00
2025-07-14,2025-Q3,005A0021,14536.00,211900.00,325200.00,704444.00
2025-07-14,2025-Q3,005A0024,78800.00,118200.00,186600.00,349356.00
2025-07-21,2025-Q3,005A0000,78900.00,658200.00,931500.00,1877200.00
2025-07-21,2025-Q3,005A0001,0.00,6300.00,6300.00,8900.00
2025-07-21,2025-Q3,005A0002,23200.00,57100.00,110200.00,325700.00
2025-07-21,2025-Q3,005A0003,0.00,168500.00,218000.00,478413.00
2025-07-21,2025-Q3,005A0004,16300.00,306400.00,337800.00,771064.00
2025-07-21,2025-Q3,005A0005,15444.00,193500.00,193500.00,404478.00
2025-07-21,2025-Q3,005A0006,87600.00,178800.00,419900.00,920600.00
2025-07-21,2025-Q3,005A0008,15000.00,15000.00,28300.00,97400.00
2025-07-21,2025-Q3,005A0009,45700.00,69900.00,256300.00,734300.00
2025-07-21,2025-Q3,005A0011,83292.00,1152700.00,1152700.00,1638600.00
2025-07-21,2025-Q3,005A0012,0.00,156000.00,197900.00,1205844.00
2025-07-21,2025-Q3,005A0013,57040.00,460600.00,614300.00,2026392.00
2025-07-21,2025-Q3,005A0015,174156.00,182300.00,236600.00,401488.00
2025-07-21,2025-Q3,005A0019,62284.00,275700.00,437200.00,983756.00
2025-07-21,2025-Q3,005A0021,84456.00,213300.00,319000.00,866732.00
2025-07-21,2025-Q3,005A0024,78800.00,118500.00,179900.00,307700.00
2025-07-28,2025-Q3,005A0000,78900.00,693900.00,775400.00,2166800.00
2025-07-28,2025-Q3,005A0001,0.00,6300.00,6300.00,8900.00
2025-07-28,2025-Q3,005A0002,53700.00,94900.00,160500.00,399400.00
2025-07-28,2025-Q3,005A0003,0.00,39600.00,81100.00,261027.00
2025-07-28,2025-Q3,005A0004,48592.00,316700.00,333300.00,756205.00
2025-07-28,2025-Q3,005A0005,15444.00,189100.00,189100.00,412551.00
2025-07-28,2025-Q3,005A0006,149000.00,220600.00,456300.00,763600.00
2025-07-28,2025-Q3,005A0007,0.00,503800.00,531700.00,729200.00
2025-07-28,2025-Q3,005A0008,15000.00,15000.00,30400.00,234600.00
2025-07-28,2025-Q3,005A0009,45700.00,89900.00,299000.00,908300.00
2025-07-28,2025-Q3,005A0011,83292.00,1142700.00,1142700.00,1583600.00
2025-07-28,2025-Q3,005A0012,0.00,184700.00,318500.00,1199496.00
2025-07-28,2025-Q3,005A0013,203688.00,469000.00,614100.00,1910012.00
2025-07-28,2025-Q3,005A0015,174156.00,174200.00,265600.00,455952.00
2025-07-28,2025-Q3,005A0019,62284.00,314700.00,417100.00,985596.00
2025-07-28,2025-Q3,005A0021,94208.00,244200.00,400400.00,895896.00
2025-07-28,2025-Q3,005A0024,78800.00,128100.00,188100.00,305400.00
2025-08-04,2025-Q3,005A0000,78900.00,718300.00,761100.00,2106200.00
2025-08-04,2025-Q3,005A0001,0.00,6600.00,6600.00,8900.00
2025-08-04,2025-Q3,005A0002,81500.00,115100.00,147800.00,570300.00
2025-08-04,2025-Q3,005A0004,80884.00,316900.00,358500.00,850508.00
2025-08-04,2025-Q3,005A0005,15444.00,211900.00,216400.00,430101.00
2025-08-04,2025-Q3,005A0006,149000.00,226600.00,428600.00,907500.00
2025-08-04,2025-Q3,005A0007,0.00,468400.00,495900.00,719300.00
2025-08-04,2025-Q3,005A0008,15000.00,20000.00,35200.00,217200.00
2025-08-04,2025-Q3,005A0009,72200.00,92300.00,304100.00,1022400.00
2025-08-04,2025-Q3,005A0011,83292.00,782400.00,787000.00,1023200.00
2025-08-04,2025-Q3,005A0012,0.00,165700.00,264000.00,1199496.00
2025-08-04,2025-Q3,005A0013,271308.00,562400.00,769800.00,1824084.00
2025-08-04,2025-Q3,005A0015,186668.00,186700.00,253100.00,520444.00
2025-08-04,2025-Q3,005A0019,62284.00,317800.00,448600.00,992220.00
2025-08-04,2025-Q3,005A0021,97888.00,215500.00,434900.00,911168.00
2025-08-04,2025-Q3,005A0024,78800.00,122700.00,184400.00,377300.00
2025-08-11,2025-Q3,005A0000,78900.00,774500.00,823700.00,2039700.00
2025-08-11,2025-Q3,005A0001,0.00,6300.00,6300.00,8900.00
2025-08-11,2025-Q3,005A0002,89900.00,121100.00,201900.00,581000.00
2025-08-11,2025-Q3,005A0003,0.00,40300.00,40300.00,197262.00
2025-08-11,2025-Q3,005A0004,80884.00,343800.00,429600.00,892175.00
2025-08-11,2025-Q3,005A0005,15444.00,192600.00,192600.00,408883.00
2025-08-11,2025-Q3,005A0006,149000.00,225200.00,420500.00,868700.00
2025-08-11,2025-Q3,005A0007,0.00,214500.00,242300.00,383900.00
2025-08-11,2025-Q3,005A0008,15000.00,30900.00,56600.00,250900.00
2025-08-11,2025-Q3,005A0009,72200.00,93700.00,294900.00,878900.00
2025-08-11,2025-Q3,005A0011,83292.00,726000.00,859700.00,1013100.00
2025-08-11,2025-Q3,005A0012,94668.00,198800.00,318100.00,1103816.00
2025-08-11,2025-Q3,005A0013,271308.00,637400.00,762600.00,1788112.00
2025-08-11,2025-Q3,005A0014,0.00,0.00,0.00,41216.00
2025-08-11,2025-Q3,005A0015,186668.00,218600.00,294900.00,485208.00
2025-08-11,2025-Q3,005A0019,62284.00,312100.00,452500.00,935272.00
2025-08-11,2025-Q3,005A0021,172684.00,305400.00,472200.00,848608.00
2025-08-11,2025-Q3,005A0024,78800.00,130100.00,214300.00,414200.00
2025-08-18,2025-Q3,005A0000,78900.00,713700.00,764900.00,1822100.00
2025-08-18,2025-Q3,005A0001,0.00,6400.00,6400.00,8900.00
2025-08-18,2025-Q3,005A0002,132800.00,173400.00,324600.00,625900.00
2025-08-18,2025-Q3,005A0003,0.00,39600.00,39600.00,197262.00
2025-08-18,2025-Q3,005A0004,80884.00,340700.00,426000.00,882355.00
2025-08-18,2025-Q3,005A0005,15444.00,185200.00,187100.00,357505.00
2025-08-18,2025-Q3,005A0006,149000.00,247800.00,378800.00,863800.00
2025-08-18,2025-Q3,005A0007,0.00,208000.00,234000.00,383900.00
2025-08-18,2025-Q3,005A0008,15000.00,33600.00,73300.00,269700.00
2025-08-18,2025-Q3,005A0009,135500.00,173300.00,340200.00,702100.00
2025-08-18,2025-Q3,005A0011,83292.00,797800.00,886900.00,1017200.00
2025-08-18,2025-Q3,005A0012,94668.00,202500.00,321800.00,1070328.00
2025-08-18,2025-Q3,005A0013,271308.00,672900.00,825100.00,1667224.00
2025-08-18,2025-Q3,005A0014,0.00,0.00,26600.00,172040.00
2025-08-18,2025-Q3,005A0015,186668.00,221100.00,310800.00,494592.00
2025-08-18,2025-Q3,005A0019,68908.00,296300.00,380300.00,869492.00
2025-08-18,2025-Q3,005A0021,257876.00,346900.00,448900.00,640780.00
2025-08-25,2025-Q3,005A0000,195600.00,694700.00,747300.00,1654900.00
2025-08-25,2025-Q3,005A0001,0.00,6400.00,6400.00,8900.00
2025-08-25,2025-Q3,005A0002,156700.00,185700.00,355000.00,594600.00
2025-08-25,2025-Q3,005A0003,0.00,35100.00,35100.00,190710.00
2025-08-25,2025-Q3,005A0004,80884.00,454500.00,472000.00,909031.00
2025-08-25,2025-Q3,005A0005,18486.00,182900.00,182900.00,364495.00
2025-08-25,2025-Q3,005A0006,243600.00,333000.00,444100.00,697600.00
2025-08-25,2025-Q3,005A0007,0.00,20000.00,20000.00,24500.00
2025-08-25,2025-Q3,005A0008,28100.00,46700.00,78400.00,233800.00
2025-08-25,2025-Q3,005A0009,156700.00,201200.00,432600.00,709000.00
2025-08-25,2025-Q3,005A0011,173492.00,465200.00,578300.00,556800.00
2025-08-25,2025-Q3,005A0012,94668.00,204500.00,348600.00,971060.00
2025-08-25,2025-Q3,005A0013,304520.00,776400.00,901500.00,1670076.00
2025-08-25,2025-Q3,005A0014,0.00,0.00,41800.00,179216.00
2025-08-25,2025-Q3,005A0015,186668.00,237800.00,353300.00,695244.00
2025-08-25,2025-Q3,005A0024,97200.00,155100.00,208700.00,328400.00
2025-09-01,2025-Q3,005A0000,195600.00,647000.00,812000.00,1616300.00
2025-09-01,2025-Q3,005A0001,0.00,0.00,0.00,0.00
2025-09-01,2025-Q3,005A0002,178700.00,215000.00,375700.00,524400.00
2025-09-01,2025-Q3,005A0003,0.00,34800.00,34800.00,44577.00
2025-09-01,2025-Q3,005A0005,20826.00,187400.00,205600.00,315810.00
2025-09-01,2025-Q3,005A0006,247500.00,331200.00,466700.00,645300.00
2025-09-01,2025-Q3,005A0007,0.00,3100.00,3100.00,4400.00
2025-09-01,2025-Q3,005A0008,28100.00,47700.00,86900.00,215800.00
2025-09-01,2025-Q3,005A0009,156700.00,197400.00,330600.00,653600.00
2025-09-01,2025-Q3,005A0011,182192.00,441100.00,535000.00,550100.00
2025-09-01,2025-Q3,005A0012,94668.00,172000.00,368200.00,781172.00
2025-09-01,2025-Q3,005A0013,336812.00,794700.00,906500.00,1503924.00
2025-09-01,2025-Q3,005A0014,0.00,8200.00,31500.00,189796.00
2025-09-01,2025-Q3,005A0019,68908.00,273300.00,279000.00,688896.00
2025-09-01,2025-Q3,005A0021,345184.00,383600.00,438900.00,490452.00
2025-09-01,2025-Q3,005A0024,97200.00,156700.00,206600.00,269300.00
2025-09-08,2025-Q3,005A0000,480500.00,747500.00,951000.00,1313400.00
2025-09-08,2025-Q3,005A0001,0.00,0.00,0.00,0.00
2025-09-08,2025-Q3,005A0002,230100.00,235300.00,386600.00,461900.00
2025-09-08,2025-Q3,005A0003,0.00,34600.00,34600.00,44577.00
2025-09-08,2025-Q3,005A0004,112357.00,342300.00,443800.00,647267.00
2025-09-08,2025-Q3,005A0005,31239.00,212500.00,212500.00,262041.00
2025-09-08,2025-Q3,005A0006,247500.00,285700.00,398700.00,489500.00
2025-09-08,2025-Q3,005A0007,0.00,3000.00,3000.00,4400.00
2025-09-08,2025-Q3,005A0008,28100.00,45700.00,63500.00,161700.00
2025-09-08,2025-Q3,005A0009,156700.00,202300.00,329800.00,623800.00
2025-09-08,2025-Q3,005A0011,199392.00,489400.00,608800.00,532900.00
2025-09-08,2025-Q3,005A0012,94668.00,240200.00,362900.00,705548.00
2025-09-08,2025-Q3,005A0013,336812.00,748700.00,841000.00,1458476.00
2025-09-08,2025-Q3,005A0014,13524.00,13500.00,44300.00,222180.00
2025-09-08,2025-Q3,005A0015,223652.00,284300.00,407800.00,660284.00
2025-09-08,2025-Q3,005A0019,68908.00,269900.00,269900.00,680524.00
2025-09-08,2025-Q3,005A0021,345184.00,385600.00,425300.00,447488.00
2025-09-08,2025-Q3,005A0024,104700.00,155100.00,213900.00,251600.00
2025-09-15,2025-Q3,005A0000,480500.00,775400.00,898000.00,1277900.00
2025-09-15,2025-Q3,005A0001,0.00,0.00,0.00,0.00
2025-09-15,2025-Q3,005A0002,242800.00,242800.00,370400.00,440900.00
2025-09-15,2025-Q3,005A0003,0.00,32200.00,32200.00,44577.00
2025-09-15,2025-Q3,005A0004,112357.00,321700.00,385100.00,415022.00
2025-09-15,2025-Q3,005A0006,247500.00,280600.00,341700.00,307500.00
2025-09-15,2025-Q3,005A0007,0.00,0.00,0.00,0.00
2025-09-15,2025-Q3,005A0008,28100.00,33000.00,55000.00,73000.00
2025-09-15,2025-Q3,005A0009,213700.00,260000.00,424000.00,575300.00
2025-09-15,2025-Q3,005A0011,205292.00,519600.00,525000.00,432100.00
2025-09-15,2025-Q3,005A0012,94668.00,253500.00,373000.00,699384.00
2025-09-15,2025-Q3,005A0013,361652.00,754400.00,881100.00,1285792.00
2025-09-15,2025-Q3,005A0014,13524.00,27800.00,69700.00,269284.00
2025-09-15,2025-Q3,005A0015,260820.00,328500.00,434500.00,608212.00
2025-09-15,2025-Q3,005A0021,345184.00,386100.00,407800.00,421360.00
2025-09-15,2025-Q3,005A0024,104700.00,159900.00,187800.00,206000.00
2025-09-22,2025-Q3,005A0000,480500.00,734300.00,779600.00,1107500.00
2025-09-22,2025-Q3,005A0001,0.00,0.00,0.00,0.00
2025-09-22,2025-Q3,005A0002,251100.00,251100.00,292400.00,209300.00
2025-09-22,2025-Q3,005A0003,0.00,36700.00,36700.00,44577.00
2025-09-22,2025-Q3,005A0004,200809.00,346500.00,362900.00,240801.00
2025-09-22,2025-Q3,005A0005,37557.00,90000.00,98000.00,83849.00
2025-09-22,2025-Q3,005A0006,260300.00,283600.00,303000.00,206500.00
2025-09-22,2025-Q3,005A0007,0.00,0.00,0.00,0.00
2025-09-22,2025-Q3,005A0008,28100.00,38700.00,49300.00,73000.00
2025-09-22,2025-Q3,005A0009,224700.00,289300.00,360900.00,433700.00
2025-09-22,2025-Q3,005A0011,205292.00,460800.00,464800.00,318800.00
2025-09-22,2025-Q3,005A0012,94668.00,237500.00,354700.00,459724.00
2025-09-22,2025-Q3,005A0013,361652.00,680400.00,744100.00,900956.00
2025-09-22,2025-Q3,005A0015,292468.00,334500.00,415600.00,418784.00
2025-09-22,2025-Q3,005A0019,374440.00,374400.00,374400.00,273884.00
2025-09-22,2025-Q3,005A0021,345184.00,374400.00,386700.00,139932.00
2025-09-22,2025-Q3,005A0024,130200.00,176000.00,184700.00,149300.00
2025-09-29,2025-Q3,005A0000,480500.00,523700.00,568900.00,274300.00
2025-09-29,2025-Q3,005A0001,0.00,0.00,0.00,0.00
2025-09-29,2025-Q3,005A0002,290800.00,290800.00,329800.00,104700.00
2025-09-29,2025-Q3,005A0003,0.00,33500.00,33500.00,44577.00
2025-09-29,2025-Q3,005A0004,200809.00,223300.00,223300.00,31239.00
2025-09-29,2025-Q3,005A0005,47853.00,89700.00,89700.00,56120.00
2025-09-29,2025-Q3,005A0006,313500.00,319500.00,335800.00,86500.00
2025-09-29,2025-Q3,005A0007,0.00,0.00,0.00,0.00
2025-09-29,2025-Q3,005A0008,28100.00,39000.00,54400.00,62000.00
2025-09-29,2025-Q3,005A0009,224700.00,285500.00,285500.00,218400.00
2025-09-29,2025-Q3,005A0011,205292.00,271700.00,276800.00,78000.00
2025-09-29,2025-Q3,005A0012,94668.00,172400.00,212500.00,183356.00
2025-09-29,2025-Q3,005A0013,431756.00,508600.00,508600.00,315468.00
2025-09-29,2025-Q3,005A0014,47472.00,47500.00,52200.00,116472.00
2025-09-29,2025-Q3,005A0019,374440.00,374400.00,374400.00,0.00
2025-09-29,2025-Q3,005A0021,345184.00,376900.00,379500.00,100004.00
2025-10-06,2025-Q4,005A0000,38300.00,329000.00,469500.00,1198300.00
2025-10-06,2025-Q4,005A0002,0.00,83300.00,224400.00,694300.00
2025-10-06,2025-Q4,005A0003,0.00,35100.00,35100.00,106938.00
2025-10-06,2025-Q4,005A0004,55300.00,314400.00,356900.00,464271.00
2025-10-06,2025-Q4,005A0005,0.00,203500.00,203500.00,368261.00
2025-10-06,2025-Q4,005A0007,0.00,70600.00,70600.00,645900.00
2025-10-06,2025-Q4,005A0008,0.00,22700.00,50000.00,236500.00
2025-10-06,2025-Q4,005A0009,23400.00,256800.00,530900.00,1276100.00
2025-10-06,2025-Q4,005A0011,0.00,571300.00,571300.00,1279700.00
2025-10-06,2025-Q4,005A0012,0.00,172800.00,262200.00,1412660.00
2025-10-06,2025-Q4,005A0013,0.00,592300.00,639000.00,2102292.00
2025-10-06,2025-Q4,005A0014,6164.00,39200.00,95100.00,453468.00
2025-10-06,2025-Q4,005A0015,40940.00,209000.00,368900.00,1479636.00
2025-10-06,2025-Q4,005A0020,0.00,76600.00,76600.00,191496.00
2025-10-06,2025-Q4,005A0021,0.00,44400.00,101400.00,563040.00
2025-10-06,2025-Q4,005A0024,0.00,28700.00,167900.00,697800.00
2025-10-13,2025-Q4,005A0000,58500.00,210700.00,389800.00,1125800.00
2025-10-13,2025-Q4,005A0002,0.00,84900.00,225100.00,719200.00
2025-10-13,2025-Q4,005A0003,0.00,31200.00,31200.00,206154.00
2025-10-13,2025-Q4,005A0004,55300.00,285100.00,316000.00,433032.00
2025-10-13,2025-Q4,005A0005,0.00,151900.00,151900.00,350751.00
2025-10-13,2025-Q4,005A0006,0.00,145400.00,344600.00,1240800.00
2025-10-13,2025-Q4,005A0007,0.00,66300.00,66300.00,645900.00
2025-10-13,2025-Q4,005A0008,0.00,25000.00,62900.00,232900.00
2025-10-13,2025-Q4,005A0009,83200.00,227700.00,483400.00,1380000.00
2025-10-13,2025-Q4,005A0011,0.00,608200.00,612600.00,1318800.00
2025-10-13,2025-Q4,005A0012,0.00,191100.00,299800.00,1441548.00
2025-10-13,2025-Q4,005A0013,6624.00,603200.00,649700.00,2294480.00
2025-10-13,2025-Q4,005A0014,9844.00,42700.00,99700.00,572332.00
2025-10-13,2025-Q4,005A0015,96692.00,249500.00,388700.00,1260216.00
2025-10-13,2025-Q4,005A0019,0.00,0.00,156200.00,1351388.00
2025-10-13,2025-Q4,005A0020,0.00,127200.00,127200.00,215996.00
2025-10-13,2025-Q4,005A0021,0.00,33100.00,243500.00,583648.00
2025-10-13,2025-Q4,005A0024,0.00,29000.00,198900.00,762900.00
2025-10-20,2025-Q4,005A0000,58500.00,203400.00,372400.00,1428800.00
2025-10-20,2025-Q4,005A0002,19300.00,95900.00,235800.00,737500.00
2025-10-20,2025-Q4,005A0003,0.00,34200.00,34200.00,206154.00
2025-10-20,2025-Q4,005A0004,126100.00,307000.00,346000.00,519597.00
2025-10-20,2025-Q4,005A0005,0.00,156100.00,165200.00,314639.00
2025-10-20,2025-Q4,005A0006,12400.00,159600.00,291900.00,1132000.00
2025-10-20,2025-Q4,005A0008,16900.00,41300.00,59000.00,295600.00
2025-10-20,2025-Q4,005A0009,168400.00,257300.00,516600.00,1241200.00
2025-10-20,2025-Q4,005A0011,0.00,616900.00,622800.00,1156600.00
2025-10-20,2025-Q4,005A0012,0.00,161900.00,296300.00,1263804.00
2025-10-20,2025-Q4,005A0013,6624.00,524400.00,569100.00,2164852.00
2025-10-20,2025-Q4,005A0014,16560.00,49400.00,134900.00,546572.00
2025-10-20,2025-Q4,005A0015,190440.00,360100.00,492600.00,1125436.00
2025-10-20,2025-Q4,005A0019,0.00,151500.00,259300.00,1379724.00
2025-10-20,2025-Q4,005A0020,0.00,129700.00,129700.00,215996.00
2025-10-20,2025-Q4,005A0021,0.00,46100.00,239300.00,631304.00
2025-10-20,2025-Q4,005A0024,0.00,31200.00,213600.00,786300.00
2025-10-27,2025-Q4,005A0000,86400.00,507300.00,650700.00,1849500.00
2025-10-27,2025-Q4,005A0002,39400.00,112900.00,265100.00,752300.00
2025-10-27,2025-Q4,005A0003,0.00,34800.00,34800.00,206154.00
2025-10-27,2025-Q4,005A0005,10647.00,158900.00,166300.00,339560.00
2025-10-27,2025-Q4,005A0006,12400.00,227100.00,454100.00,1250900.00
2025-10-27,2025-Q4,005A0007,0.00,70500.00,70500.00,645900.00
2025-10-27,2025-Q4,005A0008,16900.00,57200.00,78300.00,283900.00
2025-10-27,2025-Q4,005A0009,188200.00,266400.00,522900.00,1116600.00
2025-10-27,2025-Q4,005A0011,0.00,603000.00,608000.00,1161300.00
2025-10-27,2025-Q4,005A0012,0.00,180000.00,372600.00,1797588.00
2025-10-27,2025-Q4,005A0013,6624.00,668600.00,705000.00,2273688.00
2025-10-27,2025-Q4,005A0014,16560.00,74400.00,121600.00,569112.00
2025-10-27,2025-Q4,005A0015,245456.00,381000.00,513700.00,1004824.00
2025-10-27,2025-Q4,005A0019,0.00,144700.00,248800.00,1215136.00
2025-10-27,2025-Q4,005A0020,0.00,117300.00,117300.00,254288.00
2025-10-27,2025-Q4,005A0021,49864.00,71800.00,318200.00,572424.00
2025-10-27,2025-Q4,005A0024,11000.00,43600.00,163400.00,689500.00
2025-11-03,2025-Q4,005A0000,86400.00,524800.00,660900.00,1873100.00
2025-11-03,2025-Q4,005A0002,39400.00,109000.00,255500.00,779200.00
2025-11-03,2025-Q4,005A0003,0.00,74500.00,74500.00,344054.00
2025-11-03,2025-Q4,005A0004,126100.00,317700.00,359800.00,582777.00
2025-11-03,2025-Q4,005A0005,20943.00,193300.00,221100.00,344565.00
2025-11-03,2025-Q4,005A0006,69000.00,298700.00,517200.00,1214400.00
2025-11-03,2025-Q4,005A0007,0.00,71800.00,71800.00,521100.00
2025-11-03,2025-Q4,005A0008,16900.00,50600.00,57100.00,261900.00
2025-11-03,2025-Q4,005A0009,197600.00,343300.00,575200.00,1062300.00
2025-11-03,2025-Q4,005A0011,15700.00,602700.00,607900.00,1155000.00
2025-11-03,2025-Q4,005A0012,0.00,177100.00,312800.00,1743400.00
2025-11-03,2025-Q4,005A0013,47196.00,754400.00,828800.00,2150316.00
2025-11-03,2025-Q4,005A0014,47196.00,90200.00,124200.00,562028.00
2025-11-03,2025-Q4,005A0015,352728.00,457400.00,577000.00,916044.00
2025-11-03,2025-Q4,005A0019,0.00,224000.00,248000.00,1139420.00
2025-11-03,2025-Q4,005A0020,0.00,113000.00,113000.00,254288.00
2025-11-03,2025-Q4,005A0021,49864.00,84800.00,314500.00,610972.00
2025-11-03,2025-Q4,005A0024,47400.00,59100.00,196900.00,754400.00
2025-11-10,2025-Q4,005A0000,86400.00,536500.00,693000.00,1861600.00
2025-11-10,2025-Q4,005A0002,39400.00,51200.00,264800.00,614000.00
2025-11-10,2025-Q4,005A0003,0.00,87800.00,87800.00,344054.00
2025-11-10,2025-Q4,005A0004,126100.00,308700.00,355900.00,582777.00
2025-11-10,2025-Q4,005A0005,20943.00,191000.00,198700.00,364338.00
2025-11-10,2025-Q4,005A0006,229700.00,337100.00,512500.00,975600.00
2025-11-10,2025-Q4,005A0007,0.00,31700.00,31700.00,389200.00
2025-11-10,2025-Q4,005A0008,33800.00,45700.00,55400.00,323800.00
2025-11-10,2025-Q4,005A0009,197600.00,341500.00,587600.00,1024100.00
2025-11-10,2025-Q4,005A0010,0.00,0.00,0.00,101600.00
2025-11-10,2025-Q4,005A0011,37900.00,587500.00,599400.00,1122200.00
2025-11-10,2025-Q4,005A0012,0.00,109500.00,290200.00,1532444.00
2025-11-10,2025-Q4,005A0013,47196.00,571500.00,627100.00,1804580.00
2025-11-10,2025-Q4,005A0014,51336.00,89900.00,150600.00,545836.00
2025-11-10,2025-Q4,005A0015,395508.00,481200.00,594700.00,826712.00
2025-11-10,2025-Q4,005A0016,0.00,0.00,0.00,46276.00
2025-11-10,2025-Q4,005A0019,39008.00,203700.00,248400.00,880900.00
2025-11-10,2025-Q4,005A0020,0.00,106500.00,106500.00,254288.00
2025-11-17,2025-Q4,005A0000,86400.00,589900.00,786700.00,1954600.00
2025-11-17,2025-Q4,005A0002,47200.00,71100.00,235900.00,665300.00
2025-11-17,2025-Q4,005A0003,0.00,47000.00,47000.00,299477.00
2025-11-17,2025-Q4,005A0004,126100.00,328700.00,351100.00,517023.00
2025-11-17,2025-Q4,005A0005,49842.00,218700.00,225800.00,349479.00
2025-11-17,2025-Q4,005A0006,327700.00,365200.00,567700.00,811100.00
2025-11-17,2025-Q4,005A0007,0.00,30100.00,30100.00,389200.00
2025-11-17,2025-Q4,005A0008,40900.00,50100.00,87900.00,355400.00
2025-11-17,2025-Q4,005A0009,197600.00,357100.00,549800.00,966200.00
2025-11-17,2025-Q4,005A0010,0.00,0.00,0.00,126000.00
2025-11-17,2025-Q4,005A0011,67500.00,609300.00,614200.00,1081500.00
2025-11-17,2025-Q4,005A0012,0.00,104500.00,437800.00,1532444.00
2025-11-17,2025-Q4,005A0013,47196.00,664500.00,732200.00,1821784.00
2025-11-17,2025-Q4,005A0014,51336.00,93900.00,292500.00,510600.00
2025-11-17,2025-Q4,005A0015,395508.00,476500.00,566600.00,818248.00
2025-11-17,2025-Q4,005A0016,0.00,0.00,0.00,46276.00
2025-11-17,2025-Q4,005A0019,39008.00,205000.00,258600.00,880900.00
2025-11-17,2025-Q4,005A0020,0.00,57400.00,57400.00,241886.00
2025-11-17,2025-Q4,005A0021,60076.00,127100.00,409600.00,616768.00
2025-11-17,2025-Q4,005A0024,53200.00,107400.00,192700.00,781000.00
2025-11-24,2025-Q4,005A0000,86400.00,610200.00,834000.00,1954600.00
2025-11-24,2025-Q4,005A0002,106800.00,136200.00,286600.00,669200.00
2025-11-24,2025-Q4,005A0003,0.00,50600.00,50600.00,299477.00
2025-11-24,2025-Q4,005A0004,126100.00,332300.00,338100.00,518353.00
2025-11-24,2025-Q4,005A0005,49842.00,222600.00,231100.00,294489.00
2025-11-24,2025-Q4,005A0006,346300.00,409700.00,543300.00,791000.00
2025-11-24,2025-Q4,005A0007,0.00,28400.00,238300.00,386900.00
2025-11-24,2025-Q4,005A0008,40900.00,50200.00,108500.00,356600.00
2025-11-24,2025-Q4,005A0009,360100.00,380600.00,633400.00,617100.00
2025-11-24,2025-Q4,005A0010,0.00,0.00,23900.00,201800.00
2025-11-24,2025-Q4,005A0011,67500.00,321500.00,330800.00,714600.00
2025-11-24,2025-Q4,005A0012,0.00,103600.00,492300.00,1534928.00
2025-11-24,2025-Q4,005A0013,67896.00,703400.00,780700.00,1736592.00
2025-11-24,2025-Q4,005A0014,51336.00,118800.00,280700.00,554944.00
2025-11-24,2025-Q4,005A0015,415564.00,533400.00,652700.00,833980.00
2025-11-24,2025-Q4,005A0016,0.00,0.00,0.00,46276.00
2025-11-24,2025-Q4,005A0019,309488.00,309500.00,385100.00,371312.00
2025-11-24,2025-Q4,005A0020,0.00,33000.00,88400.00,183971.00
2025-11-24,2025-Q4,005A0021,86572.00,131400.00,328000.00,569204.00
2025-11-24,2025-Q4,005A0024,53200.00,161400.00,197700.00,706100.00
2025-12-01,2025-Q4,005A0000,86400.00,653400.00,724200.00,1887900.00
2025-12-01,2025-Q4,005A0002,116200.00,167500.00,265200.00,541000.00
2025-12-01,2025-Q4,005A0003,0.00,49600.00,49600.00,299477.00
2025-12-01,2025-Q4,005A0004,126100.00,343200.00,348600.00,500686.00
2025-12-01,2025-Q4,005A0005,49842.00,73600.00,84500.00,170087.00
2025-12-01,2025-Q4,005A0006,366400.00,419100.00,549300.00,730500.00
2025-12-01,2025-Q4,005A0007,0.00,33400.00,33400.00,41600.00
2025-12-01,2025-Q4,005A0008,40900.00,50400.00,100500.00,360900.00
2025-12-01,2025-Q4,005A0009,360100.00,472200.00,609100.00,598200.00
2025-12-01,2025-Q4,005A0010,0.00,0.00,23800.00,155200.00
2025-12-01,2025-Q4,005A0011,67500.00,293300.00,575000.00,713000.00
2025-12-01,2025-Q4,005A0012,0.00,123800.00,576200.00,1534928.00
2025-12-01,2025-Q4,005A0013,90896.00,661700.00,725500.00,1546336.00
2025-12-01,2025-Q4,005A0014,65136.00,130000.00,286700.00,546756.00
2025-12-01,2025-Q4,005A0015,458804.00,599800.00,672400.00,774640.00
2025-12-01,2025-Q4,005A0016,0.00,0.00,0.00,65596.00
2025-12-01,2025-Q4,005A0019,309488.00,336100.00,375400.00,371312.00
2025-12-01,2025-Q4,005A0020,36621.00,36600.00,80000.00,147350.00
2025-12-01,2025-Q4,005A0021,86572.00,124700.00,289000.00,553288.00
2025-12-01,2025-Q4,005A0024,163100.00,215900.00,273900.00,510000.00
2025-12-08,2025-Q4,005A0002,143800.00,174700.00,184700.00,293300.00
2025-12-08,2025-Q4,005A0003,0.00,50800.00,50800.00,299477.00
2025-12-08,2025-Q4,005A0004,126100.00,327400.00,333400.00,511099.00
2025-12-08,2025-Q4,005A0005,49842.00,80200.00,96800.00,160142.00
2025-12-08,2025-Q4,005A0006,394800.00,431700.00,568900.00,594900.00
2025-12-08,2025-Q4,005A0007,41600.00,41600.00,41600.00,0.00
2025-12-08,2025-Q4,005A0008,40900.00,69500.00,86800.00,253400.00
2025-12-08,2025-Q4,005A0009,360100.00,493800.00,677400.00,598200.00
2025-12-08,2025-Q4,005A0010,0.00,10800.00,39700.00,177000.00
2025-12-08,2025-Q4,005A0011,67500.00,284000.00,637600.00,713000.00
2025-12-08,2025-Q4,005A0012,264224.00,381600.00,603300.00,1194436.00
2025-12-08,2025-Q4,005A0013,171120.00,674800.00,736800.00,1284872.00
2025-12-08,2025-Q4,005A0014,74980.00,129600.00,336400.00,522284.00
2025-12-08,2025-Q4,005A0015,560096.00,667900.00,721100.00,680524.00
2025-12-08,2025-Q4,005A0019,309488.00,366400.00,388900.00,202124.00
2025-12-08,2025-Q4,005A0020,36621.00,36600.00,94100.00,147350.00
2025-12-08,2025-Q4,005A0021,94484.00,134000.00,346000.00,541512.00
2025-12-08,2025-Q4,005A0024,239400.00,296500.00,337300.00,417200.00
2025-12-15,2025-Q4,005A0000,114800.00,640000.00,715600.00,1223200.00
2025-12-15,2025-Q4,005A0002,168000.00,201600.00,223500.00,254500.00
2025-12-15,2025-Q4,005A0003,0.00,48700.00,48700.00,200261.00
2025-12-15,2025-Q4,005A0004,126100.00,213900.00,219500.00,205378.00
2025-12-15,2025-Q4,005A0005,52416.00,107800.00,141200.00,148468.00
2025-12-15,2025-Q4,005A0006,415400.00,482300.00,618800.00,541500.00
2025-12-15,2025-Q4,005A0007,41600.00,41600.00,41600.00,0.00
2025-12-15,2025-Q4,005A0008,56000.00,78900.00,109400.00,174400.00
2025-12-15,2025-Q4,005A0009,494400.00,532000.00,542200.00,234400.00
2025-12-15,2025-Q4,005A0010,17400.00,20300.00,46300.00,185100.00
2025-12-15,2025-Q4,005A0011,67500.00,278700.00,595100.00,699200.00
2025-12-15,2025-Q4,005A0012,264224.00,303000.00,431000.00,820548.00
2025-12-15,2025-Q4,005A0013,206264.00,598200.00,606900.00,897828.00
2025-12-15,2025-Q4,005A0014,77924.00,124500.00,325100.00,416116.00
2025-12-15,2025-Q4,005A0015,560096.00,681200.00,737300.00,667644.00
2025-12-15,2025-Q4,005A0016,0.00,0.00,0.00,84456.00
2025-12-15,2025-Q4,005A0019,349048.00,378000.00,401700.00,157044.00
2025-12-15,2025-Q4,005A0020,36621.00,36600.00,79000.00,147350.00
2025-12-15,2025-Q4,005A0021,94484.00,156800.00,363700.00,448316.00
2025-12-15,2025-Q4,005A0024,239400.00,278300.00,345900.00,270900.00
2025-12-22,2025-Q4,005A0000,358000.00,638800.00,717400.00,968000.00
2025-12-22,2025-Q4,005A0002,175400.00,214200.00,238800.00,165000.00
2025-12-22,2025-Q4,005A0003,0.00,0.00,0.00,137900.00
2025-12-22,2025-Q4,005A0004,126100.00,210500.00,230900.00,205378.00
2025-12-22,2025-Q4,005A0005,71370.00,103400.00,110400.00,82349.00
2025-12-22,2025-Q4,005A0006,415400.00,480600.00,609600.00,476500.00
2025-12-22,2025-Q4,005A0007,41600.00,41600.00,41600.00,0.00
2025-12-22,2025-Q4,005A0008,100400.00,105100.00,135700.00,126200.00
2025-12-22,2025-Q4,005A0009,494400.00,509700.00,559600.00,205600.00
2025-12-22,2025-Q4,005A0010,21600.00,33200.00,33200.00,137600.00
2025-12-22,2025-Q4,005A0011,67500.00,443000.00,594500.00,689300.00
2025-12-22,2025-Q4,005A0012,264224.00,270500.00,424800.00,751548.00
2025-12-22,2025-Q4,005A0013,367540.00,595800.00,595800.00,617964.00
2025-12-22,2025-Q4,005A0014,81144.00,99000.00,256900.00,337272.00
2025-12-22,2025-Q4,005A0015,584476.00,637700.00,689700.00,344632.00
2025-12-22,2025-Q4,005A0016,0.00,0.00,0.00,84456.00
2025-12-22,2025-Q4,005A0019,349048.00,349000.00,372200.00,35696.00
2025-12-22,2025-Q4,005A0020,36621.00,36600.00,85700.00,122850.00
2025-12-22,2025-Q4,005A0021,94484.00,130500.00,301100.00,375360.00
2025-12-22,2025-Q4,005A0024,259800.00,301500.00,333700.00,210700.00
2025-12-29,2025-Q4,005A0000,358000.00,402500.00,483600.00,210300.00
2025-12-29,2025-Q4,005A0002,201400.00,219300.00,231100.00,75400.00
2025-12-29,2025-Q4,005A0003,0.00,0.00,0.00,137900.00
2025-12-29,2025-Q4,005A0004,126100.00,126100.00,139700.00,56160.00
2025-12-29,2025-Q4,005A0005,71370.00,98700.00,103900.00,57779.00
2025-12-29,2025-Q4,005A0006,415400.00,444400.00,493300.00,170100.00
2025-12-29,2025-Q4,005A0007,41600.00,41600.00,41600.00,0.00
2025-12-29,2025-Q4,005A0008,100400.00,105200.00,148400.00,94000.00
2025-12-29,2025-Q4,005A0009,494400.00,494400.00,554900.00,154500.00
2025-12-29,2025-Q4,005A0010,21600.00,34500.00,51200.00,93100.00
2025-12-29,2025-Q4,005A0011,67500.00,241900.00,426300.00,448500.00
2025-12-29,2025-Q4,005A0012,274436.00,274400.00,274400.00,533784.00
2025-12-29,2025-Q4,005A0013,367540.00,539800.00,539800.00,382076.00
2025-12-29,2025-Q4,005A0014,117852.00,131900.00,282100.00,267076.00
2025-12-29,2025-Q4,005A0015,610236.00,661700.00,675200.00,159160.00
2025-12-29,2025-Q4,005A0016,0.00,0.00,0.00,46276.00
2025-12-29,2025-Q4,005A0019,349048.00,349000.00,369500.00,35696.00
2025-12-29,2025-Q4,005A0020,36621.00,36600.00,36600.00,48087.00
2025-12-29,2025-Q4,005A0021,117392.00,129400.00,138200.00,57500.00
2025-12-29,2025-Q4,005A0024,274700.00,291500.00,316200.00,102900.00
2026-01-05,2026-Q1,005A0000,154100.00,864800.00,864800.00,1552400.00
2026-01-05,2026-Q1,005A0002,14000.00,36600.00,130500.00,370800.00
2026-01-05,2026-Q1,005A0003,0.00,252800.00,252800.00,622089.00
2026-01-05,2026-Q1,005A0004,0.00,140500.00,147300.00,416359.00
2026-01-05,2026-Q1,005A0005,39666.00,120800.00,131900.00,207909.00
2026-01-05,2026-Q1,005A0006,0.00,103800.00,347200.00,1498800.00
2026-01-05,2026-Q1,005A0007,0.00,320900.00,381200.00,740300.00
2026-01-05,2026-Q1,005A0008,0.00,23800.00,87300.00,285500.00
2026-01-05,2026-Q1,005A0009,32900.00,101100.00,260000.00,819700.00
2026-01-05,2026-Q1,005A0010,0.00,40400.00,59800.00,154200.00
2026-01-05,2026-Q1,005A0011,0.00,656100.00,855500.00,1144000.00
2026-01-05,2026-Q1,005A0012,0.00,0.00,161500.00,1061496.00
2026-01-05,2026-Q1,005A0013,55016.00,729100.00,1007400.00,2191992.00
2026-01-05,2026-Q1,005A0014,11224.00,18400.00,54900.00,274712.00
2026-01-05,2026-Q1,005A0015,0.00,152900.00,238100.00,1061312.00
2026-01-05,2026-Q1,005A0016,0.00,140300.00,147900.00,583280.00
2026-01-05,2026-Q1,005A0017,0.00,80300.00,121300.00,938700.00
2026-01-05,2026-Q1,005A0019,0.00,27000.00,346000.00,920736.00
2026-01-05,2026-Q1,005A0020,0.00,59400.00,135100.00,353915.00
2026-01-05,2026-Q1,005A0021,16652.00,57500.00,141000.00,321080.00
2026-01-05,2026-Q1,005A0024,0.00,32700.00,119300.00,388200.00
2026-01-12,2026-Q1,005A0000,481600.00,852800.00,930500.00,1667100.00
2026-01-12,2026-Q1,005A0002,36200.00,69000.00,135100.00,362900.00
2026-01-12,2026-Q1,005A0003,0.00,254700.00,254700.00,759989.00
2026-01-12,2026-Q1,005A0004,0.00,204400.00,209900.00,492058.00
2026-01-12,2026-Q1,005A0005,39666.00,132100.00,139900.00,203697.00
2026-01-12,2026-Q1,005A0006,39500.00,179500.00,352400.00,1500100.00
2026-01-12,2026-Q1,005A0007,0.00,324300.00,365700.00,740300.00
2026-01-12,2026-Q1,005A0008,16100.00,55700.00,119100.00,336800.00
2026-01-12,2026-Q1,005A0009,51600.00,96400.00,303700.00,750500.00
2026-01-12,2026-Q1,005A0010,45200.00,54200.00,71100.00,178000.00
2026-01-12,2026-Q1,005A0011,0.00,585700.00,751800.00,1232000.00
2026-01-12,2026-Q1,005A0012,0.00,0.00,194000.00,1061496.00
2026-01-12,2026-Q1,005A0013,103224.00,864600.00,1057000.00,2272032.00
2026-01-12,2026-Q1,005A0014,16836.00,67100.00,108800.00,479136.00
2026-01-12,2026-Q1,005A0015,97980.00,219100.00,378300.00,1222312.00
2026-01-12,2026-Q1,005A0016,0.00,138700.00,167100.00,590180.00
2026-01-12,2026-Q1,005A0017,0.00,179300.00,214400.00,1027100.00
2026-01-12,2026-Q1,005A0019,0.00,131500.00,486700.00,940240.00
2026-01-12,2026-Q1,005A0020,35568.00,60200.00,150700.00,348533.00
2026-01-12,2026-Q1,005A0021,25392.00,92400.00,167000.00,317492.00
2026-01-12,2026-Q1,005A0024,9000.00,52200.00,136200.00,398200.00
2026-01-19,2026-Q1,005A0000,504500.00,847700.00,907200.00,1561600.00
2026-01-19,2026-Q1,005A0003,0.00,228400.00,228400.00,759989.00
2026-01-19,2026-Q1,005A0004,0.00,192300.00,199700.00,625227.00
2026-01-19,2026-Q1,005A0005,50664.00,138800.00,145500.00,300983.00
2026-01-19,2026-Q1,005A0006,39500.00,162500.00,372600.00,1651400.00
2026-01-19,2026-Q1,005A0007,0.00,415300.00,469200.00,740300.00
2026-01-19,2026-Q1,005A0008,37200.00,74800.00,126200.00,391900.00
2026-01-19,2026-Q1,005A0009,51600.00,190700.00,342800.00,731000.00
2026-01-19,2026-Q1,005A0010,45200.00,55300.00,104400.00,234700.00
2026-01-19,2026-Q1,005A0011,0.00,536700.00,693100.00,1232000.00
2026-01-19,2026-Q1,005A0012,0.00,0.00,195600.00,561016.00
2026-01-19,2026-Q1,005A0013,173512.00,891600.00,1097500.00,2193924.00
2026-01-19,2026-Q1,005A0014,20240.00,78100.00,210200.00,637376.00
2026-01-19,2026-Q1,005A0015,106168.00,284500.00,376500.00,1688936.00
2026-01-19,2026-Q1,005A0016,0.00,139800.00,160200.00,519064.00
2026-01-19,2026-Q1,005A0017,0.00,213500.00,466200.00,1111800.00
2026-01-19,2026-Q1,005A0019,0.00,176900.00,453300.00,1309436.00
2026-01-19,2026-Q1,005A0020,35568.00,60000.00,121000.00,378719.00
2026-01-19,2026-Q1,005A0021,25392.00,92000.00,168200.00,305072.00
2026-01-19,2026-Q1,005A0024,35300.00,87200.00,119900.00,376900.00
2026-01-26,2026-Q1,005A0000,504500.00,985500.00,1048700.00,1454800.00
2026-01-26,2026-Q1,005A0002,64200.00,124800.00,218200.00,335900.00
2026-01-26,2026-Q1,005A0003,0.00,232500.00,281700.00,759989.00
2026-01-26,2026-Q1,005A0005,50664.00,185500.00,206500.00,298409.00
2026-01-26,2026-Q1,005A0007,0.00,399200.00,447200.00,740300.00
2026-01-26,2026-Q1,005A0008,83800.00,115500.00,193300.00,377500.00
2026-01-26,2026-Q1,005A0009,162200.00,259800.00,386000.00,618600.00
2026-01-26,2026-Q1,005A0010,45200.00,53900.00,111200.00,294100.00
2026-01-26,2026-Q1,005A0011,0.00,488600.00,662000.00,1232000.00
2026-01-26,2026-Q1,005A0012,0.00,0.00,196700.00,441324.00
2026-01-26,2026-Q1,005A0013,220708.00,854700.00,1049900.00,1944052.00
2026-01-26,2026-Q1,005A0014,20240.00,100200.00,295800.00,731308.00
2026-01-26,2026-Q1,005A0015,234416.00,359000.00,465800.00,1531800.00
2026-01-26,2026-Q1,005A0016,0.00,167700.00,176300.00,523112.00
2026-01-26,2026-Q1,005A0017,49600.00,323400.00,466300.00,1297400.00
2026-01-26,2026-Q1,005A0019,0.00,185500.00,408400.00,1459856.00
2026-01-26,2026-Q1,005A0020,35568.00,59600.00,196500.00,427391.00
2026-01-26,2026-Q1,005A0021,25392.00,91200.00,161400.00,307740.00
2026-01-26,2026-Q1,005A0024,46200.00,88900.00,137500.00,365400.00
2026-02-02,2026-Q1,005A0000,504500.00,1035000.00,1110100.00,1411100.00
2026-02-02,2026-Q1,005A0002,64200.00,128300.00,212400.00,310600.00
2026-02-02,2026-Q1,005A0003,0.00,221200.00,272000.00,759989.00
2026-02-02,2026-Q1,005A0004,33177.00,236300.00,248000.00,765093.00
2026-02-02,2026-Q1,005A0005,50664.00,205300.00,210700.00,311336.00
2026-02-02,2026-Q1,005A0006,64700.00,344500.00,590600.00,1646000.00
2026-02-02,2026-Q1,005A0007,0.00,403100.00,460800.00,740300.00
2026-02-02,2026-Q1,005A0008,94900.00,127800.00,227700.00,384100.00
2026-02-02,2026-Q1,005A0009,203100.00,269600.00,386000.00,509300.00
2026-02-02,2026-Q1,005A0010,45200.00,88800.00,146900.00,347700.00
2026-02-02,2026-Q1,005A0011,0.00,459900.00,660200.00,1139700.00
2026-02-02,2026-Q1,005A0012,0.00,0.00,266400.00,458896.00
2026-02-02,2026-Q1,005A0013,220708.00,767700.00,952000.00,1628492.00
2026-02-02,2026-Q1,005A0014,57592.00,136600.00,336800.00,736552.00
2026-02-02,2026-Q1,005A0015,237544.00,446500.00,555300.00,1452956.00
2026-02-02,2026-Q1,005A0016,0.00,182400.00,188700.00,538200.00
2026-02-02,2026-Q1,005A0017,98600.00,424300.00,596500.00,1362600.00
2026-02-02,2026-Q1,005A0019,178848.00,256500.00,581500.00,1281008.00
2026-02-02,2026-Q1,005A0020,35568.00,64800.00,194600.00,428093.00
2026-02-02,2026-Q1,005A0021,25392.00,94500.00,165700.00,252356.00
2026-02-02,2026-Q1,005A0023,0.00,0.00,0.00,41676.00
2026-02-02,2026-Q1,005A0024,46200.00,84500.00,144600.00,355600.00
2026-02-09,2026-Q1,005A0000,504500.00,807900.00,875100.00,1187100.00
2026-02-09,2026-Q1,005A0002,73700.00,158600.00,257700.00,360500.00
2026-02-09,2026-Q1,005A0003,0.00,242400.00,301800.00,759989.00
2026-02-09,2026-Q1,005A0004,33177.00,181400.00,191300.00,744965.00
2026-02-09,2026-Q1,005A0006,137300.00,401900.00,657000.00,1463600.00
2026-02-09,2026-Q1,005A0007,0.00,369500.00,427500.00,740300.00
2026-02-09,2026-Q1,005A0008,123100.00,167200.00,258200.00,347400.00
2026-02-09,2026-Q1,005A0009,203100.00,252900.00,372000.00,622900.00
2026-02-09,2026-Q1,005A0010,95800.00,95800.00,163700.00,315500.00
2026-02-09,2026-Q1,005A0011,0.00,420600.00,584700.00,1129800.00
2026-02-09,2026-Q1,005A0012,0.00,0.00,238700.00,458896.00
2026-02-09,2026-Q1,005A0013,293480.00,733200.00,1062700.00,1327100.00
2026-02-09,2026-Q1,005A0014,136436.00,227800.00,398100.00,703248.00
2026-02-09,2026-Q1,005A0015,312800.00,514800.00,640300.00,1442836.00
2026-02-09,2026-Q1,005A0016,14260.00,234100.00,234100.00,529184.00
2026-02-09,2026-Q1,005A0019,178848.00,249200.00,561000.00,1281008.00
2026-02-09,2026-Q1,005A0020,35568.00,122400.00,232100.00,477467.00
2026-02-09,2026-Q1,005A0021,25392.00,90700.00,149200.00,206632.00
2026-02-09,2026-Q1,005A0023,0.00,0.00,0.00,401856.00
2026-02-09,2026-Q1,005A0024,72300.00,113800.00,191900.00,360400.00
2026-02-16,2026-Q1,005A0000,504500.00,833100.00,908800.00,866700.00
2026-02-16,2026-Q1,005A0002,92300.00,181200.00,253200.00,302700.00
2026-02-16,2026-Q1,005A0003,215748.00,251500.00,312000.00,481880.00
2026-02-16,2026-Q1,005A0004,127377.00,182600.00,182600.00,618824.00
2026-02-16,2026-Q1,005A0005,67740.00,234400.00,254100.00,382712.00
2026-02-16,2026-Q1,005A0006,334200.00,472600.00,783700.00,1303400.00
2026-02-16,2026-Q1,005A0007,0.00,394200.00,562500.00,740300.00
2026-02-16,2026-Q1,005A0008,154300.00,197100.00,269500.00,300400.00
2026-02-16,2026-Q1,005A0009,203100.00,262900.00,351300.00,700300.00
2026-02-16,2026-Q1,005A0010,95800.00,120600.00,177500.00,314100.00
2026-02-16,2026-Q1,005A0011,0.00,423200.00,639500.00,967000.00
2026-02-16,2026-Q1,005A0012,0.00,0.00,256500.00,458896.00
2026-02-16,2026-Q1,005A0013,344632.00,793000.00,937400.00,1152392.00
2026-02-16,2026-Q1,005A0014,234140.00,300500.00,427000.00,646300.00
2026-02-16,2026-Q1,005A0015,340492.00,618500.00,786300.00,1289288.00
2026-02-16,2026-Q1,005A0016,27600.00,227000.00,227000.00,507748.00
2026-02-16,2026-Q1,005A0017,263000.00,433500.00,629700.00,1245200.00
2026-02-16,2026-Q1,005A0018,0.00,0.00,0.00,84456.00
2026-02-16,2026-Q1,005A0019,178848.00,250000.00,533000.00,1281008.00
2026-02-16,2026-Q1,005A0020,35568.00,189600.00,265000.00,490103.00
2026-02-16,2026-Q1,005A0021,45816.00,70000.00,130000.00,128524.00
2026-02-16,2026-Q1,005A0023,0.00,0.00,83600.00,671876.00
2026-02-16,2026-Q1,005A0024,80500.00,121300.00,173300.00,281200.00
2026-02-23,2026-Q1,005A0000,504500.00,832800.00,881100.00,639000.00
2026-02-23,2026-Q1,005A0002,110300.00,181100.00,241600.00,264100.00
2026-02-23,2026-Q1,005A0003,215748.00,319900.00,319900.00,343980.00
2026-02-23,2026-Q1,005A0004,134280.00,190200.00,196000.00,611921.00
2026-02-23,2026-Q1,005A0005,131271.00,245300.00,245300.00,343166.00
2026-02-23,2026-Q1,005A0006,334200.00,488500.00,719900.00,1199600.00
2026-02-23,2026-Q1,005A0007,0.00,370300.00,488200.00,740300.00
2026-02-23,2026-Q1,005A0008,184000.00,228900.00,273400.00,255000.00
2026-02-23,2026-Q1,005A0009,203100.00,269200.00,405800.00,578100.00
2026-02-23,2026-Q1,005A0010,129900.00,129900.00,193200.00,300000.00
2026-02-23,2026-Q1,005A0011,0.00,403600.00,704100.00,959300.00
2026-02-23,2026-Q1,005A0012,0.00,0.00,300500.00,458896.00
2026-02-23,2026-Q1,005A0013,344632.00,746600.00,931100.00,991208.00
2026-02-23,2026-Q1,005A0014,293020.00,334900.00,542800.00,583464.00
2026-02-23,2026-Q1,005A0015,344908.00,589100.00,802200.00,1301984.00
2026-02-23,2026-Q1,005A0016,27600.00,245800.00,245800.00,491464.00
2026-02-23,2026-Q1,005A0017,263000.00,450500.00,694700.00,1255800.00
2026-02-23,2026-Q1,005A0018,0.00,0.00,0.00,161644.00
2026-02-23,2026-Q1,005A0019,178848.00,300600.00,966100.00,1274844.00
2026-02-23,2026-Q1,005A0020,35568.00,170700.00,227100.00,438740.00
2026-02-23,2026-Q1,005A0021,45816.00,73100.00,127700.00,121256.00
2026-02-23,2026-Q1,005A0023,0.00,13200.00,87300.00,735724.00
2026-02-23,2026-Q1,005A0024,106200.00,144300.00,189200.00,266600.00
2026-03-02,2026-Q1,005A0000,504500.00,780300.00,780300.00,558000.00
2026-03-02,2026-Q1,005A0002,120700.00,185600.00,223000.00,154000.00
2026-03-02,2026-Q1,005A0003,215748.00,325700.00,325700.00,343980.00
2026-03-02,2026-Q1,005A0004,134280.00,312700.00,319800.00,561377.00
2026-03-02,2026-Q1,005A0005,131271.00,269100.00,277700.00,368438.00
2026-03-02,2026-Q1,005A0006,350100.00,483200.00,629700.00,923400.00
2026-03-02,2026-Q1,005A0007,0.00,414500.00,528100.00,740300.00
2026-03-02,2026-Q1,005A0008,184000.00,237200.00,283900.00,257900.00
2026-03-02,2026-Q1,005A0009,223600.00,275700.00,406800.00,576900.00
2026-03-02,2026-Q1,005A0010,133800.00,143900.00,207400.00,281000.00
2026-03-02,2026-Q1,005A0011,0.00,277800.00,527600.00,783500.00
2026-03-02,2026-Q1,005A0012,0.00,0.00,227000.00,385572.00
2026-03-02,2026-Q1,005A0013,393024.00,619100.00,753000.00,794604.00
2026-03-02,2026-Q1,005A0014,311604.00,392500.00,530300.00,572884.00
2026-03-02,2026-Q1,005A0015,419336.00,647200.00,838000.00,1192504.00
2026-03-02,2026-Q1,005A0016,27600.00,182700.00,182700.00,397348.00
2026-03-02,2026-Q1,005A0017,263000.00,468800.00,624200.00,1021600.00
2026-03-02,2026-Q1,005A0018,0.00,0.00,53200.00,233128.00
2026-03-02,2026-Q1,005A0019,255208.00,312200.00,614800.00,795248.00
2026-03-02,2026-Q1,005A0020,35568.00,190700.00,216400.00,398177.00
2026-03-02,2026-Q1,005A0021,45816.00,73600.00,111800.00,97888.00
2026-03-02,2026-Q1,005A0023,15916.00,127900.00,226900.00,739404.00
2026-03-02,2026-Q1,005A0024,106200.00,138300.00,176200.00,231700.00
2026-03-09,2026-Q1,005A0000,727600.00,862500.00,862500.00,169500.00
2026-03-09,2026-Q1,005A0002,151000.00,216500.00,230000.00,137200.00
2026-03-09,2026-Q1,005A0003,215748.00,252300.00,252300.00,249093.00
2026-03-09,2026-Q1,005A0004,134280.00,337700.00,345500.00,367795.00
2026-03-09,2026-Q1,005A0005,131271.00,229900.00,229900.00,304790.00
2026-03-09,2026-Q1,005A0006,368200.00,519000.00,689700.00,905000.00
2026-03-09,2026-Q1,005A0007,0.00,83400.00,229400.00,336100.00
2026-03-09,2026-Q1,005A0008,193900.00,227400.00,268100.00,233400.00
2026-03-09,2026-Q1,005A0009,239600.00,288800.00,419000.00,483000.00
2026-03-09,2026-Q1,005A0010,133800.00,144000.00,214300.00,295100.00
2026-03-09,2026-Q1,005A0011,0.00,122200.00,382500.00,589900.00
2026-03-09,2026-Q1,005A0012,0.00,0.00,189800.00,385572.00
2026-03-09,2026-Q1,005A0013,412160.00,570600.00,747000.00,684480.00
2026-03-09,2026-Q1,005A0014,376740.00,440900.00,549200.00,505632.00
2026-03-09,2026-Q1,005A0015,517132.00,666100.00,946100.00,1074928.00
2026-03-09,2026-Q1,005A0016,27600.00,185500.00,185500.00,346380.00
2026-03-09,2026-Q1,005A0017,357800.00,517400.00,578600.00,680800.00
2026-03-09,2026-Q1,005A0018,0.00,0.00,49700.00,233128.00
2026-03-09,2026-Q1,005A0019,310408.00,335300.00,657900.00,515660.00
2026-03-09,2026-Q1,005A0020,65988.00,207300.00,235500.00,282708.00
2026-03-09,2026-Q1,005A0021,45816.00,71500.00,114300.00,97888.00
2026-03-09,2026-Q1,005A0023,176456.00,188600.00,346600.00,536452.00
2026-03-09,2026-Q1,005A0024,109200.00,143200.00,177100.00,264700.00
2026-03-16,2026-Q1,005A0000,727600.00,743400.00,743400.00,22000.00
2026-03-16,2026-Q1,005A0002,192800.00,205200.00,210600.00,44400.00
2026-03-16,2026-Q1,005A0003,215748.00,215700.00,215700.00,204516.00
2026-03-16,2026-Q1,005A0004,146580.00,332700.00,339900.00,316534.00
2026-03-16,2026-Q1,005A0005,141333.00,228400.00,242700.00,245354.00
2026-03-16,2026-Q1,005A0006,368200.00,438500.00,561500.00,607000.00
2026-03-16,2026-Q1,005A0007,0.00,184000.00,234000.00,336100.00
2026-03-16,2026-Q1,005A0008,212700.00,214900.00,277700.00,164400.00
2026-03-16,2026-Q1,005A0009,247200.00,291500.00,394000.00,475400.00
2026-03-16,2026-Q1,005A0010,135500.00,157200.00,228200.00,267600.00
2026-03-16,2026-Q1,005A0011,0.00,0.00,159300.00,324300.00
2026-03-16,2026-Q1,005A0013,412160.00,472100.00,566700.00,404892.00
2026-03-16,2026-Q1,005A0014,406824.00,449500.00,540700.00,488336.00
2026-03-16,2026-Q1,005A0015,517132.00,560200.00,826700.00,777860.00
2026-03-16,2026-Q1,005A0016,27600.00,63100.00,63100.00,131192.00
2026-03-16,2026-Q1,005A0017,357800.00,540900.00,555200.00,562100.00
2026-03-16,2026-Q1,005A0018,0.00,0.00,60600.00,182712.00
2026-03-16,2026-Q1,005A0019,310408.00,339100.00,634900.00,456872.00
2026-03-16,2026-Q1,005A0020,155142.00,209100.00,235900.00,95508.00
2026-03-16,2026-Q1,005A0021,45816.00,62300.00,105200.00,85008.00
2026-03-16,2026-Q1,005A0023,176456.00,282300.00,332700.00,405168.00
2026-03-16,2026-Q1,005A0024,133900.00,152100.00,186000.00,207400.00
2026-03-23,2026-Q1,005A0000,727600.00,742700.00,742700.00,22000.00
2026-03-23,2026-Q1,005A0002,214600.00,226300.00,231300.00,32400.00
2026-03-23,2026-Q1,005A0003,215748.00,215700.00,215700.00,0.00
2026-03-23,2026-Q1,005A0004,201921.00,408100.00,414600.00,316534.00
2026-03-23,2026-Q1,005A0005,155256.00,250600.00,263800.00,178313.00
2026-03-23,2026-Q1,005A0006,398600.00,434000.00,623100.00,520300.00
2026-03-23,2026-Q1,005A0007,0.00,194600.00,194600.00,260300.00
2026-03-23,2026-Q1,005A0008,212700.00,214800.00,260200.00,125600.00
2026-03-23,2026-Q1,005A0009,247200.00,247200.00,410300.00,373700.00
2026-03-23,2026-Q1,005A0010,135500.00,155700.00,214900.00,198400.00
2026-03-23,2026-Q1,005A0011,0.00,0.00,177000.00,324300.00
2026-03-23,2026-Q1,005A0012,0.00,0.00,169800.00,256036.00
2026-03-23,2026-Q1,005A0013,512440.00,554400.00,654900.00,229264.00
2026-03-23,2026-Q1,005A0014,415104.00,458100.00,591700.00,372232.00
2026-03-23,2026-Q1,005A0015,530932.00,558300.00,777100.00,625232.00
2026-03-23,2026-Q1,005A0016,94760.00,170700.00,170700.00,131192.00
2026-03-23,2026-Q1,005A0018,0.00,7000.00,69200.00,160724.00
2026-03-23,2026-Q1,005A0019,310408.00,339500.00,515400.00,369564.00
2026-03-23,2026-Q1,005A0020,155142.00,183100.00,203600.00,70002.00
2026-03-23,2026-Q1,005A0021,45816.00,58900.00,69900.00,36340.00
2026-03-23,2026-Q1,005A0023,289892.00,347200.00,382700.00,228988.00
2026-03-23,2026-Q1,005A0024,133900.00,150900.00,190600.00,178700.00
2026-03-30,2026-Q1,005A0000,727600.00,743200.00,743200.00,22000.00
2026-03-30,2026-Q1,005A0002,220200.00,224600.00,224600.00,6100.00
2026-03-30,2026-Q1,005A0003,215748.00,215700.00,215700.00,0.00
2026-03-30,2026-Q1,005A0004,217248.00,217200.00,217200.00,36153.00
2026-03-30,2026-Q1,005A0005,165786.00,225400.00,225400.00,90329.00
2026-03-30,2026-Q1,005A0006,414300.00,414300.00,510300.00,212800.00
2026-03-30,2026-Q1,005A0007,0.00,0.00,0.00,0.00
2026-03-30,2026-Q1,005A0008,212700.00,212700.00,250900.00,114200.00
2026-03-30,2026-Q1,005A0009,247200.00,247200.00,316900.00,137600.00
2026-03-30,2026-Q1,005A0010,151700.00,166400.00,208100.00,110300.00
2026-03-30,2026-Q1,005A0011,0.00,0.00,0.00,0.00
2026-03-30,2026-Q1,005A0012,0.00,0.00,83700.00,134228.00
2026-03-30,2026-Q1,005A0013,512440.00,563800.00,593700.00,171396.00
2026-03-30,2026-Q1,005A0014,455400.00,502700.00,557800.00,215464.00
2026-03-30,2026-Q1,005A0015,554576.00,580700.00,746200.00,457424.00
2026-03-30,2026-Q1,005A0016,103132.00,105000.00,105000.00,2392.00
2026-03-30,2026-Q1,005A0017,480400.00,556200.00,573800.00,152300.00
2026-03-30,2026-Q1,005A0018,39008.00,74900.00,74900.00,111412.00
2026-03-30,2026-Q1,005A0019,410504.00,441800.00,441800.00,45632.00
2026-03-30,2026-Q1,005A0020,155142.00,183300.00,203900.00,70002.00
2026-03-30,2026-Q1,005A0021,45816.00,45800.00,58100.00,18032.00
2026-03-30,2026-Q1,005A0023,343896.00,364500.00,364500.00,60996.00
2026-03-30,2026-Q1,005A0024,135400.00,141500.00,152400.00,91800.00
2026-04-06,2026-Q2,005A0000,0.00,639200.00,653000.00,1454600.00
2026-04-06,2026-Q2,005A0002,0.00,41300.00,87100.00,165900.00
2026-04-06,2026-Q2,005A0003,0.00,298200.00,298200.00,795717.00
2026-04-06,2026-Q2,005A0004,0.00,231000.00,231000.00,448744.00
2026-04-06,2026-Q2,005A0005,2808.00,188300.00,199000.00,379219.00
2026-04-06,2026-Q2,005A0006,0.00,252200.00,511700.00,1494400.00
2026-04-06,2026-Q2,005A0007,0.00,503900.00,625500.00,1942600.00
2026-04-06,2026-Q2,005A0008,0.00,8400.00,47300.00,208200.00
2026-04-06,2026-Q2,005A0009,24600.00,135600.00,317700.00,1027500.00
2026-04-06,2026-Q2,005A0010,40500.00,96700.00,139100.00,248200.00
2026-04-06,2026-Q2,005A0011,0.00,310500.00,310500.00,689000.00
2026-04-06,2026-Q2,005A0012,0.00,14900.00,330800.00,986516.00
2026-04-06,2026-Q2,005A0013,0.00,242700.00,330500.00,551724.00
2026-04-06,2026-Q2,005A0014,10028.00,102000.00,414700.00,960572.00
2026-04-06,2026-Q2,005A0015,42136.00,303300.00,666400.00,2019584.00
2026-04-06,2026-Q2,005A0016,0.00,265000.00,267600.00,573068.00
2026-04-06,2026-Q2,005A0017,11900.00,225300.00,577300.00,1843600.00
2026-04-06,2026-Q2,005A0018,0.00,101400.00,165500.00,875104.00
2026-04-06,2026-Q2,005A0019,0.00,28200.00,310900.00,423476.00
2026-04-06,2026-Q2,005A0020,39312.00,122400.00,145600.00,445923.00
2026-04-06,2026-Q2,005A0021,0.00,28000.00,84100.00,116104.00
2026-04-06,2026-Q2,005A0023,83168.00,232900.00,423600.00,1193424.00
2026-04-06,2026-Q2,005A0024,15500.00,54100.00,79300.00,431700.00
2026-04-13,2026-Q2,005A0000,0.00,701500.00,718200.00,1471800.00
2026-04-13,2026-Q2,005A0002,0.00,38000.00,83100.00,210900.00
2026-04-13,2026-Q2,005A0003,0.00,311000.00,311000.00,795717.00
2026-04-13,2026-Q2,005A0004,0.00,195700.00,195700.00,503906.00
2026-04-13,2026-Q2,005A0005,84591.00,231400.00,239900.00,355726.00
2026-04-13,2026-Q2,005A0006,0.00,249600.00,497000.00,1539800.00
2026-04-13,2026-Q2,005A0007,0.00,474500.00,578500.00,1942600.00
2026-04-13,2026-Q2,005A0008,0.00,8400.00,96300.00,242600.00
2026-04-13,2026-Q2,005A0009,49700.00,191500.00,262600.00,839200.00
2026-04-13,2026-Q2,005A0010,40500.00,80900.00,122400.00,289100.00
2026-04-13,2026-Q2,005A0011,0.00,335200.00,364500.00,689000.00
2026-04-13,2026-Q2,005A0012,25024.00,211900.00,468000.00,1095720.00
2026-04-13,2026-Q2,005A0013,0.00,209100.00,283600.00,451444.00
2026-04-13,2026-Q2,005A0014,86112.00,183200.00,538700.00,1045488.00
2026-04-13,2026-Q2,005A0015,128616.00,426800.00,810500.00,1999620.00
2026-04-13,2026-Q2,005A0016,0.00,241100.00,244100.00,573068.00
2026-04-13,2026-Q2,005A0017,110200.00,317200.00,525800.00,1554600.00
2026-04-13,2026-Q2,005A0018,88228.00,146800.00,267300.00,788072.00
2026-04-13,2026-Q2,005A0019,0.00,51900.00,313500.00,469108.00
2026-04-13,2026-Q2,005A0020,98514.00,128600.00,153200.00,577899.00
2026-04-13,2026-Q2,005A0021,0.00,18500.00,61900.00,103224.00
2026-04-13,2026-Q2,005A0023,83168.00,260700.00,483500.00,1337220.00
2026-04-13,2026-Q2,005A0024,26500.00,60500.00,104700.00,432400.00
2026-04-20,2026-Q2,005A0000,0.00,689900.00,845700.00,1634100.00
2026-04-20,2026-Q2,005A0002,18500.00,47000.00,112400.00,226200.00
2026-04-20,2026-Q2,005A0003,0.00,289000.00,289000.00,795717.00
2026-04-20,2026-Q2,005A0004,0.00,198600.00,204000.00,599729.00
2026-04-20,2026-Q2,005A0006,99700.00,307000.00,578600.00,1647700.00
2026-04-20,2026-Q2,005A0007,0.00,675500.00,821200.00,1942600.00
2026-04-20,2026-Q2,005A0008,0.00,8800.00,74400.00,264400.00
2026-04-20,2026-Q2,005A0009,57900.00,201000.00,272300.00,872500.00
2026-04-20,2026-Q2,005A0011,0.00,381000.00,381000.00,689000.00
2026-04-20,2026-Q2,005A0012,25024.00,219200.00,417200.00,1114488.00
2026-04-20,2026-Q2,005A0013,0.00,151900.00,251100.00,390908.00
2026-04-20,2026-Q2,005A0014,145084.00,228200.00,486600.00,955788.00
2026-04-20,2026-Q2,005A0015,147568.00,435700.00,1042800.00,2123912.00
2026-04-20,2026-Q2,005A0016,0.00,393400.00,396800.00,564512.00
2026-04-20,2026-Q2,005A0017,110200.00,394500.00,630600.00,1585400.00
2026-04-20,2026-Q2,005A0018,88228.00,215500.00,323400.00,958732.00
2026-04-20,2026-Q2,005A0019,0.00,54000.00,276400.00,469108.00
2026-04-20,2026-Q2,005A0021,0.00,16500.00,45800.00,85192.00
2026-04-20,2026-Q2,005A0023,132756.00,337000.00,537200.00,1598776.00
2026-04-20,2026-Q2,005A0024,26500.00,74600.00,95000.00,373200.00
2026-04-27,2026-Q2,005A0000,0.00,701000.00,824400.00,1554400.00
2026-04-27,2026-Q2,005A0002,18500.00,46100.00,92300.00,213700.00
2026-04-27,2026-Q2,005A0003,0.00,285400.00,285400.00,591201.00
2026-04-27,2026-Q2,005A0004,34047.00,121900.00,125700.00,409019.00
2026-04-27,2026-Q2,005A0005,84591.00,242000.00,268900.00,329045.00
2026-04-27,2026-Q2,005A0006,193700.00,361500.00,627300.00,1572800.00
2026-04-27,2026-Q2,005A0007,0.00,815300.00,925200.00,1942600.00
2026-04-27,2026-Q2,005A0008,0.00,9500.00,95200.00,318200.00
2026-04-27,2026-Q2,005A0009,79000.00,196500.00,322400.00,978900.00
2026-04-27,2026-Q2,005A0010,76900.00,119000.00,165700.00,290400.00
2026-04-27,2026-Q2,005A0011,0.00,367200.00,367200.00,689000.00
2026-04-27,2026-Q2,005A0014,150604.00,250100.00,567800.00,976580.00
2026-04-27,2026-Q2,005A0016,0.00,324600.00,324600.00,540040.00
2026-04-27,2026-Q2,005A0017,128300.00,488400.00,808400.00,1591800.00
2026-04-27,2026-Q2,005A0018,101752.00,224600.00,350400.00,929016.00
2026-04-27,2026-Q2,005A0020,98514.00,373500.00,373500.00,765622.00
2026-04-27,2026-Q2,005A0021,0.00,4300.00,34200.00,66884.00
2026-04-27,2026-Q2,005A0023,254380.00,362300.00,565200.00,1691788.00
2026-04-27,2026-Q2,005A0024,46500.00,80500.00,95400.00,332700.00
2026-05-04,2026-Q2,005A0000,0.00,684100.00,863500.00,1554400.00
2026-05-04,2026-Q2,005A0002,18500.00,51800.00,115300.00,253800.00
2026-05-04,2026-Q2,005A0003,363987.00,398000.00,398000.00,309465.00
2026-05-04,2026-Q2,005A0004,43875.00,155800.00,159700.00,399191.00
2026-05-04,2026-Q2,005A0005,92079.00,242900.00,261300.00,292368.00
2026-05-04,2026-Q2,005A0006,193700.00,381600.00,645500.00,1569900.00
2026-05-04,2026-Q2,005A0007,0.00,899800.00,1014300.00,1942600.00
2026-05-04,2026-Q2,005A0008,0.00,18400.00,104800.00,359600.00
2026-05-04,2026-Q2,005A0009,131700.00,258600.00,323100.00,824500.00
2026-05-04,2026-Q2,005A0010,80500.00,153700.00,212000.00,306800.00
2026-05-04,2026-Q2,005A0011,0.00,378400.00,378400.00,559200.00
2026-05-04,2026-Q2,005A0012,25024.00,220900.00,481400.00,1035828.00
2026-05-04,2026-Q2,005A0013,0.00,141200.00,211100.00,330188.00
2026-05-04,2026-Q2,005A0014,199640.00,305900.00,651100.00,1042084.00
2026-05-04,2026-Q2,005A0015,382628.00,785000.00,1186200.00,2164944.00
2026-05-04,2026-Q2,005A0016,0.00,375200.00,375200.00,543260.00
2026-05-04,2026-Q2,005A0017,141100.00,590900.00,773500.00,1550400.00
2026-05-04,2026-Q2,005A0018,152536.00,251200.00,418400.00,1045856.00
2026-05-04,2026-Q2,005A0019,45632.00,71600.00,115000.00,99544.00
2026-05-04,2026-Q2,005A0020,108514.00,388500.00,388500.00,673488.00
2026-05-04,2026-Q2,005A0021,0.00,0.00,37800.00,60352.00
2026-05-04,2026-Q2,005A0023,330004.00,399000.00,598500.00,1469148.00
2026-05-04,2026-Q2,005A0024,46500.00,72700.00,115600.00,324100.00
2026-05-11,2026-Q2,005A0000,0.00,767600.00,870000.00,1527100.00
2026-05-11,2026-Q2,005A0002,32600.00,66500.00,107200.00,227900.00
2026-05-11,2026-Q2,005A0003,363987.00,398300.00,398300.00,309465.00
2026-05-11,2026-Q2,005A0004,43875.00,154400.00,186400.00,371930.00
2026-05-11,2026-Q2,005A0005,112086.00,255100.00,270600.00,278360.00
2026-05-11,2026-Q2,005A0006,193700.00,413800.00,639400.00,1588800.00
2026-05-11,2026-Q2,005A0007,0.00,775800.00,880100.00,1726800.00
2026-05-11,2026-Q2,005A0008,0.00,30700.00,82500.00,259800.00
2026-05-11,2026-Q2,005A0009,203500.00,287100.00,371000.00,838900.00
2026-05-11,2026-Q2,005A0010,132500.00,176000.00,224400.00,261100.00
2026-05-11,2026-Q2,005A0011,0.00,387000.00,387000.00,559200.00
2026-05-11,2026-Q2,005A0012,25024.00,25000.00,463700.00,697084.00
2026-05-11,2026-Q2,005A0013,0.00,123100.00,198800.00,279128.00
2026-05-11,2026-Q2,005A0014,227976.00,286400.00,554800.00,1023040.00
2026-05-11,2026-Q2,005A0015,500112.00,818200.00,1279100.00,2142956.00
2026-05-11,2026-Q2,005A0016,0.00,347500.00,347500.00,538568.00
2026-05-11,2026-Q2,005A0017,153100.00,509600.00,706200.00,1485600.00
2026-05-11,2026-Q2,005A0018,152536.00,304200.00,452900.00,1051192.00
2026-05-11,2026-Q2,005A0019,45632.00,72400.00,107500.00,99544.00
2026-05-11,2026-Q2,005A0020,108514.00,452200.00,501900.00,653364.00
2026-05-11,2026-Q2,005A0021,0.00,0.00,16600.00,35696.00
2026-05-11,2026-Q2,005A0023,330004.00,407300.00,690400.00,1510640.00
2026-05-11,2026-Q2,005A0024,46500.00,72600.00,118600.00,302100.00
2026-05-18,2026-Q2,005A0000,0.00,792100.00,874000.00,1527100.00
2026-05-18,2026-Q2,005A0002,32600.00,66900.00,117500.00,248300.00
2026-05-18,2026-Q2,005A0003,363987.00,397100.00,397100.00,309465.00
2026-05-18,2026-Q2,005A0004,43875.00,219300.00,224100.00,405861.00
2026-05-18,2026-Q2,005A0005,112086.00,256600.00,290300.00,332926.00
2026-05-18,2026-Q2,005A0006,193700.00,368700.00,665300.00,1512900.00
2026-05-18,2026-Q2,005A0007,0.00,837600.00,837600.00,1543700.00
2026-05-18,2026-Q2,005A0008,23200.00,47100.00,104200.00,223600.00
2026-05-18,2026-Q2,005A0009,256300.00,309600.00,550000.00,744800.00
2026-05-18,2026-Q2,005A0010,160500.00,203900.00,247200.00,315700.00
2026-05-18,2026-Q2,005A0011,36800.00,382800.00,382800.00,522400.00
2026-05-18,2026-Q2,005A0012,25024.00,25000.00,401900.00,575276.00
2026-05-18,2026-Q2,005A0013,0.00,80900.00,137800.00,216016.00
2026-05-18,2026-Q2,005A0014,227976.00,311000.00,718600.00,1018808.00
2026-05-18,2026-Q2,005A0016,4140.00,309400.00,309400.00,628912.00
2026-05-18,2026-Q2,005A0017,192600.00,554900.00,733300.00,1297900.00
2026-05-18,2026-Q2,005A0018,201848.00,362700.00,526300.00,986976.00
2026-05-18,2026-Q2,005A0019,45632.00,73400.00,102500.00,99544.00
2026-05-18,2026-Q2,005A0020,108514.00,425300.00,467800.00,853551.00
2026-05-18,2026-Q2,005A0021,0.00,0.00,0.00,0.00
2026-05-18,2026-Q2,005A0023,399280.00,509600.00,696400.00,1322776.00
2026-05-18,2026-Q2,005A0024,46500.00,76400.00,149200.00,268600.00
2026-05-25,2026-Q2,005A0000,0.00,882200.00,882200.00,1475700.00
2026-05-25,2026-Q2,005A0002,60700.00,101700.00,143700.00,236800.00
2026-05-25,2026-Q2,005A0003,363987.00,394800.00,394800.00,309465.00
2026-05-25,2026-Q2,005A0004,43875.00,216700.00,221700.00,405861.00
2026-05-25,2026-Q2,005A0005,133767.00,268900.00,298500.00,333241.00
2026-05-25,2026-Q2,005A0006,199900.00,388700.00,708300.00,1415200.00
2026-05-25,2026-Q2,005A0008,45600.00,56000.00,104400.00,196300.00
2026-05-25,2026-Q2,005A0009,256300.00,358000.00,511500.00,687800.00
2026-05-25,2026-Q2,005A0010,181200.00,223900.00,315200.00,318500.00
2026-05-25,2026-Q2,005A0011,36800.00,36800.00,36800.00,141500.00
2026-05-25,2026-Q2,005A0012,339296.00,382400.00,546100.00,456504.00
2026-05-25,2026-Q2,005A0013,0.00,90400.00,144900.00,216016.00
2026-05-25,2026-Q2,005A0014,270572.00,351500.00,657400.00,1036104.00
2026-05-25,2026-Q2,005A0015,609224.00,1044700.00,1381100.00,2012408.00
2026-05-25,2026-Q2,005A0016,42780.00,355500.00,385800.00,601588.00
2026-05-25,2026-Q2,005A0017,287700.00,601600.00,773800.00,963100.00
2026-05-25,2026-Q2,005A0018,261924.00,384400.00,493800.00,985320.00
2026-05-25,2026-Q2,005A0019,45632.00,73000.00,105800.00,99544.00
2026-05-25,2026-Q2,005A0020,108514.00,465400.00,490900.00,760419.00
2026-05-25,2026-Q2,005A0021,0.00,0.00,0.00,0.00
2026-05-25,2026-Q2,005A0023,476928.00,594400.00,822300.00,1188824.00
2026-05-25,2026-Q2,005A0024,46500.00,66700.00,121400.00,262800.00
2026-06-01,2026-Q2,005A0000,0.00,602600.00,666300.00,1175400.00
2026-06-01,2026-Q2,005A0002,123200.00,134000.00,168700.00,209200.00
2026-06-01,2026-Q2,005A0003,363987.00,397500.00,397500.00,309465.00
2026-06-01,2026-Q2,005A0004,63765.00,223500.00,227900.00,385971.00
2026-06-01,2026-Q2,005A0006,303200.00,510700.00,827000.00,1148600.00
2026-06-01,2026-Q2,005A0007,0.00,808600.00,808600.00,1387500.00
2026-06-01,2026-Q2,005A0008,45600.00,66900.00,104500.00,156800.00
2026-06-01,2026-Q2,005A0009,256300.00,347900.00,512600.00,687800.00
2026-06-01,2026-Q2,005A0010,212700.00,245600.00,292800.00,235000.00
2026-06-01,2026-Q2,005A0011,36800.00,36800.00,36800.00,141500.00
2026-06-01,2026-Q2,005A0012,339296.00,381600.00,590900.00,456504.00
2026-06-01,2026-Q2,005A0013,0.00,0.00,77100.00,98900.00
2026-06-01,2026-Q2,005A0015,622656.00,1048600.00,1452800.00,1934576.00
2026-06-01,2026-Q2,005A0016,42780.00,237100.00,241200.00,397348.00
2026-06-01,2026-Q2,005A0017,287700.00,659600.00,793200.00,987100.00
2026-06-01,2026-Q2,005A0018,268640.00,345800.00,510300.00,897736.00
2026-06-01,2026-Q2,005A0019,45632.00,73000.00,111600.00,99544.00
2026-06-01,2026-Q2,005A0020,126532.00,448700.00,624100.00,742401.00
2026-06-01,2026-Q2,005A0021,0.00,0.00,0.00,0.00
2026-06-01,2026-Q2,005A0023,547676.00,660500.00,911600.00,1066648.00
2026-06-01,2026-Q2,005A0024,54700.00,80200.00,128800.00,275300.00
2026-06-08,2026-Q2,005A0000,38900.00,562700.00,691900.00,1114500.00
2026-06-08,2026-Q2,005A0003,363987.00,399700.00,399700.00,309465.00
2026-06-08,2026-Q2,005A0004,63765.00,213200.00,245000.00,363390.00
2026-06-08,2026-Q2,005A0005,150966.00,219900.00,219900.00,226609.00
2026-06-08,2026-Q2,005A0006,303200.00,470700.00,623000.00,953700.00
2026-06-08,2026-Q2,005A0007,0.00,831300.00,831300.00,1009600.00
2026-06-08,2026-Q2,005A0008,51100.00,79000.00,110700.00,169100.00
2026-06-08,2026-Q2,005A0009,256300.00,361700.00,505200.00,599400.00
2026-06-08,2026-Q2,005A0010,212700.00,281400.00,298900.00,248600.00
2026-06-08,2026-Q2,005A0011,36800.00,36800.00,36800.00,0.00
2026-06-08,2026-Q2,005A0012,339296.00,380200.00,592500.00,449880.00
2026-06-08,2026-Q2,005A0013,0.00,0.00,62300.00,98900.00
2026-06-08,2026-Q2,005A0014,405352.00,474600.00,647900.00,569848.00
2026-06-08,2026-Q2,005A0015,622656.00,946200.00,1230800.00,1593716.00
2026-06-08,2026-Q2,005A0016,42780.00,257100.00,257100.00,391736.00
2026-06-08,2026-Q2,005A0017,340600.00,606200.00,714000.00,857500.00
2026-06-08,2026-Q2,005A0018,268640.00,361400.00,655600.00,893596.00
2026-06-08,2026-Q2,005A0019,45632.00,71300.00,104800.00,99544.00
2026-06-08,2026-Q2,005A0020,301096.00,651000.00,651000.00,533637.00
2026-06-08,2026-Q2,005A0021,0.00,0.00,0.00,0.00
2026-06-08,2026-Q2,005A0023,547676.00,744600.00,947900.00,981088.00
2026-06-08,2026-Q2,005A0024,60300.00,76700.00,133900.00,275800.00
2026-06-15,2026-Q2,005A0000,38900.00,567300.00,636900.00,1018100.00
2026-06-15,2026-Q2,005A0002,141600.00,149800.00,179000.00,127800.00
2026-06-15,2026-Q2,005A0003,363987.00,364000.00,364000.00,265590.00
2026-06-15,2026-Q2,005A0004,63765.00,194500.00,200100.00,175198.00
2026-06-15,2026-Q2,005A0005,150966.00,209700.00,209700.00,149155.00
2026-06-15,2026-Q2,005A0006,485700.00,583500.00,717400.00,713300.00
2026-06-15,2026-Q2,005A0007,143200.00,781900.00,781900.00,866400.00
2026-06-15,2026-Q2,005A0008,65100.00,74500.00,96200.00,121800.00
2026-06-15,2026-Q2,005A0009,256300.00,355200.00,489100.00,584900.00
2026-06-15,2026-Q2,005A0010,277900.00,309700.00,336200.00,181300.00
2026-06-15,2026-Q2,005A0011,36800.00,36800.00,36800.00,0.00
2026-06-15,2026-Q2,005A0012,339296.00,525200.00,567100.00,449880.00
2026-06-15,2026-Q2,005A0013,0.00,0.00,9400.00,16744.00
2026-06-15,2026-Q2,005A0014,424212.00,471700.00,581600.00,557428.00
2026-06-15,2026-Q2,005A0015,866732.00,1122700.00,1225300.00,997188.00
2026-06-15,2026-Q2,005A0016,42780.00,251800.00,251800.00,384560.00
2026-06-15,2026-Q2,005A0017,375200.00,529500.00,576600.00,563800.00
2026-06-15,2026-Q2,005A0018,386768.00,469100.00,643300.00,574632.00
2026-06-15,2026-Q2,005A0019,45632.00,71300.00,105900.00,99544.00
2026-06-15,2026-Q2,005A0020,301096.00,665100.00,665100.00,517257.00
2026-06-15,2026-Q2,005A0021,0.00,0.00,0.00,0.00
2026-06-15,2026-Q2,005A0023,607936.00,757900.00,912700.00,818984.00
2026-06-15,2026-Q2,005A0024,75400.00,97300.00,136300.00,179100.00
2026-06-22,2026-Q2,005A0000,38900.00,234500.00,314600.00,518500.00
2026-06-22,2026-Q2,005A0002,157800.00,174600.00,174600.00,23800.00
2026-06-22,2026-Q2,005A0003,363987.00,364000.00,364000.00,85878.00
2026-06-22,2026-Q2,005A0004,63765.00,131000.00,136600.00,89554.00
2026-06-22,2026-Q2,005A0005,150966.00,186300.00,186300.00,99313.00
2026-06-22,2026-Q2,005A0006,485700.00,530400.00,725200.00,479000.00
2026-06-22,2026-Q2,005A0007,211800.00,594100.00,594100.00,510500.00
2026-06-22,2026-Q2,005A0008,65100.00,76600.00,82800.00,65000.00
2026-06-22,2026-Q2,005A0009,256300.00,368100.00,450100.00,404600.00
2026-06-22,2026-Q2,005A0010,277900.00,308200.00,340000.00,161500.00
2026-06-22,2026-Q2,005A0011,36800.00,36800.00,36800.00,0.00
2026-06-22,2026-Q2,005A0012,399648.00,571500.00,634100.00,389528.00
2026-06-22,2026-Q2,005A0013,0.00,0.00,0.00,0.00
2026-06-22,2026-Q2,005A0014,453284.00,481600.00,579100.00,410320.00
2026-06-22,2026-Q2,005A0015,911720.00,1244800.00,1262300.00,746856.00
2026-06-22,2026-Q2,005A0016,54280.00,196600.00,196600.00,291364.00
2026-06-22,2026-Q2,005A0017,375200.00,563300.00,624300.00,449300.00
2026-06-22,2026-Q2,005A0018,405812.00,413300.00,491700.00,223284.00
2026-06-22,2026-Q2,005A0019,45632.00,74500.00,74500.00,40756.00
2026-06-22,2026-Q2,005A0020,301096.00,573000.00,573000.00,397332.00
2026-06-22,2026-Q2,005A0021,0.00,0.00,0.00,0.00
2026-06-22,2026-Q2,005A0023,705640.00,805800.00,927200.00,497536.00
2026-06-22,2026-Q2,005A0024,75400.00,88300.00,111400.00,125200.00
2026-06-29,2026-Q2,005A0000,191700.00,191700.00,281200.00,277700.00
2026-06-29,2026-Q2,005A0002,164500.00,164500.00,164500.00,0.00
2026-06-29,2026-Q2,005A0003,363987.00,364000.00,364000.00,85878.00
2026-06-29,2026-Q2,005A0004,63765.00,131000.00,136700.00,89554.00
2026-06-29,2026-Q2,005A0005,165942.00,180600.00,190600.00,52792.00
2026-06-29,2026-Q2,005A0006,508000.00,564500.00,607100.00,222800.00
2026-06-29,2026-Q2,005A0007,422800.00,471200.00,471200.00,69300.00
2026-06-29,2026-Q2,005A0008,73200.00,73200.00,74700.00,13200.00
2026-06-29,2026-Q2,005A0009,256300.00,296700.00,296700.00,56800.00
2026-06-29,2026-Q2,005A0011,36800.00,36800.00,36800.00,0.00
2026-06-29,2026-Q2,005A0012,399648.00,547900.00,626500.00,389528.00
2026-06-29,2026-Q2,005A0013,0.00,0.00,0.00,0.00
2026-06-29,2026-Q2,005A0014,482540.00,500700.00,556300.00,179860.00
2026-06-29,2026-Q2,005A0015,967472.00,977100.00,984300.00,124844.00
2026-06-29,2026-Q2,005A0016,54280.00,54300.00,54300.00,104604.00
2026-06-29,2026-Q2,005A0017,375200.00,520000.00,564700.00,346400.00
2026-06-29,2026-Q2,005A0018,420164.00,420200.00,458100.00,103500.00
2026-06-29,2026-Q2,005A0019,45632.00,71300.00,71300.00,40756.00
2026-06-29,2026-Q2,005A0020,334324.00,334300.00,334300.00,0.00
2026-06-29,2026-Q2,005A0021,0.00,0.00,0.00,0.00
2026-06-29,2026-Q2,005A0023,747684.00,781200.00,815400.00,130364.00
2026-06-29,2026-Q2,005A0024,75400.00,80000.00,80000.00,13800.00
2026-07-06,2026-Q3,005A0000,0.00,486300.00,629900.00,1326700.00
2026-07-06,2026-Q3,005A0002,0.00,11800.00,24300.00,201100.00
2026-07-06,2026-Q3,005A0003,0.00,32000.00,105200.00,589212.00
2026-07-06,2026-Q3,005A0004,0.00,160200.00,179400.00,374136.00
2026-07-06,2026-Q3,005A0005,0.00,69700.00,110500.00,305186.00
2026-07-06,2026-Q3,005A0007,0.00,433700.00,433700.00,879300.00
2026-07-06,2026-Q3,005A0008,6900.00,27100.00,74300.00,237100.00
2026-07-06,2026-Q3,005A0009,0.00,122800.00,217700.00,932100.00
2026-07-06,2026-Q3,005A0010,0.00,33700.00,81500.00,221600.00
2026-07-06,2026-Q3,005A0011,0.00,173500.00,173500.00,187300.00
2026-07-06,2026-Q3,005A0012,248768.00,294900.00,471400.00,2196500.00
2026-07-06,2026-Q3,005A0013,0.00,0.00,11800.00,16744.00
2026-07-06,2026-Q3,005A0014,41400.00,190700.00,320600.00,782092.00
2026-07-06,2026-Q3,005A0015,17664.00,402100.00,546000.00,1832732.00
2026-07-06,2026-Q3,005A0016,20332.00,220700.00,303400.00,841708.00
2026-07-06,2026-Q3,005A0017,45400.00,672300.00,775300.00,1903000.00
2026-07-06,2026-Q3,005A0018,200560.00,339600.00,402500.00,833980.00
2026-07-06,2026-Q3,005A0019,0.00,0.00,35400.00,58788.00
2026-07-06,2026-Q3,005A0020,183807.00,404700.00,407100.00,406002.00
2026-07-06,2026-Q3,005A0022,0.00,0.00,0.00,22500.00
2026-07-06,2026-Q3,005A0023,0.00,88600.00,394000.00,1087716.00
2026-07-06,2026-Q3,005A0024,33500.00,68300.00,185700.00,469700.00
2026-07-13,2026-Q3,005A0000,211500.00,596100.00,732800.00,952900.00
2026-07-13,2026-Q3,005A0002,0.00,16800.00,44700.00,202300.00
2026-07-13,2026-Q3,005A0003,0.00,32300.00,92900.00,503334.00
2026-07-13,2026-Q3,005A0004,0.00,159800.00,178300.00,388059.00
2026-07-13,2026-Q3,005A0005,7956.00,84200.00,114200.00,305186.00
2026-07-13,2026-Q3,005A0006,59400.00,190000.00,542200.00,1762400.00
2026-07-13,2026-Q3,005A0007,0.00,389700.00,389700.00,810000.00
2026-07-13,2026-Q3,005A0008,13200.00,36500.00,76600.00,249500.00
2026-07-13,2026-Q3,005A0009,0.00,171700.00,390500.00,897300.00
2026-07-13,2026-Q3,005A0010,3100.00,54200.00,71800.00,198800.00
2026-07-13,2026-Q3,005A0011,0.00,180500.00,180500.00,187300.00
2026-07-13,2026-Q3,005A0012,248768.00,295800.00,672100.00,2287304.00
2026-07-13,2026-Q3,005A0014,115092.00,216800.00,391100.00,849988.00
2026-07-13,2026-Q3,005A0015,80040.00,497000.00,757000.00,1883792.00
2026-07-13,2026-Q3,005A0016,142968.00,293800.00,315600.00,707112.00
2026-07-13,2026-Q3,005A0017,166100.00,639500.00,830700.00,1917800.00
2026-07-13,2026-Q3,005A0018,235888.00,400300.00,515600.00,926348.00
2026-07-13,2026-Q3,005A0019,0.00,24200.00,57300.00,99544.00
2026-07-13,2026-Q3,005A0020,183807.00,280100.00,282900.00,284439.00
2026-07-13,2026-Q3,005A0022,0.00,0.00,0.00,0.00
2026-07-13,2026-Q3,005A0023,34224.00,115400.00,514700.00,1103172.00
2026-07-13,2026-Q3,005A0024,60800.00,93800.00,172900.00,386900.00
2026-07-20,2026-Q3,005A0000,246900.00,592700.00,759400.00,917500.00
2026-07-20,2026-Q3,005A0002,0.00,17800.00,57900.00,271900.00
2026-07-20,2026-Q3,005A0003,0.00,112300.00,165400.00,503334.00
2026-07-20,2026-Q3,005A0004,0.00,147700.00,174000.00,418713.00
2026-07-20,2026-Q3,005A0005,10881.00,89600.00,122000.00,302127.00
2026-07-20,2026-Q3,005A0006,140500.00,258400.00,679600.00,1713500.00
2026-07-20,2026-Q3,005A0007,0.00,395400.00,395400.00,660500.00
2026-07-20,2026-Q3,005A0008,17300.00,38300.00,73100.00,250900.00
2026-07-20,2026-Q3,005A0009,0.00,169400.00,349200.00,871900.00
2026-07-20,2026-Q3,005A0010,35700.00,75400.00,88100.00,197200.00
2026-07-20,2026-Q3,005A0011,0.00,152800.00,152800.00,284600.00
2026-07-20,2026-Q3,005A0012,248768.00,339100.00,965700.00,2140012.00
2026-07-20,2026-Q3,005A0013,0.00,0.00,8400.00,16744.00
2026-07-20,2026-Q3,005A0014,128892.00,243600.00,458800.00,796076.00
2026-07-20,2026-Q3,005A0015,202676.00,661400.00,872800.00,1830984.00
2026-07-20,2026-Q3,005A0016,142968.00,305200.00,336800.00,666264.00
2026-07-20,2026-Q3,005A0017,234600.00,670700.00,782400.00,1740000.00
2026-07-20,2026-Q3,005A0018,274988.00,377600.00,532400.00,933156.00
2026-07-20,2026-Q3,005A0019,0.00,28200.00,67700.00,99544.00
2026-07-20,2026-Q3,005A0020,183807.00,227300.00,244500.00,262508.00
2026-07-20,2026-Q3,005A0022,0.00,0.00,0.00,0.00
2026-07-20,2026-Q3,005A0023,34224.00,157100.00,513700.00,1125252.00
2026-07-20,2026-Q3,005A0024,97200.00,136800.00,225400.00,363000.00
2026-07-27,2026-Q3,005A0000,246900.00,697500.00,782100.00,836400.00
2026-07-27,2026-Q3,005A0002,18800.00,34800.00,77000.00,316800.00
2026-07-27,2026-Q3,005A0003,43875.00,184200.00,184200.00,459459.00
2026-07-27,2026-Q3,005A0004,0.00,157900.00,177200.00,459663.00
2026-07-27,2026-Q3,005A0005,10881.00,127500.00,151000.00,289331.00
2026-07-27,2026-Q3,005A0006,244900.00,366400.00,761500.00,1858800.00
2026-07-27,2026-Q3,005A0007,0.00,363800.00,363800.00,660500.00
2026-07-27,2026-Q3,005A0008,33300.00,72900.00,111100.00,277700.00
2026-07-27,2026-Q3,005A0009,127800.00,299300.00,460400.00,777400.00
2026-07-27,2026-Q3,005A0010,35700.00,77000.00,123900.00,273900.00
2026-07-27,2026-Q3,005A0011,0.00,162300.00,162300.00,284600.00
2026-07-27,2026-Q3,005A0012,248768.00,480200.00,1228400.00,2140012.00
2026-07-27,2026-Q3,005A0013,0.00,0.00,10700.00,16744.00
2026-07-27,2026-Q3,005A0014,146004.00,320300.00,453300.00,805736.00
2026-07-27,2026-Q3,005A0015,262016.00,795500.00,873200.00,2045988.00
2026-07-27,2026-Q3,005A0016,142968.00,320700.00,344500.00,682272.00
2026-07-27,2026-Q3,005A0017,261400.00,733200.00,951700.00,1874700.00
2026-07-27,2026-Q3,005A0018,293388.00,403700.00,565500.00,1010804.00
2026-07-27,2026-Q3,005A0019,0.00,24800.00,67200.00,99544.00
2026-07-27,2026-Q3,005A0020,183807.00,205900.00,209200.00,211367.00
2026-07-27,2026-Q3,005A0022,0.00,0.00,0.00,0.00
2026-07-27,2026-Q3,005A0023,34224.00,158800.00,393800.00,1344948.00
2026-07-27,2026-Q3,005A0024,100900.00,140800.00,200100.00,365400.00
2026-08-03,2026-Q3,005A0000,246900.00,698900.00,774700.00,811600.00
2026-08-03,2026-Q3,005A0002,24900.00,50900.00,134300.00,360500.00
2026-08-03,2026-Q3,005A0003,142974.00,224300.00,224300.00,360360.00
2026-08-03,2026-Q3,005A0004,23634.00,225200.00,241800.00,417075.00
2026-08-03,2026-Q3,005A0005,20475.00,116800.00,148700.00,365714.00
2026-08-03,2026-Q3,005A0006,380400.00,436600.00,902400.00,1829200.00
2026-08-03,2026-Q3,005A0007,0.00,227100.00,227100.00,430300.00
2026-08-03,2026-Q3,005A0008,39600.00,83000.00,122300.00,267500.00
2026-08-03,2026-Q3,005A0009,127800.00,299800.00,412300.00,926300.00
2026-08-03,2026-Q3,005A0010,53000.00,84700.00,119500.00,296300.00
2026-08-03,2026-Q3,005A0011,0.00,0.00,0.00,97300.00
2026-08-03,2026-Q3,005A0012,248768.00,495100.00,1021400.00,1934300.00
2026-08-03,2026-Q3,005A0013,0.00,0.00,9400.00,16744.00
2026-08-03,2026-Q3,005A0014,263304.00,364900.00,511400.00,715668.00
2026-08-03,2026-Q3,005A0015,332488.00,891100.00,1039200.00,2006980.00
2026-08-03,2026-Q3,005A0016,142968.00,338000.00,354400.00,690828.00
2026-08-03,2026-Q3,005A0017,341300.00,754900.00,959100.00,1723200.00
2026-08-03,2026-Q3,005A0018,293388.00,457600.00,595600.00,982836.00
2026-08-03,2026-Q3,005A0019,0.00,25200.00,64200.00,99544.00
2026-08-03,2026-Q3,005A0020,196209.00,213500.00,217000.00,272763.00
2026-08-03,2026-Q3,005A0022,0.00,0.00,0.00,0.00
2026-08-03,2026-Q3,005A0023,64584.00,269600.00,500700.00,1355344.00
2026-08-03,2026-Q3,005A0024,120100.00,152700.00,214000.00,357900.00
2026-08-10,2026-Q3,005A0002,24900.00,53800.00,154400.00,323800.00
2026-08-10,2026-Q3,005A0003,142974.00,222700.00,222700.00,360360.00
2026-08-10,2026-Q3,005A0004,53234.00,217000.00,233500.00,371095.00
2026-08-10,2026-Q3,005A0005,20475.00,114400.00,144800.00,404090.00
2026-08-10,2026-Q3,005A0006,380400.00,505100.00,961700.00,2057500.00
2026-08-10,2026-Q3,005A0007,0.00,93700.00,93700.00,260100.00
2026-08-10,2026-Q3,005A0008,50000.00,87900.00,136100.00,265400.00
2026-08-10,2026-Q3,005A0009,127800.00,350100.00,590200.00,990300.00
2026-08-10,2026-Q3,005A0010,59500.00,92800.00,127600.00,298800.00
2026-08-10,2026-Q3,005A0011,0.00,0.00,0.00,97300.00
2026-08-10,2026-Q3,005A0012,248768.00,550500.00,1249500.00,1900720.00
2026-08-10,2026-Q3,005A0013,0.00,0.00,12300.00,16744.00
2026-08-10,2026-Q3,005A0014,277380.00,370000.00,509700.00,768108.00
2026-08-10,2026-Q3,005A0015,434148.00,889000.00,1080500.00,1953068.00
2026-08-10,2026-Q3,005A0016,260544.00,353900.00,370200.00,608120.00
2026-08-10,2026-Q3,005A0017,394500.00,778800.00,914400.00,1685000.00
2026-08-10,2026-Q3,005A0018,447396.00,547100.00,682700.00,942632.00
2026-08-10,2026-Q3,005A0020,196209.00,237700.00,264100.00,305991.00
2026-08-10,2026-Q3,005A0022,0.00,0.00,0.00,0.00
2026-08-10,2026-Q3,005A0023,223744.00,436900.00,570000.00,1133716.00
2026-08-10,2026-Q3,005A0024,145800.00,163200.00,257900.00,401300.00
2026-08-17,2026-Q3,005A0000,246900.00,648100.00,716900.00,811600.00
2026-08-17,2026-Q3,005A0002,27200.00,76300.00,146200.00,317800.00
2026-08-17,2026-Q3,005A0003,142974.00,220800.00,220800.00,360360.00
2026-08-17,2026-Q3,005A0004,53234.00,227500.00,244300.00,395314.00
2026-08-17,2026-Q3,005A0005,20475.00,118700.00,163900.00,409800.00
2026-08-17,2026-Q3,005A0006,380400.00,511600.00,996900.00,1883600.00
2026-08-17,2026-Q3,005A0007,0.00,88300.00,88300.00,260100.00
2026-08-17,2026-Q3,005A0008,50000.00,96000.00,143400.00,300500.00
2026-08-17,2026-Q3,005A0009,136500.00,352300.00,584800.00,1075300.00
2026-08-17,2026-Q3,005A0010,79800.00,123200.00,149100.00,290500.00
2026-08-17,2026-Q3,005A0011,0.00,0.00,0.00,97300.00
2026-08-17,2026-Q3,005A0012,317308.00,605300.00,1149500.00,1698596.00
2026-08-17,2026-Q3,005A0013,0.00,0.00,9700.00,16744.00
2026-08-17,2026-Q3,005A0014,280876.00,364800.00,530400.00,811348.00
2026-08-17,2026-Q3,005A0015,461380.00,794800.00,997300.00,1754992.00
2026-08-17,2026-Q3,005A0016,282256.00,361300.00,365700.00,589168.00
2026-08-17,2026-Q3,005A0017,412100.00,780600.00,934500.00,1751100.00
2026-08-17,2026-Q3,005A0018,447396.00,566200.00,662500.00,849988.00
2026-08-17,2026-Q3,005A0019,0.00,24300.00,53900.00,99544.00
2026-08-17,2026-Q3,005A0020,208026.00,322100.00,348900.00,315286.00
2026-08-17,2026-Q3,005A0022,0.00,0.00,0.00,0.00
2026-08-17,2026-Q3,005A0023,223744.00,414400.00,560100.00,1279168.00
2026-08-17,2026-Q3,005A0024,145800.00,165600.00,270100.00,409600.00
2026-08-24,2026-Q3,005A0000,246900.00,635700.00,746800.00,721300.00
2026-08-24,2026-Q3,005A0002,49600.00,78500.00,170300.00,291400.00
2026-08-24,2026-Q3,005A0003,142974.00,220500.00,220500.00,360360.00
2026-08-24,2026-Q3,005A0004,53234.00,233200.00,233200.00,493711.00
2026-08-24,2026-Q3,005A0005,29718.00,132600.00,152500.00,356525.00
2026-08-24,2026-Q3,005A0006,380400.00,583500.00,894100.00,1840500.00
2026-08-24,2026-Q3,005A0007,0.00,81200.00,81200.00,260100.00
2026-08-24,2026-Q3,005A0008,56400.00,108500.00,136500.00,326800.00
2026-08-24,2026-Q3,005A0009,145800.00,347300.00,551500.00,1102000.00
2026-08-24,2026-Q3,005A0010,108500.00,133800.00,164800.00,274400.00
2026-08-24,2026-Q3,005A0011,0.00,0.00,54000.00,97300.00
2026-08-24,2026-Q3,005A0012,457516.00,812400.00,1349100.00,1471356.00
2026-08-24,2026-Q3,005A0013,0.00,0.00,8400.00,16744.00
2026-08-24,2026-Q3,005A0014,283268.00,349200.00,533300.00,732596.00
2026-08-24,2026-Q3,005A0015,510876.00,926500.00,1055200.00,1646156.00
2026-08-24,2026-Q3,005A0016,282256.00,360400.00,360400.00,566904.00
2026-08-24,2026-Q3,005A0017,548400.00,810000.00,822700.00,1294600.00
2026-08-24,2026-Q3,005A0018,447396.00,554700.00,645600.00,793316.00
2026-08-24,2026-Q3,005A0019,0.00,0.00,29600.00,58788.00
2026-08-24,2026-Q3,005A0020,208026.00,317400.00,343800.00,329677.00
2026-08-24,2026-Q3,005A0022,0.00,0.00,0.00,0.00
2026-08-24,2026-Q3,005A0023,314180.00,421900.00,575000.00,1167572.00
2026-08-24,2026-Q3,005A0024,145800.00,172200.00,286300.00,429100.00
2026-08-31,2026-Q3,005A0000,320200.00,818300.00,848300.00,648000.00
2026-08-31,2026-Q3,005A0002,113600.00,135900.00,219100.00,274400.00
2026-08-31,2026-Q3,005A0003,142974.00,217800.00,217800.00,360360.00
2026-08-31,2026-Q3,005A0004,165203.00,270500.00,270500.00,321162.00
2026-08-31,2026-Q3,005A0006,490800.00,672200.00,923100.00,1310200.00
2026-08-31,2026-Q3,005A0007,0.00,81700.00,81700.00,260100.00
2026-08-31,2026-Q3,005A0008,67200.00,106700.00,138200.00,348900.00
2026-08-31,2026-Q3,005A0009,231900.00,366400.00,640400.00,964800.00
2026-08-31,2026-Q3,005A0010,108500.00,159200.00,192600.00,276500.00
2026-08-31,2026-Q3,005A0011,0.00,0.00,50900.00,97300.00
2026-08-31,2026-Q3,005A0012,457516.00,770200.00,1236500.00,1300144.00
2026-08-31,2026-Q3,005A0014,310316.00,387400.00,557600.00,764244.00
2026-08-31,2026-Q3,005A0015,568100.00,899800.00,1034000.00,1497668.00
2026-08-31,2026-Q3,005A0016,282256.00,385800.00,392300.00,628452.00
2026-08-31,2026-Q3,005A0017,559600.00,836700.00,852800.00,995400.00
2026-08-31,2026-Q3,005A0018,463036.00,568800.00,650400.00,705088.00
2026-08-31,2026-Q3,005A0019,0.00,0.00,32400.00,58788.00
2026-08-31,2026-Q3,005A0020,214526.00,373600.00,379400.00,329677.00
2026-08-31,2026-Q3,005A0022,0.00,0.00,0.00,0.00
2026-08-31,2026-Q3,005A0023,376004.00,537400.00,737600.00,1042820.00
2026-08-31,2026-Q3,005A0024,152400.00,164300.00,228900.00,362100.00
2026-09-07,2026-Q3,005A0000,320200.00,836800.00,836800.00,654200.00
2026-09-07,2026-Q3,005A0002,131700.00,146900.00,264500.00,239000.00
2026-09-07,2026-Q3,005A0003,142974.00,220400.00,220400.00,360360.00
2026-09-07,2026-Q3,005A0004,165203.00,190900.00,190900.00,173043.00
2026-09-07,2026-Q3,005A0005,48697.00,138500.00,158900.00,341405.00
2026-09-07,2026-Q3,005A0007,0.00,86200.00,86200.00,260100.00
2026-09-07,2026-Q3,005A0008,86900.00,125800.00,154400.00,321700.00
2026-09-07,2026-Q3,005A0009,231900.00,386800.00,611900.00,990100.00
2026-09-07,2026-Q3,005A0011,0.00,0.00,63000.00,97300.00
2026-09-07,2026-Q3,005A0012,457516.00,782500.00,1142000.00,1300144.00
2026-09-07,2026-Q3,005A0013,0.00,0.00,11600.00,16744.00
2026-09-07,2026-Q3,005A0015,722752.00,930000.00,1026700.00,1133440.00
2026-09-07,2026-Q3,005A0016,282256.00,347000.00,348700.00,549976.00
2026-09-07,2026-Q3,005A0017,635700.00,846000.00,864100.00,930700.00
2026-09-07,2026-Q3,005A0018,521272.00,579600.00,744200.00,590916.00
2026-09-07,2026-Q3,005A0019,0.00,0.00,35500.00,58788.00
2026-09-07,2026-Q3,005A0020,214526.00,364800.00,367400.00,249415.00
2026-09-07,2026-Q3,005A0022,0.00,0.00,0.00,0.00
2026-09-07,2026-Q3,005A0023,633604.00,661400.00,837700.00,675372.00
2026-09-07,2026-Q3,005A0024,167000.00,174800.00,257700.00,307200.00
2026-09-14,2026-Q3,005A0000,320200.00,780000.00,780000.00,650400.00
2026-09-14,2026-Q3,005A0002,139300.00,183400.00,261700.00,202200.00
2026-09-14,2026-Q3,005A0003,142974.00,217400.00,217400.00,360360.00
2026-09-14,2026-Q3,005A0004,165203.00,178900.00,178900.00,154791.00
2026-09-14,2026-Q3,005A0005,58166.00,171700.00,186700.00,278250.00
2026-09-14,2026-Q3,005A0006,626100.00,745500.00,851000.00,877200.00
2026-09-14,2026-Q3,005A0007,0.00,80200.00,80200.00,260100.00
2026-09-14,2026-Q3,005A0009,240800.00,325400.00,636500.00,833100.00
2026-09-14,2026-Q3,005A0010,143400.00,169800.00,210500.00,239100.00
2026-09-14,2026-Q3,005A0011,0.00,0.00,69400.00,97300.00
2026-09-14,2026-Q3,005A0012,457516.00,1087700.00,1211800.00,1209708.00
2026-09-14,2026-Q3,005A0013,0.00,0.00,10600.00,16744.00
2026-09-14,2026-Q3,005A0015,759920.00,848000.00,1053000.00,919724.00
2026-09-14,2026-Q3,005A0016,289524.00,324300.00,325700.00,180688.00
2026-09-14,2026-Q3,005A0017,719800.00,982400.00,1000000.00,753100.00
2026-09-14,2026-Q3,005A0018,521272.00,556000.00,592500.00,332028.00
2026-09-14,2026-Q3,005A0019,0.00,0.00,40200.00,58788.00
2026-09-14,2026-Q3,005A0020,214526.00,384800.00,388100.00,212209.00
2026-09-14,2026-Q3,005A0022,0.00,0.00,0.00,0.00
2026-09-14,2026-Q3,005A0023,633604.00,698700.00,876400.00,697544.00
2026-09-14,2026-Q3,005A0024,183600.00,192800.00,218000.00,199200.00
2026-09-21,2026-Q3,005A0000,320200.00,521900.00,521900.00,263700.00
2026-09-21,2026-Q3,005A0002,176100.00,183900.00,233800.00,133300.00
2026-09-21,2026-Q3,005A0003,142974.00,143000.00,143000.00,259155.00
2026-09-21,2026-Q3,005A0004,225575.00,238100.00,238100.00,17667.00
2026-09-21,2026-Q3,005A0005,77003.00,155900.00,175300.00,200679.00
2026-09-21,2026-Q3,005A0006,855500.00,910700.00,920400.00,445000.00
2026-09-21,2026-Q3,005A0007,0.00,0.00,0.00,143000.00
2026-09-21,2026-Q3,005A0008,98600.00,144600.00,164800.00,160000.00
2026-09-21,2026-Q3,005A0009,286800.00,365900.00,697600.00,734000.00
2026-09-21,2026-Q3,005A0010,143400.00,148800.00,157300.00,100900.00
2026-09-21,2026-Q3,005A0011,0.00,0.00,72200.00,97300.00
2026-09-21,2026-Q3,005A0012,811900.00,1200400.00,1272800.00,717416.00
2026-09-21,2026-Q3,005A0014,395416.00,448100.00,615300.00,376372.00
2026-09-21,2026-Q3,005A0015,816316.00,926400.00,1134100.00,726616.00
2026-09-21,2026-Q3,005A0016,289524.00,294300.00,295800.00,142600.00
2026-09-21,2026-Q3,005A0017,752500.00,979400.00,996700.00,600700.00
2026-09-21,2026-Q3,005A0018,563500.00,599000.00,644100.00,233680.00
2026-09-21,2026-Q3,005A0019,0.00,0.00,0.00,0.00
2026-09-21,2026-Q3,005A0020,251264.00,350500.00,350500.00,122353.00
2026-09-21,2026-Q3,005A0022,0.00,0.00,0.00,0.00
2026-09-21,2026-Q3,005A0023,711436.00,723300.00,923600.00,523940.00
2026-09-21,2026-Q3,005A0024,190900.00,193900.00,208900.00,132900.00
