opportunity_id,opportunity_name,account_id,opportunity_type,lead_source,owner_id,created_date,close_date,stage_name,forecast_category,amount,currency,is_closed,is_won,loss_reason,primary_competitor,primary_workspace_id,next_step,last_activity_date
006O0000000,Cobalcore - New Business,001A007048,New Business,Product-led (PQL),005A0006,2024-01-16,2024-02-20,Closed Won,,11700.00,EUR,1,1,,Zapier,ws_017033,,2025-01-18
006O0000001,Sellagrid - New Business,001A007090,New Business,Marketing (MQL),005A0007,2024-01-18,2024-05-07,Closed Lost,,101400.00,EUR,1,0,Unresponsive,,,,2025-01-15
006O0000002,Kestmark - New Business,001A004299,New Business,Product-led (PQL),005A0007,2024-01-21,2024-05-18,Closed Lost,,93600.00,USD,1,0,Competitor - Zapier,Zapier,ws_004668,,2025-01-15
006O0000003,Astercore - New Business,001A008533,New Business,Product-led (PQL),005A0003,2024-01-22,2024-02-18,Closed Won,,7100.00,USD,1,1,,,ws_006470,,2025-01-17
006O0000004,Runewave - New Business,001A002927,New Business,Marketing (MQL),005A0006,2024-01-22,2024-05-23,Closed Lost,,58600.00,USD,1,0,Chose self-hosted Community edition,,,,2025-01-20
006O0000005,Ivenfield - New Business,001A003107,New Business,Marketing (MQL),005A0004,2024-01-23,2024-02-19,Closed Lost,,6700.00,USD,1,0,No decision / status quo,,,,2025-01-15
006O0000006,Piralabs - New Business,001A007784,New Business,,005A0006,2024-01-25,2024-06-17,Closed Lost,,20700.00,EUR,1,0,Price / budget,,,,2025-01-16
006O0000007,Briodata - New Business,001A007546,New Business,Marketing (MQL),005A0007,2024-01-25,2024-02-26,Closed Lost,,4800.00,EUR,1,0,Champion left,Workato,,,2025-01-19
006O0000008,Lyralogic - New Business,001A007926,New Business,Partner,005A0002,2024-01-26,2024-03-06,Closed Lost,,8200.00,EUR,1,0,Competitor - Zapier,,,,2025-01-15
006O0000009,Yaratech - New Business,001A003596,New Business,Product-led (PQL),005A0006,2024-01-30,2024-07-01,Closed Lost,,62200.00,USD,1,0,Competitor - Make,Make,ws_010909,,2025-01-19
006O0000010,Deltadata - New Business,001A000618,New Business,Marketing (MQL),005A0001,2024-01-31,2024-05-10,Closed Lost,,49900.00,EUR,1,0,Unresponsive,Zapier,,,2025-01-22
006O0000011,Kestworks - New Business,001A001843,New Business,Outbound,005A0003,2024-01-31,2024-08-03,Closed Lost,,61700.00,USD,1,0,No decision / status quo,,,,2025-01-16
006O0000012,Sellamark - New Business,001A002319,New Business,Product-led (PQL),005A0001,2024-02-01,2024-02-29,Closed Lost,,17500.00,USD,1,0,Unresponsive,,ws_017935,,2025-01-17
006O0000013,Opalbridge - New Business,001A005694,New Business,Product-led (PQL),005A0005,2024-02-04,2024-05-25,Closed Lost,,37700.00,USD,1,0,Competitor - Zapier,,ws_005243,,2025-01-20
006O0000014,Halodata - New Business,001A007770,New Business,Marketing (MQL),005A0000,2024-02-04,2024-07-18,Closed Lost,,182500.00,EUR,1,0,Unresponsive,,,,2025-01-20
006O0000015,Vexmark - New Business,001A001179,New Business,Product-led (PQL),005A0004,2024-02-11,2024-04-15,Closed Won,,15500.00,GBP,1,1,,,ws_000062,,2025-01-22
006O0000016,Oriocore - New Business,001A003023,New Business,Product-led (PQL),005A0006,2024-02-11,2025-02-08,Closed Lost,Omitted,179600.00,USD,1,0,Competitor - Workato,,ws_003801,,2025-02-13
006O0000017,Quarbridge - New Business,001A006923,New Business,Product-led (PQL),005A0007,2024-02-12,2024-03-19,Closed Lost,,0.00,EUR,1,0,Security / compliance review,Zapier,ws_016816,,2025-01-24
006O0000018,Junolabs - New Business,001A002318,New Business,Marketing (MQL),005A0006,2024-02-13,2024-05-29,Closed Won,,18100.00,EUR,1,1,,,,,2025-01-19
006O0000019,Evogrid - New Business,001A003412,New Business,Marketing (MQL),005A0006,2024-02-16,2024-04-01,Closed Lost,,12900.00,EUR,1,0,Competitor - Zapier,,,,2025-01-18
006O0000020,Haloware - New Business,001A000427,New Business,Product-led (PQL),005A0006,2024-02-20,2024-04-07,Closed Lost,,108200.00,USD,1,0,Missing feature / integration,,ws_017809,,2025-01-23
006O0000021,Deltacore - New Business,001A004979,New Business,Marketing (MQL),005A0007,2024-02-20,2024-04-18,Closed Lost,,17500.00,USD,1,0,Missing feature / integration,,,,2025-01-21
006O0000022,Oriomark - New Business,001A000049,New Business,Marketing (MQL),005A0002,2024-02-20,2024-05-17,Closed Lost,,6500.00,EUR,1,0,,Zapier,,,2025-01-18
006O0000023,Wendmark - New Business,001A006993,New Business,Product-led (PQL),005A0006,2024-02-21,2024-04-27,Closed Won,,15200.00,EUR,1,1,,,ws_006055,,2025-01-16
006O0000024,Altotech - New Business,001A008097,New Business,Product-led (PQL),005A0007,2024-02-21,2024-03-15,Closed Lost,,5000.00,EUR,1,0,Chose self-hosted Community edition,,ws_014492,,2025-01-15
006O0000025,Kestdata - New Business,001A008184,New Business,Product-led (PQL),005A0007,2024-02-23,2024-06-08,Closed Lost,,20500.00,EUR,1,0,Competitor - Workato,Zapier,ws_000142,,2025-01-16
006O0000026,Fjelcore - New Business,001D000025,New Business,Product-led (PQL),005A0001,2024-02-23,2024-05-19,Closed Lost,,78900.00,EUR,1,0,Missing feature / integration,,ws_013445,,2025-01-15
006O0000027,Ivenbridge - New Business,001A008932,New Business,Product-led (PQL),005A0002,2024-02-24,2024-08-27,Closed Lost,,9200.00,EUR,1,0,Chose self-hosted Community edition,Power Automate,ws_000272,,2025-01-24
006O0000028,Deltalogic - New Business,001A000995,New Business,Marketing (MQL),005A0001,2024-02-24,2024-05-11,Closed Lost,,6200.00,EUR,1,0,Competitor - Workato,,,,2025-01-16
006O0000029,Runelabs - New Business,001A001239,New Business,Product-led (PQL),005A0002,2024-02-27,2024-03-11,Closed Won,,6700.00,EUR,1,1,,Custom scripts,ws_008308,,2025-01-24
006O0000030,Fjelpath - New Business,001A002289,New Business,Marketing (MQL),005A0004,2024-02-27,2024-04-17,Closed Lost,,13400.00,EUR,1,0,Price / budget,,,,2025-01-19
006O0000031,Quarpath - New Business,001A004891,New Business,Product-led (PQL),005A0004,2024-03-01,2024-04-24,Closed Lost,,49600.00,GBP,1,0,Competitor - Make,,ws_023921,,2025-01-19
006O0000032,Quarline - New Business,001A003534,New Business,Product-led (PQL),005A0003,2024-03-05,2024-03-29,Closed Won,,14500.00,USD,1,1,,,ws_020322,,2025-01-19
006O0000033,Sellavik - New Business,001A004245,New Business,Product-led (PQL),005A0003,2024-03-06,2024-05-31,Closed Lost,,76300.00,GBP,1,0,Price / budget,,ws_006698,,2025-01-24
006O0000034,Nexawave - New Business,001A000838,New Business,Marketing (MQL),005A0000,2024-03-06,2024-04-22,Closed Lost,,50300.00,EUR,1,0,Price / budget,,,,2025-01-16
006O0000035,Opalmark - New Business,001A000442,New Business,Product-led (PQL),005A0000,2024-03-08,2024-06-17,Closed Lost,,179100.00,USD,1,0,Chose self-hosted Community edition,Custom scripts,ws_003295,,2025-01-22
006O0000036,Evopath - New Business,001A007087,New Business,Inbound,005A0004,2024-03-08,2024-06-14,Closed Lost,,77900.00,GBP,1,0,Chose self-hosted Community edition,,ws_003166,,2025-01-22
006O0000037,Cobalsys - New Business,001A004880,New Business,Product-led (PQL),005A0001,2024-03-09,2024-05-03,Closed Won,,35200.00,EUR,1,1,,,ws_005722,,2025-01-19
006O0000038,Nordware - New Business,001A000815,New Business,Product-led (PQL),005A0001,2024-03-10,2024-07-22,Closed Lost,,185600.00,USD,1,0,Competitor - Power Automate,Power Automate,ws_019889,,2025-01-18
006O0000039,Bramdata - New Business,001A007146,New Business,Product-led (PQL),005A0001,2024-03-11,2024-08-02,Closed Lost,,19300.00,EUR,1,0,Chose self-hosted Community edition,,ws_009469,,2025-01-19
006O0000040,Wendcore - New Business,001A006629,New Business,Marketing (MQL),005A0000,2024-03-11,2024-08-03,Closed Lost,,,USD,1,0,Missing feature / integration,,,,2025-01-17
006O0000041,Solvbridge - New Business,001A000095,New Business,Marketing (MQL),005A0004,2024-03-11,2024-06-29,Closed Lost,,42000.00,USD,1,0,Price / budget,,,,2025-01-15
006O0000042,Briomark - New Business,001A000055,New Business,Marketing (MQL),005A0007,2024-03-12,2024-04-22,Closed Lost,,10400.00,USD,1,0,Timing,,,,2025-01-17
006O0000043,Evobridge - New Business,001A003754,New Business,Marketing (MQL),005A0002,2024-03-13,2024-04-14,Closed Lost,,18900.00,EUR,1,0,Timing,Zapier,,,2025-01-17
006O0000044,Valicore - New Business,001A008016,New Business,Product-led (PQL),005A0007,2024-03-14,2024-06-19,Closed Lost,,75300.00,USD,1,0,No decision / status quo,Workato,ws_009930,,2025-01-19
006O0000045,Boreavik - New Business,001A005701,New Business,Product-led (PQL),005A0001,2024-03-15,2024-09-17,Closed Lost,,16200.00,EUR,1,0,,,ws_009283,,2025-01-19
006O0000046,Ternvik - New Business,001A002034,New Business,Product-led (PQL),005A0002,2024-03-15,2024-04-06,Closed Won,,22000.00,EUR,1,1,,,ws_023809,,2025-01-20
006O0000047,Oriopoint - New Business,001A001500,New Business,Marketing (MQL),005A0006,2024-03-15,2024-05-27,Closed Lost,,7000.00,USD,1,0,No decision / status quo,Custom scripts,,,2025-01-22
006O0000048,Fjellabs - New Business,001A007095,New Business,Product-led (PQL),005A0005,2024-03-16,2024-04-19,Closed Won,,13700.00,GBP,1,1,,Make,ws_011182,,2025-01-21
006O0000049,Verastack - New Business,001A006203,New Business,Marketing (MQL),005A0001,2024-03-17,2024-04-04,Closed Lost,,26000.00,EUR,1,0,Champion left,,,,2025-01-20
006O0000050,Wendpoint - New Business,001A007543,New Business,Product-led (PQL),005A0005,2024-03-18,2024-08-07,Closed Lost,,113600.00,USD,1,0,Missing feature / integration,Workato,ws_005668,,2025-01-21
006O0000051,Lyraflow - New Business,001A008432,New Business,Product-led (PQL),005A0002,2024-03-22,2024-04-29,Closed Won,,41700.00,USD,1,1,,Make,ws_011497,,2025-01-16
006O0000052,Stracore - New Business,001A006575,New Business,Product-led (PQL),005A0001,2024-03-22,2024-04-25,Closed Lost,,63000.00,USD,1,0,Unresponsive,,ws_004406,,2025-01-21
006O0000053,Opalvik - New Business,001A002814,New Business,Partner,005A0002,2024-03-22,2024-04-22,Closed Lost,,4300.00,EUR,1,0,Unresponsive,,,,2025-01-22
006O0000054,Mirawave - New Business,001A005057,New Business,Product-led (PQL),005A0006,2024-03-23,2024-04-25,Closed Won,,13200.00,EUR,1,1,,Tray.io,ws_013489,,2025-01-23
006O0000055,Evoworks - New Business,001A008303,New Business,Product-led (PQL),005A0000,2024-03-23,2024-06-22,Closed Lost,,26900.00,EUR,1,0,Competitor - Zapier,,ws_017630,,2025-01-22
006O0000056,Verastack - New Business,001A006042,New Business,Inbound,005A0005,2024-03-24,2024-08-19,Closed Lost,,140400.00,USD,1,0,Security / compliance review,Zapier,ws_006436,,2025-01-17
006O0000057,Astercore - New Business,001A006868,New Business,Inbound,005A0004,2024-03-24,2024-07-16,Closed Lost,,6100.00,USD,1,0,No decision / status quo,,ws_016645,,2025-01-20
006O0000058,Sellaworks - New Business,001A001849,New Business,Product-led (PQL),005A0007,2024-03-25,2024-08-24,Closed Lost,,17600.00,USD,1,0,Competitor - Power Automate,Power Automate,ws_023173,,2025-01-21
006O0000059,Ciranet - New Business,001D000065,New Business,Inbound,005A0003,2024-03-25,2024-04-26,Closed Lost,,32300.00,USD,1,0,Competitor - Power Automate,,ws_009443,,2025-01-18
006O0000060,Lumoworks - New Business,001A001332,New Business,Marketing (MQL),005A0007,2024-03-25,2024-08-07,Closed Lost,,4800.00,EUR,1,0,Unresponsive,Custom scripts,,,2025-01-23
006O0000061,Wendwave - New Business,001A003332,New Business,Product-led (PQL),005A0002,2024-03-26,2024-04-21,Closed Lost,,43100.00,EUR,1,0,Chose self-hosted Community edition,,ws_003654,,2025-01-24
006O0000062,Ciratech - New Business,001A002808,New Business,Product-led (PQL),005A0001,2024-03-26,2024-06-05,Closed Won,,23000.00,EUR,1,1,,,ws_012956,,2025-01-17
006O0000063,Lyralabs - New Business,001A002269,New Business,Product-led (PQL),005A0000,2024-03-26,2024-09-05,Closed Lost,,6700.00,USD,1,0,Competitor - Workato,Workato,ws_004885,,2025-01-15
006O0000064,Vexstack - New Business,001A007468,New Business,Product-led (PQL),005A0005,2024-03-27,2024-05-10,Closed Lost,,17700.00,USD,1,0,Price / budget,,ws_007375,,2025-01-22
006O0000065,Pirasys - New Business,001A001063,New Business,Inbound,005A0006,2024-03-27,2024-07-12,Closed Lost,,13200.00,USD,1,0,No decision / status quo,Custom scripts,ws_011197,,2025-01-23
006O0000066,Granlabs - New Business,001A003961,New Business,Product-led (PQL),005A0001,2024-03-28,2024-06-01,Closed Won,,51300.00,EUR,1,1,,,ws_003086,,2025-01-24
006O0000067,Runebridge - New Business,001A001447,New Business,Outbound,005A0006,2024-03-28,2024-07-24,Closed Lost,,23700.00,EUR,1,0,Missing feature / integration,,,,2025-01-23
006O0000068,Nexanet - New Business,001A000832,New Business,Product-led (PQL),005A0006,2024-03-30,2024-11-15,Closed Lost,,5600.00,EUR,1,0,,,ws_011963,,2025-01-19
006O0000069,Sellanet - New Business,001A008157,New Business,Inbound,005A0005,2024-03-30,2024-06-21,Closed Lost,,6300.00,GBP,1,0,Security / compliance review,Zapier,ws_012017,,2025-01-23
006O0000070,Ivennet - New Business,001A001943,New Business,Inbound,005A0000,2024-03-31,2024-05-21,Closed Lost,,259600.00,EUR,1,0,Competitor - Power Automate,,ws_015223,,2025-01-24
006O0000071,Nordnet - New Business,001A002592,New Business,Inbound,005A0003,2024-03-31,2024-05-17,Closed Lost,,46500.00,USD,1,0,Security / compliance review,,ws_018666,,2025-01-22
006O0000072,Ivennet - New Business,001A001275,New Business,Product-led (PQL),005A0002,2024-04-01,2024-05-22,Closed Lost,,30200.00,EUR,1,0,Chose self-hosted Community edition,Zapier,ws_010376,,2025-01-15
006O0000073,Brammark - New Business,001A005259,New Business,Product-led (PQL),005A0002,2024-04-02,2024-04-17,Closed Won,,13600.00,EUR,1,1,,Tray.io,ws_003148,,2025-01-21
006O0000074,Lumobridge - New Business,001A005936,New Business,Product-led (PQL),005A0005,2024-04-02,2024-05-06,Closed Won,,17600.00,GBP,1,1,,Custom scripts,ws_005688,,2025-01-23
006O0000075,Opalworks - New Business,001A002190,New Business,Marketing (MQL),005A0001,2024-04-02,2024-09-08,Closed Lost,,11000.00,EUR,1,0,Competitor - Make,Power Automate,,,2025-01-18
006O0000076,Ciralogic - New Business,001A004650,New Business,Product-led (PQL),005A0006,2024-04-03,2024-06-07,Closed Won,,105100.00,USD,1,1,,Make,ws_019688,,2025-01-21
006O0000077,Briomark - New Business,001A002799,New Business,Marketing (MQL),005A0004,2024-04-05,2024-08-14,Closed Lost,,154400.00,USD,1,0,Other,Custom scripts,,,2025-01-16
006O0000078,Korastack - New Business,001A001902,New Business,Product-led (PQL),005A0001,2024-04-07,2024-10-09,Closed Lost,,28400.00,USD,1,0,Security / compliance review,Workato,ws_002037,,2025-01-21
006O0000079,Evolabs - New Business,001A002243,New Business,Product-led (PQL),005A0003,2024-04-07,2024-07-09,Closed Won,,220900.00,GBP,1,1,,Zapier,ws_010442,,2025-01-21
006O0000080,Halosys - New Business,001A006527,New Business,Inbound,005A0002,2024-04-07,2024-05-07,Closed Lost,,14600.00,EUR,1,0,Other,Workato,ws_022739,,2025-01-21
006O0000081,Koraware - New Business,001A002589,New Business,Product-led (PQL),005A0006,2024-04-08,2024-06-09,Closed Won,,108800.00,EUR,1,1,,,ws_017235,,2025-01-15
006O0000082,Bramwave - New Business,001A004973,New Business,Product-led (PQL),005A0007,2024-04-09,2024-05-24,Closed Lost,,55800.00,USD,1,0,,,ws_005867,,2025-01-19
006O0000083,Koraworks - New Business,001A008742,New Business,Product-led (PQL),005A0001,2024-04-09,2024-05-13,Closed Lost,,62100.00,EUR,1,0,Unresponsive,,ws_007493,,2025-01-16
006O0000084,Lumoflow - New Business,001A000318,New Business,Product-led (PQL),005A0005,2024-04-12,2024-07-06,Closed Lost,,10600.00,EUR,1,0,Timing,,ws_015327,,2025-01-20
006O0000085,Boreawave - New Business,001A007034,New Business,Inbound,005A0002,2024-04-12,2024-04-30,Closed Lost,,12500.00,EUR,1,0,Unresponsive,Make,ws_005120,,2025-01-16
006O0000086,Bramwave - New Business,001A006411,New Business,Product-led (PQL),005A0005,2024-04-15,2024-06-28,Closed Won,,24300.00,USD,1,1,,,ws_019356,,2025-01-21
006O0000087,Talalabs - New Business,001A002036,New Business,Product-led (PQL),005A0007,2024-04-15,2024-05-27,Closed Won,,53200.00,USD,1,1,,,ws_005017,,2025-01-23
006O0000088,Wendlabs - New Business,001A000467,New Business,Marketing (MQL),005A0004,2024-04-15,2024-08-12,Closed Lost,,7600.00,USD,1,0,No decision / status quo,Make,,,2025-01-20
006O0000089,Boreaworks - New Business,001A004825,New Business,Product-led (PQL),005A0006,2024-04-16,2024-07-11,Closed Won,,65700.00,EUR,1,1,,,ws_013988,,2025-01-18
006O0000090,Umbralabs - New Business,001A007568,New Business,Product-led (PQL),005A0001,2024-04-17,2024-08-16,Closed Won,,400600.00,USD,1,1,,Workato,ws_014792,,2025-01-17
006O0000091,Evomark - New Business,001A000611,New Business,Inbound,005A0002,2024-04-17,2024-06-27,Closed Lost,,37900.00,USD,1,0,Other,Zapier,ws_012403,,2025-01-21
006O0000092,Lumopoint - New Business,001A004166,New Business,Product-led (PQL),005A0001,2024-04-18,2024-07-08,Closed Lost,,67500.00,EUR,1,0,,Tray.io,ws_022511,,2025-01-15
006O0000093,Lyralogic - New Business,001A000901,New Business,Product-led (PQL),005A0004,2024-04-19,2024-06-24,Closed Won,,51000.00,GBP,1,1,,,ws_020648,,2025-01-18
006O0000094,Talaflow - New Business,001D000069,New Business,Outbound,005A0007,2024-04-23,2024-05-28,Closed Lost,,35900.00,USD,1,0,Timing,,,,2025-01-16
006O0000095,Junotech - New Business,001A005311,New Business,Marketing (MQL),005A0005,2024-04-25,2024-06-04,Closed Lost,,13600.00,GBP,1,0,Timing,,,,2025-01-21
006O0000096,Bramlabs - New Business,001A006081,New Business,Product-led (PQL),005A0001,2024-04-26,2024-07-07,Closed Lost,,33100.00,EUR,1,0,Competitor - Zapier,Zapier,ws_017216,,2025-01-24
006O0000097,Ivenmark - New Business,001A003230,New Business,Partner,005A0011,2024-04-26,2024-06-07,Closed Lost,,9500.00,EUR,1,0,Competitor - Zapier,,,,2025-01-17
006O0000098,Terndata - New Business,001A007939,New Business,Product-led (PQL),005A0002,2024-04-27,2024-09-18,Closed Lost,,,USD,1,0,Chose self-hosted Community edition,Zapier,ws_020587,,2025-01-18
006O0000099,Xenogrid - New Business,001A004619,New Business,Product-led (PQL),005A0006,2024-04-28,2024-05-15,Closed Lost,,94500.00,EUR,1,0,Chose self-hosted Community edition,,ws_006987,,2025-01-20
006O0000100,Verasys - New Business,001A005730,New Business,Inbound,005A0003,2024-04-28,2024-10-19,Closed Lost,,77600.00,GBP,1,0,,Zapier,ws_020641,,2025-01-16
006O0000101,Vexbridge - New Business,001A006864,New Business,Product-led (PQL),005A0006,2024-04-29,2024-08-04,Closed Won,,122400.00,EUR,1,1,,Tray.io,ws_002420,,2025-01-23
006O0000102,Vexlogic - New Business,001A000362,New Business,Product-led (PQL),005A0002,2024-04-29,2024-12-06,Closed Lost,,3400.00,EUR,1,0,Security / compliance review,Zapier,ws_012218,,2025-01-24
006O0000103,Koravik - New Business,001A001931,New Business,Product-led (PQL),005A0001,2024-04-29,2024-08-01,Closed Won,,13000.00,USD,1,1,,,ws_023778,,2025-01-22
006O0000104,Miratech - New Business,001A002565,New Business,Inbound,005A0006,2024-04-29,2024-06-07,Closed Lost,,20900.00,EUR,1,0,Unresponsive,,ws_022102,,2025-01-16
006O0000105,Yaravik - New Business,001A002533,New Business,Marketing (MQL),005A0001,2024-04-29,2025-01-21,Closed Lost,Omitted,89900.00,EUR,1,0,,,,,2025-01-22
006O0000106,Halosys - New Business,001A003627,New Business,Product-led (PQL),005A0003,2024-05-01,2024-06-30,Closed Won,,111500.00,USD,1,1,,,ws_004446,,2025-01-20
006O0000107,Cirafield - New Business,001A002060,New Business,Product-led (PQL),005A0006,2024-05-02,2024-07-06,Closed Lost,,60900.00,USD,1,0,Competitor - Zapier,,ws_005068,,2025-01-22
006O0000108,Oriostack - New Business,001A006413,New Business,Product-led (PQL),005A0002,2024-05-02,2024-06-18,Closed Lost,,0.00,USD,1,0,Competitor - Make,,ws_008842,,2025-01-19
006O0000109,Pirapath - New Business,001A007893,New Business,Product-led (PQL),005A0002,2024-05-03,2024-06-02,Closed Won,,16100.00,EUR,1,1,,,ws_005694,,2025-01-18
006O0000110,Lumoware - New Business,001A004116,New Business,Product-led (PQL),005A0005,2024-05-03,2024-06-23,Closed Lost,,21000.00,USD,1,0,Other,,ws_021500,,2025-01-23
006O0000111,Ciranet - New Business,001A000795,New Business,Partner,005A0011,2024-05-03,2024-08-05,Closed Lost,,9900.00,EUR,1,0,No decision / status quo,,,,2025-01-20
006O0000112,Taladata - New Business,001A007592,New Business,Inbound,005A0000,2024-05-04,2024-06-01,Closed Lost,,12000.00,USD,1,0,Timing,,ws_001312,,2025-01-22
006O0000113,Lumologic - New Business,001A001107,New Business,Inbound,005A0007,2024-05-04,2024-05-28,Closed Lost,,6400.00,EUR,1,0,Price / budget,Custom scripts,ws_001905,,2025-01-21
006O0000114,Miramark - New Business,001A007571,New Business,Product-led (PQL),005A0004,2024-05-05,2024-10-05,Closed Lost,,63400.00,USD,1,0,Champion left,Workato,ws_007794,,2025-01-18
006O0000115,Deltanet - New Business,001A003801,New Business,Product-led (PQL),005A0004,2024-05-05,2024-07-15,Closed Lost,,61500.00,GBP,1,0,Missing feature / integration,,ws_018309,,2025-01-23
006O0000116,Strasys - New Business,001A000689,New Business,Product-led (PQL),005A0006,2024-05-06,2024-08-22,Closed Lost,,46200.00,EUR,1,0,Competitor - Power Automate,Custom scripts,ws_018565,,2025-01-17
006O0000117,Kestlogic - New Business,001A007590,New Business,Product-led (PQL),005A0006,2024-05-07,2024-08-19,Closed Lost,,45300.00,EUR,1,0,Price / budget,,ws_016086,,2025-01-20
006O0000118,Altoware - New Business,001A007534,New Business,Partner,005A0011,2024-05-07,2024-06-17,Closed Lost,,19200.00,EUR,1,0,Price / budget,,,,2025-01-22
006O0000119,Boreastack - New Business,001A002061,New Business,Product-led (PQL),005A0003,2024-05-09,2024-11-11,Closed Lost,,70700.00,GBP,1,0,Security / compliance review,,ws_009137,,2025-01-19
006O0000120,Sellasys - New Business,001A001763,New Business,Product-led (PQL),005A0001,2024-05-10,2024-07-12,Closed Lost,,87900.00,EUR,1,0,Competitor - Zapier,,ws_006015,,2025-01-23
006O0000121,Boreaworks - New Business,001A005817,New Business,Product-led (PQL),005A0004,2024-05-10,2024-11-11,Closed Lost,,77300.00,GBP,1,0,Other,,ws_014704,,2025-01-22
006O0000122,Fjelgrid - New Business,001A008090,New Business,Product-led (PQL),005A0011,2024-05-10,2024-06-10,Closed Won,,14300.00,EUR,1,1,,Power Automate,ws_019313,,2025-01-22
006O0000123,Opalworks - New Business,001A008730,New Business,Product-led (PQL),005A0004,2024-05-11,2024-07-13,Closed Won,,0.00,GBP,1,1,,,ws_004959,,2025-01-23
006O0000124,Solvline - New Business,001A000093,New Business,Marketing (MQL),005A0006,2024-05-11,2024-12-03,Closed Lost,,185800.00,EUR,1,0,Price / budget,,,,2025-01-20
006O0000125,Ciraflow - New Business,001A007795,New Business,Product-led (PQL),005A0000,2024-05-13,2024-06-11,Closed Lost,,15700.00,USD,1,0,,Workato,ws_005501,,2025-01-16
006O0000126,Granworks - New Business,001A006671,New Business,Product-led (PQL),005A0011,2024-05-14,2024-07-14,Closed Lost,,60100.00,EUR,1,0,No decision / status quo,Workato,ws_020126,,2025-01-17
006O0000127,Wendbridge - New Business,001A001520,New Business,Product-led (PQL),005A0005,2024-05-14,2024-09-08,Closed Lost,,9900.00,EUR,1,0,Price / budget,,ws_012113,,2025-01-15
006O0000128,Piramark - New Business,001A003980,New Business,Marketing (MQL),005A0001,2024-05-15,2024-07-24,Closed Lost,,8700.00,EUR,1,0,Other,,,,2025-01-23
006O0000129,Ternline - New Business,001A007371,New Business,Product-led (PQL),005A0011,2024-05-16,2024-06-10,Closed Won,,30500.00,USD,1,1,,,ws_005645,,2025-01-21
006O0000130,Lumobridge - New Business,001A006680,New Business,Inbound,005A0001,2024-05-17,2024-07-03,Closed Lost,,40500.00,USD,1,0,Competitor - Power Automate,,ws_006445,,2025-01-17
006O0000131,Zephfield - New Business,001A002583,New Business,Product-led (PQL),005A0001,2024-05-18,2024-08-22,Closed Won,,36700.00,EUR,1,1,,,ws_007508,,2025-01-17
006O0000132,Oriogrid - New Business,001A000731,New Business,Product-led (PQL),005A0002,2024-05-18,2024-06-12,Closed Won,,15400.00,EUR,1,1,,,ws_010272,,2025-01-19
006O0000133,Astervik - New Business,001A007862,New Business,Marketing (MQL),005A0001,2024-05-18,2024-07-02,Closed Lost,,13000.00,EUR,1,0,Price / budget,,,,2025-01-16
006O0000134,Piracore - New Business,001A007116,New Business,Product-led (PQL),005A0006,2024-05-19,2024-07-18,Closed Won,,27600.00,EUR,1,1,,Zapier,ws_003584,,2025-01-18
006O0000135,Talabridge - New Business,001A004010,New Business,Product-led (PQL),005A0004,2024-05-19,2024-06-14,Closed Lost,,29200.00,GBP,1,0,,,ws_020012,,2025-01-17
006O0000136,Lyralogic - New Business,001A000812,New Business,Marketing (MQL),005A0002,2024-05-19,2024-06-18,Closed Lost,,48600.00,USD,1,0,Price / budget,Make,,,2025-01-19
006O0000137,Ivenflow - New Business,001A005737,New Business,Product-led (PQL),005A0004,2024-05-20,2024-06-25,Closed Won,,5400.00,USD,1,1,,,ws_020299,,2025-01-23
006O0000138,Umbrabridge - New Business,001A004512,New Business,Product-led (PQL),005A0003,2024-05-20,2024-07-02,Closed Lost,,120200.00,USD,1,0,No decision / status quo,,ws_012802,,2025-01-16
006O0000139,Yaradata - New Business,001A000771,New Business,Partner,005A0003,2024-05-20,2024-08-05,Closed Lost,,22600.00,USD,1,0,Competitor - Zapier,,,,2025-01-18
006O0000140,Koragrid - New Business,001A007857,New Business,Inbound,005A0004,2024-05-21,2024-06-30,Closed Lost,,27000.00,GBP,1,0,Price / budget,Workato,ws_007343,,2025-01-19
006O0000141,Runedata - New Business,001A006372,New Business,Inbound,005A0003,2024-05-21,2024-08-30,Closed Lost,,65700.00,USD,1,0,No decision / status quo,,ws_022811,,2025-01-17
006O0000142,Deltasys - New Business,001D000131,New Business,Marketing (MQL),005A0011,2024-05-21,2024-07-09,Closed Lost,,30900.00,EUR,1,0,Price / budget,,,,2025-01-21
006O0000143,Junofield - New Business,001A002727,New Business,Product-led (PQL),005A0002,2024-05-22,2024-06-24,Closed Won,,11900.00,EUR,1,1,,,ws_000406,,2025-01-15
006O0000144,Runenet - New Business,001A001252,New Business,Marketing (MQL),005A0002,2024-05-22,2024-07-10,Closed Lost,,4100.00,EUR,1,0,Competitor - Workato,Make,,,2025-01-16
006O0000145,Bramline - New Business,001A005255,New Business,Marketing (MQL),005A0004,2024-05-22,2024-12-30,Closed Lost,,24100.00,USD,1,0,Chose self-hosted Community edition,,,,2025-01-19
006O0000146,Koranet - New Business,001A000263,New Business,Inbound,005A0002,2024-05-23,2024-07-08,Closed Won,,11900.00,EUR,1,1,,Tray.io,ws_015509,,2025-01-21
006O0000147,Oriopath - New Business,001A001308,New Business,Product-led (PQL),005A0000,2024-05-24,2024-08-15,Closed Won,,87600.00,EUR,1,1,,,ws_022499,,2025-01-17
006O0000148,Borealine - New Business,001A001903,New Business,Outbound,005A0001,2024-05-24,2025-03-20,Closed Lost,Omitted,62400.00,EUR,1,0,,,,,2025-03-30
006O0000149,Deltamark - New Business,001A002128,New Business,Partner,005A0002,2024-05-24,2024-07-09,Closed Lost,,7000.00,EUR,1,0,Chose self-hosted Community edition,Power Automate,,,2025-01-17
006O0000150,Pirastack - New Business,001A001200,New Business,Product-led (PQL),005A0000,2024-05-25,2024-08-14,Closed Lost,,10400.00,USD,1,0,,,ws_006368,,2025-01-16
006O0000151,Deltafield - New Business,001A006780,New Business,Product-led (PQL),005A0006,2024-05-26,2024-07-01,Closed Won,,70200.00,EUR,1,1,,,ws_006458,,2025-01-23
006O0000152,Lumoline - New Business,001A007854,New Business,Product-led (PQL),005A0004,2024-05-26,2024-11-15,Closed Lost,,10700.00,GBP,1,0,Chose self-hosted Community edition,,ws_012247,,2025-01-24
006O0000153,Nexawave - New Business,001A006737,New Business,Product-led (PQL),005A0000,2024-05-27,2024-08-23,Closed Lost,,12400.00,USD,1,0,Unresponsive,,ws_014134,,2025-01-22
006O0000154,Opalpoint - New Business,001A005510,New Business,Inbound,005A0002,2024-05-27,2024-07-13,Closed Won,,18200.00,EUR,1,1,,,ws_015976,,2025-01-21
006O0000155,Granlabs - New Business,001A003915,New Business,Product-led (PQL),005A0011,2024-05-28,2024-06-17,Closed Lost,,28800.00,EUR,1,0,No decision / status quo,Zapier,ws_001129,,2025-01-23
006O0000156,Nexasys - New Business,001A001440,New Business,Product-led (PQL),005A0004,2024-05-28,2024-06-21,Closed Lost,,45300.00,GBP,1,0,No decision / status quo,,ws_019619,,2025-01-22
006O0000157,Nordgrid - New Business,001A004742,New Business,Inbound,005A0004,2024-05-28,2024-06-29,Closed Lost,,8100.00,USD,1,0,Chose self-hosted Community edition,Zapier,ws_013153,,2025-01-23
006O0000158,Fjelnet - New Business,001A007845,New Business,Inbound,005A0005,2024-05-28,2024-07-27,Closed Lost,,16300.00,GBP,1,0,Champion left,Zapier,ws_014756,,2025-01-24
006O0000159,Ivenwave - New Business,001A006580,New Business,Outbound,005A0000,2024-05-28,2024-10-10,Closed Lost,,18200.00,USD,1,0,No decision / status quo,Make,,,2025-01-16
006O0000160,Yaraworks - New Business,001A002791,New Business,Product-led (PQL),005A0002,2024-05-29,2024-07-09,Closed Won,,43900.00,EUR,1,1,,,ws_023276,,2025-01-19
006O0000161,Solvmark - New Business,001A005182,New Business,Marketing (MQL),005A0002,2024-05-29,2024-09-18,Closed Lost,,7600.00,EUR,1,0,Competitor - Zapier,,,,2025-01-17
006O0000162,Ivenstack - New Business,001A005525,New Business,Marketing (MQL),005A0002,2024-05-29,2024-07-13,Closed Lost,,26500.00,USD,1,0,Competitor - Zapier,Zapier,,,2025-01-20
006O0000163,Cobalware - New Business,001A003233,New Business,Outbound,005A0001,2024-05-29,2024-08-22,Closed Lost,,8500.00,EUR,1,0,Chose self-hosted Community edition,,,,2025-01-17
006O0000164,Talalogic - New Business,001A004653,New Business,Outbound,005A0001,2024-05-29,2024-12-07,Closed Lost,,14600.00,EUR,1,0,Competitor - Make,Make,,,2025-01-21
006O0000165,Sellafield - New Business,001A002547,New Business,Partner,005A0001,2024-05-29,2024-09-24,Closed Lost,,34300.00,EUR,1,0,Price / budget,,,,2025-01-18
006O0000166,Solvware - New Business,001A005908,New Business,Product-led (PQL),005A0004,2024-05-30,2024-08-01,Closed Won,,32200.00,EUR,1,1,,,ws_007861,,2025-01-20
006O0000167,Runemark - New Business,001A006213,New Business,Product-led (PQL),005A0006,2024-05-30,2024-07-09,Closed Won,,17200.00,USD,1,1,,Zapier,ws_011708,,2025-01-24
006O0000168,Granworks - New Business,001A005653,New Business,Product-led (PQL),005A0011,2024-05-31,2024-09-14,Closed Lost,,7700.00,EUR,1,0,Competitor - Power Automate,Custom scripts,ws_004184,,2025-01-23
006O0000169,Wendgrid - New Business,001A005939,New Business,Product-led (PQL),005A0001,2024-05-31,2024-11-08,Closed Lost,,20100.00,USD,1,0,Price / budget,Custom scripts,ws_004361,,2025-01-15
006O0000170,Grancore - New Business,001A004675,New Business,Product-led (PQL),005A0001,2024-06-01,2024-09-12,Closed Lost,,96000.00,EUR,1,0,Price / budget,,ws_006863,,2025-01-21
006O0000171,Sellasys - New Business,001A001910,New Business,Product-led (PQL),005A0002,2024-06-01,2024-09-09,Closed Lost,,18600.00,EUR,1,0,Competitor - Make,,ws_016296,,2025-01-21
006O0000172,Opalstack - New Business,001A004483,New Business,Product-led (PQL),005A0003,2024-06-01,2024-10-11,Closed Won,,43600.00,GBP,1,1,,,ws_019525,,2025-01-22
006O0000173,Fjelpath - New Business,001A001669,New Business,,005A0001,2024-06-01,2024-10-23,Closed Lost,,37600.00,USD,1,0,,Make,,,2025-01-20
006O0000174,Cirafield - New Business,001A005799,New Business,Inbound,005A0006,2024-06-02,2024-07-30,Closed Lost,,53400.00,EUR,1,0,Champion left,,ws_001475,,2025-01-16
006O0000175,Ivenpath - New Business,001A008309,New Business,,005A0002,2024-06-02,2024-08-07,Closed Lost,,37500.00,USD,1,0,,,,,2025-01-20
006O0000176,Halosys - New Business,001A008819,New Business,Product-led (PQL),005A0005,2024-06-04,2024-07-17,Closed Won,,49800.00,USD,1,1,,Custom scripts,ws_006695,,2025-01-16
006O0000177,Xenopath - New Business,001A008970,New Business,Product-led (PQL),005A0012,2024-06-04,2024-08-13,Closed Lost,,68000.00,USD,1,0,Chose self-hosted Community edition,Make,ws_009883,,2025-01-18
006O0000178,Opalline - New Business,001A007344,New Business,Product-led (PQL),005A0011,2024-06-05,2024-07-21,Closed Lost,,10400.00,EUR,1,0,Chose self-hosted Community edition,,ws_001792,,2025-01-21
006O0000179,Wendmark - New Business,001A008291,New Business,Marketing (MQL),005A0007,2024-06-05,2024-09-06,Closed Lost,,22600.00,USD,1,0,Timing,Power Automate,,,2025-01-15
006O0000180,Lumoworks - New Business,001A002330,New Business,Marketing (MQL),005A0012,2024-06-05,2024-10-23,Closed Lost,,7800.00,USD,1,0,No decision / status quo,Tray.io,,,2025-01-17
006O0000181,Xenopoint - New Business,001A005237,New Business,Product-led (PQL),005A0001,2024-06-06,2024-08-14,Closed Lost,,62000.00,EUR,1,0,Competitor - Zapier,Zapier,ws_023381,,2025-01-22
006O0000182,Quarmark - New Business,001A006196,New Business,Inbound,005A0012,2024-06-06,2024-08-17,Closed Lost,,17600.00,USD,1,0,,Power Automate,ws_005272,,2025-01-20
006O0000183,Orioline - New Business,001A003918,New Business,Marketing (MQL),005A0012,2024-06-06,2024-10-28,Closed Lost,,126000.00,USD,1,0,Security / compliance review,,,,2025-01-24
006O0000184,Haloflow - New Business,001A000140,New Business,Outbound,005A0006,2024-06-06,2024-07-22,Closed Lost,,37200.00,EUR,1,0,Competitor - Workato,Workato,,,2025-01-18
006O0000185,Runebridge - New Business,001A001362,New Business,Partner,005A0012,2024-06-06,2024-08-21,Closed Lost,,9400.00,USD,1,0,Other,,,,2025-01-22
006O0000186,Sellavik - New Business,001A006330,New Business,Product-led (PQL),005A0011,2024-06-07,2024-07-19,Closed Lost,,29900.00,EUR,1,0,Price / budget,,ws_020047,,2025-01-22
006O0000187,Kestpath - New Business,001A006503,New Business,Product-led (PQL),005A0012,2024-06-07,2024-07-10,Closed Won,,31000.00,USD,1,1,,Power Automate,ws_023670,,2025-01-21
006O0000188,Stragrid - New Business,001A001243,New Business,Product-led (PQL),005A0000,2024-06-07,2024-07-15,Closed Lost,,51900.00,EUR,1,0,,,ws_019517,,2025-01-15
006O0000189,Yaralabs - New Business,001A008687,New Business,Partner,005A0004,2024-06-08,2024-08-11,Closed Lost,,41300.00,GBP,1,0,Chose self-hosted Community edition,Power Automate,,,2025-01-22
006O0000190,Nexavik - New Business,001A007873,New Business,Product-led (PQL),005A0001,2024-06-09,2024-08-11,Closed Won,,14000.00,EUR,1,1,,Workato,ws_019964,,2025-01-24
006O0000191,Halovik - New Business,001A000215,New Business,Inbound,005A0012,2024-06-10,2025-04-24,Closed Lost,Omitted,186400.00,USD,1,0,Security / compliance review,,ws_004392,,2025-04-28
006O0000192,Pirapath - New Business,001A005546,New Business,Inbound,005A0001,2024-06-10,2024-08-09,Closed Won,,15800.00,USD,1,1,,Zapier,ws_009709,,2025-01-22
006O0000193,Junotech - New Business,001A001108,New Business,Product-led (PQL),005A0001,2024-06-11,2024-09-27,Closed Lost,,43500.00,USD,1,0,Competitor - Zapier,,ws_011558,,2025-01-20
006O0000194,Boreacore - New Business,001A008053,New Business,Product-led (PQL),005A0012,2024-06-11,2024-09-15,Closed Lost,,143100.00,USD,1,0,Security / compliance review,Custom scripts,ws_012912,,2025-01-23
006O0000195,Strapoint - New Business,001A008155,New Business,Inbound,005A0011,2024-06-12,2024-07-17,Closed Lost,,8900.00,USD,1,0,Chose self-hosted Community edition,,ws_016514,,2025-01-17
006O0000196,Junoworks - New Business,001A006915,New Business,Product-led (PQL),005A0012,2024-06-13,2024-08-07,Closed Lost,,18000.00,USD,1,0,Competitor - Zapier,,ws_000385,,2025-01-18
006O0000197,Kesttech - New Business,001A000232,New Business,Product-led (PQL),005A0000,2024-06-13,2024-10-09,Closed Won,,203700.00,USD,1,1,,,ws_013825,,2025-01-16
006O0000198,Vexlabs - New Business,001A008860,New Business,,005A0005,2024-06-14,2024-07-02,Closed Lost,,18000.00,GBP,1,0,Unresponsive,,,,2025-01-21
006O0000199,Kestline - New Business,001A002183,New Business,Marketing (MQL),005A0001,2024-06-14,2025-05-03,Closed Lost,Omitted,59600.00,EUR,1,0,No decision / status quo,,,,2025-05-11
006O0000200,Veramark - New Business,001A002195,New Business,Product-led (PQL),005A0012,2024-06-15,2024-08-01,Closed Lost,,46600.00,USD,1,0,Competitor - Power Automate,Power Automate,ws_015401,,2025-01-22
006O0000201,Junosys - New Business,001A004176,New Business,Marketing (MQL),005A0012,2024-06-17,2024-10-29,Closed Lost,,27500.00,USD,1,0,Competitor - Power Automate,Zapier,,,2025-01-24
006O0000202,Pirasys - New Business,001A002650,New Business,,005A0002,2024-06-18,2024-07-27,Closed Won,,6500.00,USD,1,1,,,ws_006852,,2025-01-15
006O0000203,Yaralabs - New Business,001A007284,New Business,Product-led (PQL),005A0005,2024-06-20,2024-07-30,Closed Lost,,27700.00,USD,1,0,Competitor - Zapier,,ws_001534,,2025-01-22
006O0000204,Vexpath - New Business,001A007871,New Business,Inbound,005A0002,2024-06-21,2024-07-10,Closed Won,,12900.00,EUR,1,1,,Zapier,ws_018932,,2025-01-16
006O0000205,Ciralogic - New Business,001A001777,New Business,,005A0011,2024-06-22,2024-09-02,Closed Lost,,39700.00,EUR,1,0,Unresponsive,,ws_014871,,2025-01-21
006O0000206,Boreaflow - New Business,001A000126,New Business,Outbound,005A0011,2024-06-22,2024-07-20,Closed Lost,,16100.00,EUR,1,0,Competitor - Make,Tray.io,,,2025-01-17
006O0000207,Valivik - New Business,001A003586,New Business,Product-led (PQL),005A0006,2024-06-23,2024-10-07,Closed Won,,22500.00,EUR,1,1,,,ws_003494,,2025-01-16
006O0000208,Vexvik - New Business,001A000890,New Business,Product-led (PQL),005A0011,2024-06-23,2024-08-01,Closed Lost,,18800.00,EUR,1,0,Competitor - Make,Make,ws_016210,,2025-01-23
006O0000209,Junolabs - New Business,001A003555,New Business,Product-led (PQL),005A0012,2024-06-24,2024-08-10,Closed Lost,,27600.00,USD,1,0,,,ws_019578,,2025-01-15
006O0000210,Halovik - New Business,001A007700,New Business,Inbound,005A0000,2024-06-24,2024-07-06,Closed Lost,,137300.00,EUR,1,0,Security / compliance review,,ws_023802,,2025-01-19
006O0000211,Runedata - New Business,001A007936,New Business,Outbound,005A0005,2024-06-24,2024-11-10,Closed Lost,,7600.00,GBP,1,0,Competitor - Make,,,,2025-01-22
006O0000212,Cirapath - New Business,001A006928,New Business,Product-led (PQL),005A0011,2024-06-25,2024-09-16,Closed Lost,,9400.00,EUR,1,0,Competitor - Make,Make,ws_023405,,2025-01-21
006O0000213,Vexstack - New Business,001A002943,New Business,Product-led (PQL),005A0002,2024-06-25,2024-07-20,Closed Won,,20300.00,EUR,1,1,,,ws_023955,,2025-01-15
006O0000214,Runenet - New Business,001A007236,New Business,Marketing (MQL),005A0007,2024-06-25,2024-12-14,Closed Lost,,196400.00,EUR,1,0,Security / compliance review,,,,2025-01-21
006O0000215,Fjelworks - New Business,001A004809,New Business,Product-led (PQL),005A0012,2024-06-26,2024-08-14,Closed Won,,30600.00,USD,1,1,,Tray.io,ws_013096,,2025-01-22
006O0000216,Zephpath - New Business,001A006630,New Business,Product-led (PQL),005A0012,2024-06-27,2024-07-22,Closed Lost,,170100.00,USD,1,0,Timing,,ws_017397,,2025-01-20
006O0000217,Runelogic - New Business,001A006158,New Business,Product-led (PQL),005A0002,2024-06-28,2024-07-29,Closed Won,,46300.00,EUR,1,1,,,ws_002232,,2025-01-19
006O0000218,Bramstack - New Business,001A003119,New Business,Product-led (PQL),005A0005,2024-06-28,2025-02-03,Closed Lost,Omitted,5500.00,GBP,1,0,Chose self-hosted Community edition,Custom scripts,ws_016630,,2025-02-05
006O0000219,Fjelmark - New Business,001A005707,New Business,Product-led (PQL),005A0012,2024-06-28,2024-08-22,Closed Lost,,0.00,USD,1,0,Competitor - Make,,ws_017203,,2025-01-24
006O0000220,Bramlogic - New Business,001A001865,New Business,Product-led (PQL),005A0012,2024-06-29,2024-08-17,Closed Won,,59900.00,USD,1,1,,,ws_007858,,2025-01-24
006O0000221,Miracore - New Business,001A002163,New Business,Partner,005A0011,2024-06-29,2024-11-29,Closed Lost,,17700.00,EUR,1,0,Competitor - Workato,,,,2025-01-15
006O0000222,Bramware - New Business,001A005500,New Business,Marketing (MQL),005A0002,2024-06-30,2024-08-15,Closed Lost,,12000.00,EUR,1,0,No decision / status quo,,,,2025-01-17
006O0000223,Junonet - New Business,001A008694,New Business,Partner,005A0012,2024-06-30,2024-09-15,Closed Lost,,9200.00,USD,1,0,Chose self-hosted Community edition,Make,,,2025-01-21
006O0000224,Yarafield - New Business,001A003365,New Business,Product-led (PQL),005A0011,2024-07-01,2024-07-25,Closed Lost,,33900.00,EUR,1,0,Chose self-hosted Community edition,Workato,ws_006578,,2025-01-17
006O0000225,Ternnet - New Business,001A005451,New Business,Product-led (PQL),005A0012,2024-07-01,2025-01-01,Closed Lost,,46600.00,USD,1,0,Competitor - Make,,ws_006928,,2025-01-16
006O0000226,Ciragrid - New Business,001A006144,New Business,Product-led (PQL),005A0012,2024-07-01,2024-08-22,Closed Lost,,19100.00,USD,1,0,Competitor - Power Automate,,ws_009647,,2025-01-22
006O0000227,Koratech - New Business,001A006403,New Business,Marketing (MQL),005A0006,2024-07-01,2024-10-01,Closed Lost,,107400.00,EUR,1,0,Price / budget,Custom scripts,,,2025-01-22
006O0000228,Ternlabs - New Business,001A007322,New Business,Outbound,005A0006,2024-07-01,2024-11-26,Closed Lost,,21600.00,EUR,1,0,Chose self-hosted Community edition,,,,2025-01-19
006O0000229,Nexadata - New Business,001A001234,New Business,Outbound,005A0004,2024-07-01,2024-09-29,Closed Lost,,15700.00,GBP,1,0,Competitor - Make,,,,2025-01-20
006O0000230,Lumologic - New Business,001A004816,New Business,Marketing (MQL),005A0004,2024-07-02,2025-03-20,Closed Lost,Omitted,38000.00,GBP,1,0,Price / budget,Workato,,,2025-03-23
006O0000231,Umbraline - New Business,001A007422,New Business,Marketing (MQL),005A0004,2024-07-02,2024-10-26,Closed Lost,,20400.00,GBP,1,0,Chose self-hosted Community edition,,,,2025-01-16
006O0000232,Yarastack - New Business,001A006266,New Business,Partner,005A0001,2024-07-02,2024-10-01,Closed Lost,,16800.00,EUR,1,0,Security / compliance review,Tray.io,,,2025-01-21
006O0000233,Coballabs - New Business,001A006141,New Business,Product-led (PQL),005A0001,2024-07-03,2024-10-13,Closed Won,,81200.00,EUR,1,1,,,ws_002985,,2025-01-20
006O0000234,Runeline - New Business,001A005578,New Business,Product-led (PQL),005A0012,2024-07-03,2024-07-26,Closed Lost,,7100.00,USD,1,0,Competitor - Zapier,Zapier,ws_021071,,2025-01-18
006O0000235,Quarmark - New Business,001A000820,New Business,Product-led (PQL),005A0002,2024-07-03,2024-07-15,Closed Won,,9900.00,EUR,1,1,,Workato,ws_022676,,2025-01-23
006O0000236,Fjelnet - New Business,001A004673,New Business,,005A0005,2024-07-03,2024-08-11,Closed Won,,22900.00,GBP,1,1,,Power Automate,ws_021729,,2025-01-19
006O0000237,Ciraworks - New Business,001A002310,New Business,Marketing (MQL),005A0006,2024-07-03,2024-10-15,Closed Lost,,43400.00,USD,1,0,Security / compliance review,,,,2025-01-18
006O0000238,Solvmark - New Business,001A006193,New Business,Product-led (PQL),005A0006,2024-07-04,2024-09-08,Closed Lost,,34200.00,EUR,1,0,Chose self-hosted Community edition,,ws_023253,,2025-01-20
006O0000239,Orioware - New Business,001A005461,New Business,Product-led (PQL),005A0001,2024-07-06,2024-09-07,Closed Won,,21100.00,EUR,1,1,,,ws_012868,,2025-01-15
006O0000240,Altolabs - New Business,001A005909,New Business,Product-led (PQL),005A0001,2024-07-07,2024-11-18,Closed Won,,18400.00,EUR,1,1,,Make,ws_006034,,2025-01-21
006O0000241,Solvwave - New Business,001A005484,New Business,Product-led (PQL),005A0012,2024-07-07,2024-12-20,Closed Lost,,144200.00,USD,1,0,,,ws_015312,,2025-01-23
006O0000242,Nordworks - New Business,001A000310,New Business,Marketing (MQL),005A0006,2024-07-07,2024-09-06,Closed Won,,9500.00,EUR,1,1,,,,,2025-01-24
006O0000243,Yaraline - New Business,001A006588,New Business,Product-led (PQL),005A0012,2024-07-09,2024-09-07,Closed Lost,,40000.00,USD,1,0,Price / budget,,ws_015305,,2025-01-19
006O0000244,Oriopoint - New Business,001A000723,New Business,Product-led (PQL),005A0012,2024-07-09,2024-07-25,Closed Lost,,16300.00,USD,1,0,Chose self-hosted Community edition,,ws_019630,,2025-01-15
006O0000245,Zephcore - New Business,001A004087,New Business,Product-led (PQL),005A0012,2024-07-10,2024-12-22,Closed Lost,,43100.00,USD,1,0,Price / budget,,ws_009183,,2025-01-16
006O0000246,Mirafield - New Business,001A003932,New Business,Product-led (PQL),005A0006,2024-07-11,2024-08-31,Closed Lost,,18200.00,EUR,1,0,Other,,ws_002414,,2025-01-19
006O0000247,Runeflow - New Business,001A008348,New Business,Product-led (PQL),005A0000,2024-07-11,2024-10-20,Closed Won,,232300.00,EUR,1,1,,,ws_023142,,2025-01-20
006O0000248,Yarapath - New Business,001A004955,New Business,Product-led (PQL),005A0005,2024-07-12,2024-08-30,Closed Lost,,18000.00,GBP,1,0,Unresponsive,,ws_005546,,2025-01-20
006O0000249,Ivennet - New Business,001A008906,New Business,Product-led (PQL),005A0011,2024-07-12,2025-01-11,Closed Lost,,31900.00,EUR,1,0,Champion left,,ws_001739,,2025-01-19
006O0000250,Asterdata - New Business,001A001181,New Business,Product-led (PQL),005A0001,2024-07-13,2024-11-01,Closed Lost,,23900.00,EUR,1,0,Timing,,ws_009976,,2025-01-24
006O0000251,Evovik - New Business,001A008936,New Business,Inbound,005A0005,2024-07-14,2024-08-31,Closed Lost,,8900.00,GBP,1,0,Chose self-hosted Community edition,,ws_004075,,2025-01-17
006O0000252,Nordgrid - New Business,001A003455,New Business,Product-led (PQL),005A0012,2024-07-15,2024-09-07,Closed Lost,,22500.00,USD,1,0,No decision / status quo,,ws_013688,,2025-01-21
006O0000253,Briobridge - New Business,001A001891,New Business,Product-led (PQL),005A0012,2024-07-16,2024-09-07,Closed Lost,,107400.00,USD,1,0,Competitor - Workato,,ws_004848,,2025-01-16
006O0000254,Solvdata - New Business,001A002369,New Business,Product-led (PQL),005A0006,2024-07-17,2024-12-25,Closed Lost,,34600.00,EUR,1,0,Competitor - Workato,Custom scripts,ws_008122,,2025-01-19
006O0000255,Yaraline - New Business,001A001672,New Business,Marketing (MQL),005A0012,2024-07-17,2025-02-28,Closed Lost,Omitted,26200.00,USD,1,0,Missing feature / integration,,,,2025-03-09
006O0000256,Veraflow - New Business,001A003313,New Business,Product-led (PQL),005A0012,2024-07-18,2024-08-15,Closed Lost,,6700.00,USD,1,0,Chose self-hosted Community edition,,ws_014527,,2025-01-18
006O0000257,Veraworks - New Business,001A001894,New Business,Inbound,005A0011,2024-07-18,2024-09-05,Closed Lost,,7500.00,EUR,1,0,Competitor - Power Automate,Power Automate,ws_005564,,2025-01-17
006O0000258,Mirabridge - New Business,001A007229,New Business,Partner,005A0007,2024-07-18,2024-11-02,Closed Lost,,68300.00,USD,1,0,Missing feature / integration,Make,,,2025-01-15
006O0000259,Terngrid - New Business,001A005068,New Business,Product-led (PQL),005A0004,2024-07-20,2024-09-12,Closed Lost,,23500.00,GBP,1,0,Champion left,Power Automate,ws_011730,,2025-01-21
006O0000260,Kestcore - New Business,001A006321,New Business,Inbound,005A0006,2024-07-20,2025-05-31,Closed Lost,Omitted,55500.00,EUR,1,0,Chose self-hosted Community edition,,ws_016040,,2025-05-31
006O0000261,Evoware - New Business,001A002076,New Business,,005A0011,2024-07-20,2024-08-07,Closed Lost,,18200.00,USD,1,0,Champion left,,,,2025-01-22
006O0000262,Altopoint - New Business,001A008363,New Business,Product-led (PQL),005A0007,2024-07-21,2024-11-09,Closed Lost,,5600.00,EUR,1,0,,Power Automate,ws_001963,,2025-01-18
006O0000263,Granmark - New Business,001A004581,New Business,Product-led (PQL),005A0012,2024-07-21,2024-10-05,Closed Won,,37900.00,USD,1,1,,,ws_017830,,2025-01-17
006O0000264,Lumofield - New Business,001A007368,New Business,Inbound,005A0011,2024-07-21,2024-09-03,Closed Lost,,22600.00,USD,1,0,Chose self-hosted Community edition,,ws_007489,,2025-01-23
006O0000265,Umbrastack - New Business,001A002729,New Business,Marketing (MQL),005A0012,2024-07-21,2024-09-12,Closed Won,,76900.00,USD,1,1,,,,,2025-01-16
006O0000266,Runeline - New Business,001A003135,New Business,Product-led (PQL),005A0012,2024-07-22,2024-09-27,Closed Lost,,93200.00,USD,1,0,Competitor - Zapier,Zapier,ws_018162,,2025-01-24
006O0000267,Terntech - New Business,001A007756,New Business,Product-led (PQL),005A0001,2024-07-22,2024-10-05,Closed Won,,43800.00,EUR,1,1,,,ws_001037,,2025-01-16
006O0000268,Wendworks - New Business,001A006432,New Business,Product-led (PQL),005A0002,2024-07-22,2024-08-05,Closed Lost,,20900.00,EUR,1,0,No decision / status quo,,ws_022393,,2025-01-18
006O0000269,Nordpoint - New Business,001A001165,New Business,Product-led (PQL),005A0012,2024-07-23,2024-12-11,Closed Lost,,110300.00,USD,1,0,Missing feature / integration,,ws_006151,,2025-01-15
006O0000270,Haloware - New Business,001A002735,New Business,Product-led (PQL),005A0011,2024-07-23,2024-09-05,Closed Lost,,44400.00,EUR,1,0,Unresponsive,Zapier,ws_004890,,2025-01-17
006O0000271,Nexabridge - New Business,001A006788,New Business,Inbound,005A0012,2024-07-23,2024-10-20,Closed Lost,,32300.00,USD,1,0,Price / budget,Zapier,ws_001040,,2025-01-15
006O0000272,Nordlabs - New Business,001A001122,New Business,Product-led (PQL),005A0012,2024-07-24,2024-09-14,Closed Lost,,21900.00,USD,1,0,Competitor - Zapier,,ws_000447,,2025-01-23
006O0000273,Wenddata - New Business,001A001441,New Business,Product-led (PQL),005A0002,2024-07-25,2024-11-01,Closed Lost,,10500.00,EUR,1,0,Unresponsive,,ws_017674,,2025-01-18
006O0000274,Lumopath - New Business,001A005211,New Business,Product-led (PQL),005A0004,2024-07-25,2025-05-02,Closed Lost,Omitted,19600.00,GBP,1,0,Price / budget,,ws_018857,,2025-05-06
006O0000275,Altovik - New Business,001D000129,New Business,Inbound,005A0007,2024-07-25,2025-08-05,Closed Lost,Omitted,118800.00,EUR,1,0,Other,,ws_008194,,2025-08-13
006O0000276,Nordlogic - New Business,001A008754,New Business,Marketing (MQL),005A0000,2024-07-26,2024-09-24,Closed Lost,,259400.00,EUR,1,0,Unresponsive,Make,,,2025-01-16
006O0000277,Solvpath - New Business,001A006112,New Business,Marketing (MQL),005A0004,2024-07-26,2024-10-28,Closed Lost,,42200.00,GBP,1,0,Price / budget,Make,,,2025-01-18
006O0000278,Oriogrid - New Business,001A002984,New Business,Product-led (PQL),005A0024,2024-07-27,2024-09-23,Closed Lost,,55800.00,EUR,1,0,Competitor - Zapier,,ws_020110,,2025-01-21
006O0000279,Talalogic - New Business,001A001635,New Business,Marketing (MQL),005A0011,2024-07-27,2024-09-12,Closed Lost,,14400.00,EUR,1,0,Competitor - Make,,,,2025-01-24
006O0000280,Wendware - New Business,001A006190,New Business,Product-led (PQL),005A0012,2024-07-28,2024-09-01,Closed Lost,,54700.00,USD,1,0,Chose self-hosted Community edition,Tray.io,ws_023010,,2025-01-17
006O0000281,Straware - New Business,001A000911,New Business,Product-led (PQL),005A0012,2024-07-29,2024-10-27,Closed Won,,54600.00,USD,1,1,,,ws_003123,,2025-01-21
006O0000282,Cobalvik - New Business,001A006715,New Business,Product-led (PQL),005A0012,2024-07-29,2024-11-06,Closed Lost,,89800.00,USD,1,0,Missing feature / integration,,ws_008706,,2025-01-19
006O0000283,Boreatech - New Business,001A003069,New Business,Marketing (MQL),005A0011,2024-07-31,2024-10-02,Closed Lost,,9100.00,EUR,1,0,Competitor - Zapier,Zapier,,,2025-01-22
006O0000284,Wendbridge - New Business,001A000951,New Business,Marketing (MQL),005A0004,2024-07-31,2024-09-15,Closed Lost,,45900.00,GBP,1,0,Missing feature / integration,Power Automate,,,2025-01-18
006O0000285,Ciraline - New Business,001A004752,New Business,Product-led (PQL),005A0011,2024-08-01,2024-10-12,Closed Lost,,16400.00,EUR,1,0,,Power Automate,ws_001802,,2025-01-16
006O0000286,Talafield - New Business,001D000076,New Business,Product-led (PQL),005A0004,2024-08-03,2024-10-05,Closed Lost,,17800.00,GBP,1,0,Unresponsive,Zapier,ws_004753,,2025-01-19
006O0000287,Zephfield - New Business,001A008897,New Business,Product-led (PQL),005A0004,2024-08-03,2024-09-17,Closed Won,,57900.00,EUR,1,1,,Custom scripts,ws_009435,,2025-01-21
006O0000288,Grandata - New Business,001A002500,New Business,Product-led (PQL),005A0001,2024-08-03,2024-12-20,Closed Lost,,30900.00,EUR,1,0,Price / budget,,ws_015438,,2025-01-15
006O0000289,Koralabs - New Business,001A004217,New Business,Product-led (PQL),005A0024,2024-08-03,2024-09-15,Closed Lost,,4700.00,EUR,1,0,Other,,ws_023094,,2025-01-18
006O0000290,Kestpoint - New Business,001A008862,New Business,Marketing (MQL),005A0012,2024-08-03,2024-08-30,Closed Lost,,11100.00,USD,1,0,Unresponsive,,,,2025-01-19
006O0000291,Xenoware - New Business,001A008476,New Business,Inbound,005A0012,2024-08-04,2025-02-06,Closed Lost,Omitted,82700.00,USD,1,0,Missing feature / integration,,ws_005425,,2025-02-10
006O0000292,Asternet - New Business,001A007982,New Business,Product-led (PQL),005A0004,2024-08-05,2024-11-13,Closed Won,,28000.00,USD,1,1,,,ws_004529,,2025-01-16
006O0000293,Junogrid - New Business,001A007731,New Business,Product-led (PQL),005A0011,2024-08-05,2025-04-13,Closed Lost,Omitted,47000.00,EUR,1,0,Competitor - Make,,ws_008437,,2025-04-20
006O0000294,Umbramark - New Business,001A006789,New Business,Product-led (PQL),005A0012,2024-08-05,2025-01-01,Closed Lost,,31500.00,USD,1,0,Timing,,ws_019500,,2025-01-16
006O0000295,Ciradata - New Business,001A003749,New Business,Product-led (PQL),005A0005,2024-08-06,2024-09-30,Closed Lost,,16400.00,GBP,1,0,Missing feature / integration,Tray.io,ws_006623,,2025-01-18
006O0000296,Piraware - New Business,001A008911,New Business,Product-led (PQL),005A0007,2024-08-06,2025-01-10,Closed Won,,148800.00,EUR,1,1,,Workato,ws_012137,,2025-01-24
006O0000297,Evotech - New Business,001A007075,New Business,Marketing (MQL),005A0011,2024-08-07,2024-10-04,Closed Lost,,14100.00,EUR,1,0,Timing,Custom scripts,,,2025-01-19
006O0000298,Cobalnet - New Business,001A005751,New Business,Marketing (MQL),005A0007,2024-08-08,2024-10-27,Closed Lost,,10000.00,EUR,1,0,Champion left,,,,2025-01-15
006O0000299,Cobalworks - New Business,001A002622,New Business,Product-led (PQL),005A0005,2024-08-09,2024-09-08,Closed Lost,,21500.00,GBP,1,0,No decision / status quo,Power Automate,ws_013102,,2025-01-18
006O0000300,Vexlogic - New Business,001A006017,New Business,Marketing (MQL),005A0012,2024-08-09,2024-10-27,Closed Lost,,28500.00,USD,1,0,Other,,,,2025-01-24
006O0000301,Oriofield - New Business,001A000907,New Business,Outbound,005A0001,2024-08-09,2024-11-20,Closed Lost,,27100.00,EUR,1,0,Missing feature / integration,,,,2025-01-24
006O0000302,Nordlogic - New Business,001A006496,New Business,Product-led (PQL),005A0011,2024-08-10,2024-10-20,Closed Won,,155100.00,EUR,1,1,,Custom scripts,ws_017620,,2025-01-18
006O0000303,Vexgrid - New Business,001A001020,New Business,Product-led (PQL),005A0012,2024-08-10,2024-11-07,Closed Lost,,20800.00,USD,1,0,,,ws_023346,,2025-01-17
006O0000304,Umbrapath - New Business,001A004112,New Business,Product-led (PQL),005A0012,2024-08-11,2024-10-26,Closed Lost,,29400.00,USD,1,0,Chose self-hosted Community edition,Make,ws_004083,,2025-01-21
006O0000305,Bramwave - New Business,001A005460,New Business,Inbound,005A0012,2024-08-11,2024-12-02,Closed Lost,,61300.00,USD,1,0,Chose self-hosted Community edition,,ws_020638,,2025-01-23
006O0000306,Fjelgrid - New Business,001A007312,New Business,Inbound,005A0007,2024-08-13,2024-09-15,Closed Lost,,,EUR,1,0,Champion left,,ws_015402,,2025-01-24
006O0000307,Boreaflow - New Business,001A005396,New Business,Marketing (MQL),005A0011,2024-08-13,2024-11-01,Closed Lost,,36300.00,EUR,1,0,Other,,,,2025-01-16
006O0000308,Junopoint - New Business,001A008046,New Business,Product-led (PQL),005A0012,2024-08-14,2024-11-17,Closed Won,,22100.00,USD,1,1,,,ws_004659,,2025-01-22
006O0000309,Lyraline - New Business,001A008277,New Business,Product-led (PQL),005A0012,2024-08-14,2024-10-13,Closed Won,,23500.00,USD,1,1,,,ws_012755,,2025-01-23
006O0000310,Xenowave - New Business,001A007950,New Business,Inbound,005A0012,2024-08-14,2024-10-31,Closed Won,,37200.00,USD,1,1,,Tray.io,ws_021026,,2025-01-22
006O0000311,Briocore - New Business,001A006344,New Business,Product-led (PQL),005A0004,2024-08-15,2024-10-11,Closed Lost,,12700.00,GBP,1,0,Missing feature / integration,,ws_016588,,2025-01-24
006O0000312,Runeline - New Business,001A006716,New Business,Product-led (PQL),005A0012,2024-08-15,2024-10-23,Closed Won,,72900.00,USD,1,1,,Zapier,ws_019423,,2025-01-20
006O0000313,Miranet - New Business,001A007033,New Business,Marketing (MQL),005A0001,2024-08-16,2025-03-26,Closed Lost,Omitted,23900.00,EUR,1,0,Chose self-hosted Community edition,,,,2025-03-31
006O0000314,Veravik - New Business,001A008190,New Business,Product-led (PQL),005A0012,2024-08-17,2024-10-30,Closed Lost,,112700.00,USD,1,0,Competitor - Zapier,,ws_000571,,2025-01-15
006O0000315,Valicore - New Business,001A004306,New Business,Product-led (PQL),005A0007,2024-08-17,2024-11-11,Closed Lost,,31000.00,EUR,1,0,,Custom scripts,ws_021073,,2025-01-17
006O0000316,Nordfield - New Business,001A006443,New Business,Inbound,005A0012,2024-08-17,2024-11-08,Closed Lost,,26500.00,USD,1,0,,Custom scripts,ws_019087,,2025-01-22
006O0000317,Cobaldata - New Business,001A005277,New Business,Marketing (MQL),005A0012,2024-08-18,2024-11-01,Closed Lost,,7900.00,USD,1,0,Security / compliance review,,,,2025-01-18
006O0000318,Altomark - New Business,001A007247,New Business,Product-led (PQL),005A0004,2024-08-19,2024-09-27,Closed Won,,22000.00,GBP,1,1,,Power Automate,ws_015590,,2025-01-24
006O0000319,Altonet - New Business,001A002213,New Business,Inbound,005A0006,2024-08-19,2024-08-29,Closed Lost,,44300.00,EUR,1,0,Security / compliance review,,ws_011059,,2025-01-24
006O0000320,Zephflow - New Business,001A002397,New Business,Product-led (PQL),005A0024,2024-08-20,2024-12-10,Closed Lost,,19100.00,EUR,1,0,Competitor - Power Automate,,ws_002392,,2025-01-17
006O0000321,Fjelfield - New Business,001A004785,New Business,Partner,005A0012,2024-08-20,2024-09-29,Closed Lost,,13000.00,USD,1,0,Timing,,,,2025-01-22
006O0000322,Junosys - New Business,001A004601,New Business,Inbound,005A0003,2024-08-21,2024-10-30,Closed Lost,,30000.00,USD,1,0,Unresponsive,,ws_013967,,2025-01-16
006O0000323,Orioflow - New Business,001A003241,New Business,Outbound,005A0012,2024-08-21,2024-09-29,Closed Lost,,53300.00,USD,1,0,Missing feature / integration,,,,2025-01-24
006O0000324,Bramtech - New Business,001A005368,New Business,Product-led (PQL),005A0012,2024-08-23,2025-01-01,Closed Lost,,77400.00,USD,1,0,Champion left,,ws_009893,,2025-01-17
006O0000325,Runedata - New Business,001A003725,New Business,Product-led (PQL),005A0012,2024-08-24,2024-10-30,Closed Lost,,63700.00,USD,1,0,Security / compliance review,Workato,ws_000825,,2025-01-19
006O0000326,Yaraware - New Business,001A003163,New Business,Marketing (MQL),005A0012,2024-08-24,2024-12-26,Closed Lost,,7000.00,USD,1,0,Security / compliance review,,,,2025-01-24
006O0000327,Fjelsys - New Business,001A000156,New Business,Partner,005A0005,2024-08-24,2024-10-28,Closed Lost,,5300.00,GBP,1,0,Security / compliance review,Custom scripts,,,2025-01-23
006O0000328,Granstack - New Business,001A001150,New Business,Product-led (PQL),005A0002,2024-08-25,2024-09-24,Closed Won,,5900.00,EUR,1,1,,Make,ws_007126,,2025-01-18
006O0000329,Nordlabs - New Business,001A008024,New Business,Product-led (PQL),005A0004,2024-08-25,2024-10-14,Closed Lost,,38900.00,GBP,1,0,Unresponsive,Tray.io,ws_018460,,2025-01-16
006O0000330,Briofield - New Business,001A005161,New Business,Inbound,005A0001,2024-08-26,2024-11-07,Closed Lost,,227100.00,USD,1,0,Price / budget,,ws_000337,,2025-01-24
006O0000331,Kestvik - New Business,001A007315,New Business,Outbound,005A0001,2024-08-27,2024-11-01,Closed Lost,,52300.00,EUR,1,0,Missing feature / integration,,,,2025-01-17
006O0000332,Norddata - New Business,001A007921,New Business,Product-led (PQL),005A0006,2024-08-28,2024-11-19,Closed Lost,,17900.00,EUR,1,0,No decision / status quo,,ws_004667,,2025-01-23
006O0000333,Yarafield - New Business,001A000762,New Business,Marketing (MQL),005A0000,2024-08-28,2024-12-13,Closed Lost,,58600.00,EUR,1,0,Price / budget,Custom scripts,,,2025-01-19
006O0000334,Runedata - New Business,001A007342,New Business,Product-led (PQL),005A0012,2024-08-29,2024-09-20,Closed Won,,9900.00,USD,1,1,,Zapier,ws_010039,,2025-01-22
006O0000335,Vexsys - New Business,001A007257,New Business,Product-led (PQL),005A0024,2024-08-29,2025-02-13,Closed Lost,Omitted,22700.00,USD,1,0,Security / compliance review,Zapier,ws_012342,,2025-02-15
006O0000336,Mosawave - New Business,001A003795,New Business,Product-led (PQL),005A0012,2024-08-30,2025-03-02,Closed Won,Closed,212900.00,USD,1,1,,,ws_000396,,2025-03-12
006O0000337,Boreawave - New Business,001A007913,New Business,Product-led (PQL),005A0012,2024-08-30,2025-01-01,Closed Lost,,174700.00,USD,1,0,Competitor - Zapier,,ws_007380,,2025-01-17
006O0000338,Koraflow - New Business,001A005367,New Business,Product-led (PQL),005A0012,2024-08-30,2024-11-07,Closed Lost,,26500.00,USD,1,0,,Power Automate,ws_012849,,2025-01-21
006O0000339,Fjeldata - New Business,001A006153,New Business,Product-led (PQL),005A0005,2024-08-30,2024-11-14,Closed Lost,,23200.00,GBP,1,0,Competitor - Power Automate,,ws_015855,,2025-01-16
006O0000340,Cirawave - New Business,001A003624,New Business,Product-led (PQL),005A0012,2024-08-30,2024-10-17,Closed Won,,10800.00,USD,1,1,,Make,ws_017592,,2025-01-17
006O0000341,Opalfield - New Business,001A003124,New Business,Product-led (PQL),005A0002,2024-08-30,2024-09-24,Closed Won,,16700.00,EUR,1,1,,,ws_021356,,2025-01-16
006O0000342,Cobalvik - New Business,001A004613,New Business,Inbound,005A0011,2024-08-30,2024-11-05,Closed Lost,,8200.00,EUR,1,0,Champion left,,ws_018086,,2025-01-23
006O0000343,Oriobridge - New Business,001A008490,New Business,Outbound,005A0003,2024-08-30,2024-11-06,Closed Lost,,64100.00,GBP,1,0,Competitor - Make,,,,2025-01-22
006O0000344,Yaraline - New Business,001A004361,New Business,Marketing (MQL),005A0006,2024-08-31,2024-10-11,Closed Lost,,34700.00,EUR,1,0,Unresponsive,Custom scripts,,,2025-01-21
006O0000345,Umbraworks - New Business,001A000251,New Business,Product-led (PQL),005A0012,2024-09-02,2024-10-29,Closed Won,,31500.00,USD,1,1,,,ws_003170,,2025-01-16
006O0000346,Strafield - New Business,001A001617,New Business,Product-led (PQL),005A0012,2024-09-03,2024-10-21,Closed Won,,21900.00,USD,1,1,,,ws_013041,,2025-01-23
006O0000347,Vexcore - New Business,001A000495,New Business,Product-led (PQL),005A0007,2024-09-03,2024-10-12,Closed Lost,,75200.00,EUR,1,0,Timing,,ws_015455,,2025-01-19
006O0000348,Junonet - New Business,001A005996,New Business,Product-led (PQL),005A0012,2024-09-03,2025-02-04,Closed Lost,Omitted,148100.00,USD,1,0,Competitor - Power Automate,Power Automate,ws_021276,,2025-02-14
006O0000349,Runeworks - New Business,001A004847,New Business,Inbound,005A0012,2024-09-05,2025-01-30,Closed Lost,Omitted,51700.00,USD,1,0,Chose self-hosted Community edition,,ws_004754,,2025-02-04
006O0000350,Ciracore - New Business,001A007120,New Business,Product-led (PQL),005A0006,2024-09-06,2024-10-21,Closed Won,,10000.00,EUR,1,1,,,ws_003894,,2025-01-16
006O0000351,Talafield - New Business,001A000393,New Business,Product-led (PQL),005A0012,2024-09-07,2024-10-25,Closed Won,,41700.00,USD,1,1,,,ws_001501,,2025-01-19
006O0000352,Fjelpath - New Business,001A002499,New Business,Product-led (PQL),005A0006,2024-09-07,2024-09-26,Closed Lost,,6900.00,EUR,1,0,Timing,,ws_019823,,2025-01-17
006O0000353,Lumostack - New Business,001A008917,New Business,Product-led (PQL),005A0003,2024-09-09,2025-02-01,Closed Lost,Omitted,57200.00,GBP,1,0,Price / budget,Power Automate,ws_020767,,2025-02-03
006O0000354,Lumonet - New Business,001A003348,New Business,Marketing (MQL),005A0012,2024-09-09,2024-12-22,Closed Lost,,6300.00,USD,1,0,Timing,,,,2025-01-23
006O0000355,Runefield - New Business,001A002606,New Business,Outbound,005A0012,2024-09-09,2024-11-28,Closed Lost,,9900.00,USD,1,0,,Workato,,,2025-01-24
006O0000356,Ivennet - New Business,001A008372,New Business,Product-led (PQL),005A0004,2024-09-10,2024-12-02,Closed Lost,,14000.00,GBP,1,0,Security / compliance review,,ws_000939,,2025-01-22
006O0000357,Brioworks - New Business,001A004363,New Business,Inbound,005A0024,2024-09-10,2024-10-25,Closed Lost,,14500.00,USD,1,0,Chose self-hosted Community edition,,ws_002880,,2025-01-21
006O0000358,Opalbridge - New Business,001A008302,New Business,Product-led (PQL),005A0004,2024-09-11,2024-10-30,Closed Won,,29900.00,GBP,1,1,,,ws_019701,,2025-01-15
006O0000359,Halomark - New Business,001A008546,New Business,Outbound,005A0012,2024-09-11,2024-12-25,Closed Lost,,29000.00,USD,1,0,Competitor - Workato,Zapier,,,2025-01-24
006O0000360,Xenopath - New Business,001A002134,New Business,Inbound,005A0006,2024-09-12,2024-12-23,Closed Lost,,19700.00,EUR,1,0,Competitor - Workato,,ws_007697,,2025-01-24
006O0000361,Lumostack - New Business,001A005557,New Business,Marketing (MQL),005A0011,2024-09-13,2025-02-01,Closed Lost,Omitted,15100.00,EUR,1,0,No decision / status quo,Power Automate,,,2025-02-05
006O0000362,Ivennet - New Business,001A004462,New Business,Marketing (MQL),005A0011,2024-09-13,2024-09-26,Closed Lost,,6200.00,EUR,1,0,Price / budget,,,,2025-01-16
006O0000363,Lumogrid - New Business,001A007511,New Business,Product-led (PQL),005A0006,2024-09-14,2024-10-03,Closed Lost,,26700.00,EUR,1,0,Competitor - Make,Make,ws_003092,,2025-01-20
006O0000364,Boreafield - New Business,001A008059,New Business,Product-led (PQL),005A0012,2024-09-14,2024-11-24,Closed Lost,,65700.00,USD,1,0,,Make,ws_009051,,2025-01-23
006O0000365,Quarlogic - New Business,001A006603,New Business,Marketing (MQL),005A0001,2024-09-14,2024-10-22,Closed Lost,,12200.00,EUR,1,0,Timing,,,,2025-01-17
006O0000366,Piralogic - New Business,001A006641,New Business,Product-led (PQL),005A0012,2024-09-15,2024-11-10,Closed Lost,,,USD,1,0,Unresponsive,Zapier,ws_002701,,2025-01-20
006O0000367,Valilabs - New Business,001A002335,New Business,Product-led (PQL),005A0012,2024-09-15,2024-11-28,Closed Lost,,15600.00,USD,1,0,Missing feature / integration,Custom scripts,ws_005445,,2025-01-21
006O0000368,Halovik - New Business,001A003683,New Business,Inbound,005A0006,2024-09-15,2024-12-30,Closed Lost,,16700.00,EUR,1,0,Chose self-hosted Community edition,,ws_018795,,2025-01-21
006O0000369,Halosys - New Business,001A003463,New Business,Marketing (MQL),005A0005,2024-09-15,2024-11-03,Closed Lost,,4800.00,EUR,1,0,Competitor - Make,Make,,,2025-01-20
006O0000370,Cobalpoint - New Business,001A002148,New Business,Marketing (MQL),005A0012,2024-09-15,2024-12-12,Closed Lost,,11200.00,USD,1,0,Missing feature / integration,,,,2025-01-15
006O0000371,Evolabs - New Business,001A007325,New Business,Partner,005A0011,2024-09-15,2024-12-08,Closed Lost,,11100.00,EUR,1,0,Competitor - Power Automate,,,,2025-01-17
006O0000372,Yarapoint - New Business,001A007701,New Business,Product-led (PQL),005A0006,2024-09-16,2024-10-18,Closed Won,,14800.00,EUR,1,1,,Workato,ws_014775,,2025-01-15
006O0000373,Altofield - New Business,001A005529,New Business,Marketing (MQL),005A0012,2024-09-16,2024-11-12,Closed Lost,,141600.00,USD,1,0,,Zapier,,,2025-01-24
006O0000374,Yaraflow - New Business,001A002634,New Business,Product-led (PQL),005A0007,2024-09-18,2025-02-17,Closed Lost,Omitted,3700.00,EUR,1,0,Competitor - Zapier,,ws_003012,,2025-02-19
006O0000375,Nexaflow - New Business,001A002947,New Business,Product-led (PQL),005A0012,2024-09-18,2025-01-14,Closed Lost,,104900.00,USD,1,0,Chose self-hosted Community edition,,ws_005927,,2025-01-23
006O0000376,Umbraline - New Business,001A001554,New Business,Product-led (PQL),005A0005,2024-09-18,2024-10-23,Closed Lost,,23100.00,GBP,1,0,Security / compliance review,Power Automate,ws_016091,,2025-01-21
006O0000377,Bramcore - New Business,001A002625,New Business,,005A0011,2024-09-18,2024-12-10,Closed Won,,45100.00,EUR,1,1,,,ws_020430,,2025-01-18
006O0000378,Solvpoint - New Business,001A002031,New Business,Product-led (PQL),005A0007,2024-09-18,2025-05-24,Closed Lost,Omitted,108200.00,EUR,1,0,Chose self-hosted Community edition,,ws_019454,,2025-05-29
006O0000379,Brampoint - New Business,001A001364,New Business,Inbound,005A0011,2024-09-18,2024-10-18,Closed Lost,,37800.00,EUR,1,0,Missing feature / integration,Workato,ws_012577,,2025-01-19
006O0000380,Nexabridge - New Business,001A002737,New Business,Product-led (PQL),005A0007,2024-09-19,2024-12-06,Closed Lost,,11200.00,EUR,1,0,Chose self-hosted Community edition,,ws_016256,,2025-01-24
006O0000381,Zephfield - New Business,001A003392,New Business,Marketing (MQL),005A0007,2024-09-19,2024-12-12,Closed Lost,,41200.00,USD,1,0,Price / budget,,,,2025-01-20
006O0000382,Lyraline - New Business,001A003532,New Business,Partner,005A0006,2024-09-19,2024-11-13,Closed Lost,,13700.00,EUR,1,0,,,,,2025-01-21
006O0000383,Wendlogic - New Business,001A002434,New Business,Product-led (PQL),005A0012,2024-09-20,2024-11-04,Closed Lost,,170200.00,USD,1,0,Competitor - Workato,,ws_015255,,2025-01-24
006O0000384,Boreastack - New Business,001A000893,New Business,Inbound,005A0001,2024-09-20,2024-12-07,Closed Lost,,18800.00,EUR,1,0,Competitor - Workato,,ws_009181,,2025-01-15
006O0000385,Solvsys - New Business,001A000925,New Business,Marketing (MQL),005A0004,2024-09-20,2024-11-04,Closed Won,,0.00,GBP,1,1,,,,,2025-01-22
006O0000386,Solvtech - New Business,001A003667,New Business,Product-led (PQL),005A0001,2024-09-21,2024-11-02,Closed Lost,,43900.00,EUR,1,0,Competitor - Workato,,ws_015503,,2025-01-19
006O0000387,Wendfield - New Business,001A005232,New Business,,005A0011,2024-09-22,2024-10-22,Closed Lost,,5600.00,EUR,1,0,Chose self-hosted Community edition,Custom scripts,ws_004286,,2025-01-22
006O0000388,Lumoline - New Business,001A008864,New Business,Inbound,005A0002,2024-09-22,2024-10-27,Closed Won,,60100.00,EUR,1,1,,Zapier,ws_005968,,2025-01-20
006O0000389,Wendvik - New Business,001A005037,New Business,Inbound,005A0001,2024-09-22,2024-11-29,Closed Lost,,31700.00,EUR,1,0,No decision / status quo,Power Automate,ws_020261,,2025-01-24
006O0000390,Valiline - New Business,001A001131,New Business,Marketing (MQL),005A0007,2024-09-22,2025-01-20,Closed Lost,Omitted,48500.00,EUR,1,0,Unresponsive,,,,2025-01-20
006O0000391,Kestsys - New Business,001A004855,New Business,Product-led (PQL),005A0007,2024-09-23,2024-12-10,Closed Lost,,9000.00,USD,1,0,Chose self-hosted Community edition,,ws_009506,,2025-01-16
006O0000392,Oriostack - New Business,001A000312,New Business,Inbound,005A0005,2024-09-23,2024-10-30,Closed Lost,,18000.00,GBP,1,0,Chose self-hosted Community edition,Make,ws_019568,,2025-01-15
006O0000393,Xenoware - New Business,001A002645,New Business,Product-led (PQL),005A0012,2024-09-24,2024-12-06,Closed Lost,,0.00,USD,1,0,Competitor - Power Automate,Make,ws_007249,,2025-01-18
006O0000394,Ciratech - New Business,001A005585,New Business,Marketing (MQL),005A0001,2024-09-24,2025-04-19,Closed Lost,Omitted,149300.00,USD,1,0,Price / budget,Zapier,,,2025-04-29
006O0000395,Koratech - New Business,001A000214,New Business,Outbound,005A0012,2024-09-24,2025-02-23,Closed Lost,Omitted,11500.00,USD,1,0,No decision / status quo,Zapier,,,2025-03-03
006O0000396,Sellagrid - New Business,001A006763,New Business,Product-led (PQL),005A0012,2024-09-25,2024-12-25,Closed Won,,21100.00,USD,1,1,,,ws_012945,,2025-01-16
006O0000397,Asterbridge - New Business,001A008054,New Business,Inbound,005A0000,2024-09-25,2025-01-27,Closed Lost,Omitted,94900.00,USD,1,0,Missing feature / integration,Power Automate,ws_008208,,2025-02-03
006O0000398,Boreanet - New Business,001A001093,New Business,Marketing (MQL),005A0005,2024-09-25,2024-12-07,Closed Lost,,7400.00,GBP,1,0,Chose self-hosted Community edition,,,,2025-01-18
006O0000399,Fjellogic - New Business,001A003168,New Business,Product-led (PQL),005A0000,2024-09-26,2025-08-13,Closed Lost,Omitted,65900.00,EUR,1,0,Security / compliance review,,ws_003948,,2025-08-15
006O0000400,Ivenflow - New Business,001A005842,New Business,Product-led (PQL),005A0005,2024-09-26,2024-11-04,Closed Won,,12700.00,GBP,1,1,,,ws_010646,,2025-01-20
006O0000401,Junovik - New Business,001A008510,New Business,Marketing (MQL),005A0003,2024-09-26,2025-01-02,Closed Lost,,108000.00,EUR,1,0,Missing feature / integration,Make,,,2025-01-22
006O0000402,Fjelpath - New Business,001A000167,New Business,Product-led (PQL),005A0012,2024-09-27,2024-12-21,Closed Won,,54500.00,USD,1,1,,Workato,ws_000611,,2025-01-16
006O0000403,Deltaworks - New Business,001A003958,New Business,Product-led (PQL),005A0002,2024-09-27,2024-12-12,Closed Lost,,7200.00,EUR,1,0,Competitor - Workato,Workato,ws_001161,,2025-01-20
006O0000404,Quarpoint - New Business,001A006232,New Business,Product-led (PQL),005A0012,2024-09-27,2024-12-17,Closed Lost,,17400.00,USD,1,0,Security / compliance review,Make,ws_011382,,2025-01-23
006O0000405,Opalflow - New Business,001A001839,New Business,Marketing (MQL),005A0012,2024-09-27,2024-11-06,Closed Lost,,13500.00,USD,1,0,Other,Zapier,,,2025-01-24
006O0000406,Miradata - New Business,001A001719,New Business,Marketing (MQL),005A0012,2024-09-27,2024-11-04,Closed Lost,,41400.00,USD,1,0,No decision / status quo,,,,2025-01-22
006O0000407,Mosaflow - New Business,001A003875,New Business,Product-led (PQL),005A0011,2024-09-28,2025-03-13,Closed Lost,Omitted,70400.00,EUR,1,0,No decision / status quo,Custom scripts,ws_001525,,2025-03-20
006O0000408,Granpath - New Business,001A003717,New Business,Product-led (PQL),005A0012,2024-09-29,2024-12-02,Closed Lost,,10300.00,USD,1,0,Timing,,ws_008849,,2025-01-17
006O0000409,Bramdata - New Business,001A006021,New Business,Product-led (PQL),005A0012,2024-09-30,2024-12-14,Closed Lost,,17700.00,USD,1,0,,,ws_023106,,2025-01-23
006O0000410,Wendworks - New Business,001A008167,New Business,Marketing (MQL),005A0007,2024-09-30,2024-11-24,Closed Lost,,13800.00,USD,1,0,Chose self-hosted Community edition,,,,2025-01-18
006O0000411,Bramworks - New Business,001A004102,New Business,Product-led (PQL),005A0006,2024-10-01,2024-11-14,Closed Won,,15600.00,EUR,1,1,,Zapier,ws_004929,,2025-01-18
006O0000412,Miralogic - New Business,001A004074,New Business,Marketing (MQL),005A0000,2024-10-01,2025-02-16,Closed Lost,Omitted,95800.00,EUR,1,0,Timing,,,,2025-02-19
006O0000413,Xenoflow - New Business,001A007678,New Business,Product-led (PQL),005A0011,2024-10-02,2025-01-18,Closed Won,Closed,43400.00,USD,1,1,,Power Automate,ws_000208,,2025-01-27
006O0000414,Deltagrid - New Business,001A005267,New Business,Inbound,005A0012,2024-10-02,2024-12-09,Closed Lost,,26700.00,USD,1,0,Missing feature / integration,,ws_000252,,2025-01-22
006O0000415,Valicore - New Business,001A008331,New Business,Marketing (MQL),005A0012,2024-10-02,2024-12-07,Closed Lost,,12500.00,USD,1,0,Champion left,,,,2025-01-22
006O0000416,Valiwave - New Business,001A008523,New Business,Inbound,005A0011,2024-10-03,2025-01-05,Closed Lost,,32000.00,EUR,1,0,Competitor - Workato,Custom scripts,ws_004017,,2025-01-24
006O0000417,Lyrabridge - New Business,001A000043,New Business,Product-led (PQL),005A0011,2024-10-04,2024-12-14,Closed Lost,,36600.00,EUR,1,0,Chose self-hosted Community edition,Workato,ws_023969,,2025-01-23
006O0000418,Mosanet - New Business,001A007172,New Business,Marketing (MQL),005A0012,2024-10-04,2024-11-29,Closed Lost,,7900.00,USD,1,0,Other,,,,2025-01-23
006O0000419,Orioware - New Business,001A004560,New Business,Product-led (PQL),005A0012,2024-10-05,2024-12-02,Closed Lost,,108700.00,USD,1,0,No decision / status quo,Make,ws_005004,,2025-01-24
006O0000420,Deltatech - New Business,001A008259,New Business,Product-led (PQL),005A0012,2024-10-05,2024-10-23,Closed Won,,9600.00,USD,1,1,,Workato,ws_019051,,2025-01-18
006O0000421,Fjelpoint - New Business,001A004227,New Business,Product-led (PQL),005A0024,2024-10-05,2024-12-09,Closed Lost,,14300.00,EUR,1,0,Champion left,,ws_003883,,2025-01-22
006O0000422,Solvflow - New Business,001A001585,New Business,,005A0004,2024-10-06,2024-12-08,Closed Won,,28400.00,USD,1,1,,Zapier,ws_001359,,2025-01-21
006O0000423,Evocore - New Business,001A000369,New Business,Product-led (PQL),005A0002,2024-10-06,2024-11-11,Closed Won,,34700.00,USD,1,1,,,ws_008815,,2025-01-16
006O0000424,Oriogrid - New Business,001A002073,New Business,,005A0012,2024-10-06,2024-11-15,Closed Lost,,20800.00,USD,1,0,Competitor - Workato,,ws_013007,,2025-01-18
006O0000425,Zephsys - New Business,001A008112,New Business,Product-led (PQL),005A0007,2024-10-06,2025-03-01,Closed Won,Closed,132800.00,USD,1,1,,Tray.io,ws_022439,,2025-03-02
006O0000426,Valipath - New Business,001A004395,New Business,Product-led (PQL),005A0011,2024-10-07,2025-02-15,Closed Lost,Omitted,20000.00,EUR,1,0,Competitor - Zapier,,ws_000238,,2025-02-21
006O0000427,Solvlogic - New Business,001A007212,New Business,Product-led (PQL),005A0012,2024-10-07,2024-11-08,Closed Won,,15600.00,USD,1,1,,,ws_013170,,2025-01-22
006O0000428,Grangrid - New Business,001A007637,New Business,Product-led (PQL),005A0006,2024-10-08,2024-11-07,Closed Won,,9400.00,USD,1,1,,Zapier,ws_000176,,2025-01-19
006O0000429,Quarstack - New Business,001A003936,New Business,Product-led (PQL),005A0011,2024-10-08,2025-03-05,Closed Won,Closed,67200.00,EUR,1,1,,,ws_001299,,2025-03-08
006O0000430,Kestlogic - New Business,001A004233,New Business,Product-led (PQL),005A0012,2024-10-08,2024-12-05,Closed Lost,,162800.00,USD,1,0,Timing,,ws_011569,,2025-01-24
006O0000431,Haloworks - New Business,001A007454,New Business,Product-led (PQL),005A0007,2024-10-08,2025-01-23,Closed Won,Closed,155000.00,USD,1,1,,,ws_013056,,2025-02-01
006O0000432,Solvsys - New Business,001A005406,New Business,Marketing (MQL),005A0011,2024-10-08,2024-12-28,Closed Lost,,8400.00,EUR,1,0,,Zapier,,,2025-01-22
006O0000433,Nexapoint - New Business,001A005794,New Business,Product-led (PQL),005A0012,2024-10-09,2024-11-13,Closed Won,,8200.00,USD,1,1,,,ws_013577,,2025-01-21
006O0000434,Ivenstack - New Business,001A000797,New Business,Inbound,005A0024,2024-10-09,2024-11-14,Closed Lost,,3500.00,EUR,1,0,Missing feature / integration,,ws_014721,,2025-01-21
006O0000435,Ivenfield - New Business,001A006224,New Business,Marketing (MQL),005A0006,2024-10-09,2024-11-17,Closed Lost,,56700.00,EUR,1,0,Timing,Custom scripts,,,2025-01-23
006O0000436,Sellaline - New Business,001A004003,New Business,Product-led (PQL),005A0005,2024-10-10,2024-10-15,Closed Lost,,5600.00,GBP,1,0,Timing,,ws_000187,,2025-01-22
006O0000437,Asterlogic - New Business,001A004076,New Business,Product-led (PQL),005A0012,2024-10-10,2024-12-23,Closed Won,,78500.00,USD,1,1,,,ws_010182,,2025-01-20
006O0000438,Ternstack - New Business,001A005185,New Business,Product-led (PQL),005A0012,2024-10-10,2025-03-09,Closed Lost,Omitted,108100.00,USD,1,0,Price / budget,,ws_010758,,2025-03-13
006O0000439,Wendnet - New Business,001A004890,New Business,Inbound,005A0004,2024-10-10,2025-01-06,Closed Lost,,34300.00,GBP,1,0,Timing,,ws_021244,,2025-01-17
006O0000440,Wendvik - New Business,001A008795,New Business,Product-led (PQL),005A0012,2024-10-11,2024-12-11,Closed Lost,,5700.00,USD,1,0,Competitor - Zapier,,ws_001687,,2025-01-15
006O0000441,Evowave - New Business,001A003781,New Business,Product-led (PQL),005A0012,2024-10-11,2024-11-07,Closed Won,,26400.00,USD,1,1,,,ws_015068,,2025-01-22
006O0000442,Junogrid - New Business,001A005912,New Business,Outbound,005A0006,2024-10-11,2024-12-24,Closed Lost,,25700.00,EUR,1,0,Competitor - Power Automate,,,,2025-01-17
006O0000443,Mosawave - New Business,001A006105,New Business,Product-led (PQL),005A0004,2024-10-12,2025-02-22,Closed Lost,Omitted,100500.00,USD,1,0,Competitor - Zapier,Make,ws_007803,,2025-02-25
006O0000444,Runepath - New Business,001A004365,New Business,Product-led (PQL),005A0001,2024-10-12,2025-01-05,Closed Won,,47200.00,EUR,1,1,,,ws_011652,,2025-01-18
006O0000445,Kestworks - New Business,001A005837,New Business,Marketing (MQL),005A0007,2024-10-12,2025-02-24,Closed Lost,Omitted,150200.00,EUR,1,0,Competitor - Make,,,,2025-03-02
006O0000446,Veraflow - New Business,001A005059,New Business,Marketing (MQL),005A0001,2024-10-13,2024-12-31,Closed Lost,,13800.00,EUR,1,0,Timing,Custom scripts,,,2025-01-22
006O0000447,Nordstack - New Business,001A005782,New Business,Marketing (MQL),005A0011,2024-10-14,2025-06-03,Closed Lost,Omitted,3600.00,EUR,1,0,Missing feature / integration,,,,2025-06-04
006O0000448,Valibridge - New Business,001A008741,New Business,Inbound,005A0012,2024-10-16,2024-11-23,Closed Lost,,10500.00,USD,1,0,Champion left,,ws_011680,,2025-01-24
006O0000449,Lyrapath - New Business,001A007353,New Business,Inbound,005A0012,2024-10-16,2025-05-25,Closed Lost,Omitted,5000.00,USD,1,0,Champion left,,ws_013463,,2025-05-31
006O0000450,Miralabs - New Business,001A007223,New Business,Product-led (PQL),005A0024,2024-10-17,2024-11-26,Closed Won,,19400.00,EUR,1,1,,,ws_014078,,2025-01-24
006O0000451,Sellagrid - New Business,001A007090,New Business,Inbound,005A0007,2024-10-17,2025-04-10,Closed Lost,Omitted,72200.00,EUR,1,0,Security / compliance review,,ws_006240,,2025-04-11
006O0000452,Ternmark - New Business,001A004027,New Business,Product-led (PQL),005A0012,2024-10-18,2024-12-27,Closed Lost,,21300.00,USD,1,0,Other,,ws_005622,,2025-01-24
006O0000453,Talacore - New Business,001A001035,New Business,Product-led (PQL),005A0012,2024-10-18,2025-02-01,Closed Won,Closed,207700.00,USD,1,1,,Custom scripts,ws_011073,,2025-02-01
006O0000454,Zephsys - New Business,001A002164,New Business,Inbound,005A0012,2024-10-18,2024-12-17,Closed Lost,,12600.00,USD,1,0,Timing,Make,ws_023846,,2025-01-20
006O0000455,Bramstack - New Business,001A000584,New Business,Marketing (MQL),005A0004,2024-10-19,2024-12-02,Closed Lost,,28300.00,USD,1,0,Missing feature / integration,,,,2025-01-16
006O0000456,Zephstack - New Business,001A001952,New Business,,005A0012,2024-10-20,2024-12-06,Closed Lost,,19000.00,USD,1,0,Other,Zapier,ws_014012,,2025-01-23
006O0000457,Pirafield - New Business,001A008228,New Business,Product-led (PQL),005A0003,2024-10-20,2024-11-18,Closed Won,,21800.00,USD,1,1,,,ws_021762,,2025-01-15
006O0000458,Fjelpath - New Business,001A006397,New Business,,005A0001,2024-10-20,2024-12-20,Closed Won,,31400.00,EUR,1,1,,Zapier,ws_019857,,2025-01-16
006O0000459,Ternfield - New Business,001A002844,New Business,Inbound,005A0004,2024-10-20,2025-02-05,Closed Lost,Omitted,49400.00,GBP,1,0,Missing feature / integration,,ws_020179,,2025-02-08
006O0000460,Koragrid - New Business,001A002386,New Business,Product-led (PQL),005A0005,2024-10-21,2024-11-16,Closed Lost,,11900.00,USD,1,0,,,ws_003835,,2025-01-15
006O0000461,Yaradata - New Business,001A001128,New Business,Product-led (PQL),005A0012,2024-10-21,2024-12-06,Closed Won,,7200.00,USD,1,1,,,ws_011516,,2025-01-21
006O0000462,Xenotech - New Business,001A008105,New Business,Product-led (PQL),005A0001,2024-10-21,2024-12-06,Closed Lost,,22200.00,EUR,1,0,Competitor - Make,Make,ws_019112,,2025-01-15
006O0000463,Orioware - New Business,001A004989,New Business,Marketing (MQL),005A0001,2024-10-21,2025-02-09,Closed Won,Closed,60200.00,EUR,1,1,,,,,2025-02-14
006O0000464,Quarbridge - New Business,001A006923,New Business,Marketing (MQL),005A0007,2024-10-21,2025-06-09,Closed Won,Closed,84600.00,EUR,1,1,,Zapier,,,2025-06-14
006O0000465,Kestfield - New Business,001A008872,New Business,Product-led (PQL),005A0001,2024-10-22,2025-01-12,Closed Lost,,34200.00,EUR,1,0,Chose self-hosted Community edition,,ws_019478,,2025-01-18
006O0000466,Halostack - New Business,001A004912,New Business,Inbound,005A0006,2024-10-22,2025-01-07,Closed Won,,23200.00,EUR,1,1,,,ws_011583,,2025-01-18
006O0000467,Sellastack - New Business,001A007515,New Business,Product-led (PQL),005A0006,2024-10-23,2024-11-12,Closed Lost,,11600.00,EUR,1,0,Chose self-hosted Community edition,,ws_008643,,2025-01-20
006O0000468,Talavik - New Business,001A001913,New Business,Product-led (PQL),005A0006,2024-10-23,2025-03-12,Closed Lost,Omitted,44800.00,EUR,1,0,Price / budget,,ws_008701,,2025-03-15
006O0000469,Ternstack - New Business,001A004974,New Business,Product-led (PQL),005A0012,2024-10-23,2024-12-04,Closed Lost,,53500.00,USD,1,0,Other,,ws_022368,,2025-01-17
006O0000470,Stracore - New Business,001A008371,New Business,Product-led (PQL),005A0006,2024-10-24,2024-12-25,Closed Lost,,23800.00,EUR,1,0,Competitor - Make,,ws_015995,,2025-01-15
006O0000471,Lyradata - New Business,001A000937,New Business,Product-led (PQL),005A0001,2024-10-25,2024-12-26,Closed Lost,,25300.00,EUR,1,0,,,ws_021693,,2025-01-20
006O0000472,Mosastack - New Business,001A002009,New Business,Marketing (MQL),005A0012,2024-10-25,2024-11-14,Closed Lost,,19800.00,USD,1,0,Missing feature / integration,Zapier,,,2025-01-24
006O0000473,Cobalbridge - New Business,001A002410,New Business,Product-led (PQL),005A0012,2024-10-26,2024-11-26,Closed Won,,29900.00,USD,1,1,,,ws_004315,,2025-01-17
006O0000474,Wendpath - New Business,001A002604,New Business,Product-led (PQL),005A0024,2024-10-26,2024-12-07,Closed Lost,,13800.00,EUR,1,0,Timing,Workato,ws_013966,,2025-01-22
006O0000475,Sellaworks - New Business,001A004237,New Business,Product-led (PQL),005A0012,2024-10-26,2025-01-18,Closed Lost,Omitted,38000.00,USD,1,0,Chose self-hosted Community edition,,ws_023048,,2025-01-26
006O0000476,Oriopath - New Business,001A004951,New Business,Inbound,005A0012,2024-10-26,2025-02-10,Closed Won,Closed,53600.00,USD,1,1,,,ws_012634,,2025-02-12
006O0000477,Gransys - New Business,001A004856,New Business,Partner,005A0011,2024-10-26,2025-03-17,Closed Lost,Omitted,15600.00,EUR,1,0,Timing,Make,,,2025-03-21
006O0000478,Koraware - New Business,001A000895,New Business,Product-led (PQL),005A0012,2024-10-27,2025-04-04,Closed Lost,Omitted,49100.00,USD,1,0,Chose self-hosted Community edition,,ws_022754,,2025-04-13
006O0000479,Valicore - New Business,001A008919,New Business,Partner,005A0012,2024-10-27,2024-12-29,Closed Lost,,17500.00,USD,1,0,,,,,2025-01-17
006O0000480,Cobalvik - New Business,001A007589,New Business,Product-led (PQL),005A0011,2024-10-28,2025-01-10,Closed Lost,,20400.00,EUR,1,0,Chose self-hosted Community edition,,ws_009981,,2025-01-18
006O0000481,Wendcore - New Business,001A008166,New Business,Product-led (PQL),005A0012,2024-10-28,2025-01-03,Closed Lost,,51300.00,USD,1,0,Chose self-hosted Community edition,Power Automate,ws_015619,,2025-01-21
006O0000482,Xenolabs - New Business,001A005516,New Business,Marketing (MQL),005A0001,2024-10-28,2025-02-25,Closed Lost,Omitted,34400.00,EUR,1,0,Security / compliance review,,,,2025-02-28
006O0000483,Lumolabs - New Business,001A007218,New Business,Product-led (PQL),005A0005,2024-10-29,2024-11-25,Closed Lost,,10000.00,GBP,1,0,No decision / status quo,,ws_008491,,2025-01-21
006O0000484,Lyraflow - New Business,001A003713,New Business,Product-led (PQL),005A0012,2024-10-29,2024-11-30,Closed Won,,6600.00,USD,1,1,,Zapier,ws_010089,,2025-01-24
006O0000485,Vexpath - New Business,001A002371,New Business,Inbound,005A0011,2024-10-29,2025-07-31,Closed Lost,Omitted,160200.00,EUR,1,0,Timing,,ws_002768,,2025-08-09
006O0000486,Verapoint - New Business,001A003802,New Business,Marketing (MQL),005A0011,2024-10-29,2024-12-01,Closed Lost,,46400.00,EUR,1,0,,Make,,,2025-01-16
006O0000487,Haloline - New Business,001A005943,New Business,Product-led (PQL),005A0012,2024-10-30,2025-01-12,Closed Won,,97800.00,USD,1,1,,,ws_015143,,2025-01-19
006O0000488,Norddata - New Business,001A004543,New Business,Product-led (PQL),005A0006,2024-10-30,2025-01-18,Closed Lost,Omitted,76100.00,EUR,1,0,Chose self-hosted Community edition,,ws_016611,,2025-01-19
006O0000489,Piraware - New Business,001A008813,New Business,Product-led (PQL),005A0001,2024-10-31,2025-01-09,Closed Won,,65700.00,USD,1,1,,,ws_015713,,2025-01-21
006O0000490,Astersys - New Business,001A006154,New Business,Marketing (MQL),005A0011,2024-10-31,2025-03-25,Closed Lost,Omitted,6800.00,EUR,1,0,Missing feature / integration,,,,2025-04-02
006O0000491,Quarpath - New Business,001A002111,New Business,Outbound,005A0006,2024-10-31,2024-11-14,Closed Lost,,45700.00,EUR,1,0,Chose self-hosted Community edition,,,,2025-01-20
006O0000492,Nordnet - New Business,001A007195,New Business,Marketing (MQL),005A0001,2024-11-01,2025-07-07,Closed Lost,Omitted,5600.00,USD,1,0,Missing feature / integration,Custom scripts,,,2025-07-15
006O0000493,Sellastack - New Business,001A002742,New Business,Product-led (PQL),005A0001,2024-11-02,2025-01-02,Closed Won,,27500.00,EUR,1,1,,,ws_005023,,2025-01-23
006O0000494,Cobalpath - New Business,001A005219,New Business,Product-led (PQL),005A0024,2024-11-02,2024-12-09,Closed Lost,,14600.00,EUR,1,0,Price / budget,,ws_007539,,2025-01-17
006O0000495,Straware - New Business,001A008481,New Business,Product-led (PQL),005A0001,2024-11-03,2025-03-13,Closed Lost,Omitted,41400.00,EUR,1,0,Price / budget,,ws_000492,,2025-03-17
006O0000496,Deltapath - New Business,001A005746,New Business,Product-led (PQL),005A0001,2024-11-03,2025-01-10,Closed Lost,,72100.00,EUR,1,0,Competitor - Workato,,ws_010789,,2025-01-23
006O0000497,Yarapoint - New Business,001A008151,New Business,Product-led (PQL),005A0006,2024-11-03,2025-06-13,Closed Lost,Omitted,24100.00,EUR,1,0,Competitor - Make,Make,ws_020214,,2025-06-14
006O0000498,Runevik - New Business,001A007905,New Business,Product-led (PQL),005A0000,2024-11-03,2025-02-09,Closed Lost,Omitted,99700.00,EUR,1,0,Timing,Workato,ws_021378,,2025-02-13
006O0000499,Ivenvik - New Business,001A005090,New Business,Inbound,005A0011,2024-11-03,2025-01-04,Closed Lost,,28200.00,EUR,1,0,Competitor - Workato,,ws_019958,,2025-01-22
006O0000500,Zephlogic - New Business,001A005312,New Business,Inbound,005A0011,2024-11-03,2024-12-23,Closed Lost,,18800.00,EUR,1,0,Chose self-hosted Community edition,,ws_022645,,2025-01-17
006O0000501,Ivenware - New Business,001A001536,New Business,Product-led (PQL),005A0012,2024-11-04,2024-12-19,Closed Lost,,49800.00,USD,1,0,Chose self-hosted Community edition,Power Automate,ws_000461,,2025-01-20
006O0000502,Nexasys - New Business,001A002082,New Business,Product-led (PQL),005A0012,2024-11-04,2024-11-20,Closed Lost,,27300.00,USD,1,0,Unresponsive,,ws_014486,,2025-01-23
006O0000503,Ternnet - New Business,001A000288,New Business,Inbound,005A0006,2024-11-04,2024-12-03,Closed Lost,,41800.00,EUR,1,0,Competitor - Zapier,Zapier,ws_023704,,2025-01-23
006O0000504,Xenobridge - New Business,001A006596,New Business,Outbound,005A0005,2024-11-04,2025-02-08,Closed Lost,Omitted,18100.00,GBP,1,0,Chose self-hosted Community edition,Zapier,,,2025-02-11
006O0000505,Xenolabs - New Business,001A008193,New Business,Product-led (PQL),005A0007,2024-11-05,2025-05-24,Closed Lost,Omitted,24100.00,USD,1,0,Price / budget,,ws_021199,,2025-05-27
006O0000506,Lumostack - New Business,001A008613,New Business,Partner,005A0002,2024-11-05,2025-02-15,Closed Lost,Omitted,8700.00,EUR,1,0,Price / budget,,,,2025-02-16
006O0000507,Kestlabs - New Business,001A001666,New Business,Product-led (PQL),005A0012,2024-11-06,2024-12-19,Closed Won,,12500.00,USD,1,1,,Power Automate,ws_006894,,2025-01-18
006O0000508,Sellaflow - New Business,001A003523,New Business,Product-led (PQL),005A0007,2024-11-06,2024-12-24,Closed Won,,8200.00,EUR,1,1,,Power Automate,ws_011061,,2025-01-16
006O0000509,Deltanet - New Business,001A008902,New Business,Product-led (PQL),005A0012,2024-11-06,2025-02-11,Closed Lost,Omitted,24900.00,USD,1,0,Price / budget,,ws_017418,,2025-02-21
006O0000510,Mirawave - New Business,001A000886,New Business,Marketing (MQL),005A0007,2024-11-06,2025-02-28,Closed Lost,Omitted,7200.00,EUR,1,0,Chose self-hosted Community edition,Zapier,,,2025-03-01
006O0000511,Veratech - New Business,001A008030,New Business,Product-led (PQL),005A0012,2024-11-07,2025-06-12,Closed Lost,Omitted,26400.00,USD,1,0,Chose self-hosted Community edition,,ws_005151,,2025-06-19
006O0000512,Umbraware - New Business,001A003537,New Business,Marketing (MQL),005A0012,2024-11-07,2025-03-15,Closed Lost,Omitted,10500.00,USD,1,0,Price / budget,,,,2025-03-22
006O0000513,Solvflow - New Business,001A006202,New Business,Product-led (PQL),005A0006,2024-11-08,2025-03-21,Closed Lost,Omitted,24000.00,EUR,1,0,Unresponsive,,ws_000730,,2025-03-27
006O0000514,Wendlogic - New Business,001A004857,New Business,Product-led (PQL),005A0012,2024-11-08,2024-12-18,Closed Lost,,84800.00,USD,1,0,Timing,,ws_006144,,2025-01-15
006O0000515,Ternmark - New Business,001A006897,New Business,Product-led (PQL),005A0001,2024-11-08,2025-02-07,2 - Qualification,Omitted,54000.00,EUR,0,0,,,ws_018410,Send proposal,2025-01-17
006O0000516,Miramark - New Business,001A007983,New Business,Product-led (PQL),005A0003,2024-11-08,2024-12-27,Closed Lost,,7300.00,USD,1,0,Competitor - Zapier,,ws_023169,,2025-01-20
006O0000517,Valiware - New Business,001A007267,New Business,Marketing (MQL),005A0012,2024-11-08,2025-01-20,Closed Lost,Omitted,8800.00,USD,1,0,Missing feature / integration,,,,2025-01-20
006O0000518,Junogrid - New Business,001A004938,New Business,Outbound,005A0012,2024-11-08,2024-12-16,Closed Lost,,45700.00,USD,1,0,No decision / status quo,Workato,,,2025-01-17
006O0000519,Evotech - New Business,001A003285,New Business,Product-led (PQL),005A0012,2024-11-09,2025-04-07,Closed Lost,Omitted,123000.00,USD,1,0,Competitor - Zapier,,ws_000673,,2025-04-08
006O0000520,Fjeltech - New Business,001A007815,New Business,Product-led (PQL),005A0011,2024-11-09,2024-12-21,Closed Won,,15500.00,EUR,1,1,,,ws_004773,,2025-01-22
006O0000521,Fjelworks - New Business,001A003992,New Business,Product-led (PQL),005A0000,2024-11-09,2024-12-20,Closed Lost,,62300.00,EUR,1,0,Price / budget,Power Automate,ws_012932,,2025-01-18
006O0000522,Vexvik - New Business,001A000805,New Business,Inbound,005A0024,2024-11-09,2024-12-17,Closed Lost,,12200.00,EUR,1,0,Missing feature / integration,,ws_013677,,2025-01-17
006O0000523,Sellawave - New Business,001A006165,New Business,Marketing (MQL),005A0012,2024-11-09,2024-12-28,Closed Lost,,10500.00,USD,1,0,Timing,Custom scripts,,,2025-01-15
006O0000524,Lyraworks - New Business,001A003099,New Business,Product-led (PQL),005A0000,2024-11-13,2025-01-04,Closed Won,,155100.00,EUR,1,1,,,ws_002791,,2025-01-19
006O0000525,Straline - New Business,001A000163,New Business,Product-led (PQL),005A0001,2024-11-13,2025-05-01,Closed Lost,Omitted,39400.00,EUR,1,0,Chose self-hosted Community edition,Tray.io,ws_022659,,2025-05-08
006O0000526,Sellavik - New Business,001A002021,New Business,Product-led (PQL),005A0002,2024-11-13,2024-12-04,Closed Lost,,41100.00,EUR,1,0,Chose self-hosted Community edition,,ws_000703,,2025-01-17
006O0000527,Cobalworks - New Business,001A003152,New Business,Product-led (PQL),005A0011,2024-11-13,2025-02-21,Closed Won,Closed,38800.00,EUR,1,1,,,ws_009953,,2025-02-26
006O0000528,Kestgrid - New Business,001A003347,New Business,Product-led (PQL),005A0012,2024-11-14,2025-01-03,Closed Won,,15500.00,USD,1,1,,,ws_017119,,2025-01-20
006O0000529,Ternpath - New Business,001A002601,New Business,,005A0012,2024-11-14,2025-01-06,Closed Lost,,7800.00,USD,1,0,Unresponsive,,ws_023174,,2025-01-16
006O0000530,Wendvik - New Business,001A000594,New Business,Marketing (MQL),005A0001,2024-11-15,2024-12-21,Closed Lost,,15300.00,EUR,1,0,Chose self-hosted Community edition,,,,2025-01-23
006O0000531,Zephbridge - New Business,001A004325,New Business,Product-led (PQL),005A0006,2024-11-16,2025-01-08,Closed Won,,43600.00,EUR,1,1,,Zapier,ws_005342,,2025-01-21
006O0000532,Ivennet - New Business,001A001943,New Business,Product-led (PQL),005A0000,2024-11-16,2025-02-19,Closed Lost,Omitted,116400.00,EUR,1,0,Security / compliance review,,ws_015223,,2025-02-25
006O0000533,Xenofield - New Business,001A006810,New Business,Product-led (PQL),005A0001,2024-11-17,2025-01-20,Closed Lost,Omitted,28600.00,EUR,1,0,Competitor - Power Automate,Zapier,ws_003351,,2025-01-20
006O0000534,Deltaflow - New Business,001A008377,New Business,Product-led (PQL),005A0012,2024-11-17,2025-06-05,Closed Lost,Omitted,103700.00,USD,1,0,Competitor - Workato,,ws_004126,,2025-06-12
006O0000535,Solvbridge - New Business,001A000283,New Business,Product-led (PQL),005A0004,2024-11-17,2025-01-26,Closed Lost,Omitted,25300.00,GBP,1,0,Competitor - Zapier,Zapier,ws_013481,,2025-02-04
006O0000536,Ciratech - New Business,001A003727,New Business,,005A0005,2024-11-17,2024-11-29,Closed Lost,,10300.00,GBP,1,0,No decision / status quo,,,,2025-01-16
006O0000537,Astertech - New Business,001A006396,New Business,Product-led (PQL),005A0012,2024-11-18,2025-09-25,Closed Lost,Omitted,23800.00,USD,1,0,Competitor - Workato,Workato,ws_014193,,2025-10-02
006O0000538,Fjelgrid - New Business,001A004620,New Business,Product-led (PQL),005A0004,2024-11-18,2025-01-08,Closed Won,,15400.00,GBP,1,1,,,ws_002859,,2025-01-24
006O0000539,Cirabridge - New Business,001A008514,New Business,Marketing (MQL),005A0006,2024-11-18,2025-02-10,Closed Lost,Omitted,99400.00,EUR,1,0,Timing,,,,2025-02-11
006O0000540,Valiwave - New Business,001A000189,New Business,Marketing (MQL),005A0005,2024-11-18,2025-01-10,Closed Lost,,17800.00,GBP,1,0,Competitor - Zapier,,,,2025-01-24
006O0000541,Umbracore - New Business,001A005956,New Business,Marketing (MQL),005A0007,2024-11-18,2025-01-06,Closed Lost,,228100.00,EUR,1,0,No decision / status quo,Custom scripts,,,2025-01-22
006O0000542,Nordnet - New Business,001A005227,New Business,Inbound,005A0002,2024-11-19,2024-12-28,Closed Lost,,16900.00,EUR,1,0,Chose self-hosted Community edition,,ws_006943,,2025-01-15
006O0000543,Junoworks - New Business,001A001116,New Business,Marketing (MQL),005A0002,2024-11-19,2024-12-24,Closed Lost,,8900.00,EUR,1,0,Champion left,,,,2025-01-24
006O0000544,Stratech - New Business,001A001090,New Business,Outbound,005A0003,2024-11-20,2025-07-27,Closed Lost,Omitted,,GBP,1,0,Timing,Power Automate,,,2025-07-31
006O0000545,Wendmark - New Business,001A002786,New Business,Product-led (PQL),005A0012,2024-11-21,2024-12-21,Closed Won,,25800.00,USD,1,1,,Custom scripts,ws_012240,,2025-01-20
006O0000546,Halodata - New Business,001A002922,New Business,Product-led (PQL),005A0000,2024-11-21,2025-05-30,Closed Lost,Omitted,150200.00,EUR,1,0,Chose self-hosted Community edition,,ws_017515,,2025-06-02
006O0000547,Asterlogic - New Business,001A001446,New Business,Product-led (PQL),005A0002,2024-11-22,2024-12-28,Closed Won,,20000.00,USD,1,1,,Power Automate,ws_020724,,2025-01-23
006O0000548,Wendsys - New Business,001A003515,New Business,Inbound,005A0012,2024-11-22,2024-12-12,Closed Lost,,48000.00,USD,1,0,Competitor - Make,,ws_006065,,2025-01-15
006O0000549,Korasys - New Business,001A006808,New Business,Inbound,005A0011,2024-11-22,2025-02-01,Closed Lost,Omitted,9600.00,EUR,1,0,Chose self-hosted Community edition,Custom scripts,ws_009354,,2025-02-03
006O0000550,Halonet - New Business,001A005968,New Business,Marketing (MQL),005A0012,2024-11-22,2025-02-16,Closed Lost,Omitted,58300.00,USD,1,0,Competitor - Make,,,,2025-02-26
006O0000551,Lyraflow - New Business,001A007306,New Business,Product-led (PQL),005A0024,2024-11-23,2025-03-03,Closed Lost,Omitted,5500.00,EUR,1,0,Competitor - Workato,Custom scripts,ws_013385,,2025-03-09
006O0000552,Mosapoint - New Business,001A003284,New Business,Inbound,005A0000,2024-11-23,2025-03-06,Closed Lost,Omitted,38000.00,EUR,1,0,Chose self-hosted Community edition,Make,ws_000502,,2025-03-12
006O0000553,Ciralogic - New Business,001A001833,New Business,Inbound,005A0002,2024-11-23,2025-03-25,Closed Lost,Omitted,62900.00,EUR,1,0,Timing,Custom scripts,ws_014524,,2025-03-27
006O0000554,Wendlogic - New Business,001A003488,New Business,Marketing (MQL),005A0004,2024-11-23,2024-12-31,Closed Lost,,21800.00,GBP,1,0,Missing feature / integration,,,,2025-01-17
006O0000555,Bramcore - New Business,001A004866,New Business,Product-led (PQL),005A0005,2024-11-24,2024-12-08,Closed Lost,,18000.00,EUR,1,0,Competitor - Zapier,Custom scripts,ws_004551,,2025-01-18
006O0000556,Xenodata - New Business,001A001934,New Business,Product-led (PQL),005A0012,2024-11-24,2025-01-09,Closed Won,,15300.00,USD,1,1,,,ws_006447,,2025-01-21
006O0000557,Mosatech - New Business,001A007949,New Business,Product-led (PQL),005A0005,2024-11-24,2025-10-06,Closed Lost,Omitted,61000.00,USD,1,0,Timing,,ws_015905,,2025-10-09
006O0000558,Stralabs - New Business,001A003947,New Business,Product-led (PQL),005A0002,2024-11-24,2025-02-08,Closed Lost,Omitted,20600.00,EUR,1,0,Security / compliance review,Zapier,ws_023818,,2025-02-12
006O0000559,Yaracore - New Business,001A001633,New Business,Product-led (PQL),005A0012,2024-11-26,2025-04-01,Closed Lost,Omitted,16800.00,USD,1,0,,,ws_001355,,2025-04-04
006O0000560,Ivencore - New Business,001A008652,New Business,Product-led (PQL),005A0007,2024-11-26,2024-12-20,Closed Lost,,62300.00,USD,1,0,Chose self-hosted Community edition,Power Automate,ws_020074,,2025-01-23
006O0000561,Valicore - New Business,001A008016,New Business,Inbound,005A0012,2024-11-26,2025-03-26,Closed Won,Closed,55300.00,USD,1,1,,,ws_009930,,2025-03-29
006O0000562,Sellavik - New Business,001A008643,New Business,Product-led (PQL),005A0011,2024-11-27,2025-02-21,Closed Lost,Omitted,38000.00,EUR,1,0,Competitor - Power Automate,Zapier,ws_002733,,2025-03-01
006O0000563,Wendtech - New Business,001A007094,New Business,,005A0012,2024-11-27,2024-12-25,Closed Won,,30800.00,USD,1,1,,Zapier,ws_003749,,2025-01-16
006O0000564,Valicore - New Business,001A005188,New Business,Inbound,005A0012,2024-11-27,2025-03-30,Closed Lost,Omitted,42600.00,USD,1,0,Competitor - Power Automate,,ws_015377,,2025-04-03
006O0000565,Oriopath - New Business,001A007789,New Business,Product-led (PQL),005A0004,2024-11-28,2025-04-01,Closed Lost,Omitted,39400.00,GBP,1,0,Timing,,ws_006516,,2025-04-08
006O0000566,Zephline - New Business,001A007968,New Business,Product-led (PQL),005A0000,2024-11-28,2025-04-11,Closed Lost,Omitted,121500.00,EUR,1,0,,,ws_007300,,2025-04-14
006O0000567,Cirasys - New Business,001A005401,New Business,Inbound,005A0004,2024-11-28,2025-01-12,Closed Lost,,29900.00,GBP,1,0,Competitor - Zapier,,ws_000822,,2025-01-20
006O0000568,Opalwave - New Business,001A007889,New Business,Marketing (MQL),005A0012,2024-11-28,2025-02-08,Closed Lost,Omitted,22500.00,USD,1,0,Competitor - Make,,,,2025-02-13
006O0000569,Wendwave - New Business,001A005320,New Business,Marketing (MQL),005A0024,2024-11-29,2025-01-09,Closed Lost,,30500.00,EUR,1,0,Competitor - Zapier,Zapier,,,2025-01-20
006O0000570,Nexawave - New Business,001A004088,New Business,Marketing (MQL),005A0002,2024-11-29,2025-04-26,Closed Lost,Omitted,14700.00,EUR,1,0,Competitor - Zapier,,,,2025-05-02
006O0000571,Grancore - New Business,001A003913,New Business,Marketing (MQL),005A0006,2024-11-29,2025-03-02,Closed Lost,Omitted,9800.00,EUR,1,0,Unresponsive,,,,2025-03-07
006O0000572,Lumotech - New Business,001A001840,New Business,Marketing (MQL),005A0024,2024-11-29,2025-03-13,Closed Lost,Omitted,7600.00,EUR,1,0,Champion left,,,,2025-03-15
006O0000573,Ternpath - New Business,001A005438,New Business,Product-led (PQL),005A0000,2024-11-30,2025-02-06,Closed Lost,Omitted,29000.00,USD,1,0,Price / budget,Workato,ws_010467,,2025-02-08
006O0000574,Mosapoint - New Business,001A006093,New Business,Inbound,005A0012,2024-11-30,2025-01-09,Closed Lost,,23000.00,USD,1,0,Missing feature / integration,Workato,ws_000481,,2025-01-16
006O0000575,Ciravik - New Business,001A001888,New Business,Marketing (MQL),005A0012,2024-11-30,2024-12-24,Closed Lost,,80200.00,USD,1,0,Security / compliance review,Zapier,,,2025-01-15
006O0000576,Asterflow - New Business,001A008755,New Business,Product-led (PQL),005A0005,2024-12-01,2025-02-22,Closed Lost,Omitted,10600.00,GBP,1,0,Security / compliance review,Power Automate,ws_000345,,2025-02-26
006O0000577,Xenoworks - New Business,001A005960,New Business,Product-led (PQL),005A0024,2024-12-01,2025-01-06,Closed Won,,26100.00,EUR,1,1,,Make,ws_009557,,2025-01-21
006O0000578,Vexline - New Business,001A002286,New Business,Product-led (PQL),005A0012,2024-12-01,2025-06-15,Closed Lost,Omitted,368500.00,USD,1,0,Price / budget,Zapier,ws_014669,,2025-06-19
006O0000579,Boreasys - New Business,001A004192,New Business,Product-led (PQL),005A0006,2024-12-02,2025-01-24,Closed Lost,Omitted,31200.00,EUR,1,0,Competitor - Zapier,,ws_003144,,2025-01-30
006O0000580,Xenotech - New Business,001A003881,New Business,Product-led (PQL),005A0003,2024-12-02,2025-03-03,Closed Won,Closed,308400.00,USD,1,1,,,ws_014581,,2025-03-12
006O0000581,Nexasys - New Business,001A001440,New Business,Product-led (PQL),005A0004,2024-12-02,2025-06-01,Closed Lost,Omitted,51200.00,GBP,1,0,Champion left,Make,ws_021935,,2025-06-07
006O0000582,Zephcore - New Business,001A005890,New Business,Marketing (MQL),005A0002,2024-12-02,2025-02-05,Closed Lost,Omitted,5400.00,USD,1,0,Chose self-hosted Community edition,,,,2025-02-06
006O0000583,Bramvik - New Business,001A001771,New Business,Product-led (PQL),005A0012,2024-12-03,2025-03-11,Closed Lost,Omitted,25100.00,USD,1,0,Chose self-hosted Community edition,Zapier,ws_001184,,2025-03-17
006O0000584,Altologic - New Business,001A000245,New Business,Product-led (PQL),005A0012,2024-12-03,2024-12-16,Closed Lost,,87500.00,USD,1,0,Timing,Zapier,ws_008370,,2025-01-22
006O0000585,Lumowave - New Business,001A000624,New Business,Product-led (PQL),005A0024,2024-12-04,2025-03-03,Closed Won,Closed,98200.00,USD,1,1,,Zapier,ws_006003,,2025-03-12
006O0000586,Evotech - New Business,001A003478,New Business,Product-led (PQL),005A0007,2024-12-04,2025-02-27,Closed Won,Closed,31100.00,USD,1,1,,,ws_007405,,2025-02-28
006O0000587,Lyranet - New Business,001A002900,New Business,Product-led (PQL),005A0006,2024-12-04,2025-03-18,Closed Lost,Omitted,28600.00,EUR,1,0,Chose self-hosted Community edition,Custom scripts,ws_014478,,2025-03-24
006O0000588,Xenolabs - New Business,001A006122,New Business,Inbound,005A0012,2024-12-04,2025-05-16,Closed Lost,Omitted,23500.00,USD,1,0,Price / budget,,ws_010176,,2025-05-17
006O0000589,Pirabridge - New Business,001A007783,New Business,Product-led (PQL),005A0005,2024-12-05,2025-01-16,Closed Won,Closed,23700.00,GBP,1,1,,Make,ws_019933,,2025-01-20
006O0000590,Granstack - New Business,001A002282,New Business,Partner,005A0011,2024-12-05,2024-12-29,Closed Lost,,14900.00,EUR,1,0,Price / budget,Zapier,,,2025-01-15
006O0000591,Wendpoint - New Business,001A000086,New Business,Marketing (MQL),005A0012,2024-12-06,2025-02-09,Closed Lost,Omitted,16300.00,USD,1,0,Missing feature / integration,,,,2025-02-16
006O0000592,Bramvik - New Business,001A000257,New Business,Product-led (PQL),005A0000,2024-12-07,2025-01-23,Closed Lost,Omitted,90400.00,EUR,1,0,Missing feature / integration,,ws_004569,,2025-01-30
006O0000593,Kestpath - New Business,001A002155,New Business,Partner,005A0012,2024-12-07,2025-04-22,Closed Lost,Omitted,32700.00,USD,1,0,Competitor - Zapier,Workato,,,2025-04-29
006O0000594,Granlogic - New Business,001A003834,New Business,Product-led (PQL),005A0004,2024-12-08,2025-04-13,Closed Lost,Omitted,89600.00,EUR,1,0,Competitor - Zapier,,ws_006995,,2025-04-16
006O0000595,Junoline - New Business,001A007806,New Business,Product-led (PQL),005A0012,2024-12-09,2024-12-31,Closed Won,,9300.00,USD,1,1,,,ws_004326,,2025-01-21
006O0000596,Piralabs - New Business,001A007784,New Business,Product-led (PQL),005A0006,2024-12-09,2025-02-08,Closed Won,Closed,72100.00,EUR,1,1,,,ws_005553,,2025-02-16
006O0000597,Ivenline - New Business,001A005906,New Business,Marketing (MQL),005A0012,2024-12-09,2025-05-19,Closed Lost,Omitted,99200.00,USD,1,0,Competitor - Power Automate,Make,,,2025-05-25
006O0000598,Miraware - New Business,001A002635,New Business,Outbound,005A0011,2024-12-09,2025-01-18,Closed Lost,Omitted,6200.00,EUR,1,0,,,,,2025-01-20
006O0000599,Umbralabs - New Business,001A005527,New Business,Product-led (PQL),005A0004,2024-12-11,2025-02-21,Closed Lost,Omitted,31100.00,GBP,1,0,Timing,,ws_006235,,2025-02-25
006O0000600,Talabridge - New Business,001A006677,New Business,Product-led (PQL),005A0019,2024-12-12,2025-01-25,Closed Won,Closed,10900.00,USD,1,1,,,ws_015495,,2025-01-27
006O0000601,Ciracore - New Business,001A008793,New Business,Product-led (PQL),005A0019,2024-12-12,2025-05-26,Closed Lost,Omitted,38800.00,USD,1,0,Unresponsive,,ws_018321,,2025-05-26
006O0000602,Terndata - New Business,001A006899,New Business,Product-led (PQL),005A0024,2024-12-12,2025-01-05,Closed Lost,,46000.00,USD,1,0,Timing,Custom scripts,ws_019373,,2025-01-19
006O0000603,Lyrabridge - New Business,001A003008,New Business,Inbound,005A0024,2024-12-12,2025-01-09,Closed Lost,,20400.00,EUR,1,0,Competitor - Zapier,,ws_008863,,2025-01-18
006O0000604,Halobridge - New Business,001A007008,New Business,Inbound,005A0002,2024-12-12,2025-02-11,Closed Lost,Omitted,14200.00,EUR,1,0,Price / budget,,ws_014366,,2025-02-15
006O0000605,Nordlabs - New Business,001A001105,New Business,Product-led (PQL),005A0019,2024-12-13,2025-03-04,Closed Won,Closed,236900.00,USD,1,1,,Workato,ws_017552,,2025-03-10
006O0000606,Altopath - New Business,001A008712,New Business,Product-led (PQL),005A0012,2024-12-13,2025-01-14,Closed Lost,,77700.00,USD,1,0,Chose self-hosted Community edition,,ws_018232,,2025-01-23
006O0000607,Runefield - New Business,001A001378,New Business,Inbound,005A0012,2024-12-13,2025-02-02,Closed Lost,Omitted,10000.00,USD,1,0,No decision / status quo,Power Automate,ws_016032,,2025-02-08
006O0000608,Selladata - New Business,001A004199,New Business,Marketing (MQL),005A0002,2024-12-13,2025-05-31,Closed Lost,Omitted,9600.00,EUR,1,0,Security / compliance review,,,,2025-06-02
006O0000609,Briopoint - New Business,001A006067,New Business,Outbound,005A0004,2024-12-13,2025-04-07,Closed Lost,Omitted,17600.00,GBP,1,0,Chose self-hosted Community edition,,,,2025-04-10
006O0000610,Nordtech - New Business,001A007310,New Business,Product-led (PQL),005A0007,2024-12-14,2025-01-30,Closed Lost,Omitted,14200.00,EUR,1,0,Competitor - Zapier,,ws_002018,,2025-01-31
006O0000611,Stralabs - New Business,001A001784,New Business,Product-led (PQL),005A0005,2024-12-14,2025-02-03,Closed Lost,Omitted,6700.00,GBP,1,0,Unresponsive,Zapier,ws_011043,,2025-02-08
006O0000612,Grangrid - New Business,001A006170,New Business,Inbound,005A0006,2024-12-14,2025-01-05,Closed Lost,,10500.00,USD,1,0,,,ws_017687,,2025-01-15
006O0000613,Evoflow - New Business,001A003501,New Business,Product-led (PQL),005A0012,2024-12-15,2025-03-16,Closed Lost,Omitted,50800.00,USD,1,0,Price / budget,,ws_006608,,2025-03-17
006O0000614,Deltatech - New Business,001A001338,New Business,Product-led (PQL),005A0012,2024-12-17,2025-02-06,Closed Won,Closed,24600.00,USD,1,1,,,ws_003999,,2025-02-14
006O0000615,Briomark - New Business,001A002306,New Business,Product-led (PQL),005A0007,2024-12-17,2025-01-26,Closed Lost,Omitted,8100.00,EUR,1,0,Competitor - Zapier,,ws_007415,,2025-02-02
006O0000616,Ternlogic - New Business,001A008316,New Business,Inbound,005A0005,2024-12-17,2025-01-18,Closed Lost,Omitted,11200.00,USD,1,0,Price / budget,,ws_002271,,2025-01-19
006O0000617,Bramfield - New Business,001A008210,New Business,Product-led (PQL),005A0011,2024-12-18,2025-01-04,Closed Lost,,13500.00,EUR,1,0,Competitor - Make,,ws_003238,,2025-01-15
006O0000618,Ternlabs - New Business,001A002827,New Business,Product-led (PQL),005A0005,2024-12-18,2025-01-27,Closed Won,Closed,29300.00,GBP,1,1,,,ws_009659,,2025-02-04
006O0000619,Ternmark - New Business,001A008507,New Business,Product-led (PQL),005A0005,2024-12-18,2025-01-26,Closed Won,Closed,15000.00,GBP,1,1,,,ws_001394,,2025-02-01
006O0000620,Taladata - New Business,001A003886,New Business,Inbound,005A0004,2024-12-18,2025-02-20,Closed Lost,Omitted,89500.00,USD,1,0,Missing feature / integration,,ws_002812,,2025-02-24
006O0000621,Fjelnet - New Business,001A002161,New Business,Marketing (MQL),005A0005,2024-12-19,2025-02-09,Closed Lost,Omitted,3400.00,GBP,1,0,Competitor - Make,Make,,,2025-02-10
006O0000622,Mosadata - New Business,001A005170,New Business,Marketing (MQL),005A0019,2024-12-19,2025-02-28,Closed Lost,Omitted,33600.00,USD,1,0,Chose self-hosted Community edition,Custom scripts,,,2025-03-06
006O0000623,Mosalabs - New Business,001A004934,New Business,Product-led (PQL),005A0019,2024-12-20,2025-01-26,Closed Lost,Omitted,14500.00,USD,1,0,,Make,ws_010199,,2025-02-03
006O0000624,Astersys - New Business,001A001073,New Business,Product-led (PQL),005A0019,2024-12-20,2025-01-03,Closed Won,,5600.00,USD,1,1,,Custom scripts,ws_018239,,2025-01-19
006O0000625,Umbrabridge - New Business,001A004512,New Business,Inbound,005A0019,2024-12-20,2025-01-27,Closed Lost,Omitted,135900.00,USD,1,0,,,ws_001008,,2025-01-30
006O0000626,Umbralogic - New Business,001A006793,New Business,Marketing (MQL),005A0019,2024-12-20,2025-01-21,Closed Lost,Omitted,23100.00,USD,1,0,Competitor - Make,,,,2025-01-24
006O0000627,Oriodata - New Business,001A006893,New Business,Product-led (PQL),005A0003,2024-12-22,2025-04-05,Closed Won,Closed,152600.00,GBP,1,1,,,ws_017085,,2025-04-10
006O0000628,Opalline - New Business,001A001556,New Business,Inbound,005A0004,2024-12-22,2025-02-17,Closed Lost,Omitted,16700.00,USD,1,0,Competitor - Zapier,,ws_023749,,2025-02-21
006O0000629,Borealine - New Business,001A005214,New Business,Product-led (PQL),005A0006,2024-12-23,2025-01-10,Closed Won,,6400.00,EUR,1,1,,Power Automate,ws_004982,,2025-01-18
006O0000630,Orioworks - New Business,001A001357,New Business,Marketing (MQL),005A0011,2024-12-23,2025-09-25,Closed Lost,Omitted,74300.00,EUR,1,0,Timing,,,,2025-09-30
006O0000631,Boreawave - New Business,001A005970,New Business,Outbound,005A0006,2024-12-23,2025-04-28,Closed Lost,Omitted,34100.00,EUR,1,0,Price / budget,,,,2025-05-03
006O0000632,Solvpath - New Business,001A004499,New Business,Product-led (PQL),005A0012,2024-12-24,2025-02-27,Closed Won,Closed,87900.00,USD,1,1,,Make,ws_015566,,2025-03-08
006O0000633,Briomark - New Business,001A000381,New Business,Product-led (PQL),005A0011,2024-12-25,2025-02-05,Closed Lost,Omitted,16700.00,USD,1,0,Missing feature / integration,Custom scripts,ws_005589,,2025-02-08
006O0000634,Granlabs - New Business,001A007680,New Business,Product-led (PQL),005A0005,2024-12-25,2025-03-31,Closed Lost,Omitted,79100.00,USD,1,0,No decision / status quo,,ws_014818,,2025-04-01
006O0000635,Deltanet - New Business,001A003801,New Business,Product-led (PQL),005A0004,2024-12-25,2025-04-13,Closed Lost,Omitted,22000.00,GBP,1,0,Chose self-hosted Community edition,,ws_015231,,2025-04-20
006O0000636,Cirasys - New Business,001A002233,New Business,Product-led (PQL),005A0004,2024-12-25,2025-02-19,Closed Won,Closed,68400.00,USD,1,1,,Make,ws_022876,,2025-02-24
006O0000637,Runebridge - New Business,001A001447,New Business,Product-led (PQL),005A0006,2024-12-26,2025-03-16,Closed Lost,Omitted,67800.00,EUR,1,0,Price / budget,,ws_020979,,2025-03-25
006O0000638,Valipoint - New Business,001A005184,New Business,Inbound,005A0002,2024-12-26,2025-04-11,Closed Lost,Omitted,8600.00,EUR,1,0,Timing,,ws_016785,,2025-04-18
006O0000639,Boreacore - New Business,001A000809,New Business,Partner,005A0005,2024-12-26,2025-02-17,Closed Won,Closed,21800.00,USD,1,1,,,,,2025-02-24
006O0000640,Oriofield - New Business,001A004967,New Business,Inbound,005A0011,2024-12-28,2025-01-21,Closed Lost,Omitted,8700.00,EUR,1,0,Competitor - Make,Make,ws_023689,,2025-01-29
006O0000641,Talanet - New Business,001A007302,New Business,Product-led (PQL),005A0012,2024-12-29,2025-02-08,Closed Won,Closed,26700.00,USD,1,1,,,ws_015060,,2025-02-12
006O0000642,Haloline - New Business,001A004628,New Business,Product-led (PQL),005A0003,2024-12-30,2025-01-17,Closed Lost,Omitted,156600.00,GBP,1,0,Competitor - Zapier,,ws_003235,,2025-01-23
006O0000643,Oriologic - New Business,001A007480,New Business,Product-led (PQL),005A0007,2024-12-30,2025-08-03,Closed Lost,Omitted,216600.00,EUR,1,0,Security / compliance review,,ws_010767,,2025-08-09
006O0000644,Cobalbridge - New Business,001A003826,New Business,Product-led (PQL),005A0004,2024-12-30,2025-03-11,Closed Lost,Omitted,18100.00,GBP,1,0,Timing,,ws_012277,,2025-03-15
006O0000645,Halowave - New Business,001A006473,New Business,Product-led (PQL),005A0012,2024-12-30,2025-02-10,Closed Won,Closed,,USD,1,1,,Custom scripts,ws_019722,,2025-02-13
006O0000646,Xenologic - New Business,001A005946,New Business,Marketing (MQL),005A0000,2024-12-31,2025-04-20,Closed Lost,Omitted,325100.00,EUR,1,0,Champion left,Power Automate,,,2025-04-20
006O0000647,Ivendata - New Business,001A006146,New Business,Product-led (PQL),005A0012,2025-01-01,2025-02-07,Closed Won,Closed,23900.00,USD,1,1,,,ws_015260,,2025-02-14
006O0000648,Runeware - New Business,001A006228,New Business,Inbound,005A0011,2025-01-01,2025-06-03,Closed Lost,Omitted,41200.00,EUR,1,0,Chose self-hosted Community edition,Custom scripts,ws_023993,,2025-06-07
006O0000649,Altoflow - New Business,001A001552,New Business,Marketing (MQL),005A0011,2025-01-01,2025-10-06,Closed Lost,Omitted,59200.00,EUR,1,0,Unresponsive,,,,2025-10-11
006O0000650,Mosagrid - New Business,001A008651,New Business,Product-led (PQL),005A0012,2025-01-02,2025-03-10,Closed Lost,Omitted,16500.00,USD,1,0,Other,Zapier,ws_008307,,2025-03-15
006O0000651,Oriodata - New Business,001A003470,New Business,Product-led (PQL),005A0011,2025-01-02,2025-05-05,Closed Lost,Omitted,12000.00,EUR,1,0,Champion left,,ws_018380,,2025-05-07
006O0000652,Nordsys - New Business,001A002698,New Business,Product-led (PQL),005A0006,2025-01-03,2025-03-10,Closed Won,Closed,85900.00,EUR,1,1,,,ws_005258,,2025-03-18
006O0000653,Yaravik - New Business,001A000688,New Business,Product-led (PQL),005A0012,2025-01-03,2025-04-15,Closed Won,Closed,145700.00,USD,1,1,,,ws_012721,,2025-04-19
006O0000654,Umbrapath - New Business,001A007870,New Business,Product-led (PQL),005A0024,2025-01-03,2025-08-19,Closed Lost,Omitted,7500.00,EUR,1,0,Competitor - Make,Workato,ws_014470,,2025-08-27
006O0000655,Granlabs - New Business,001A004536,New Business,Marketing (MQL),005A0012,2025-01-03,2025-04-05,Closed Lost,Omitted,70200.00,USD,1,0,Timing,,,,2025-04-05
006O0000656,Fjelpath - New Business,001A002289,New Business,Product-led (PQL),005A0004,2025-01-04,2025-03-13,Closed Lost,Omitted,18500.00,EUR,1,0,Security / compliance review,,ws_021673,,2025-03-18
006O0000657,Miraworks - New Business,001A000015,New Business,Marketing (MQL),005A0004,2025-01-04,2025-04-19,Closed Won,Closed,27600.00,GBP,1,1,,Zapier,,,2025-04-26
006O0000658,Opalpoint - New Business,001A002103,New Business,Marketing (MQL),005A0002,2025-01-04,2025-04-28,Closed Won,Closed,146400.00,USD,1,1,,Custom scripts,,,2025-04-30
006O0000659,Kestsys - New Business,001A002575,New Business,Partner,005A0012,2025-01-04,2025-01-20,Closed Lost,Omitted,8400.00,USD,1,0,Unresponsive,,,,2025-01-23
006O0000660,Lyratech - New Business,001A004427,New Business,Partner,005A0024,2025-01-04,2025-03-08,Closed Lost,Omitted,2400.00,EUR,1,0,Chose self-hosted Community edition,Custom scripts,,,2025-03-08
006O0000661,Deltalabs - New Business,001A008972,New Business,Partner,005A0012,2025-01-04,2025-03-03,Closed Lost,Omitted,15100.00,USD,1,0,,Make,,,2025-03-07
006O0000662,Xenowave - New Business,001A005784,New Business,Product-led (PQL),005A0004,2025-01-05,2025-01-19,Closed Lost,Omitted,48400.00,GBP,1,0,Other,Make,ws_000284,,2025-01-25
006O0000663,Xenocore - New Business,001A007917,New Business,Inbound,005A0024,2025-01-05,2025-02-22,Closed Lost,Omitted,10800.00,EUR,1,0,Price / budget,Zapier,ws_020784,,2025-02-24
006O0000664,Cobalfield - New Business,001A007767,New Business,Marketing (MQL),005A0006,2025-01-05,2025-01-19,Closed Lost,Omitted,31800.00,EUR,1,0,,,,,2025-01-21
006O0000665,Ivenflow - New Business,001A003731,New Business,Product-led (PQL),005A0002,2025-01-06,2025-01-19,Closed Lost,Omitted,45100.00,USD,1,0,Chose self-hosted Community edition,Zapier,ws_006291,,2025-01-23
006O0000666,Miraflow - New Business,001A000073,New Business,Product-led (PQL),005A0005,2025-01-06,2025-03-12,Closed Won,Closed,18400.00,GBP,1,1,,,ws_008295,,2025-03-14
006O0000667,Yarapoint - New Business,001A001537,New Business,Inbound,005A0019,2025-01-06,2025-01-31,Closed Lost,Omitted,28300.00,USD,1,0,Competitor - Power Automate,Zapier,ws_011107,,2025-02-03
006O0000668,Evoworks - New Business,001A006691,New Business,Inbound,005A0024,2025-01-06,2025-03-31,Closed Lost,Omitted,66400.00,EUR,1,0,Competitor - Workato,Workato,ws_006297,,2025-04-05
006O0000669,Kestflow - New Business,001A003843,New Business,Product-led (PQL),005A0019,2025-01-07,2025-03-28,Closed Lost,Omitted,191500.00,USD,1,0,Chose self-hosted Community edition,,ws_022434,,2025-04-06
006O0000670,Briomark - New Business,001A000055,New Business,Marketing (MQL),005A0012,2025-01-07,2025-04-12,Closed Won,Closed,44200.00,USD,1,1,,,,,2025-04-15
006O0000671,Sellacore - New Business,001A002851,New Business,Marketing (MQL),005A0011,2025-01-07,2025-04-11,Closed Lost,Omitted,206500.00,EUR,1,0,Missing feature / integration,,,,2025-04-17
006O0000672,Ciralabs - New Business,001A008853,New Business,Product-led (PQL),005A0012,2025-01-08,2025-05-17,Closed Lost,Omitted,14300.00,USD,1,0,Chose self-hosted Community edition,,ws_015419,,2025-05-20
006O0000673,Junodata - New Business,001A003563,New Business,Inbound,005A0002,2025-01-08,2025-02-22,Closed Lost,Omitted,6700.00,EUR,1,0,Competitor - Zapier,Zapier,ws_017126,,2025-03-03
006O0000674,Deltawave - New Business,001A004477,New Business,Marketing (MQL),005A0005,2025-01-08,2025-02-12,Closed Won,Closed,6600.00,GBP,1,1,,,,,2025-02-16
006O0000675,Keststack - New Business,001A002710,New Business,Marketing (MQL),005A0003,2025-01-08,2025-04-10,Closed Lost,Omitted,11200.00,USD,1,0,Chose self-hosted Community edition,,,,2025-04-20
006O0000676,Fjelpoint - New Business,001A007079,New Business,Marketing (MQL),005A0019,2025-01-08,2025-04-22,Closed Lost,Omitted,33700.00,USD,1,0,No decision / status quo,,,,2025-05-02
006O0000677,Koracore - New Business,001A005518,New Business,Product-led (PQL),005A0002,2025-01-09,2025-01-31,Closed Won,Closed,23600.00,EUR,1,1,,Power Automate,ws_016401,,2025-02-03
006O0000678,Straflow - New Business,001A001982,New Business,Product-led (PQL),005A0012,2025-01-09,2025-06-20,Closed Lost,Omitted,,USD,1,0,Price / budget,Custom scripts,ws_014812,,2025-06-26
006O0000679,Altologic - New Business,001A003493,New Business,Product-led (PQL),005A0019,2025-01-09,2025-03-09,Closed Lost,Omitted,48800.00,USD,1,0,,,ws_017021,,2025-03-09
006O0000680,Opalcore - New Business,001A005621,New Business,Marketing (MQL),005A0011,2025-01-09,2025-03-30,Closed Lost,Omitted,35100.00,EUR,1,0,Unresponsive,,,,2025-03-31
006O0000681,Koragrid - New Business,001A007505,New Business,Product-led (PQL),005A0012,2025-01-10,2025-02-08,Closed Won,Closed,7900.00,USD,1,1,,,ws_005441,,2025-02-09
006O0000682,Briosys - New Business,001A007953,New Business,Product-led (PQL),005A0024,2025-01-10,2025-03-02,Closed Lost,Omitted,15200.00,EUR,1,0,Competitor - Make,,ws_012853,,2025-03-05
006O0000683,Ciraworks - New Business,001A001809,New Business,Inbound,005A0024,2025-01-10,2025-03-15,Closed Lost,Omitted,136600.00,EUR,1,0,Competitor - Power Automate,Power Automate,ws_018064,,2025-03-22
006O0000684,Ternpoint - New Business,001A004589,New Business,Partner,005A0012,2025-01-10,2025-05-23,Closed Lost,Omitted,546900.00,USD,1,0,Chose self-hosted Community edition,,,,2025-05-27
006O0000685,Wendpoint - New Business,001A007543,New Business,Product-led (PQL),005A0006,2025-01-11,2025-06-17,Closed Lost,Omitted,257700.00,USD,1,0,Other,Workato,ws_001170,,2025-06-21
006O0000686,Solvpath - New Business,001A003751,New Business,Product-led (PQL),005A0006,2025-01-12,2025-05-06,Closed Lost,Omitted,52300.00,EUR,1,0,Chose self-hosted Community edition,,ws_006899,,2025-05-14
006O0000687,Grangrid - New Business,001A001511,New Business,Product-led (PQL),005A0004,2025-01-12,2025-02-13,Closed Won,Closed,54800.00,GBP,1,1,,,ws_015303,,2025-02-17
006O0000688,Umbragrid - New Business,001A008606,New Business,Product-led (PQL),005A0004,2025-01-12,2025-04-07,Closed Won,Closed,68300.00,GBP,1,1,,,ws_005616,,2025-04-11
006O0000689,Ternnet - New Business,001A004004,New Business,Inbound,005A0007,2025-01-12,2025-02-10,Closed Lost,Omitted,13100.00,EUR,1,0,Competitor - Power Automate,,ws_002350,,2025-02-16
006O0000690,Xenodata - New Business,001A000449,New Business,Inbound,005A0019,2025-01-13,2025-05-18,Closed Lost,Omitted,49600.00,USD,1,0,Chose self-hosted Community edition,,ws_021501,,2025-05-26
006O0000691,Talalogic - New Business,001A001199,New Business,Product-led (PQL),005A0019,2025-01-14,2025-02-16,Closed Won,Closed,16700.00,USD,1,1,,Workato,ws_012506,,2025-02-26
006O0000692,Ciraline - New Business,001A007539,New Business,Product-led (PQL),005A0004,2025-01-14,2025-02-17,Closed Lost,Omitted,33800.00,GBP,1,0,Timing,,ws_019646,,2025-02-17
006O0000693,Lyravik - New Business,001A001158,New Business,Product-led (PQL),005A0011,2025-01-14,2025-04-30,Closed Lost,Omitted,106100.00,EUR,1,0,Chose self-hosted Community edition,Power Automate,ws_002823,,2025-05-09
006O0000694,Zephlogic - New Business,001A002724,New Business,Inbound,005A0002,2025-01-14,2025-02-27,Closed Lost,Omitted,26000.00,EUR,1,0,Other,,ws_004487,,2025-03-07
006O0000695,Boreadata - New Business,001A002801,New Business,Product-led (PQL),005A0006,2025-01-15,2025-06-21,Closed Lost,Omitted,35000.00,EUR,1,0,Chose self-hosted Community edition,,ws_019072,,2025-06-29
006O0000696,Sellavik - New Business,001A003366,New Business,Product-led (PQL),005A0019,2025-01-15,2025-06-13,Closed Lost,Omitted,22700.00,USD,1,0,Security / compliance review,Make,ws_007254,,2025-06-19
006O0000697,Nexapoint - New Business,001A006371,New Business,Product-led (PQL),005A0002,2025-01-15,2025-05-17,Closed Lost,Omitted,5800.00,EUR,1,0,Missing feature / integration,,ws_014027,,2025-05-23
006O0000698,Asterflow - New Business,001A002744,New Business,Product-led (PQL),005A0011,2025-01-16,2025-03-19,Closed Lost,Omitted,8300.00,EUR,1,0,,Power Automate,ws_002824,,2025-03-26
006O0000699,Opalcore - New Business,001A004443,New Business,Product-led (PQL),005A0007,2025-01-17,2025-05-02,Closed Lost,Omitted,18100.00,USD,1,0,Chose self-hosted Community edition,,ws_014460,,2025-05-05
006O0000700,Stralogic - New Business,001A003873,New Business,Product-led (PQL),005A0000,2025-01-18,2025-06-15,Closed Lost,Omitted,0.00,EUR,1,0,Competitor - Power Automate,Zapier,ws_012823,,2025-06-18
006O0000701,Briomark - New Business,001A002799,New Business,Product-led (PQL),005A0012,2025-01-18,2025-06-01,Closed Won,Closed,390100.00,USD,1,1,,Custom scripts,ws_020123,,2025-06-11
006O0000702,Strasys - New Business,001A002621,New Business,Product-led (PQL),005A0005,2025-01-18,2025-02-09,Closed Lost,Omitted,13900.00,USD,1,0,Unresponsive,Zapier,ws_006850,,2025-02-10
006O0000703,Junopath - New Business,001A000359,New Business,Product-led (PQL),005A0012,2025-01-18,2025-03-01,Closed Won,Closed,26600.00,USD,1,1,,Tray.io,ws_012259,,2025-03-08
006O0000704,Veranet - New Business,001A004875,New Business,Product-led (PQL),005A0007,2025-01-18,2025-02-13,Closed Won,Closed,25400.00,EUR,1,1,,,ws_019812,,2025-02-14
006O0000705,Oriopoint - New Business,001A004548,New Business,Inbound,005A0019,2025-01-18,2025-02-21,Closed Won,Closed,36000.00,USD,1,1,,,ws_010876,,2025-02-21
006O0000706,Cobalworks - New Business,001A000899,New Business,Product-led (PQL),005A0006,2025-01-19,2025-04-19,Closed Won,Closed,106600.00,EUR,1,1,,Zapier,ws_011983,,2025-04-21
006O0000707,Piradata - New Business,001A002969,New Business,Product-led (PQL),005A0000,2025-01-19,2025-04-15,Closed Lost,Omitted,25100.00,EUR,1,0,Timing,Power Automate,ws_020742,,2025-04-22
006O0000708,Deltaware - New Business,001A002328,New Business,Marketing (MQL),005A0012,2025-01-19,2025-02-13,Closed Lost,Omitted,15900.00,USD,1,0,Unresponsive,Custom scripts,,,2025-02-21
006O0000709,Sellaware - New Business,001A002051,New Business,Product-led (PQL),005A0024,2025-01-20,2025-02-12,Closed Won,Closed,6900.00,EUR,1,1,,,ws_016002,,2025-02-22
006O0000710,Briopath - New Business,001A001577,New Business,Product-led (PQL),005A0012,2025-01-20,2025-03-04,Closed Won,Closed,12600.00,USD,1,1,,,ws_007589,,2025-03-08
006O0000711,Boreafield - New Business,001A005551,New Business,,005A0002,2025-01-20,2025-02-25,Closed Won,Closed,27000.00,EUR,1,1,,,ws_013662,,2025-02-25
006O0000712,Nexafield - New Business,001A007940,New Business,Inbound,005A0000,2025-01-20,2025-04-16,Closed Lost,Omitted,26900.00,EUR,1,0,Competitor - Power Automate,Zapier,ws_003780,,2025-04-18
006O0000713,Bramworks - New Business,001A003664,New Business,Marketing (MQL),005A0005,2025-01-20,2025-04-10,Closed Lost,Omitted,21300.00,GBP,1,0,Other,,,,2025-04-15
006O0000714,Orioline - New Business,001A001034,New Business,Product-led (PQL),005A0011,2025-01-21,2025-04-18,Closed Lost,Omitted,45200.00,EUR,1,0,Chose self-hosted Community edition,,ws_004465,,2025-04-26
006O0000715,Briotech - New Business,001A003533,New Business,Product-led (PQL),005A0000,2025-01-22,2025-05-14,Closed Lost,Omitted,47200.00,EUR,1,0,Competitor - Zapier,Zapier,ws_011684,,2025-05-17
006O0000716,Lumosys - New Business,001A007349,New Business,Inbound,005A0024,2025-01-22,2025-05-13,Closed Lost,Omitted,80900.00,EUR,1,0,,,ws_001195,,2025-05-22
006O0000717,Deltawave - New Business,001A008359,New Business,Inbound,005A0000,2025-01-22,2025-08-08,Closed Lost,Omitted,72800.00,EUR,1,0,Competitor - Zapier,Make,ws_003292,,2025-08-14
006O0000718,Sellabridge - New Business,001A005877,New Business,Product-led (PQL),005A0024,2025-01-24,2025-05-13,Closed Lost,Omitted,11800.00,EUR,1,0,,,ws_003945,,2025-05-14
006O0000719,Briogrid - New Business,001A005138,New Business,Marketing (MQL),005A0005,2025-01-24,2025-08-09,Closed Lost,Omitted,,GBP,1,0,Price / budget,,,,2025-08-12
006O0000720,Halofield - New Business,001A003673,New Business,Product-led (PQL),005A0011,2025-01-25,2025-06-22,Closed Lost,Omitted,198300.00,EUR,1,0,Security / compliance review,Zapier,ws_017306,,2025-06-28
006O0000721,Nexafield - New Business,001A000514,New Business,Product-led (PQL),005A0011,2025-01-25,2025-03-15,Closed Lost,Omitted,25300.00,EUR,1,0,Timing,Power Automate,ws_004940,,2025-03-19
006O0000722,Opalbridge - New Business,001A005694,New Business,Marketing (MQL),005A0012,2025-01-25,2025-02-23,Closed Lost,Omitted,97300.00,USD,1,0,Missing feature / integration,Zapier,,,2025-02-26
006O0000723,Boreamark - New Business,001A007537,New Business,Outbound,005A0012,2025-01-25,2025-04-12,Closed Lost,Omitted,30300.00,USD,1,0,Price / budget,,,,2025-04-18
006O0000724,Briopoint - New Business,001A003404,New Business,Marketing (MQL),005A0012,2025-01-26,2025-02-26,Closed Lost,Omitted,26700.00,USD,1,0,Security / compliance review,,,,2025-03-06
006O0000725,Sellatech - New Business,001A002426,New Business,Product-led (PQL),005A0024,2025-01-27,2025-03-01,Closed Lost,Omitted,94200.00,EUR,1,0,Timing,,ws_022081,,2025-03-04
006O0000726,Mosapath - New Business,001A004949,New Business,Product-led (PQL),005A0012,2025-01-27,2025-05-12,Closed Lost,Omitted,,USD,1,0,Timing,,ws_012726,,2025-05-16
006O0000727,Ternvik - New Business,001A004761,New Business,Product-led (PQL),005A0007,2025-01-27,2025-03-09,Closed Lost,Omitted,163800.00,EUR,1,0,Other,,ws_021193,,2025-03-15
006O0000728,Miraware - New Business,001A001909,New Business,Product-led (PQL),005A0019,2025-01-27,2025-03-12,Closed Lost,Omitted,60900.00,USD,1,0,Competitor - Workato,,ws_021283,,2025-03-21
006O0000729,Ciralabs - New Business,001A006851,New Business,Inbound,005A0007,2025-01-27,2025-03-09,Closed Won,Closed,7000.00,EUR,1,1,,Zapier,ws_020151,,2025-03-11
006O0000730,Ivendata - New Business,001A005056,New Business,Marketing (MQL),005A0006,2025-01-27,2025-03-26,Closed Lost,Omitted,47400.00,EUR,1,0,Competitor - Zapier,Zapier,,,2025-03-27
006O0000731,Ciratech - New Business,001A007260,New Business,Partner,005A0012,2025-01-27,2025-03-20,Closed Won,Closed,7900.00,USD,1,1,,,,,2025-03-23
006O0000732,Mosabridge - New Business,001A002405,New Business,Product-led (PQL),005A0005,2025-01-28,2025-03-02,Closed Lost,Omitted,13400.00,GBP,1,0,Unresponsive,,ws_000757,,2025-03-04
006O0000733,Zephpath - New Business,001A006630,New Business,Product-led (PQL),005A0019,2025-01-28,2025-02-25,Closed Lost,Omitted,97600.00,USD,1,0,Unresponsive,,ws_006642,,2025-02-26
006O0000734,Opalpath - New Business,001A008856,New Business,Product-led (PQL),005A0019,2025-01-28,2025-03-07,Closed Lost,Omitted,12000.00,USD,1,0,Price / budget,,ws_020540,,2025-03-16
006O0000735,Wendvik - New Business,001A005679,New Business,Marketing (MQL),005A0007,2025-01-28,2025-03-05,Closed Lost,Omitted,133400.00,EUR,1,0,Other,,,,2025-03-12
006O0000736,Opalpoint - New Business,001A001399,New Business,Product-led (PQL),005A0006,2025-01-29,2025-05-19,Closed Lost,Omitted,14600.00,EUR,1,0,Missing feature / integration,,ws_003701,,2025-05-28
006O0000737,Quarware - New Business,001A005539,New Business,Product-led (PQL),005A0002,2025-01-29,2025-06-01,Closed Lost,Omitted,16400.00,EUR,1,0,Chose self-hosted Community edition,,ws_019991,,2025-06-03
006O0000738,Evogrid - New Business,001A008423,New Business,Product-led (PQL),005A0012,2025-01-29,2025-04-27,Closed Lost,Omitted,70700.00,USD,1,0,Competitor - Power Automate,,ws_020661,,2025-05-01
006O0000739,Veralabs - New Business,001A006592,New Business,Product-led (PQL),005A0011,2025-01-29,2025-03-20,Closed Lost,Omitted,7700.00,EUR,1,0,Competitor - Workato,Workato,ws_020942,,2025-03-22
006O0000740,Runebridge - New Business,001A002925,New Business,Inbound,005A0012,2025-01-29,2025-04-05,Closed Lost,Omitted,5500.00,USD,1,0,Competitor - Workato,,ws_017600,,2025-04-09
006O0000741,Piratech - New Business,001A000965,New Business,Product-led (PQL),005A0006,2025-01-30,2025-03-10,Closed Lost,Omitted,92700.00,EUR,1,0,Chose self-hosted Community edition,Zapier,ws_014822,,2025-03-17
006O0000742,Halomark - New Business,001A005904,New Business,Product-led (PQL),005A0011,2025-01-30,2025-03-15,Closed Won,Closed,42800.00,EUR,1,1,,Make,ws_015865,,2025-03-19
006O0000743,Talaflow - New Business,001A002704,New Business,Product-led (PQL),005A0012,2025-01-30,2025-04-01,Closed Won,Closed,34200.00,USD,1,1,,,ws_019118,,2025-04-06
006O0000744,Oriofield - New Business,001A008886,New Business,Inbound,005A0000,2025-01-30,2025-10-08,Closed Lost,Omitted,201400.00,EUR,1,0,,,ws_008277,,2025-10-11
006O0000745,Talagrid - New Business,001A003750,New Business,Marketing (MQL),005A0024,2025-01-30,2025-05-02,Closed Lost,Omitted,8700.00,EUR,1,0,Price / budget,,,,2025-05-03
006O0000746,Asterfield - New Business,001A005744,New Business,Product-led (PQL),005A0019,2025-01-31,2025-03-10,Closed Lost,Omitted,26000.00,USD,1,0,Chose self-hosted Community edition,Zapier,ws_023488,,2025-03-15
006O0000747,Veratech - New Business,001A006429,New Business,Marketing (MQL),005A0002,2025-01-31,2025-03-02,Closed Lost,Omitted,33100.00,EUR,1,0,Price / budget,Zapier,,,2025-03-04
006O0000748,Junotech - New Business,001A004552,New Business,Product-led (PQL),005A0024,2025-02-01,2025-02-11,Closed Lost,Omitted,31100.00,EUR,1,0,Other,Power Automate,ws_006932,,2025-02-11
006O0000749,Keststack - New Business,001A003085,New Business,Product-led (PQL),005A0011,2025-02-01,2025-04-12,Closed Won,Closed,27700.00,EUR,1,1,,,ws_020466,,2025-04-21
006O0000750,Cobalgrid - New Business,001A006174,New Business,Product-led (PQL),005A0011,2025-02-01,2025-03-04,Closed Lost,Omitted,8400.00,EUR,1,0,Price / budget,,ws_023200,,2025-03-11
006O0000751,Vexdata - New Business,001A008925,New Business,Product-led (PQL),005A0006,2025-02-03,2025-03-10,Closed Lost,Omitted,29300.00,EUR,1,0,Chose self-hosted Community edition,,ws_005299,,2025-03-16
006O0000752,Runesys - New Business,001A000123,New Business,Product-led (PQL),005A0011,2025-02-03,2025-04-15,Closed Lost,Omitted,15200.00,EUR,1,0,Champion left,,ws_014324,,2025-04-24
006O0000753,Granworks - New Business,001A006671,New Business,Inbound,005A0011,2025-02-03,2025-03-07,Closed Lost,Omitted,52900.00,EUR,1,0,Competitor - Workato,Workato,ws_020126,,2025-03-11
006O0000754,Evogrid - New Business,001A005855,New Business,Product-led (PQL),005A0012,2025-02-04,2025-07-06,Closed Lost,Omitted,13200.00,USD,1,0,Chose self-hosted Community edition,Make,ws_007207,,2025-07-08
006O0000755,Evovik - New Business,001A001872,New Business,Outbound,005A0004,2025-02-04,2025-04-15,Closed Won,Closed,26500.00,USD,1,1,,Zapier,,,2025-04-22
006O0000756,Junopoint - New Business,001A002048,New Business,Product-led (PQL),005A0002,2025-02-06,2025-04-20,Closed Lost,Omitted,10900.00,EUR,1,0,Timing,,ws_012373,,2025-04-27
006O0000757,Runeware - New Business,001A003468,New Business,Inbound,005A0011,2025-02-06,2025-03-17,Closed Lost,Omitted,76700.00,EUR,1,0,Champion left,,ws_005284,,2025-03-27
006O0000758,Zephlabs - New Business,001A006952,New Business,Marketing (MQL),005A0024,2025-02-06,2025-06-13,Closed Won,Closed,45100.00,EUR,1,1,,,,,2025-06-15
006O0000759,Veralabs - New Business,001A005466,New Business,Outbound,005A0019,2025-02-06,2025-06-17,Closed Lost,Omitted,35800.00,USD,1,0,Price / budget,,,,2025-06-19
006O0000760,Lyraworks - New Business,001A002275,New Business,Product-led (PQL),005A0002,2025-02-07,2025-02-20,Closed Won,Closed,19600.00,EUR,1,1,,,ws_006239,,2025-02-27
006O0000761,Wenddata - New Business,001A003214,New Business,Product-led (PQL),005A0024,2025-02-07,2025-06-02,Closed Lost,Omitted,13000.00,EUR,1,0,Chose self-hosted Community edition,Tray.io,ws_011920,,2025-06-12
006O0000762,Fjelnet - New Business,001A003095,New Business,Product-led (PQL),005A0024,2025-02-07,2025-05-02,Closed Won,Closed,25700.00,EUR,1,1,,Make,ws_013301,,2025-05-04
006O0000763,Talaworks - New Business,001A007688,New Business,Product-led (PQL),005A0007,2025-02-07,2025-06-05,Closed Lost,Omitted,,EUR,1,0,Missing feature / integration,Custom scripts,ws_020392,,2025-06-08
006O0000764,Nordstack - New Business,001A008995,New Business,Product-led (PQL),005A0024,2025-02-08,2025-03-25,Closed Lost,Omitted,26500.00,USD,1,0,Competitor - Zapier,,ws_019539,,2025-04-03
006O0000765,Sellanet - New Business,001A008844,New Business,Product-led (PQL),005A0012,2025-02-08,2025-06-05,Closed Won,Closed,79200.00,USD,1,1,,,ws_023890,,2025-06-08
006O0000766,Quarfield - New Business,001A003237,New Business,Product-led (PQL),005A0003,2025-02-09,2025-04-14,Closed Lost,Omitted,115400.00,GBP,1,0,Competitor - Power Automate,,ws_007092,,2025-04-24
006O0000767,Umbraworks - New Business,001A004575,New Business,Product-led (PQL),005A0024,2025-02-09,2025-04-06,Closed Lost,Omitted,14200.00,EUR,1,0,Competitor - Make,,ws_009744,,2025-04-14
006O0000768,Vexbridge - New Business,001A001528,New Business,Product-led (PQL),005A0002,2025-02-09,2025-04-21,Closed Lost,Omitted,22100.00,EUR,1,0,Competitor - Workato,,ws_017047,,2025-04-23
006O0000769,Solvpoint - New Business,001D000094,New Business,Product-led (PQL),005A0000,2025-02-09,2025-04-15,Closed Lost,Omitted,0.00,EUR,1,0,Competitor - Power Automate,Power Automate,ws_006468,,2025-04-16
006O0000770,Evoline - New Business,001A005770,New Business,Product-led (PQL),005A0019,2025-02-10,2025-03-12,Closed Lost,Omitted,16700.00,USD,1,0,No decision / status quo,Power Automate,ws_001415,,2025-03-16
006O0000771,Brammark - New Business,001A007022,New Business,Product-led (PQL),005A0011,2025-02-10,2025-06-29,Closed Lost,Omitted,48700.00,EUR,1,0,No decision / status quo,,ws_001490,,2025-07-07
006O0000772,Nordflow - New Business,001A001573,New Business,Product-led (PQL),005A0012,2025-02-10,2025-02-20,Closed Won,Closed,9300.00,USD,1,1,,Make,ws_005352,,2025-02-21
006O0000773,Cirasys - New Business,001A004378,New Business,Product-led (PQL),005A0011,2025-02-10,2025-03-21,Closed Lost,Omitted,5700.00,USD,1,0,,,ws_007695,,2025-03-22
006O0000774,Boreanet - New Business,001A008994,New Business,Inbound,005A0011,2025-02-10,2025-03-21,Closed Lost,Omitted,52700.00,EUR,1,0,Other,Make,ws_010699,,2025-03-23
006O0000775,Talamark - New Business,001A002913,New Business,Inbound,005A0012,2025-02-10,2025-05-09,Closed Lost,Omitted,64800.00,USD,1,0,Champion left,,ws_009106,,2025-05-10
006O0000776,Granflow - New Business,001A006736,New Business,Marketing (MQL),005A0002,2025-02-10,2025-06-22,Closed Lost,Omitted,36200.00,EUR,1,0,Chose self-hosted Community edition,,,,2025-06-26
006O0000777,Opallogic - New Business,001A003809,New Business,Product-led (PQL),005A0019,2025-02-11,2025-05-27,Closed Lost,Omitted,202200.00,USD,1,0,No decision / status quo,,ws_002226,,2025-05-29
006O0000778,Fjelnet - New Business,001A001089,New Business,Inbound,005A0011,2025-02-11,2026-01-09,Closed Lost,Omitted,70300.00,EUR,1,0,Chose self-hosted Community edition,Workato,ws_011189,,2026-01-18
006O0000779,Astermark - New Business,001A002648,New Business,,005A0012,2025-02-11,2025-10-28,Closed Lost,Omitted,58900.00,USD,1,0,Competitor - Zapier,Zapier,,,2025-11-01
006O0000780,Piravik - New Business,001A005748,New Business,Product-led (PQL),005A0002,2025-02-12,2025-03-25,Closed Won,Closed,67500.00,USD,1,1,,,ws_003431,,2025-03-30
006O0000781,Valistack - New Business,001A006537,New Business,Product-led (PQL),005A0012,2025-02-13,2025-06-30,Closed Lost,Omitted,0.00,USD,1,0,Timing,,ws_005966,,2025-07-04
006O0000782,Evopath - New Business,001A007113,New Business,Product-led (PQL),005A0006,2025-02-13,2025-04-09,Closed Lost,Omitted,120000.00,EUR,1,0,Champion left,Workato,ws_007705,,2025-04-18
006O0000783,Cirabridge - New Business,001A003103,New Business,Inbound,005A0019,2025-02-13,2025-06-02,Closed Lost,Omitted,46500.00,USD,1,0,Champion left,Make,ws_019992,,2025-06-07
006O0000784,Deltaworks - New Business,001A000236,New Business,Outbound,005A0007,2025-02-13,2025-03-01,Closed Lost,Omitted,12700.00,EUR,1,0,Champion left,,,,2025-03-05
006O0000785,Runepoint - New Business,001A005299,New Business,Outbound,005A0002,2025-02-13,2025-03-06,Closed Lost,Omitted,66200.00,EUR,1,0,Chose self-hosted Community edition,,,,2025-03-07
006O0000786,Boreacore - New Business,001A008053,New Business,Product-led (PQL),005A0019,2025-02-14,2025-08-19,Closed Lost,Omitted,128000.00,USD,1,0,Price / budget,Custom scripts,ws_004560,,2025-08-23
006O0000787,Umbraworks - New Business,001A005445,New Business,Product-led (PQL),005A0005,2025-02-14,2025-03-02,Closed Lost,Omitted,9100.00,GBP,1,0,Chose self-hosted Community edition,,ws_014531,,2025-03-04
006O0000788,Brioworks - New Business,001A001832,New Business,,005A0011,2025-02-14,2025-04-18,Closed Lost,Omitted,24600.00,EUR,1,0,Other,,,,2025-04-23
006O0000789,Valivik - New Business,001A000654,New Business,Marketing (MQL),005A0019,2025-02-14,2025-04-29,Closed Lost,Omitted,39800.00,USD,1,0,Other,Tray.io,,,2025-05-09
006O0000790,Deltapath - New Business,001A004119,New Business,Partner,005A0006,2025-02-14,2025-06-18,Closed Lost,Omitted,3300.00,EUR,1,0,No decision / status quo,Zapier,,,2025-06-22
006O0000791,Stramark - New Business,001A003020,New Business,Product-led (PQL),005A0007,2025-02-15,2025-08-20,Closed Lost,Omitted,259500.00,EUR,1,0,Champion left,Power Automate,ws_011586,,2025-08-27
006O0000792,Talagrid - New Business,001A008881,New Business,Product-led (PQL),005A0012,2025-02-15,2025-05-23,Closed Won,Closed,49000.00,USD,1,1,,,ws_014041,,2025-05-24
006O0000793,Brammark - New Business,001A001173,New Business,Product-led (PQL),005A0019,2025-02-15,2025-04-12,Closed Lost,Omitted,54400.00,USD,1,0,Chose self-hosted Community edition,Zapier,ws_023105,,2025-04-21
006O0000794,Lyramark - New Business,001A008870,New Business,Marketing (MQL),005A0006,2025-02-15,2025-08-24,Closed Lost,Omitted,64600.00,EUR,1,0,Competitor - Workato,,,,2025-08-29
006O0000795,Vexstack - New Business,001A006918,New Business,Product-led (PQL),005A0004,2025-02-16,2025-08-10,Closed Lost,Omitted,19600.00,GBP,1,0,,Tray.io,ws_017211,,2025-08-17
006O0000796,Opalstack - New Business,001A008422,New Business,Product-led (PQL),005A0019,2025-02-17,2025-03-18,Closed Won,Closed,18200.00,USD,1,1,,,ws_012415,,2025-03-25
006O0000797,Lyralogic - New Business,001A001339,New Business,Product-led (PQL),005A0006,2025-02-17,2025-03-31,Closed Lost,Omitted,46800.00,EUR,1,0,Timing,Make,ws_014994,,2025-04-10
006O0000798,Evotech - New Business,001A000423,New Business,Product-led (PQL),005A0024,2025-02-17,2025-05-20,Closed Won,Closed,132800.00,EUR,1,1,,,ws_016365,,2025-05-24
006O0000799,Lumostack - New Business,001A002352,New Business,Product-led (PQL),005A0005,2025-02-17,2025-03-28,Closed Lost,Omitted,,GBP,1,0,Price / budget,Make,ws_023021,,2025-04-02
006O0000800,Halolabs - New Business,001A003940,New Business,Inbound,005A0002,2025-02-17,2025-03-11,Closed Won,Closed,10700.00,EUR,1,1,,,ws_018940,,2025-03-15
006O0000801,Lyracore - New Business,001A004962,New Business,Product-led (PQL),005A0006,2025-02-18,2025-08-04,Closed Lost,Omitted,62300.00,EUR,1,0,Chose self-hosted Community edition,,ws_019972,,2025-08-08
006O0000802,Miraline - New Business,001A008787,New Business,Inbound,005A0019,2025-02-18,2025-05-05,Closed Lost,Omitted,13800.00,USD,1,0,Unresponsive,,ws_001095,,2025-05-12
006O0000803,Solvlabs - New Business,001A008023,New Business,Inbound,005A0011,2025-02-18,2025-04-17,Closed Lost,Omitted,8100.00,EUR,1,0,Price / budget,,ws_017187,,2025-04-18
006O0000804,Deltaworks - New Business,001A001510,New Business,Inbound,005A0002,2025-02-18,2025-07-05,Closed Lost,Omitted,28400.00,EUR,1,0,Missing feature / integration,Zapier,ws_017537,,2025-07-13
006O0000805,Ternline - New Business,001A005121,New Business,Marketing (MQL),005A0011,2025-02-18,2025-05-09,Closed Lost,Omitted,15100.00,EUR,1,0,Unresponsive,,,,2025-05-19
006O0000806,Zephbridge - New Business,001A003141,New Business,Product-led (PQL),005A0024,2025-02-19,2025-05-21,Closed Lost,Omitted,3500.00,EUR,1,0,Other,Zapier,ws_011591,,2025-05-25
006O0000807,Quarcore - New Business,001A006040,New Business,Product-led (PQL),005A0011,2025-02-19,2025-04-11,Closed Won,Closed,92400.00,EUR,1,1,,,ws_015432,,2025-04-18
006O0000808,Opalfield - New Business,001A001310,New Business,,005A0006,2025-02-19,2025-04-27,Closed Lost,Omitted,19400.00,EUR,1,0,No decision / status quo,,ws_023904,,2025-05-01
006O0000809,Yaratech - New Business,001A003596,New Business,Marketing (MQL),005A0012,2025-02-19,2025-07-18,Closed Lost,Omitted,121900.00,USD,1,0,No decision / status quo,,,,2025-07-20
006O0000810,Boreatech - New Business,001A004290,New Business,Product-led (PQL),005A0000,2025-02-20,2025-04-27,Closed Lost,Omitted,57500.00,EUR,1,0,Competitor - Workato,,ws_014230,,2025-05-01
006O0000811,Piraware - New Business,001A008045,New Business,Product-led (PQL),005A0005,2025-02-20,2025-03-22,Closed Lost,Omitted,10900.00,GBP,1,0,Chose self-hosted Community edition,,ws_018042,,2025-03-29
006O0000812,Solvfield - New Business,001A003269,New Business,Inbound,005A0002,2025-02-20,2025-03-22,Closed Lost,Omitted,22400.00,EUR,1,0,Unresponsive,Zapier,ws_019820,,2025-03-24
006O0000813,Junonet - New Business,001A006953,New Business,Product-led (PQL),005A0019,2025-02-21,2025-04-09,Closed Lost,Omitted,16600.00,USD,1,0,Competitor - Workato,,ws_003002,,2025-04-10
006O0000814,Granstack - New Business,001A000813,New Business,Product-led (PQL),005A0012,2025-02-21,2025-03-15,Closed Won,Closed,15300.00,USD,1,1,,Custom scripts,ws_011962,,2025-03-22
006O0000815,Solvvik - New Business,001A008699,New Business,Marketing (MQL),005A0002,2025-02-21,2025-07-30,Closed Lost,Omitted,35800.00,EUR,1,0,Chose self-hosted Community edition,,,,2025-08-05
006O0000816,Runeflow - New Business,001A003769,New Business,Product-led (PQL),005A0012,2025-02-22,2025-04-27,Closed Lost,Omitted,37100.00,USD,1,0,Timing,Zapier,ws_000707,,2025-04-30
006O0000817,Wendlabs - New Business,001A004767,New Business,Product-led (PQL),005A0012,2025-02-22,2025-07-02,Closed Lost,Omitted,48700.00,USD,1,0,Chose self-hosted Community edition,,ws_006248,,2025-07-02
006O0000818,Lumomark - New Business,001A001906,New Business,Partner,005A0011,2025-02-22,2025-05-18,Closed Lost,Omitted,15800.00,EUR,1,0,Price / budget,Zapier,,,2025-05-22
006O0000819,Fjelvik - New Business,001A002419,New Business,Product-led (PQL),005A0012,2025-02-23,2025-06-30,Closed Lost,Omitted,59200.00,USD,1,0,Missing feature / integration,,ws_013898,,2025-07-06
006O0000820,Brioworks - New Business,001A008414,New Business,Product-led (PQL),005A0002,2025-02-23,2025-03-31,Closed Won,Closed,9200.00,EUR,1,1,,,ws_008316,,2025-04-04
006O0000821,Fjelnet - New Business,001A005739,New Business,,005A0006,2025-02-24,2025-06-07,Closed Lost,Omitted,20800.00,EUR,1,0,Unresponsive,,ws_003693,,2025-06-16
006O0000822,Sellagrid - New Business,001A005955,New Business,Product-led (PQL),005A0019,2025-02-25,2025-04-04,Closed Lost,Omitted,14900.00,USD,1,0,,Make,ws_005274,,2025-04-06
006O0000823,Quarware - New Business,001A004992,New Business,Product-led (PQL),005A0012,2025-02-25,2025-04-17,Closed Lost,Omitted,,USD,1,0,Missing feature / integration,,ws_015086,,2025-04-22
006O0000824,Piralabs - New Business,001A000159,New Business,Product-led (PQL),005A0012,2025-02-25,2025-05-27,Closed Lost,Omitted,41800.00,USD,1,0,Security / compliance review,,ws_022115,,2025-06-06
006O0000825,Oriologic - New Business,001A002553,New Business,Marketing (MQL),005A0005,2025-02-25,2025-09-01,Closed Lost,Omitted,44500.00,USD,1,0,Competitor - Power Automate,,,,2025-09-08
006O0000826,Opallabs - New Business,001A000648,New Business,Product-led (PQL),005A0012,2025-02-26,2025-03-12,Closed Lost,Omitted,18400.00,USD,1,0,Chose self-hosted Community edition,,ws_008879,,2025-03-21
006O0000827,Zephcore - New Business,001A001660,New Business,Inbound,005A0024,2025-02-26,2025-04-22,Closed Lost,Omitted,16200.00,EUR,1,0,Chose self-hosted Community edition,,ws_004938,,2025-04-24
006O0000828,Miracore - New Business,001A001521,New Business,,005A0007,2025-02-27,2025-03-20,Closed Won,Closed,16800.00,EUR,1,1,,Power Automate,ws_020758,,2025-03-24
006O0000829,Cirabridge - New Business,001A007262,New Business,Inbound,005A0006,2025-02-27,2025-05-23,Closed Lost,Omitted,33000.00,EUR,1,0,Champion left,,ws_012011,,2025-05-29
006O0000830,Quarmark - New Business,001A003890,New Business,Product-led (PQL),005A0000,2025-02-28,2025-06-10,Closed Won,Closed,24300.00,EUR,1,1,,,ws_009618,,2025-06-18
006O0000831,Wendnet - New Business,001A008137,New Business,Inbound,005A0002,2025-02-28,2025-03-19,Closed Won,Closed,11200.00,EUR,1,1,,,ws_006313,,2025-03-26
006O0000832,Altobridge - New Business,001A005236,New Business,Outbound,005A0000,2025-02-28,2025-07-25,Closed Lost,Omitted,306500.00,EUR,1,0,Missing feature / integration,Tray.io,,,2025-07-28
006O0000833,Mosabridge - New Business,001A003235,New Business,Product-led (PQL),005A0024,2025-03-01,2025-07-19,Closed Lost,Omitted,49100.00,EUR,1,0,Competitor - Make,Make,ws_004844,,2025-07-24
006O0000834,Ivenlabs - New Business,001A001180,New Business,Product-led (PQL),005A0019,2025-03-01,2025-06-29,Closed Lost,Omitted,56900.00,USD,1,0,Competitor - Zapier,Zapier,ws_012271,,2025-07-03
006O0000835,Asternet - New Business,001A008025,New Business,Product-led (PQL),005A0006,2025-03-01,2025-04-15,Closed Won,Closed,26500.00,EUR,1,1,,Workato,ws_015219,,2025-04-20
006O0000836,Sellasys - New Business,001A001763,New Business,Marketing (MQL),005A0024,2025-03-01,2025-03-29,Closed Lost,Omitted,29000.00,EUR,1,0,Chose self-hosted Community edition,Custom scripts,,,2025-04-03
006O0000837,Piracore - New Business,001A005581,New Business,Product-led (PQL),005A0007,2025-03-02,2025-06-20,Closed Lost,Omitted,91800.00,EUR,1,0,Security / compliance review,,ws_006300,,2025-06-29
006O0000838,Runedata - New Business,001A004659,New Business,Inbound,005A0024,2025-03-02,2025-05-09,Closed Lost,Omitted,19200.00,EUR,1,0,Champion left,,ws_020293,,2025-05-17
006O0000839,Vexstack - New Business,001A006649,New Business,Product-led (PQL),005A0011,2025-03-03,2025-04-17,Closed Lost,Omitted,25600.00,EUR,1,0,Competitor - Power Automate,,ws_007337,,2025-04-24
006O0000840,Altonet - New Business,001A000976,New Business,Product-led (PQL),005A0011,2025-03-03,2025-04-04,Closed Won,Closed,10100.00,EUR,1,1,,,ws_010383,,2025-04-08
006O0000841,Opallogic - New Business,001A002653,New Business,Product-led (PQL),005A0019,2025-03-03,2025-05-03,Closed Won,Closed,48200.00,USD,1,1,,Make,ws_018707,,2025-05-04
006O0000842,Lumodata - New Business,001A008018,New Business,Inbound,005A0011,2025-03-03,2025-05-11,Closed Lost,Omitted,29500.00,EUR,1,0,Missing feature / integration,,ws_008226,,2025-05-15
006O0000843,Wendgrid - New Business,001A004353,New Business,Inbound,005A0024,2025-03-03,2025-08-10,Closed Lost,Omitted,10900.00,EUR,1,0,,Custom scripts,ws_022025,,2025-08-19
006O0000844,Altovik - New Business,001A002554,New Business,Marketing (MQL),005A0005,2025-03-03,2025-04-21,Closed Lost,Omitted,9500.00,GBP,1,0,Price / budget,Make,,,2025-04-23
006O0000845,Nexatech - New Business,001A005588,New Business,Marketing (MQL),005A0007,2025-03-03,2025-08-21,Closed Lost,Omitted,49500.00,EUR,1,0,Missing feature / integration,Make,,,2025-08-25
006O0000846,Junowave - New Business,001A003093,New Business,Product-led (PQL),005A0012,2025-03-04,2025-06-01,Closed Won,Closed,159400.00,USD,1,1,,Zapier,ws_011250,,2025-06-07
006O0000847,Evowave - New Business,001A003386,New Business,Partner,005A0006,2025-03-04,2025-04-15,Closed Won,Closed,9400.00,EUR,1,1,,Zapier,,,2025-04-20
006O0000848,Valivik - New Business,001A000564,New Business,Product-led (PQL),005A0012,2025-03-05,2025-04-27,Closed Won,Closed,8100.00,USD,1,1,,Custom scripts,ws_006648,,2025-05-05
006O0000849,Straworks - New Business,001A004103,New Business,Product-led (PQL),005A0011,2025-03-05,2025-04-18,Closed Lost,Omitted,13800.00,EUR,1,0,Competitor - Zapier,Zapier,ws_015108,,2025-04-28
006O0000850,Yaraworks - New Business,001A000823,New Business,Inbound,005A0012,2025-03-05,2025-08-15,Closed Lost,Omitted,36400.00,USD,1,0,Timing,,ws_008960,,2025-08-23
006O0000851,Altogrid - New Business,001A001008,New Business,Marketing (MQL),005A0012,2025-03-05,2025-07-03,Closed Lost,Omitted,2900.00,USD,1,0,No decision / status quo,,,,2025-07-10
006O0000852,Piraware - New Business,001A002309,New Business,Marketing (MQL),005A0000,2025-03-05,2025-04-14,Closed Lost,Omitted,7500.00,USD,1,0,,,,,2025-04-20
006O0000853,Runenet - New Business,001A002540,New Business,Outbound,005A0006,2025-03-05,2025-04-24,Closed Lost,Omitted,22400.00,EUR,1,0,Chose self-hosted Community edition,Zapier,,,2025-04-28
006O0000854,Ivengrid - New Business,001A007972,New Business,Product-led (PQL),005A0006,2025-03-06,2025-05-25,Closed Lost,Omitted,80400.00,EUR,1,0,Chose self-hosted Community edition,,ws_016428,,2025-05-31
006O0000855,Cirapoint - New Business,001A006332,New Business,Product-led (PQL),005A0006,2025-03-06,2025-03-26,Closed Lost,Omitted,60200.00,EUR,1,0,Price / budget,Zapier,ws_016832,,2025-04-05
006O0000856,Granpath - New Business,001A005134,New Business,Product-led (PQL),005A0019,2025-03-06,2025-05-13,Closed Lost,Omitted,29400.00,USD,1,0,Competitor - Workato,,ws_019319,,2025-05-17
006O0000857,Wendnet - New Business,001A007717,New Business,Product-led (PQL),005A0012,2025-03-06,2025-04-29,Closed Lost,Omitted,126100.00,USD,1,0,Chose self-hosted Community edition,,ws_023968,,2025-05-07
006O0000858,Lumopath - New Business,001A000916,New Business,Product-led (PQL),005A0024,2025-03-07,2025-03-30,Closed Lost,Omitted,22400.00,EUR,1,0,Unresponsive,,ws_003804,,2025-04-05
006O0000859,Junosys - New Business,001A006581,New Business,Product-led (PQL),005A0019,2025-03-07,2025-05-07,Closed Won,Closed,18200.00,USD,1,1,,,ws_017802,,2025-05-16
006O0000860,Vexdata - New Business,001A000273,New Business,Product-led (PQL),005A0019,2025-03-07,2025-08-05,Closed Lost,Omitted,61900.00,USD,1,0,Missing feature / integration,Workato,ws_018578,,2025-08-12
006O0000861,Quarflow - New Business,001A002711,New Business,Product-led (PQL),005A0005,2025-03-07,2025-04-20,Closed Won,Closed,7600.00,GBP,1,1,,Custom scripts,ws_008329,,2025-04-22
006O0000862,Xenovik - New Business,001A008120,New Business,Inbound,005A0007,2025-03-07,2025-08-28,Closed Lost,Omitted,20100.00,EUR,1,0,Unresponsive,,ws_007927,,2025-08-30
006O0000863,Verapath - New Business,001A001531,New Business,Inbound,005A0024,2025-03-07,2025-05-08,Closed Lost,Omitted,44200.00,EUR,1,0,Missing feature / integration,Power Automate,ws_014744,,2025-05-18
006O0000864,Junofield - New Business,001A000961,New Business,Marketing (MQL),005A0011,2025-03-07,2025-06-04,Closed Lost,Omitted,19100.00,EUR,1,0,Chose self-hosted Community edition,,,,2025-06-06
006O0000865,Talabridge - New Business,001A006172,New Business,Product-led (PQL),005A0006,2025-03-08,2025-05-02,Closed Won,Closed,15300.00,EUR,1,1,,,ws_000411,,2025-05-02
006O0000866,Korafield - New Business,001A003538,New Business,Product-led (PQL),005A0024,2025-03-08,2025-04-30,Closed Lost,Omitted,11000.00,EUR,1,0,Competitor - Power Automate,Power Automate,ws_020900,,2025-05-09
006O0000867,Solvbridge - New Business,001A001908,New Business,Product-led (PQL),005A0021,2025-03-08,2025-06-10,Closed Lost,Omitted,34000.00,USD,1,0,Timing,,ws_009105,,2025-06-14
006O0000868,Ciragrid - New Business,001A006908,New Business,Inbound,005A0002,2025-03-08,2025-04-23,Closed Lost,Omitted,7900.00,USD,1,0,Timing,,ws_014056,,2025-05-02
006O0000869,Quarstack - New Business,001A003672,New Business,Marketing (MQL),005A0005,2025-03-08,2025-04-27,Closed Lost,Omitted,23300.00,EUR,1,0,Timing,,,,2025-05-06
006O0000870,Talacore - New Business,001A007013,New Business,Product-led (PQL),005A0019,2025-03-09,2025-05-25,Closed Lost,Omitted,,USD,1,0,Competitor - Power Automate,Custom scripts,ws_023755,,2025-06-04
006O0000871,Ivennet - New Business,001A003262,New Business,,005A0000,2025-03-09,2025-09-25,Closed Lost,Omitted,78100.00,EUR,1,0,Timing,,,,2025-09-30
006O0000872,Halopoint - New Business,001A005100,New Business,Partner,005A0021,2025-03-09,2025-05-03,Closed Lost,Omitted,6700.00,USD,1,0,Competitor - Zapier,Zapier,,,2025-05-07
006O0000873,Mirasys - New Business,001A002151,New Business,Product-led (PQL),005A0000,2025-03-10,2025-06-23,Closed Lost,Omitted,167200.00,EUR,1,0,No decision / status quo,,ws_008689,,2025-06-24
006O0000874,Asterwave - New Business,001A004495,New Business,Product-led (PQL),005A0011,2025-03-10,2025-05-06,Closed Lost,Omitted,11500.00,EUR,1,0,Competitor - Zapier,Power Automate,ws_011721,,2025-05-15
006O0000875,Valipoint - New Business,001A008709,New Business,Product-led (PQL),005A0011,2025-03-10,2025-09-07,Closed Lost,Omitted,99300.00,EUR,1,0,Price / budget,Workato,ws_019761,,2025-09-09
006O0000876,Solvflow - New Business,001A003986,New Business,Product-led (PQL),005A0005,2025-03-10,2025-04-19,Closed Won,Closed,19800.00,GBP,1,1,,,ws_021160,,2025-04-27
006O0000877,Junolabs - New Business,001A003555,New Business,Inbound,005A0012,2025-03-10,2025-04-14,Closed Lost,Omitted,27700.00,USD,1,0,Price / budget,,ws_019578,,2025-04-17
006O0000878,Lumosys - New Business,001A001055,New Business,Product-led (PQL),005A0019,2025-03-11,2025-08-20,Closed Lost,Omitted,32200.00,USD,1,0,Competitor - Power Automate,Power Automate,ws_004974,,2025-08-29
006O0000879,Solvstack - New Business,001A005976,New Business,Product-led (PQL),005A0012,2025-03-11,2025-04-20,Closed Lost,Omitted,21200.00,USD,1,0,Unresponsive,,ws_017499,,2025-04-28
006O0000880,Lyracore - New Business,001A006247,New Business,Product-led (PQL),005A0003,2025-03-12,2025-06-23,Closed Won,Closed,165800.00,USD,1,1,,,ws_009249,,2025-06-25
006O0000881,Deltasys - New Business,001A000988,New Business,Product-led (PQL),005A0011,2025-03-12,2025-04-26,Closed Won,Closed,0.00,EUR,1,1,,Zapier,ws_011177,,2025-05-06
006O0000882,Oriopath - New Business,001A001401,New Business,Product-led (PQL),005A0000,2025-03-12,2025-05-26,Closed Won,Closed,127200.00,EUR,1,1,,Make,ws_011460,,2025-06-05
006O0000883,Solvsys - New Business,001A005475,New Business,Product-led (PQL),005A0002,2025-03-12,2025-04-19,Closed Lost,Omitted,8100.00,EUR,1,0,Chose self-hosted Community edition,,ws_014291,,2025-04-20
006O0000884,Runepath - New Business,001A005124,New Business,Product-led (PQL),005A0006,2025-03-12,2025-03-26,Closed Won,Closed,25400.00,EUR,1,1,,Zapier,ws_015789,,2025-04-02
006O0000885,Zephbridge - New Business,001A002676,New Business,Marketing (MQL),005A0006,2025-03-12,2025-03-28,Closed Lost,Omitted,6200.00,EUR,1,0,Timing,Zapier,,,2025-03-28
006O0000886,Miraware - New Business,001A005359,New Business,Product-led (PQL),005A0021,2025-03-13,2025-04-04,Closed Lost,Omitted,6400.00,USD,1,0,Price / budget,Zapier,ws_013384,,2025-04-05
006O0000887,Kestdata - New Business,001A007017,New Business,Product-led (PQL),005A0002,2025-03-13,2025-03-30,Closed Lost,Omitted,5500.00,EUR,1,0,Price / budget,Custom scripts,ws_019898,,2025-03-31
006O0000888,Nordgrid - New Business,001A004742,New Business,Marketing (MQL),005A0021,2025-03-13,2025-06-02,Closed Lost,Omitted,11800.00,USD,1,0,Timing,,,,2025-06-10
006O0000889,Talacore - New Business,001A004715,New Business,Marketing (MQL),005A0002,2025-03-13,2025-04-05,Closed Won,Closed,94800.00,EUR,1,1,,,,,2025-04-10
006O0000890,Opalsys - New Business,001A004625,New Business,Product-led (PQL),005A0021,2025-03-14,2025-04-10,Closed Won,Closed,17800.00,USD,1,1,,Custom scripts,ws_003309,,2025-04-10
006O0000891,Halolabs - New Business,001A000444,New Business,Product-led (PQL),005A0005,2025-03-14,2025-05-10,Closed Lost,Omitted,4500.00,GBP,1,0,Competitor - Power Automate,,ws_006914,,2025-05-20
006O0000892,Mosanet - New Business,001A005213,New Business,Product-led (PQL),005A0004,2025-03-14,2025-09-11,Closed Lost,Omitted,11700.00,USD,1,0,Champion left,,ws_007197,,2025-09-16
006O0000893,Cirabridge - New Business,001A003329,New Business,Product-led (PQL),005A0005,2025-03-14,2025-04-13,Closed Lost,Omitted,0.00,GBP,1,0,Champion left,,ws_011078,,2025-04-22
006O0000894,Lyralogic - New Business,001A008355,New Business,Product-led (PQL),005A0019,2025-03-14,2025-08-15,Closed Lost,Omitted,64300.00,USD,1,0,Competitor - Zapier,,ws_004069,,2025-08-22
006O0000895,Altowave - New Business,001A007689,New Business,Product-led (PQL),005A0007,2025-03-15,2025-06-11,Closed Lost,Omitted,7700.00,EUR,1,0,,,ws_013910,,2025-06-15
006O0000896,Ivenflow - New Business,001A004998,New Business,Inbound,005A0011,2025-03-15,2025-06-10,Closed Lost,Omitted,14900.00,EUR,1,0,Missing feature / integration,,ws_015148,,2025-06-15
006O0000897,Lumogrid - New Business,001A008677,New Business,Inbound,005A0021,2025-03-15,2025-04-16,Closed Lost,Omitted,9600.00,USD,1,0,Unresponsive,Zapier,ws_012411,,2025-04-16
006O0000898,Mosastack - New Business,001A004526,New Business,Marketing (MQL),005A0021,2025-03-15,2025-06-29,Closed Lost,Omitted,7100.00,USD,1,0,Other,,,,2025-06-30
006O0000899,Pirapath - New Business,001A006513,New Business,Outbound,005A0021,2025-03-15,2025-05-08,Closed Won,Closed,3400.00,USD,1,1,,Make,,,2025-05-18
006O0000900,Runetech - New Business,001A005007,New Business,Outbound,005A0019,2025-03-15,2025-04-07,Closed Lost,Omitted,66000.00,USD,1,0,Timing,,,,2025-04-14
006O0000901,Runegrid - New Business,001A004595,New Business,Product-led (PQL),005A0006,2025-03-16,2025-04-19,Closed Won,Closed,8700.00,USD,1,1,,,ws_007236,,2025-04-23
006O0000902,Ivenstack - New Business,001A005793,New Business,Product-led (PQL),005A0000,2025-03-16,2025-04-23,Closed Lost,Omitted,96900.00,EUR,1,0,Competitor - Workato,,ws_009835,,2025-04-24
006O0000903,Evologic - New Business,001A007016,New Business,Product-led (PQL),005A0006,2025-03-16,2025-04-25,Closed Won,Closed,8400.00,EUR,1,1,,,ws_021447,,2025-05-03
006O0000904,Lyrafield - New Business,001A002529,New Business,Marketing (MQL),005A0019,2025-03-16,2025-05-11,Closed Lost,Omitted,285300.00,USD,1,0,Competitor - Zapier,Make,,,2025-05-18
006O0000905,Veraflow - New Business,001A002725,New Business,Marketing (MQL),005A0021,2025-03-16,2025-04-23,Closed Won,Closed,14800.00,USD,1,1,,,,,2025-05-01
006O0000906,Asterstack - New Business,001A004128,New Business,Product-led (PQL),005A0021,2025-03-17,2025-05-16,Closed Lost,Omitted,29100.00,USD,1,0,Champion left,Make,ws_017339,,2025-05-20
006O0000907,Fjelfield - New Business,001A003395,New Business,Marketing (MQL),005A0019,2025-03-17,2025-04-13,Closed Lost,Omitted,69900.00,USD,1,0,Chose self-hosted Community edition,,,,2025-04-20
006O0000908,Umbravik - New Business,001A000019,New Business,Partner,005A0021,2025-03-17,2025-05-10,Closed Lost,Omitted,7200.00,USD,1,0,Competitor - Zapier,Tray.io,,,2025-05-19
006O0000909,Mosapath - New Business,001A004156,New Business,Product-led (PQL),005A0021,2025-03-18,2025-06-18,Closed Won,Closed,87100.00,USD,1,1,,,ws_004980,,2025-06-28
006O0000910,Ivenlabs - New Business,001A003027,New Business,Product-led (PQL),005A0019,2025-03-18,2025-05-26,Closed Won,Closed,45000.00,USD,1,1,,,ws_016222,,2025-06-04
006O0000911,Altogrid - New Business,001A007335,New Business,Product-led (PQL),005A0011,2025-03-18,2025-04-23,Closed Lost,Omitted,21100.00,USD,1,0,,,ws_011164,,2025-04-25
006O0000912,Fjelmark - New Business,001A008610,New Business,Inbound,005A0024,2025-03-18,2025-04-19,Closed Lost,Omitted,36700.00,EUR,1,0,No decision / status quo,,ws_005566,,2025-04-25
006O0000913,Lumostack - New Business,001A003786,New Business,Inbound,005A0011,2025-03-18,2025-07-05,Closed Won,Closed,52600.00,USD,1,1,,Zapier,ws_019542,,2025-07-09
006O0000914,Junosys - New Business,001A002980,New Business,Product-led (PQL),005A0021,2025-03-19,2025-04-24,Closed Lost,Omitted,14600.00,USD,1,0,Missing feature / integration,Zapier,ws_006176,,2025-04-24
006O0000915,Oriolabs - New Business,001A004985,New Business,Product-led (PQL),005A0011,2025-03-19,2025-07-30,Closed Lost,Omitted,263600.00,EUR,1,0,Competitor - Zapier,,ws_007205,,2025-08-02
006O0000916,Lumowave - New Business,001A008065,New Business,Product-led (PQL),005A0002,2025-03-19,2025-05-01,Closed Lost,Omitted,10400.00,EUR,1,0,Other,Zapier,ws_013596,,2025-05-02
006O0000917,Ternworks - New Business,001A000237,New Business,Product-led (PQL),005A0021,2025-03-19,2025-05-04,Closed Lost,Omitted,4300.00,USD,1,0,No decision / status quo,,ws_017358,,2025-05-09
006O0000918,Ciradata - New Business,001A005950,New Business,Inbound,005A0011,2025-03-19,2025-10-19,Closed Lost,Omitted,40300.00,EUR,1,0,Missing feature / integration,Zapier,ws_000954,,2025-10-23
006O0000919,Ivenstack - New Business,001A004445,New Business,Inbound,005A0011,2025-03-19,2025-03-25,Closed Lost,Omitted,14900.00,EUR,1,0,Missing feature / integration,Zapier,ws_019145,,2025-03-25
006O0000920,Pirawave - New Business,001A005300,New Business,Marketing (MQL),005A0006,2025-03-19,2025-07-16,Closed Lost,Omitted,32300.00,EUR,1,0,Price / budget,Zapier,,,2025-07-17
006O0000921,Granstack - New Business,001A007851,New Business,Product-led (PQL),005A0021,2025-03-20,2025-05-11,Closed Won,Closed,19100.00,USD,1,1,,,ws_000014,,2025-05-17
006O0000922,Opalfield - New Business,001A002910,New Business,Inbound,005A0021,2025-03-20,2025-05-17,Closed Won,Closed,12100.00,USD,1,1,,,ws_003602,,2025-05-20
006O0000923,Yaranet - New Business,001A006340,New Business,Marketing (MQL),005A0019,2025-03-20,2025-08-30,Closed Lost,Omitted,24900.00,USD,1,0,Competitor - Workato,Zapier,,,2025-09-02
006O0000924,Runestack - New Business,001A004493,New Business,Marketing (MQL),005A0002,2025-03-20,2025-06-02,Closed Lost,Omitted,31500.00,EUR,1,0,Timing,Power Automate,,,2025-06-04
006O0000925,Astertech - New Business,001A002629,New Business,Marketing (MQL),005A0004,2025-03-20,2025-09-11,Closed Lost,Omitted,20100.00,GBP,1,0,Missing feature / integration,,,,2025-09-19
006O0000926,Haloline - New Business,001A004038,New Business,Outbound,005A0006,2025-03-20,2025-05-31,Closed Lost,Omitted,25100.00,EUR,1,0,Timing,,,,2025-06-05
006O0000927,Vexfield - New Business,001A002961,New Business,Partner,005A0007,2025-03-20,2025-06-22,Closed Lost,Omitted,5500.00,USD,1,0,Missing feature / integration,,,,2025-06-25
006O0000928,Koraworks - New Business,001A008937,New Business,Product-led (PQL),005A0002,2025-03-21,2025-04-01,Closed Won,Closed,34400.00,EUR,1,1,,,ws_002740,,2025-04-10
006O0000929,Oriopoint - New Business,001A007052,New Business,Product-led (PQL),005A0006,2025-03-21,2025-06-05,Closed Won,Closed,22600.00,EUR,1,1,,,ws_005837,,2025-06-12
006O0000930,Nordflow - New Business,001A001979,New Business,Product-led (PQL),005A0005,2025-03-21,2025-09-08,Closed Lost,Omitted,18200.00,GBP,1,0,Missing feature / integration,Zapier,ws_006770,,2025-09-13
006O0000931,Ciraline - New Business,001A006455,New Business,Product-led (PQL),005A0021,2025-03-21,2025-05-04,Closed Lost,Omitted,10900.00,USD,1,0,Competitor - Power Automate,Zapier,ws_017905,,2025-05-07
006O0000932,Halocore - New Business,001A000422,New Business,Marketing (MQL),005A0024,2025-03-21,2025-05-27,Closed Lost,Omitted,28300.00,EUR,1,0,,,,,2025-06-03
006O0000933,Nexaworks - New Business,001A005496,New Business,Marketing (MQL),005A0005,2025-03-21,2025-12-02,Closed Lost,Omitted,137000.00,USD,1,0,Chose self-hosted Community edition,Custom scripts,,,2025-12-03
006O0000934,Nordline - New Business,001A006293,New Business,Product-led (PQL),005A0012,2025-03-22,2025-04-27,Closed Won,Closed,14300.00,USD,1,1,,,ws_005536,,2025-05-06
006O0000935,Bramlabs - New Business,001A007384,New Business,Product-led (PQL),005A0002,2025-03-22,2025-04-18,Closed Won,Closed,21200.00,EUR,1,1,,,ws_023603,,2025-04-24
006O0000936,Talaflow - New Business,001A003522,New Business,Inbound,005A0000,2025-03-22,2025-05-28,Closed Lost,Omitted,44100.00,EUR,1,0,No decision / status quo,Power Automate,ws_003214,,2025-06-04
006O0000937,Opallogic - New Business,001A001346,New Business,Inbound,005A0011,2025-03-22,2025-06-09,Closed Lost,Omitted,11600.00,EUR,1,0,Security / compliance review,,ws_015230,,2025-06-10
006O0000938,Ternwave - New Business,001A008648,New Business,Product-led (PQL),005A0011,2025-03-23,2025-07-31,Closed Lost,Omitted,144300.00,EUR,1,0,Chose self-hosted Community edition,,ws_004327,,2025-08-04
006O0000939,Grantech - New Business,001A004572,New Business,Product-led (PQL),005A0024,2025-03-23,2025-05-28,Closed Lost,Omitted,7800.00,EUR,1,0,Unresponsive,,ws_004335,,2025-06-06
006O0000940,Junoline - New Business,001A008717,New Business,Product-led (PQL),005A0024,2025-03-23,2025-05-20,Closed Lost,Omitted,0.00,EUR,1,0,Chose self-hosted Community edition,,ws_018470,,2025-05-27
006O0000941,Nordware - New Business,001A000815,New Business,Product-led (PQL),005A0004,2025-03-24,2025-09-28,Closed Lost,Omitted,,USD,1,0,Champion left,Power Automate,ws_011869,,2025-10-01
006O0000942,Briofield - New Business,001A006249,New Business,Product-led (PQL),005A0006,2025-03-24,2025-04-21,Closed Lost,Omitted,6800.00,EUR,1,0,No decision / status quo,Custom scripts,ws_022498,,2025-04-25
006O0000943,Briopoint - New Business,001A005226,New Business,Marketing (MQL),005A0000,2025-03-24,2025-04-28,Closed Lost,Omitted,43300.00,EUR,1,0,Chose self-hosted Community edition,,,,2025-04-29
006O0000944,Sellaware - New Business,001A008665,New Business,Outbound,005A0013,2025-03-24,2025-06-05,Closed Lost,Omitted,24000.00,USD,1,0,Competitor - Power Automate,,,,2025-06-06
006O0000945,Koralabs - New Business,001A003239,New Business,Partner,005A0011,2025-03-24,2025-05-02,Closed Lost,Omitted,9900.00,EUR,1,0,Chose self-hosted Community edition,Make,,,2025-05-10
006O0000946,Pirapath - New Business,001A004383,New Business,Product-led (PQL),005A0006,2025-03-25,2025-05-27,Closed Lost,Omitted,5200.00,EUR,1,0,Competitor - Workato,Power Automate,ws_009095,,2025-06-02
006O0000947,Lumofield - New Business,001A007368,New Business,Product-led (PQL),005A0019,2025-03-25,2025-04-24,Closed Lost,Omitted,78700.00,USD,1,0,Competitor - Make,,ws_011974,,2025-04-26
006O0000948,Lumosys - New Business,001A006837,New Business,Product-led (PQL),005A0021,2025-03-25,2025-10-14,Closed Lost,Omitted,13400.00,USD,1,0,Chose self-hosted Community edition,,ws_013845,,2025-10-19
006O0000949,Ciranet - New Business,001A007318,New Business,Marketing (MQL),005A0011,2025-03-25,2025-06-13,Closed Lost,Omitted,109500.00,EUR,1,0,Price / budget,Zapier,,,2025-06-23
006O0000950,Boreadata - New Business,001A004745,New Business,Product-led (PQL),005A0024,2025-03-26,2025-05-20,Closed Won,Closed,24000.00,EUR,1,1,,,ws_019030,,2025-05-26
006O0000951,Umbrastack - New Business,001A008764,New Business,Marketing (MQL),005A0006,2025-03-26,2025-05-31,Closed Lost,Omitted,62300.00,EUR,1,0,Chose self-hosted Community edition,,,,2025-06-07
006O0000952,Halogrid - New Business,001A002351,New Business,Marketing (MQL),005A0021,2025-03-26,2025-07-28,Closed Lost,Omitted,11600.00,USD,1,0,Unresponsive,Tray.io,,,2025-07-29
006O0000953,Altovik - New Business,001A002757,New Business,Marketing (MQL),005A0013,2025-03-26,2025-05-21,Closed Lost,Omitted,33200.00,USD,1,0,Unresponsive,,,,2025-05-28
006O0000954,Asterstack - New Business,001A003489,New Business,Outbound,005A0006,2025-03-26,2025-06-03,Closed Lost,Omitted,21800.00,EUR,1,0,Chose self-hosted Community edition,,,,2025-06-11
006O0000955,Yaraflow - New Business,001A006124,New Business,Inbound,005A0002,2025-03-27,2025-10-09,Closed Lost,Omitted,4200.00,EUR,1,0,Champion left,Zapier,ws_007646,,2025-10-12
006O0000956,Veranet - New Business,001A001429,New Business,Inbound,005A0011,2025-03-27,2025-07-14,Closed Lost,Omitted,13500.00,EUR,1,0,Other,,ws_022433,,2025-07-19
006O0000957,Cobalnet - New Business,001A006077,New Business,Product-led (PQL),005A0011,2025-03-28,2025-07-02,Closed Won,Closed,17300.00,EUR,1,1,,,ws_002529,,2025-07-10
006O0000958,Astergrid - New Business,001A005327,New Business,Product-led (PQL),005A0024,2025-03-28,2025-05-02,Closed Lost,Omitted,6200.00,USD,1,0,Competitor - Zapier,,ws_005436,,2025-05-08
006O0000959,Verabridge - New Business,001A003431,New Business,Inbound,005A0006,2025-03-28,2025-06-22,Closed Won,Closed,26100.00,EUR,1,1,,,ws_012141,,2025-06-23
006O0000960,Granwave - New Business,001A003544,New Business,Inbound,005A0011,2025-03-28,2025-07-23,Closed Lost,Omitted,,EUR,1,0,,,ws_017353,,2025-08-02
006O0000961,Nexabridge - New Business,001A004497,New Business,Product-led (PQL),005A0006,2025-03-29,2025-06-20,Closed Lost,Omitted,16900.00,EUR,1,0,Missing feature / integration,Make,ws_000877,,2025-06-28
006O0000962,Granline - New Business,001A001739,New Business,Product-led (PQL),005A0021,2025-03-29,2025-04-25,Closed Won,Closed,13800.00,USD,1,1,,,ws_005565,,2025-05-04
006O0000963,Kestline - New Business,001A000060,New Business,Product-led (PQL),005A0013,2025-03-29,2025-05-22,Closed Won,Closed,70100.00,USD,1,1,,,ws_018024,,2025-05-29
006O0000964,Brionet - New Business,001A000036,New Business,Product-led (PQL),005A0002,2025-03-30,2025-04-07,Closed Lost,Omitted,4200.00,EUR,1,0,Security / compliance review,,ws_005083,,2025-04-11
006O0000965,Solvlabs - New Business,001A006278,New Business,Product-led (PQL),005A0021,2025-03-30,2025-04-23,Closed Won,Closed,13600.00,USD,1,1,,,ws_019879,,2025-05-03
006O0000966,Vexlogic - New Business,001A007561,New Business,Product-led (PQL),005A0005,2025-03-31,2025-06-03,Closed Lost,Omitted,60500.00,EUR,1,0,Competitor - Zapier,,ws_003389,,2025-06-03
006O0000967,Opalworks - New Business,001A004776,New Business,,005A0011,2025-03-31,2025-07-01,Closed Lost,Omitted,31900.00,EUR,1,0,Competitor - Power Automate,,ws_019436,,2025-07-06
006O0000968,Talastack - New Business,001A001484,New Business,Marketing (MQL),005A0021,2025-03-31,2025-04-28,Closed Lost,Omitted,0.00,USD,1,0,,Power Automate,,,2025-05-06
006O0000969,Ivenvik - New Business,001A006839,New Business,Outbound,005A0021,2025-03-31,2025-07-28,Closed Lost,Omitted,34400.00,USD,1,0,Other,Workato,,,2025-08-07
006O0000970,Deltawave - New Business,001A001312,New Business,Product-led (PQL),005A0021,2025-04-01,2025-05-15,Closed Lost,Omitted,15700.00,USD,1,0,Competitor - Make,Make,ws_007922,,2025-05-21
006O0000971,Bramline - New Business,001A004008,New Business,Product-led (PQL),005A0024,2025-04-01,2025-05-10,Closed Won,Closed,32100.00,EUR,1,1,,,ws_012571,,2025-05-18
006O0000972,Altolabs - New Business,001A003707,New Business,Inbound,005A0021,2025-04-01,2025-08-12,Closed Lost,Omitted,8600.00,USD,1,0,Missing feature / integration,Zapier,ws_016028,,2025-08-15
006O0000973,Talafield - New Business,001A002264,New Business,Product-led (PQL),005A0013,2025-04-02,2025-06-15,Closed Won,Closed,47300.00,USD,1,1,,Zapier,ws_008285,,2025-06-16
006O0000974,Oriostack - New Business,001A005859,New Business,Product-led (PQL),005A0005,2025-04-02,2025-04-27,Closed Lost,Omitted,11300.00,GBP,1,0,Price / budget,,ws_012087,,2025-05-06
006O0000975,Zephfield - New Business,001A003819,New Business,Product-led (PQL),005A0021,2025-04-02,2025-05-04,Closed Won,Closed,17000.00,USD,1,1,,Zapier,ws_018034,,2025-05-07
006O0000976,Deltacore - New Business,001A000878,New Business,Inbound,005A0013,2025-04-02,2025-04-15,Closed Lost,Omitted,48100.00,USD,1,0,Chose self-hosted Community edition,,ws_022162,,2025-04-22
006O0000977,Vextech - New Business,001A008744,New Business,Outbound,005A0013,2025-04-02,2025-04-26,Closed Lost,Omitted,41300.00,USD,1,0,Competitor - Zapier,Zapier,,,2025-04-27
006O0000978,Nexavik - New Business,001A000675,New Business,Product-led (PQL),005A0006,2025-04-03,2025-07-14,Closed Won,Closed,31000.00,EUR,1,1,,,ws_014008,,2025-07-14
006O0000979,Ciradata - New Business,001A004484,New Business,Partner,005A0013,2025-04-03,2025-06-10,Closed Won,Closed,47800.00,USD,1,1,,Make,,,2025-06-12
006O0000980,Halonet - New Business,001A003330,New Business,Product-led (PQL),005A0021,2025-04-04,2025-06-27,Closed Lost,Omitted,6000.00,USD,1,0,Unresponsive,,ws_008499,,2025-06-28
006O0000981,Mirasys - New Business,001A005388,New Business,Product-led (PQL),005A0011,2025-04-04,2025-06-29,Closed Lost,Omitted,46900.00,EUR,1,0,Champion left,Zapier,ws_016496,,2025-07-07
006O0000982,Kestflow - New Business,001A006295,New Business,Inbound,005A0021,2025-04-04,2025-07-22,Closed Lost,Omitted,20100.00,USD,1,0,,,ws_000395,,2025-07-22
006O0000983,Xenostack - New Business,001A008833,New Business,Inbound,005A0013,2025-04-04,2025-05-25,Closed Lost,Omitted,69000.00,USD,1,0,,Power Automate,ws_014878,,2025-05-26
006O0000984,Fjelsys - New Business,001A002211,New Business,Marketing (MQL),005A0011,2025-04-04,2025-04-23,Closed Lost,Omitted,11200.00,EUR,1,0,Competitor - Make,,,,2025-04-28
006O0000985,Brionet - New Business,001A000930,New Business,Marketing (MQL),005A0004,2025-04-04,2025-07-28,Closed Lost,Omitted,29600.00,EUR,1,0,Competitor - Power Automate,,,,2025-07-29
006O0000986,Quarpath - New Business,001A006044,New Business,Product-led (PQL),005A0006,2025-04-05,2025-07-12,Closed Won,Closed,56600.00,EUR,1,1,,,ws_001961,,2025-07-18
006O0000987,Quarmark - New Business,001A001756,New Business,Product-led (PQL),005A0000,2025-04-05,2025-06-23,Closed Won,Closed,22200.00,EUR,1,1,,,ws_013342,,2025-06-30
006O0000988,Koralogic - New Business,001A007529,New Business,Inbound,005A0000,2025-04-05,2025-07-17,Closed Lost,Omitted,375100.00,EUR,1,0,Other,Workato,ws_007413,,2025-07-22
006O0000989,Nordline - New Business,001A000096,New Business,,005A0011,2025-04-06,2025-05-23,Closed Won,Closed,9300.00,EUR,1,1,,,ws_001580,,2025-05-27
006O0000990,Wendtech - New Business,001A008234,New Business,Product-led (PQL),005A0013,2025-04-07,2025-06-01,Closed Lost,Omitted,7600.00,USD,1,0,Unresponsive,,ws_019468,,2025-06-02
006O0000991,Opalpath - New Business,001A007948,New Business,Product-led (PQL),005A0004,2025-04-07,2025-08-26,Closed Lost,Omitted,74000.00,GBP,1,0,Chose self-hosted Community edition,,ws_021043,,2025-09-05
006O0000992,Solvbridge - New Business,001A000095,New Business,Product-led (PQL),005A0013,2025-04-08,2025-07-03,Closed Lost,Omitted,33700.00,USD,1,0,Price / budget,,ws_016343,,2025-07-06
006O0000993,Solvcore - New Business,001A003565,New Business,Product-led (PQL),005A0021,2025-04-08,2025-06-26,Closed Lost,Omitted,12800.00,USD,1,0,Competitor - Zapier,,ws_022823,,2025-07-01
006O0000994,Cirapath - New Business,001A006621,New Business,Product-led (PQL),005A0004,2025-04-08,2025-05-21,Closed Lost,Omitted,29100.00,GBP,1,0,Competitor - Make,,ws_023047,,2025-05-23
006O0000995,Mosastack - New Business,001A001456,New Business,Product-led (PQL),005A0005,2025-04-08,2025-05-24,Closed Won,Closed,13900.00,GBP,1,1,,,ws_001659,,2025-05-28
006O0000996,Quarpath - New Business,001A000662,New Business,Outbound,005A0000,2025-04-08,2025-05-09,Closed Lost,Omitted,93900.00,EUR,1,0,Security / compliance review,,,,2025-05-12
006O0000997,Orioworks - New Business,001A001923,New Business,Product-led (PQL),005A0011,2025-04-09,2025-05-05,Closed Won,Closed,7300.00,EUR,1,1,,Zapier,ws_006941,,2025-05-09
006O0000998,Mosalabs - New Business,001A006858,New Business,Product-led (PQL),005A0005,2025-04-09,2025-05-05,Closed Won,Closed,5700.00,GBP,1,1,,,ws_018875,,2025-05-11
006O0000999,Nexafield - New Business,001A003840,New Business,Inbound,005A0013,2025-04-09,2025-06-24,Closed Won,Closed,36800.00,USD,1,1,,Zapier,ws_022198,,2025-07-04
006O0001000,Nexagrid - New Business,001A000241,New Business,Inbound,005A0012,2025-04-09,2025-04-29,Closed Lost,Omitted,187800.00,USD,1,0,No decision / status quo,,ws_022207,,2025-05-02
006O0001001,Deltaware - New Business,001A006485,New Business,Inbound,005A0012,2025-04-09,2025-06-25,Closed Lost,Omitted,84200.00,USD,1,0,Competitor - Power Automate,,ws_019509,,2025-07-01
006O0001002,Oriostack - New Business,001A005187,New Business,Product-led (PQL),005A0006,2025-04-10,2025-09-17,Closed Lost,Omitted,22300.00,EUR,1,0,Security / compliance review,,ws_003707,,2025-09-19
006O0001003,Opalstack - New Business,001A002813,New Business,Product-led (PQL),005A0024,2025-04-10,2025-05-12,Closed Won,Closed,12700.00,EUR,1,1,,,ws_005406,,2025-05-13
006O0001004,Boreadata - New Business,001A008916,New Business,Product-led (PQL),005A0006,2025-04-10,2025-07-18,Closed Lost,Omitted,21100.00,EUR,1,0,No decision / status quo,,ws_012102,,2025-07-24
006O0001005,Nexasys - New Business,001A002298,New Business,Product-led (PQL),005A0002,2025-04-10,2025-07-10,Closed Lost,Omitted,36300.00,EUR,1,0,Competitor - Zapier,,ws_015902,,2025-07-14
006O0001006,Runeware - New Business,001A004790,New Business,Product-led (PQL),005A0006,2025-04-10,2025-07-23,Closed Lost,Omitted,,EUR,1,0,Competitor - Make,,ws_011117,,2025-07-25
006O0001007,Talamark - New Business,001A005651,New Business,Product-led (PQL),005A0011,2025-04-11,2025-06-27,Closed Won,Closed,84500.00,EUR,1,1,,Zapier,ws_003230,,2025-06-28
006O0001008,Ciradata - New Business,001A008361,New Business,Product-led (PQL),005A0015,2025-04-11,2025-05-12,Closed Lost,Omitted,31800.00,USD,1,0,Competitor - Make,Zapier,ws_023336,,2025-05-17
006O0001009,Nexaline - New Business,001A007039,New Business,Marketing (MQL),005A0015,2025-04-11,2025-05-18,Closed Lost,Omitted,18300.00,USD,1,0,No decision / status quo,,,,2025-05-22
006O0001010,Wendcore - New Business,001A006036,New Business,Product-led (PQL),005A0015,2025-04-12,2025-04-24,Closed Lost,Omitted,13100.00,USD,1,0,Competitor - Make,,ws_007208,,2025-05-04
006O0001011,Mosastack - New Business,001A003848,New Business,Product-led (PQL),005A0005,2025-04-12,2025-05-17,Closed Won,Closed,9600.00,GBP,1,1,,Make,ws_019441,,2025-05-21
006O0001012,Veraline - New Business,001A005743,New Business,Inbound,005A0015,2025-04-12,2025-07-19,Closed Won,Closed,55900.00,USD,1,1,,,ws_005557,,2025-07-22
006O0001013,Korasys - New Business,001A008168,New Business,Product-led (PQL),005A0004,2025-04-13,2025-06-20,Closed Lost,Omitted,58000.00,GBP,1,0,Chose self-hosted Community edition,Power Automate,ws_007309,,2025-06-29
006O0001014,Zephfield - New Business,001A005762,New Business,Product-led (PQL),005A0021,2025-04-13,2025-05-22,Closed Lost,Omitted,16600.00,USD,1,0,Unresponsive,,ws_009287,,2025-05-26
006O0001015,Quardata - New Business,001A007507,New Business,Product-led (PQL),005A0021,2025-04-13,2025-05-07,Closed Won,Closed,15300.00,USD,1,1,,,ws_016370,,2025-05-15
006O0001016,Verawave - New Business,001A005491,New Business,Marketing (MQL),005A0013,2025-04-13,2025-07-30,Closed Lost,Omitted,18300.00,USD,1,0,Price / budget,,,,2025-08-03
006O0001017,Nexavik - New Business,001A008596,New Business,Product-led (PQL),005A0021,2025-04-14,2025-04-30,Closed Lost,Omitted,7500.00,USD,1,0,No decision / status quo,,ws_004170,,2025-05-04
006O0001018,Opalmark - New Business,001A000022,New Business,Product-led (PQL),005A0015,2025-04-14,2025-08-20,Closed Lost,Omitted,12600.00,USD,1,0,,Make,ws_011294,,2025-08-23
006O0001019,Evoworks - New Business,001A008303,New Business,Inbound,005A0011,2025-04-14,2025-07-01,Closed Lost,Omitted,14200.00,EUR,1,0,Timing,Power Automate,ws_017471,,2025-07-02
006O0001020,Ternsys - New Business,001A004161,New Business,Product-led (PQL),005A0005,2025-04-15,2025-05-28,Closed Won,Closed,7500.00,GBP,1,1,,,ws_002146,,2025-06-02
006O0001021,Nexavik - New Business,001A003491,New Business,Product-led (PQL),005A0024,2025-04-15,2025-09-16,Closed Lost,Omitted,9600.00,EUR,1,0,Missing feature / integration,,ws_003887,,2025-09-22
006O0001022,Runelabs - New Business,001A006070,New Business,Marketing (MQL),005A0015,2025-04-15,2025-06-15,Closed Lost,Omitted,11400.00,USD,1,0,Missing feature / integration,,,,2025-06-20
006O0001023,Nexasys - New Business,001A004283,New Business,Product-led (PQL),005A0000,2025-04-16,2025-05-24,Closed Won,Closed,236100.00,EUR,1,1,,,ws_001542,,2025-05-26
006O0001024,Zephgrid - New Business,001A008362,New Business,Product-led (PQL),005A0006,2025-04-16,2025-06-10,Closed Won,Closed,33400.00,EUR,1,1,,Make,ws_012922,,2025-06-15
006O0001025,Altopath - New Business,001A005292,New Business,Marketing (MQL),005A0021,2025-04-16,2025-06-19,Closed Lost,Omitted,25000.00,USD,1,0,Chose self-hosted Community edition,,,,2025-06-26
006O0001026,Ivenlabs - New Business,001A007130,New Business,Product-led (PQL),005A0011,2025-04-17,2025-06-08,Closed Lost,Omitted,33900.00,EUR,1,0,Chose self-hosted Community edition,Custom scripts,ws_007142,,2025-06-13
006O0001027,Granware - New Business,001A008776,New Business,Product-led (PQL),005A0011,2025-04-17,2025-11-18,Closed Lost,Omitted,361800.00,EUR,1,0,Price / budget,Custom scripts,ws_019338,,2025-11-21
006O0001028,Boreavik - New Business,001A007585,New Business,Inbound,005A0007,2025-04-17,2025-05-28,Closed Won,Closed,2600.00,EUR,1,1,,,ws_023086,,2025-05-31
006O0001029,Brioware - New Business,001A004864,New Business,Marketing (MQL),005A0021,2025-04-17,2025-07-31,Closed Lost,Omitted,3700.00,USD,1,0,Missing feature / integration,Make,,,2025-08-04
006O0001030,Pirabridge - New Business,001A008603,New Business,Product-led (PQL),005A0015,2025-04-18,2025-05-11,Closed Lost,Omitted,,USD,1,0,Timing,,ws_009307,,2025-05-19
006O0001031,Nordfield - New Business,001A006443,New Business,Inbound,005A0021,2025-04-18,2025-05-19,Closed Lost,Omitted,29400.00,USD,1,0,Price / budget,,ws_019087,,2025-05-29
006O0001032,Fjelpoint - New Business,001A004923,New Business,,005A0012,2025-04-18,2025-05-21,Closed Lost,Omitted,24700.00,USD,1,0,Chose self-hosted Community edition,,,,2025-05-24
006O0001033,Fjelline - New Business,001A006598,New Business,Product-led (PQL),005A0024,2025-04-19,2025-05-17,Closed Won,Closed,17200.00,EUR,1,1,,,ws_017785,,2025-05-24
006O0001034,Ivenwave - New Business,001A002388,New Business,Partner,005A0013,2025-04-19,2025-07-04,Closed Won,Closed,47000.00,USD,1,1,,Power Automate,,,2025-07-13
006O0001035,Sellaware - New Business,001A001587,New Business,Product-led (PQL),005A0006,2025-04-20,2025-06-09,Closed Lost,Omitted,15300.00,EUR,1,0,Price / budget,,ws_016374,,2025-06-19
006O0001036,Zephpoint - New Business,001A008915,New Business,Inbound,005A0005,2025-04-21,2025-06-07,Closed Lost,Omitted,39800.00,GBP,1,0,Competitor - Power Automate,,ws_018955,,2025-06-16
006O0001037,Mirapoint - New Business,001A008188,New Business,Marketing (MQL),005A0013,2025-04-21,2025-10-19,Closed Lost,Omitted,25800.00,USD,1,0,Security / compliance review,Zapier,,,2025-10-23
006O0001038,Altofield - New Business,001A005529,New Business,Marketing (MQL),005A0019,2025-04-22,2025-05-15,Closed Lost,Omitted,55600.00,USD,1,0,Security / compliance review,Zapier,,,2025-05-25
006O0001039,Borealogic - New Business,001A008469,New Business,Marketing (MQL),005A0011,2025-04-22,2025-07-06,Closed Lost,Omitted,16500.00,EUR,1,0,Competitor - Make,Zapier,,,2025-07-14
006O0001040,Talabridge - New Business,001A004010,New Business,Product-led (PQL),005A0004,2025-04-23,2025-06-14,Closed Won,Closed,23500.00,GBP,1,1,,,ws_005825,,2025-06-23
006O0001041,Evowave - New Business,001A008439,New Business,Product-led (PQL),005A0002,2025-04-23,2025-06-21,Closed Lost,Omitted,24800.00,EUR,1,0,Competitor - Make,,ws_011410,,2025-06-29
006O0001042,Granpath - New Business,001A000803,New Business,Inbound,005A0021,2025-04-23,2025-05-24,Closed Won,Closed,25500.00,USD,1,1,,,ws_008541,,2025-06-01
006O0001043,Junolabs - New Business,001A005201,New Business,Inbound,005A0000,2025-04-23,2025-06-14,Closed Won,Closed,24200.00,EUR,1,1,,,ws_018317,,2025-06-22
006O0001044,Nordlogic - New Business,001A008754,New Business,,005A0000,2025-04-23,2025-08-21,Closed Lost,Omitted,50500.00,EUR,1,0,Other,,,,2025-08-28
006O0001045,Vexflow - New Business,001A007464,New Business,Product-led (PQL),005A0015,2025-04-24,2025-07-03,Closed Won,Closed,25300.00,USD,1,1,,,ws_020892,,2025-07-11
006O0001046,Nexatech - New Business,001A003740,New Business,Inbound,005A0004,2025-04-24,2025-08-29,Closed Lost,Omitted,21600.00,GBP,1,0,No decision / status quo,,ws_023377,,2025-08-29
006O0001047,Briologic - New Business,001A004231,New Business,Outbound,005A0024,2025-04-24,2025-08-07,Closed Lost,Omitted,7500.00,EUR,1,0,Competitor - Zapier,Zapier,,,2025-08-12
006O0001048,Nexastack - New Business,001A005980,New Business,Inbound,005A0007,2025-04-26,2025-06-19,Closed Lost,Omitted,9700.00,EUR,1,0,Missing feature / integration,Zapier,ws_013627,,2025-06-22
006O0001049,Kestsys - New Business,001A008297,New Business,Inbound,005A0004,2025-04-26,2025-06-10,Closed Lost,Omitted,24300.00,GBP,1,0,Security / compliance review,,ws_017004,,2025-06-16
006O0001050,Yaratech - New Business,001A003823,New Business,Marketing (MQL),005A0002,2025-04-26,2025-07-05,Closed Lost,Omitted,11500.00,EUR,1,0,Competitor - Zapier,,,,2025-07-05
006O0001051,Boreavik - New Business,001A005701,New Business,Outbound,005A0024,2025-04-26,2025-09-04,Closed Lost,Omitted,20500.00,EUR,1,0,No decision / status quo,,,,2025-09-12
006O0001052,Zephbridge - New Business,001A008001,New Business,Product-led (PQL),005A0015,2025-04-27,2025-07-21,Closed Lost,Omitted,14900.00,USD,1,0,Champion left,Power Automate,ws_009978,,2025-07-23
006O0001053,Halologic - New Business,001A000519,New Business,Inbound,005A0021,2025-04-27,2025-05-27,Closed Lost,Omitted,16700.00,USD,1,0,Timing,,ws_023668,,2025-05-29
006O0001054,Umbrasys - New Business,001A003832,New Business,,005A0011,2025-04-28,2025-07-08,Closed Lost,Omitted,16700.00,EUR,1,0,Unresponsive,Make,ws_020775,,2025-07-15
006O0001055,Granpath - New Business,001A007458,New Business,Product-led (PQL),005A0002,2025-04-29,2025-05-18,Closed Won,Closed,13100.00,EUR,1,1,,,ws_001414,,2025-05-19
006O0001056,Koracore - New Business,001A000224,New Business,Product-led (PQL),005A0004,2025-04-29,2025-06-15,Closed Lost,Omitted,66200.00,GBP,1,0,,,ws_006319,,2025-06-16
006O0001057,Evologic - New Business,001A006319,New Business,Product-led (PQL),005A0013,2025-04-29,2025-08-08,Closed Lost,Omitted,21800.00,USD,1,0,Competitor - Make,,ws_018261,,2025-08-15
006O0001058,Nordtech - New Business,001A005027,New Business,Inbound,005A0011,2025-04-29,2025-07-09,Closed Won,Closed,17600.00,EUR,1,1,,Make,ws_006168,,2025-07-13
006O0001059,Kestworks - New Business,001A006925,New Business,Marketing (MQL),005A0024,2025-04-29,2025-08-24,Closed Lost,Omitted,14000.00,EUR,1,0,Chose self-hosted Community edition,,,,2025-08-31
006O0001060,Wendsys - New Business,001A003747,New Business,Partner,005A0019,2025-04-29,2025-09-01,Closed Lost,Omitted,9100.00,USD,1,0,Price / budget,,,,2025-09-03
006O0001061,Junobridge - New Business,001A008240,New Business,Product-led (PQL),005A0000,2025-04-30,2025-06-21,Closed Lost,Omitted,82200.00,EUR,1,0,Security / compliance review,Workato,ws_004527,,2025-06-24
006O0001062,Granwave - New Business,001A000987,New Business,Product-led (PQL),005A0000,2025-04-30,2025-06-26,Closed Won,Closed,86800.00,EUR,1,1,,,ws_015371,,2025-07-04
006O0001063,Junologic - New Business,001A008458,New Business,Product-led (PQL),005A0013,2025-04-30,2025-07-06,Closed Lost,Omitted,34600.00,USD,1,0,Champion left,,ws_021269,,2025-07-09
006O0001064,Solvnet - New Business,001A004841,New Business,Marketing (MQL),005A0009,2025-04-30,2025-07-12,Closed Lost,Omitted,30000.00,EUR,1,0,Price / budget,,,,2025-07-21
006O0001065,Yaragrid - New Business,001A006025,New Business,Partner,005A0021,2025-04-30,2025-06-02,Closed Won,Closed,,USD,1,1,,Zapier,,,2025-06-12
006O0001066,Nexapoint - New Business,001A006477,New Business,Product-led (PQL),005A0011,2025-05-01,2025-06-28,Closed Lost,Omitted,8200.00,EUR,1,0,Champion left,Zapier,ws_003363,,2025-07-03
006O0001067,Nexastack - New Business,001A005386,New Business,Product-led (PQL),005A0024,2025-05-01,2025-06-07,Closed Won,Closed,20200.00,EUR,1,1,,Zapier,ws_003738,,2025-06-11
006O0001068,Runebridge - New Business,001A001362,New Business,Product-led (PQL),005A0013,2025-05-01,2025-08-22,Closed Lost,Omitted,19500.00,USD,1,0,,,ws_017685,,2025-08-27
006O0001069,Verasys - New Business,001A002105,New Business,Product-led (PQL),005A0013,2025-05-01,2025-07-09,Closed Lost,Omitted,26700.00,USD,1,0,,,ws_021214,,2025-07-17
006O0001070,Talaline - New Business,001A000195,New Business,Outbound,005A0000,2025-05-01,2025-07-09,Closed Won,Closed,15500.00,EUR,1,1,,Zapier,,,2025-07-10
006O0001071,Junogrid - New Business,001A007944,New Business,Product-led (PQL),005A0021,2025-05-02,2025-06-17,Closed Lost,Omitted,16100.00,USD,1,0,Competitor - Make,Zapier,ws_007414,,2025-06-20
006O0001072,Yaravik - New Business,001A000735,New Business,Product-led (PQL),005A0013,2025-05-02,2025-06-15,Closed Lost,Omitted,61000.00,USD,1,0,No decision / status quo,,ws_013029,,2025-06-18
006O0001073,Altowave - New Business,001A006494,New Business,Inbound,005A0021,2025-05-02,2025-08-01,Closed Lost,Omitted,7800.00,USD,1,0,Price / budget,Power Automate,ws_008672,,2025-08-06
006O0001074,Kestsys - New Business,001A005088,New Business,Outbound,005A0015,2025-05-02,2025-11-23,Closed Lost,Omitted,21500.00,USD,1,0,Price / budget,,,,2025-12-02
006O0001075,Mosaline - New Business,001A001726,New Business,Product-led (PQL),005A0011,2025-05-03,2025-08-04,Closed Lost,Omitted,10100.00,EUR,1,0,Missing feature / integration,,ws_005183,,2025-08-06
006O0001076,Terndata - New Business,001A007939,New Business,Product-led (PQL),005A0013,2025-05-03,2025-08-01,Closed Lost,Omitted,102900.00,USD,1,0,Competitor - Zapier,Zapier,ws_006956,,2025-08-09
006O0001077,Granwave - New Business,001A002945,New Business,Product-led (PQL),005A0011,2025-05-03,2025-06-21,Closed Lost,Omitted,56500.00,EUR,1,0,Unresponsive,,ws_011966,,2025-06-23
006O0001078,Valiworks - New Business,001A002245,New Business,Product-led (PQL),005A0004,2025-05-03,2025-07-22,Closed Lost,Omitted,38100.00,GBP,1,0,Champion left,Zapier,ws_016873,,2025-08-01
006O0001079,Nexastack - New Business,001A008904,New Business,Inbound,005A0015,2025-05-04,2025-06-09,Closed Won,Closed,30900.00,USD,1,1,,,ws_004778,,2025-06-14
006O0001080,Opalpath - New Business,001A000225,New Business,Inbound,005A0015,2025-05-04,2025-05-13,Closed Lost,Omitted,17000.00,USD,1,0,Price / budget,Make,ws_017632,,2025-05-16
006O0001081,Quargrid - New Business,001A003721,New Business,Inbound,005A0006,2025-05-04,2025-07-08,Closed Lost,Omitted,9600.00,EUR,1,0,No decision / status quo,,ws_018765,,2025-07-17
006O0001082,Evoware - New Business,001A004341,New Business,Product-led (PQL),005A0024,2025-05-05,2025-07-07,Closed Won,Closed,35000.00,EUR,1,1,,Make,ws_001423,,2025-07-10
006O0001083,Lumodata - New Business,001A008891,New Business,Product-led (PQL),005A0021,2025-05-05,2025-06-05,Closed Won,Closed,23500.00,USD,1,1,,Power Automate,ws_002213,,2025-06-07
006O0001084,Borealogic - New Business,001A005555,New Business,Product-led (PQL),005A0013,2025-05-05,2025-08-01,Closed Won,Closed,73500.00,USD,1,1,,,ws_014570,,2025-08-09
006O0001085,Deltatech - New Business,001A002873,New Business,Product-led (PQL),005A0003,2025-05-05,2025-09-17,Closed Lost,Omitted,124900.00,GBP,1,0,Champion left,,ws_015279,,2025-09-21
006O0001086,Runevik - New Business,001A006877,New Business,Product-led (PQL),005A0009,2025-05-05,2025-05-21,Closed Lost,Omitted,81200.00,EUR,1,0,Competitor - Make,Power Automate,ws_016803,,2025-05-28
006O0001087,Oriotech - New Business,001A001606,New Business,Inbound,005A0015,2025-05-05,2025-05-13,Closed Lost,Omitted,16800.00,USD,1,0,Competitor - Power Automate,,ws_001796,,2025-05-20
006O0001088,Granline - New Business,001A005272,New Business,,005A0013,2025-05-05,2025-06-23,Closed Lost,Omitted,27400.00,USD,1,0,Price / budget,,ws_014313,,2025-06-25
006O0001089,Korawave - New Business,001A000685,New Business,Product-led (PQL),005A0011,2025-05-06,2025-06-17,Closed Won,Closed,32400.00,EUR,1,1,,Zapier,ws_014186,,2025-06-20
006O0001090,Coballine - New Business,001A001205,New Business,Product-led (PQL),005A0000,2025-05-06,2025-05-28,Closed Lost,Omitted,39200.00,EUR,1,0,No decision / status quo,,ws_016866,,2025-06-06
006O0001091,Altoline - New Business,001A008841,New Business,Product-led (PQL),005A0024,2025-05-06,2025-07-05,Closed Lost,Omitted,59500.00,EUR,1,0,Unresponsive,Power Automate,ws_021082,,2025-07-08
006O0001092,Valivik - New Business,001A003219,New Business,Inbound,005A0009,2025-05-06,2025-08-14,Closed Won,Closed,63300.00,EUR,1,1,,Tray.io,ws_020600,,2025-08-18
006O0001093,Umbraline - New Business,001A004434,New Business,Marketing (MQL),005A0013,2025-05-06,2026-02-25,Closed Lost,Omitted,43300.00,USD,1,0,Competitor - Power Automate,,,,2026-02-25
006O0001094,Verastack - New Business,001A006042,New Business,Outbound,005A0012,2025-05-06,2025-05-30,Closed Lost,Omitted,149400.00,USD,1,0,Security / compliance review,,,,2025-06-08
006O0001095,Ciradata - New Business,001A008552,New Business,Product-led (PQL),005A0021,2025-05-07,2025-10-09,Closed Lost,Omitted,13100.00,USD,1,0,Price / budget,,ws_001393,,2025-10-10
006O0001096,Sellaflow - New Business,001A007618,New Business,Marketing (MQL),005A0021,2025-05-07,2025-07-15,Closed Lost,Omitted,8000.00,USD,1,0,No decision / status quo,Power Automate,,,2025-07-16
006O0001097,Briobridge - New Business,001A006757,New Business,Product-led (PQL),005A0021,2025-05-08,2025-10-01,Closed Lost,Omitted,49800.00,USD,1,0,Chose self-hosted Community edition,Custom scripts,ws_018511,,2025-10-10
006O0001098,Yarapoint - New Business,001A007822,New Business,Product-led (PQL),005A0009,2025-05-08,2025-06-22,Closed Lost,Omitted,7400.00,EUR,1,0,,,ws_019959,,2025-06-30
006O0001099,Asterwave - New Business,001A006870,New Business,Inbound,005A0013,2025-05-08,2025-08-06,Closed Lost,Omitted,9900.00,USD,1,0,Competitor - Make,,ws_005287,,2025-08-12
006O0001100,Piraware - New Business,001A006126,New Business,Inbound,005A0005,2025-05-09,2025-07-09,Closed Lost,Omitted,13800.00,GBP,1,0,,,ws_006745,,2025-07-19
006O0001101,Lyrapath - New Business,001A004570,New Business,Marketing (MQL),005A0011,2025-05-09,2026-02-28,Closed Lost,Omitted,162000.00,EUR,1,0,Competitor - Workato,Workato,,,2026-03-02
006O0001102,Halologic - New Business,001A000590,New Business,Marketing (MQL),005A0015,2025-05-09,2025-06-01,Closed Lost,Omitted,36200.00,USD,1,0,No decision / status quo,Zapier,,,2025-06-03
006O0001103,Cobalcore - New Business,001A004377,New Business,Product-led (PQL),005A0005,2025-05-10,2025-06-13,Closed Lost,Omitted,24300.00,GBP,1,0,Other,,ws_000030,,2025-06-19
006O0001104,Strapoint - New Business,001A008155,New Business,Product-led (PQL),005A0015,2025-05-10,2025-05-31,Closed Won,Closed,11600.00,USD,1,1,,,ws_015382,,2025-06-09
006O0001105,Orioworks - New Business,001A001189,New Business,Product-led (PQL),005A0021,2025-05-10,2025-08-27,Closed Lost,Omitted,33800.00,USD,1,0,Competitor - Make,,ws_023758,,2025-09-02
006O0001106,Yaradata - New Business,001A007083,New Business,Inbound,005A0004,2025-05-10,2025-08-01,Closed Won,Closed,27600.00,GBP,1,1,,Tray.io,ws_002961,,2025-08-08
006O0001107,Sellaworks - New Business,001A007736,New Business,Inbound,005A0021,2025-05-10,2025-08-14,Closed Lost,Omitted,15600.00,USD,1,0,Security / compliance review,,ws_013823,,2025-08-16
006O0001108,Ternlabs - New Business,001A006092,New Business,Inbound,005A0013,2025-05-10,2025-06-10,Closed Lost,Omitted,23500.00,USD,1,0,No decision / status quo,,ws_019422,,2025-06-12
006O0001109,Oriocore - New Business,001A004638,New Business,,005A0000,2025-05-11,2025-06-19,Closed Lost,Omitted,63400.00,EUR,1,0,Price / budget,,ws_010624,,2025-06-22
006O0001110,Veratech - New Business,001A000333,New Business,Product-led (PQL),005A0021,2025-05-11,2025-07-07,Closed Lost,Omitted,8000.00,USD,1,0,Competitor - Power Automate,,ws_012454,,2025-07-10
006O0001111,Xenodata - New Business,001A008827,New Business,Inbound,005A0015,2025-05-11,2025-07-19,Closed Lost,Omitted,41000.00,USD,1,0,Competitor - Workato,,ws_005514,,2025-07-26
006O0001112,Evowave - New Business,001A007924,New Business,Product-led (PQL),005A0013,2025-05-12,2025-09-17,Closed Lost,Omitted,31800.00,USD,1,0,Competitor - Workato,,ws_000270,,2025-09-19
006O0001113,Halonet - New Business,001A000021,New Business,Product-led (PQL),005A0009,2025-05-12,2025-08-01,Closed Won,Closed,26500.00,EUR,1,1,,,ws_006060,,2025-08-04
006O0001114,Coballine - New Business,001A004099,New Business,Product-led (PQL),005A0015,2025-05-12,2025-06-19,Closed Won,Closed,44100.00,USD,1,1,,,ws_016205,,2025-06-24
006O0001115,Runebridge - New Business,001A007683,New Business,Product-led (PQL),005A0021,2025-05-12,2025-05-28,Closed Lost,Omitted,5700.00,USD,1,0,Champion left,Zapier,ws_016766,,2025-05-31
006O0001116,Oriodata - New Business,001A001630,New Business,Product-led (PQL),005A0006,2025-05-13,2025-11-06,Closed Lost,Omitted,40600.00,EUR,1,0,Champion left,,ws_023626,,2025-11-16
006O0001117,Lyragrid - New Business,001A005942,New Business,Product-led (PQL),005A0000,2025-05-14,2025-09-02,Closed Won,Closed,246300.00,EUR,1,1,,,ws_013713,,2025-09-12
006O0001118,Nexavik - New Business,001A006552,New Business,Inbound,005A0021,2025-05-14,2025-06-12,Closed Lost,Omitted,7400.00,USD,1,0,Chose self-hosted Community edition,Custom scripts,ws_005946,,2025-06-16
006O0001119,Yaramark - New Business,001A004425,New Business,Outbound,005A0006,2025-05-14,2025-07-30,Closed Lost,Omitted,4100.00,EUR,1,0,Unresponsive,Custom scripts,,,2025-07-31
006O0001120,Granworks - New Business,001A000223,New Business,Product-led (PQL),005A0015,2025-05-16,2025-07-08,Closed Lost,Omitted,45600.00,USD,1,0,Price / budget,,ws_014464,,2025-07-16
006O0001121,Xenomark - New Business,001A002659,New Business,Product-led (PQL),005A0005,2025-05-16,2025-07-12,Closed Lost,Omitted,9900.00,GBP,1,0,Chose self-hosted Community edition,,ws_005915,,2025-07-14
006O0001122,Mosaflow - New Business,001A003542,New Business,Product-led (PQL),005A0012,2025-05-16,2025-07-10,Closed Lost,Omitted,15900.00,USD,1,0,Competitor - Workato,,ws_023666,,2025-07-19
006O0001123,Sellavik - New Business,001A004245,New Business,Product-led (PQL),005A0003,2025-05-17,2025-07-16,Closed Lost,Omitted,122700.00,GBP,1,0,Champion left,,ws_008600,,2025-07-25
006O0001124,Briomark - New Business,001A002618,New Business,Product-led (PQL),005A0013,2025-05-17,2025-06-24,Closed Lost,Omitted,87700.00,USD,1,0,No decision / status quo,Zapier,ws_019775,,2025-06-24
006O0001125,Ivennet - New Business,001A008851,New Business,Inbound,005A0024,2025-05-17,2025-07-31,Closed Lost,Omitted,18500.00,EUR,1,0,Chose self-hosted Community edition,Power Automate,ws_002254,,2025-08-05
006O0001126,Koraflow - New Business,001A005627,New Business,Product-led (PQL),005A0021,2025-05-18,2025-06-09,Closed Won,Closed,32000.00,USD,1,1,,Zapier,ws_020651,,2025-06-16
006O0001127,Sellafield - New Business,001A002547,New Business,Product-led (PQL),005A0002,2025-05-18,2025-06-16,Closed Won,Closed,29100.00,EUR,1,1,,Power Automate,ws_002113,,2025-06-23
006O0001128,Mirasys - New Business,001A000944,New Business,Product-led (PQL),005A0009,2025-05-18,2025-10-09,Closed Lost,Omitted,7400.00,EUR,1,0,Price / budget,,ws_002419,,2025-10-18
006O0001129,Valistack - New Business,001A000785,New Business,Product-led (PQL),005A0009,2025-05-18,2025-07-30,Closed Lost,Omitted,24700.00,EUR,1,0,Price / budget,,ws_010001,,2025-08-09
006O0001130,Nexafield - New Business,001A000740,New Business,Partner,005A0002,2025-05-18,2025-06-28,Closed Won,Closed,22200.00,EUR,1,1,,,,,2025-07-02
006O0001131,Runewave - New Business,001A002927,New Business,Product-led (PQL),005A0013,2025-05-19,2025-07-09,Closed Lost,Omitted,24600.00,USD,1,0,Missing feature / integration,,ws_015353,,2025-07-18
006O0001132,Evopoint - New Business,001A005532,New Business,Product-led (PQL),005A0006,2025-05-19,2025-06-30,Closed Lost,Omitted,52700.00,EUR,1,0,Chose self-hosted Community edition,,ws_007598,,2025-07-07
006O0001133,Nexaflow - New Business,001A003342,New Business,Product-led (PQL),005A0002,2025-05-20,2025-06-09,Closed Won,Closed,20400.00,EUR,1,1,,,ws_017562,,2025-06-15
006O0001134,Yaraline - New Business,001A001296,New Business,Product-led (PQL),005A0024,2025-05-20,2025-12-23,Closed Lost,Omitted,57400.00,EUR,1,0,Price / budget,,ws_011582,,2025-12-24
006O0001135,Talasys - New Business,001A008502,New Business,Product-led (PQL),005A0002,2025-05-20,2025-08-01,Closed Won,Closed,16000.00,EUR,1,1,,,ws_022872,,2025-08-10
006O0001136,Miracore - New Business,001A005625,New Business,Inbound,005A0013,2025-05-20,2025-09-09,Closed Lost,Omitted,52500.00,USD,1,0,Champion left,,ws_005319,,2025-09-10
006O0001137,Wendlabs - New Business,001A008061,New Business,Marketing (MQL),005A0004,2025-05-20,2025-11-12,Closed Lost,Omitted,27500.00,GBP,1,0,Competitor - Workato,,,,2025-11-17
006O0001138,Lyrasys - New Business,001A007550,New Business,Product-led (PQL),005A0021,2025-05-21,2025-07-19,Closed Won,Closed,54800.00,USD,1,1,,Workato,ws_023592,,2025-07-21
006O0001139,Sellapath - New Business,001A008826,New Business,Inbound,005A0021,2025-05-21,2025-06-16,Closed Lost,Omitted,14400.00,USD,1,0,,,ws_005188,,2025-06-24
006O0001140,Koragrid - New Business,001A001277,New Business,Inbound,005A0024,2025-05-21,2025-11-10,Closed Lost,Omitted,5600.00,EUR,1,0,Missing feature / integration,,ws_009746,,2025-11-13
006O0001141,Fjelware - New Business,001A005444,New Business,Inbound,005A0015,2025-05-21,2025-06-21,Closed Won,Closed,29300.00,USD,1,1,,Zapier,ws_021072,,2025-06-28
006O0001142,Astercore - New Business,001A000384,New Business,Marketing (MQL),005A0007,2025-05-21,2025-08-19,Closed Lost,Omitted,50400.00,EUR,1,0,Price / budget,,,,2025-08-28
006O0001143,Stramark - New Business,001A003797,New Business,Marketing (MQL),005A0012,2025-05-21,2025-09-19,Closed Lost,Omitted,260500.00,USD,1,0,Competitor - Zapier,,,,2025-09-22
006O0001144,Nexacore - New Business,001A008063,New Business,Marketing (MQL),005A0021,2025-05-21,2025-06-23,Closed Lost,Omitted,15300.00,USD,1,0,Chose self-hosted Community edition,Custom scripts,,,2025-06-27
006O0001145,Zephbridge - New Business,001A000883,New Business,Marketing (MQL),005A0007,2025-05-21,2025-07-23,Closed Lost,Omitted,88200.00,EUR,1,0,Timing,,,,2025-08-02
006O0001146,Nexadata - New Business,001A004544,New Business,Product-led (PQL),005A0009,2025-05-22,2025-07-05,Closed Won,Closed,10700.00,EUR,1,1,,,ws_000740,,2025-07-08
006O0001147,Fjelwave - New Business,001A005777,New Business,Product-led (PQL),005A0007,2025-05-22,2025-07-28,Closed Lost,Omitted,9900.00,EUR,1,0,Timing,,ws_021760,,2025-08-02
006O0001148,Altostack - New Business,001A008554,New Business,Product-led (PQL),005A0021,2025-05-22,2025-06-20,Closed Lost,Omitted,13300.00,USD,1,0,Competitor - Zapier,Zapier,ws_003989,,2025-06-28
006O0001149,Koralabs - New Business,001A004217,New Business,Product-led (PQL),005A0024,2025-05-22,2025-08-18,Closed Lost,Omitted,16100.00,EUR,1,0,Timing,,ws_018243,,2025-08-26
006O0001150,Umbrastack - New Business,001A004449,New Business,Product-led (PQL),005A0024,2025-05-22,2025-06-10,Closed Lost,Omitted,21800.00,EUR,1,0,Price / budget,,ws_022904,,2025-06-10
006O0001151,Straworks - New Business,001A008123,New Business,Inbound,005A0005,2025-05-22,2025-08-05,Closed Lost,Omitted,12000.00,GBP,1,0,Missing feature / integration,,ws_006337,,2025-08-08
006O0001152,Fjelstack - New Business,001A001695,New Business,Inbound,005A0006,2025-05-22,2025-11-22,Closed Lost,Omitted,33500.00,EUR,1,0,Competitor - Make,,ws_013533,,2025-12-01
006O0001153,Oriopoint - New Business,001A001500,New Business,Product-led (PQL),005A0021,2025-05-23,2026-01-30,Closed Lost,Omitted,17200.00,USD,1,0,Price / budget,Custom scripts,ws_018858,,2026-02-09
006O0001154,Valilabs - New Business,001A007307,New Business,Product-led (PQL),005A0013,2025-05-23,2025-08-09,Closed Lost,Omitted,46500.00,USD,1,0,Champion left,Make,ws_022428,,2025-08-11
006O0001155,Bramcore - New Business,001A002089,New Business,Product-led (PQL),005A0009,2025-05-24,2025-06-26,Closed Won,Closed,12900.00,EUR,1,1,,Zapier,ws_005973,,2025-07-05
006O0001156,Evogrid - New Business,001A003412,New Business,Partner,005A0006,2025-05-24,2025-07-08,Closed Lost,Omitted,22500.00,EUR,1,0,Timing,,,,2025-07-16
006O0001157,Mosaflow - New Business,001A004084,New Business,Product-led (PQL),005A0006,2025-05-25,2025-06-01,Closed Lost,Omitted,7700.00,EUR,1,0,Chose self-hosted Community edition,,ws_002817,,2025-06-11
006O0001158,Miraline - New Business,001A001114,New Business,Product-led (PQL),005A0015,2025-05-25,2025-06-15,Closed Won,Closed,37400.00,USD,1,1,,,ws_021758,,2025-06-18
006O0001159,Nexawave - New Business,001A008418,New Business,Marketing (MQL),005A0009,2025-05-25,2026-01-23,Closed Lost,Omitted,6200.00,EUR,1,0,Competitor - Make,Zapier,,,2026-01-26
006O0001160,Veralogic - New Business,001A005474,New Business,Product-led (PQL),005A0013,2025-05-26,2026-02-11,Closed Lost,Omitted,46200.00,USD,1,0,Timing,Zapier,ws_013704,,2026-02-13
006O0001161,Korabridge - New Business,001A007035,New Business,Product-led (PQL),005A0021,2025-05-26,2025-07-18,Closed Won,Closed,10900.00,USD,1,1,,,ws_013443,,2025-07-21
006O0001162,Stralogic - New Business,001A000313,New Business,,005A0007,2025-05-26,2025-09-13,Closed Lost,Omitted,4400.00,EUR,1,0,Champion left,,ws_014720,,2025-09-17
006O0001163,Lyrapoint - New Business,001A002152,New Business,Product-led (PQL),005A0021,2025-05-26,2025-06-25,Closed Won,Closed,16200.00,USD,1,1,,Make,ws_016178,,2025-06-29
006O0001164,Valiwave - New Business,001A008584,New Business,Product-led (PQL),005A0013,2025-05-26,2025-07-20,Closed Won,Closed,142700.00,USD,1,1,,,ws_023945,,2025-07-23
006O0001165,Ivenstack - New Business,001A000991,New Business,Inbound,005A0021,2025-05-26,2025-07-23,Closed Lost,Omitted,2900.00,USD,1,0,Competitor - Make,,ws_003256,,2025-07-31
006O0001166,Zephwave - New Business,001A005098,New Business,Inbound,005A0013,2025-05-26,2025-09-20,Closed Lost,Omitted,18100.00,USD,1,0,No decision / status quo,Power Automate,ws_021170,,2025-09-26
006O0001167,Koragrid - New Business,001A001000,New Business,Product-led (PQL),005A0002,2025-05-27,2025-08-16,Closed Lost,Omitted,9100.00,EUR,1,0,Unresponsive,Zapier,ws_015274,,2025-08-25
006O0001168,Zephtech - New Business,001A005297,New Business,Marketing (MQL),005A0005,2025-05-27,2025-09-14,Closed Lost,Omitted,8100.00,GBP,1,0,Competitor - Power Automate,,,,2025-09-19
006O0001169,Bramgrid - New Business,001A005641,New Business,,005A0021,2025-05-28,2025-06-23,Closed Lost,Omitted,25600.00,USD,1,0,Competitor - Power Automate,,ws_012472,,2025-07-03
006O0001170,Asterstack - New Business,001A008903,New Business,Product-led (PQL),005A0009,2025-05-28,2025-07-30,Closed Lost,Omitted,7200.00,EUR,1,0,Competitor - Workato,,ws_016940,,2025-08-01
006O0001171,Lumoline - New Business,001A007169,New Business,,005A0024,2025-05-28,2025-07-29,Closed Lost,Omitted,9800.00,EUR,1,0,Timing,,,,2025-08-06
006O0001172,Halopath - New Business,001A001558,New Business,Product-led (PQL),005A0013,2025-05-29,2025-09-25,Closed Lost,Omitted,54700.00,USD,1,0,Chose self-hosted Community edition,,ws_002909,,2025-10-02
006O0001173,Zephpath - New Business,001A004284,New Business,Product-led (PQL),005A0015,2025-05-29,2025-06-17,Closed Won,Closed,3300.00,USD,1,1,,,ws_010314,,2025-06-21
006O0001174,Runewave - New Business,001A004984,New Business,Product-led (PQL),005A0011,2025-05-29,2025-07-14,Closed Lost,Omitted,23500.00,EUR,1,0,Champion left,,ws_018386,,2025-07-21
006O0001175,Yaracore - New Business,001A000733,New Business,Product-led (PQL),005A0006,2025-05-29,2025-08-07,Closed Lost,Omitted,35300.00,EUR,1,0,Missing feature / integration,Power Automate,ws_018428,,2025-08-15
006O0001176,Nexadata - New Business,001A001403,New Business,Inbound,005A0009,2025-05-29,2025-11-27,Closed Lost,Omitted,8300.00,EUR,1,0,Chose self-hosted Community edition,,ws_015388,,2025-11-30
006O0001177,Lyraware - New Business,001A007070,New Business,Marketing (MQL),005A0021,2025-05-29,2025-06-07,Closed Lost,Omitted,,USD,1,0,,,,,2025-06-10
006O0001178,Boreapath - New Business,001A008988,New Business,Partner,005A0024,2025-05-29,2025-07-13,Closed Lost,Omitted,9600.00,EUR,1,0,Missing feature / integration,,,,2025-07-18
006O0001179,Opalworks - New Business,001A006555,New Business,Product-led (PQL),005A0006,2025-05-30,2025-08-17,Closed Won,Closed,31000.00,EUR,1,1,,Make,ws_022036,,2025-08-19
006O0001180,Fjelcore - New Business,001A000347,New Business,Inbound,005A0005,2025-05-30,2025-07-09,Closed Won,Closed,13200.00,GBP,1,1,,,ws_004146,,2025-07-15
006O0001181,Pirapath - New Business,001A000667,New Business,Marketing (MQL),005A0015,2025-05-30,2025-06-29,Closed Lost,Omitted,51900.00,USD,1,0,Missing feature / integration,Make,,,2025-06-30
006O0001182,Junopoint - New Business,001A001626,New Business,Marketing (MQL),005A0008,2025-05-30,2025-07-09,Closed Won,Closed,15000.00,EUR,1,1,,,,,2025-07-19
006O0001183,Evosys - New Business,001A006967,New Business,Product-led (PQL),005A0000,2025-05-31,2025-09-03,Closed Won,Closed,38600.00,EUR,1,1,,,ws_011847,,2025-09-07
006O0001184,Miraline - New Business,001A000857,New Business,Product-led (PQL),005A0021,2025-05-31,2025-08-12,Closed Lost,Omitted,91700.00,USD,1,0,Competitor - Power Automate,,ws_013407,,2025-08-14
006O0001185,Bramtech - New Business,001A004533,New Business,Product-led (PQL),005A0006,2025-05-31,2025-07-31,Closed Lost,Omitted,15600.00,EUR,1,0,Chose self-hosted Community edition,,ws_021176,,2025-08-06
006O0001186,Ciradata - New Business,001A001593,New Business,Inbound,005A0006,2025-05-31,2025-09-22,Closed Lost,Omitted,62000.00,EUR,1,0,,,ws_020586,,2025-09-24
006O0001187,Ternfield - New Business,001A001674,New Business,Marketing (MQL),005A0012,2025-05-31,2025-12-10,Closed Lost,Omitted,140400.00,USD,1,0,Competitor - Zapier,,,,2025-12-17
006O0001188,Veracore - New Business,001A005132,New Business,Marketing (MQL),005A0005,2025-05-31,2025-08-08,Closed Lost,Omitted,15500.00,GBP,1,0,Chose self-hosted Community edition,Custom scripts,,,2025-08-13
006O0001189,Zephcore - New Business,001A001137,New Business,Product-led (PQL),005A0009,2025-06-01,2025-08-27,Closed Lost,Omitted,96100.00,EUR,1,0,Price / budget,Zapier,ws_010502,,2025-08-31
006O0001190,Deltadata - New Business,001A002521,New Business,Product-led (PQL),005A0021,2025-06-01,2025-06-11,Closed Lost,Omitted,15000.00,USD,1,0,No decision / status quo,,ws_022340,,2025-06-20
006O0001191,Kestmark - New Business,001A004299,New Business,Inbound,005A0013,2025-06-01,2025-08-11,Closed Lost,Omitted,129200.00,USD,1,0,Price / budget,,ws_004668,,2025-08-17
006O0001192,Altobridge - New Business,001A008238,New Business,Inbound,005A0013,2025-06-01,2025-06-21,Closed Lost,Omitted,38000.00,USD,1,0,Other,,ws_019671,,2025-06-22
006O0001193,Bramvik - New Business,001A006004,New Business,Marketing (MQL),005A0024,2025-06-01,2025-06-07,Closed Lost,Omitted,5600.00,EUR,1,0,Price / budget,Tray.io,,,2025-06-16
006O0001194,Nexadata - New Business,001A001234,New Business,Marketing (MQL),005A0004,2025-06-01,2025-10-06,Closed Lost,Omitted,26700.00,GBP,1,0,Missing feature / integration,Workato,,,2025-10-09
006O0001195,Deltatech - New Business,001A003763,New Business,Product-led (PQL),005A0003,2025-06-02,2026-03-14,Closed Lost,Omitted,38100.00,GBP,1,0,Competitor - Zapier,Workato,ws_000848,,2026-03-20
006O0001196,Nexaflow - New Business,001A007898,New Business,Product-led (PQL),005A0015,2025-06-02,2025-07-12,Closed Lost,Omitted,18900.00,USD,1,0,Champion left,,ws_003785,,2025-07-15
006O0001197,Quargrid - New Business,001A003403,New Business,Product-led (PQL),005A0015,2025-06-02,2025-07-20,Closed Won,Closed,98400.00,USD,1,1,,Zapier,ws_003938,,2025-07-27
006O0001198,Nexawave - New Business,001A006737,New Business,Product-led (PQL),005A0021,2025-06-02,2025-09-08,Closed Lost,Omitted,14700.00,USD,1,0,Price / budget,,ws_009654,,2025-09-18
006O0001199,Miralabs - New Business,001A008797,New Business,Product-led (PQL),005A0019,2025-06-02,2025-09-12,Closed Won,Closed,332100.00,USD,1,1,,Custom scripts,ws_013218,,2025-09-13
006O0001200,Stratech - New Business,001A008875,New Business,Product-led (PQL),005A0009,2025-06-02,2025-07-11,Closed Lost,Omitted,13300.00,EUR,1,0,Price / budget,,ws_013374,,2025-07-16
006O0001201,Valistack - New Business,001A004376,New Business,,005A0021,2025-06-02,2025-06-17,Closed Lost,Omitted,7400.00,USD,1,0,Unresponsive,,ws_017484,,2025-06-26
006O0001202,Zephpoint - New Business,001A006559,New Business,Product-led (PQL),005A0003,2025-06-02,2025-07-17,Closed Lost,Omitted,167700.00,GBP,1,0,Missing feature / integration,Zapier,ws_022797,,2025-07-23
006O0001203,Briolabs - New Business,001A001228,New Business,Product-led (PQL),005A0015,2025-06-03,2025-07-05,Closed Won,Closed,9700.00,USD,1,1,,,ws_006494,,2025-07-11
006O0001204,Grantech - New Business,001A006563,New Business,Product-led (PQL),005A0015,2025-06-03,2025-08-15,Closed Lost,Omitted,16900.00,USD,1,0,Competitor - Power Automate,Workato,ws_007492,,2025-08-22
006O0001205,Oriopath - New Business,001A008615,New Business,Product-led (PQL),005A0013,2025-06-03,2025-07-22,Closed Lost,Omitted,49500.00,USD,1,0,Unresponsive,Zapier,ws_007931,,2025-07-22
006O0001206,Zephstack - New Business,001A007730,New Business,Product-led (PQL),005A0012,2025-06-03,2025-08-21,Closed Lost,Omitted,114600.00,USD,1,0,Security / compliance review,Tray.io,ws_017924,,2025-08-24
006O0001207,Halocore - New Business,001A001366,New Business,Marketing (MQL),005A0004,2025-06-03,2025-09-09,Closed Lost,Omitted,39900.00,GBP,1,0,No decision / status quo,,,,2025-09-09
006O0001208,Talalogic - New Business,001A004653,New Business,Marketing (MQL),005A0024,2025-06-03,2025-06-11,Closed Lost,Omitted,33400.00,EUR,1,0,No decision / status quo,Make,,,2025-06-14
006O0001209,Sellaware - New Business,001A007697,New Business,Marketing (MQL),005A0013,2025-06-04,2025-08-17,Closed Lost,Omitted,19500.00,USD,1,0,Unresponsive,,,,2025-08-27
006O0001210,Oriopoint - New Business,001A000074,New Business,Product-led (PQL),005A0000,2025-06-05,2025-08-17,Closed Won,Closed,116700.00,EUR,1,1,,,ws_020957,,2025-08-23
006O0001211,Solvdata - New Business,001A006221,New Business,Outbound,005A0004,2025-06-05,2025-07-14,Closed Lost,Omitted,29000.00,GBP,1,0,Missing feature / integration,Make,,,2025-07-21
006O0001212,Sellafield - New Business,001A002760,New Business,Inbound,005A0013,2025-06-06,2025-07-16,Closed Lost,Omitted,46600.00,USD,1,0,Unresponsive,Zapier,ws_021069,,2025-07-18
006O0001213,Granbridge - New Business,001A001376,New Business,Product-led (PQL),005A0021,2025-06-07,2025-06-29,Closed Won,Closed,4700.00,USD,1,1,,,ws_002563,,2025-06-30
006O0001214,Kestware - New Business,001A002236,New Business,Product-led (PQL),005A0000,2025-06-07,2025-08-01,Closed Lost,Omitted,43900.00,EUR,1,0,No decision / status quo,,ws_005579,,2025-08-09
006O0001215,Briologic - New Business,001A004276,New Business,Product-led (PQL),005A0006,2025-06-07,2025-07-22,Closed Lost,Omitted,30300.00,EUR,1,0,Price / budget,Power Automate,ws_009568,,2025-07-24
006O0001216,Mosadata - New Business,001A004649,New Business,Product-led (PQL),005A0009,2025-06-07,2025-07-08,Closed Won,Closed,17100.00,EUR,1,1,,Make,ws_019482,,2025-07-09
006O0001217,Bramworks - New Business,001A003044,New Business,Inbound,005A0021,2025-06-07,2025-11-14,Closed Lost,Omitted,,USD,1,0,Competitor - Power Automate,,ws_002732,,2025-11-23
006O0001218,Evotech - New Business,001A000148,New Business,,005A0009,2025-06-07,2025-07-06,Closed Lost,Omitted,30700.00,EUR,1,0,,,,,2025-07-14
006O0001219,Nexaline - New Business,001A002660,New Business,Product-led (PQL),005A0012,2025-06-08,2025-08-28,Closed Lost,Omitted,167500.00,USD,1,0,Competitor - Power Automate,,ws_008022,,2025-09-04
006O0001220,Fjelwave - New Business,001A002718,New Business,Product-led (PQL),005A0024,2025-06-08,2025-07-08,Closed Won,Closed,43800.00,EUR,1,1,,,ws_012703,,2025-07-12
006O0001221,Asterflow - New Business,001A002794,New Business,Product-led (PQL),005A0013,2025-06-08,2025-08-18,Closed Lost,Omitted,41600.00,USD,1,0,Competitor - Power Automate,,ws_016858,,2025-08-23
006O0001222,Evostack - New Business,001A004509,New Business,Product-led (PQL),005A0009,2025-06-08,2025-07-03,Closed Won,Closed,6700.00,EUR,1,1,,,ws_022274,,2025-07-05
006O0001223,Deltaware - New Business,001A005709,New Business,Marketing (MQL),005A0019,2025-06-08,2025-09-28,Closed Lost,Omitted,297700.00,USD,1,0,Competitor - Zapier,Workato,,,2025-10-08
006O0001224,Mirafield - New Business,001A003932,New Business,Product-led (PQL),005A0006,2025-06-10,2025-09-22,Closed Won,Closed,53200.00,EUR,1,1,,,ws_015105,,2025-09-29
006O0001225,Evoline - New Business,001A007803,New Business,Product-led (PQL),005A0006,2025-06-10,2025-12-14,Closed Lost,Omitted,38200.00,EUR,1,0,Unresponsive,,ws_018172,,2025-12-21
006O0001226,Deltacore - New Business,001A007393,New Business,Inbound,005A0013,2025-06-11,2025-07-12,Closed Lost,Omitted,38100.00,USD,1,0,Timing,,ws_017467,,2025-07-21
006O0001227,Korabridge - New Business,001A006313,New Business,Inbound,005A0000,2025-06-11,2026-03-01,Closed Lost,Omitted,68900.00,EUR,1,0,Competitor - Power Automate,Power Automate,ws_016609,,2026-03-10
006O0001228,Wendline - New Business,001A000276,New Business,Marketing (MQL),005A0009,2025-06-11,2025-07-23,Closed Lost,Omitted,56600.00,EUR,1,0,Competitor - Make,,,,2025-07-30
006O0001229,Verafield - New Business,001A004930,New Business,Product-led (PQL),005A0021,2025-06-12,2025-07-11,Closed Won,Closed,9100.00,USD,1,1,,,ws_009656,,2025-07-11
006O0001230,Umbramark - New Business,001A004975,New Business,Inbound,005A0009,2025-06-12,2025-10-19,Closed Lost,Omitted,19200.00,EUR,1,0,Timing,,ws_008646,,2025-10-26
006O0001231,Nexapoint - New Business,001A008768,New Business,Product-led (PQL),005A0013,2025-06-13,2025-10-28,Closed Lost,Omitted,79600.00,USD,1,0,Competitor - Make,Make,ws_004472,,2025-11-04
006O0001232,Granpath - New Business,001A000949,New Business,Product-led (PQL),005A0009,2025-06-13,2025-06-27,Closed Lost,Omitted,40000.00,EUR,1,0,Competitor - Zapier,,ws_019658,,2025-07-07
006O0001233,Astergrid - New Business,001A003115,New Business,Product-led (PQL),005A0021,2025-06-13,2025-07-16,Closed Lost,Omitted,12400.00,USD,1,0,Competitor - Zapier,,ws_020353,,2025-07-22
006O0001234,Miraline - New Business,001A008894,New Business,Product-led (PQL),005A0008,2025-06-14,2025-10-20,Closed Lost,Omitted,18000.00,EUR,1,0,Security / compliance review,,ws_015345,,2025-10-25
006O0001235,Nexapath - New Business,001A008140,New Business,Inbound,005A0005,2025-06-14,2025-08-09,Closed Lost,Omitted,10000.00,GBP,1,0,Unresponsive,,ws_013265,,2025-08-18
006O0001236,Mosafield - New Business,001A006274,New Business,Inbound,005A0002,2025-06-14,2025-08-08,Closed Lost,Omitted,79300.00,EUR,1,0,Chose self-hosted Community edition,,ws_020597,,2025-08-12
006O0001237,Fjelpath - New Business,001A001669,New Business,Marketing (MQL),005A0012,2025-06-14,2025-12-27,Closed Lost,Omitted,26200.00,USD,1,0,Competitor - Make,,,,2026-01-05
006O0001238,Oriobridge - New Business,001A001658,New Business,Outbound,005A0006,2025-06-14,2025-11-22,Closed Lost,Omitted,16500.00,EUR,1,0,Competitor - Power Automate,,,,2025-11-30
006O0001239,Grancore - New Business,001A008676,New Business,Product-led (PQL),005A0013,2025-06-15,2025-09-27,Closed Won,Closed,48500.00,USD,1,1,,Make,ws_012934,,2025-09-30
006O0001240,Altonet - New Business,001A002213,New Business,Product-led (PQL),005A0006,2025-06-15,2026-01-27,Closed Lost,Omitted,10500.00,EUR,1,0,Missing feature / integration,Custom scripts,ws_015106,,2026-01-31
006O0001241,Miradata - New Business,001A002777,New Business,Product-led (PQL),005A0008,2025-06-15,2025-07-14,Closed Lost,Omitted,20900.00,EUR,1,0,Security / compliance review,,ws_020122,,2025-07-15
006O0001242,Deltalabs - New Business,001A002561,New Business,Product-led (PQL),005A0013,2025-06-15,2025-08-19,Closed Lost,Omitted,42600.00,USD,1,0,Missing feature / integration,,ws_012001,,2025-08-25
006O0001243,Sellalabs - New Business,001A006657,New Business,Outbound,005A0015,2025-06-15,2025-09-14,Closed Lost,Omitted,58100.00,USD,1,0,Price / budget,Zapier,,,2025-09-24
006O0001244,Ciracore - New Business,001A005244,New Business,Product-led (PQL),005A0009,2025-06-16,2025-07-14,Closed Won,Closed,11200.00,EUR,1,1,,Power Automate,ws_006039,,2025-07-19
006O0001245,Terngrid - New Business,001A005041,New Business,Product-led (PQL),005A0024,2025-06-16,2026-10-08,5 - Negotiation,Commit,11800.00,EUR,0,0,,,ws_021037,Send proposal,2026-06-22
006O0001246,Miratech - New Business,001A002565,New Business,Product-led (PQL),005A0006,2025-06-16,2025-07-20,Closed Won,Closed,61400.00,EUR,1,1,,,ws_003962,,2025-07-25
006O0001247,Korastack - New Business,001A006785,New Business,Product-led (PQL),005A0006,2025-06-16,2025-08-13,Closed Lost,Omitted,40300.00,EUR,1,0,Competitor - Workato,,ws_010985,,2025-08-18
006O0001248,Zephware - New Business,001A006303,New Business,Inbound,005A0002,2025-06-16,2025-07-13,Closed Won,Closed,23200.00,EUR,1,1,,,ws_010986,,2025-07-14
006O0001249,Straware - New Business,001A001848,New Business,Marketing (MQL),005A0009,2025-06-16,2025-12-22,Closed Lost,Omitted,19900.00,EUR,1,0,No decision / status quo,,,,2025-12-22
006O0001250,Fjelware - New Business,001A006008,New Business,Partner,005A0021,2025-06-16,2025-08-12,Closed Lost,Omitted,22100.00,USD,1,0,Timing,,,,2025-08-18
006O0001251,Oriodata - New Business,001A005932,New Business,Product-led (PQL),005A0009,2025-06-17,2025-08-05,Closed Lost,Omitted,20800.00,EUR,1,0,No decision / status quo,Zapier,ws_015198,,2025-08-11
006O0001252,Lyragrid - New Business,001A001361,New Business,Product-led (PQL),005A0006,2025-06-17,2025-10-11,Closed Lost,Omitted,56000.00,EUR,1,0,Champion left,,ws_002809,,2025-10-16
006O0001253,Lumologic - New Business,001A001107,New Business,Product-led (PQL),005A0008,2025-06-18,2025-07-31,Closed Lost,Omitted,20500.00,EUR,1,0,Price / budget,Custom scripts,ws_001905,,2025-08-04
006O0001254,Miralabs - New Business,001A000233,New Business,Inbound,005A0021,2025-06-18,2025-08-05,Closed Won,Closed,23400.00,USD,1,1,,Tray.io,ws_014608,,2025-08-13
006O0001255,Fjelcore - New Business,001A002114,New Business,Product-led (PQL),005A0002,2025-06-19,2025-08-12,Closed Won,Closed,42900.00,EUR,1,1,,,ws_012030,,2025-08-20
006O0001256,Boreastack - New Business,001A008588,New Business,Marketing (MQL),005A0007,2025-06-20,2025-11-01,Closed Lost,Omitted,130500.00,EUR,1,0,No decision / status quo,,,,2025-11-10
006O0001257,Ternvik - New Business,001A006028,New Business,Product-led (PQL),005A0015,2025-06-21,2025-06-26,Closed Lost,Omitted,36200.00,USD,1,0,Competitor - Make,,ws_021486,,2025-06-30
006O0001258,Piramark - New Business,001A003258,New Business,Product-led (PQL),005A0013,2025-06-21,2025-08-24,Closed Won,Closed,36100.00,USD,1,1,,,ws_022196,,2025-08-26
006O0001259,Wendwave - New Business,001A000867,New Business,Product-led (PQL),005A0013,2025-06-21,2025-07-23,Closed Lost,Omitted,21900.00,USD,1,0,Competitor - Zapier,,ws_003269,,2025-07-23
006O0001260,Miraflow - New Business,001A000576,New Business,Product-led (PQL),005A0015,2025-06-21,2025-08-29,Closed Won,Closed,35000.00,USD,1,1,,Zapier,ws_007955,,2025-09-01
006O0001261,Mosabridge - New Business,001A002826,New Business,Product-led (PQL),005A0009,2025-06-21,2025-07-25,Closed Lost,Omitted,22700.00,EUR,1,0,Timing,Custom scripts,ws_014293,,2025-07-26
006O0001262,Solvpath - New Business,001A006250,New Business,Product-led (PQL),005A0013,2025-06-21,2025-07-09,Closed Lost,Omitted,28100.00,USD,1,0,Competitor - Zapier,Zapier,ws_017546,,2025-07-13
006O0001263,Valicore - New Business,001A008406,New Business,Inbound,005A0000,2025-06-21,2025-08-14,Closed Lost,Omitted,41600.00,EUR,1,0,Security / compliance review,,ws_002585,,2025-08-21
006O0001264,Deltapoint - New Business,001A000101,New Business,,005A0013,2025-06-22,2025-08-12,Closed Lost,Omitted,18800.00,USD,1,0,Chose self-hosted Community edition,,ws_011191,,2025-08-21
006O0001265,Bramtech - New Business,001A002149,New Business,Product-led (PQL),005A0000,2025-06-22,2025-08-27,Closed Lost,Omitted,129800.00,EUR,1,0,Price / budget,,ws_019608,,2025-08-29
006O0001266,Talapath - New Business,001A002278,New Business,Inbound,005A0012,2025-06-23,2025-12-23,Closed Lost,Omitted,82200.00,USD,1,0,Other,,ws_000240,,2025-12-31
006O0001267,Ternlabs - New Business,001A008415,New Business,Inbound,005A0013,2025-06-23,2025-10-22,Closed Lost,Omitted,45500.00,USD,1,0,Other,Custom scripts,ws_008033,,2025-10-24
006O0001268,Umbraworks - New Business,001A003053,New Business,Marketing (MQL),005A0013,2025-06-23,2025-10-06,Closed Lost,Omitted,27700.00,USD,1,0,No decision / status quo,,,,2025-10-09
006O0001269,Sellaworks - New Business,001A001849,New Business,Marketing (MQL),005A0013,2025-06-23,2025-07-15,Closed Lost,Omitted,41700.00,USD,1,0,No decision / status quo,,,,2025-07-18
006O0001270,Wendnet - New Business,001A000695,New Business,Outbound,005A0008,2025-06-23,2025-11-03,Closed Lost,Omitted,22300.00,EUR,1,0,Champion left,,,,2025-11-05
006O0001271,Lyraline - New Business,001A006833,New Business,Product-led (PQL),005A0015,2025-06-24,2025-07-31,Closed Won,Closed,13600.00,USD,1,1,,,ws_010822,,2025-08-06
006O0001272,Stratech - New Business,001A003227,New Business,Inbound,005A0002,2025-06-24,2025-08-29,Closed Lost,Omitted,,EUR,1,0,Competitor - Power Automate,Power Automate,ws_023757,,2025-09-07
006O0001273,Granbridge - New Business,001A008871,New Business,Outbound,005A0012,2025-06-24,2025-08-07,Closed Won,Closed,91200.00,USD,1,1,,,,,2025-08-08
006O0001274,Nexasys - New Business,001A005999,New Business,Product-led (PQL),005A0013,2025-06-25,2025-08-08,Closed Lost,Omitted,50800.00,USD,1,0,Competitor - Zapier,,ws_015084,,2025-08-10
006O0001275,Astergrid - New Business,001A002320,New Business,Marketing (MQL),005A0024,2025-06-25,2025-11-20,Closed Lost,Omitted,20600.00,EUR,1,0,Competitor - Power Automate,,,,2025-11-30
006O0001276,Cobalfield - New Business,001A007767,New Business,Product-led (PQL),005A0006,2025-06-26,2025-08-23,Closed Won,Closed,43800.00,EUR,1,1,,,ws_001726,,2025-09-02
006O0001277,Cobalwave - New Business,001A006714,New Business,Product-led (PQL),005A0013,2025-06-26,2025-09-29,Closed Lost,Omitted,42000.00,USD,1,0,Other,,ws_013221,,2025-09-30
006O0001278,Umbralabs - New Business,001A004039,New Business,Product-led (PQL),005A0021,2025-06-26,2025-07-07,Closed Lost,Omitted,14700.00,USD,1,0,Competitor - Make,,ws_016466,,2025-07-16
006O0001279,Nordcore - New Business,001A007276,New Business,Marketing (MQL),005A0008,2025-06-26,2025-07-03,Closed Lost,Omitted,17300.00,EUR,1,0,Competitor - Workato,,,,2025-07-10
006O0001280,Runedata - New Business,001A007069,New Business,Outbound,005A0013,2025-06-26,2025-11-17,Closed Lost,Omitted,38900.00,USD,1,0,Competitor - Make,,,,2025-11-22
006O0001281,Boreastack - New Business,001A008671,New Business,Product-led (PQL),005A0009,2025-06-27,2025-11-05,Closed Lost,Omitted,28300.00,EUR,1,0,Price / budget,,ws_004718,,2025-11-14
006O0001282,Umbraware - New Business,001A002387,New Business,Inbound,005A0000,2025-06-27,2025-08-13,Closed Lost,Omitted,15300.00,EUR,1,0,Competitor - Power Automate,Power Automate,ws_000358,,2025-08-21
006O0001283,Evobridge - New Business,001A003754,New Business,Inbound,005A0009,2025-06-27,2025-10-08,Closed Lost,Omitted,26200.00,EUR,1,0,,Zapier,ws_002610,,2025-10-08
006O0001284,Asterlabs - New Business,001A007831,New Business,Product-led (PQL),005A0013,2025-06-28,2025-08-09,Closed Lost,Omitted,30100.00,USD,1,0,Security / compliance review,,ws_012495,,2025-08-10
006O0001285,Oriogrid - New Business,001A004114,New Business,Product-led (PQL),005A0013,2025-06-29,2025-11-05,Closed Lost,Omitted,125500.00,USD,1,0,Competitor - Zapier,,ws_002775,,2025-11-11
006O0001286,Mosadata - New Business,001A006766,New Business,Product-led (PQL),005A0021,2025-06-29,2025-08-02,Closed Lost,Omitted,7400.00,USD,1,0,Other,,ws_008206,,2025-08-09
006O0001287,Evosys - New Business,001A005343,New Business,Product-led (PQL),005A0013,2025-06-29,2025-10-01,Closed Lost,Omitted,95200.00,USD,1,0,Competitor - Workato,,ws_017478,,2025-10-10
006O0001288,Quarpath - New Business,001A004891,New Business,Outbound,005A0004,2025-06-29,2025-08-25,Closed Lost,Omitted,20800.00,GBP,1,0,Competitor - Power Automate,,,,2025-08-26
006O0001289,Ivensys - New Business,001A000946,New Business,Product-led (PQL),005A0012,2025-06-30,2025-11-08,Closed Lost,Omitted,108100.00,USD,1,0,Timing,,ws_014163,,2025-11-11
006O0001290,Junologic - New Business,001A007520,New Business,Product-led (PQL),005A0002,2025-06-30,2025-11-01,Closed Lost,Omitted,7700.00,EUR,1,0,Chose self-hosted Community edition,,ws_019143,,2025-11-09
006O0001291,Taladata - New Business,001A004261,New Business,Product-led (PQL),005A0012,2025-07-01,2025-08-09,Closed Won,Closed,11700.00,USD,1,1,,,ws_005543,,2025-08-12
006O0001292,Astersys - New Business,001A002678,New Business,Product-led (PQL),005A0021,2025-07-01,2025-08-07,Closed Won,Closed,26000.00,USD,1,1,,Make,ws_016778,,2025-08-08
006O0001293,Cirawave - New Business,001A007517,New Business,Product-led (PQL),005A0013,2025-07-01,2025-07-27,Closed Lost,Omitted,114500.00,USD,1,0,Chose self-hosted Community edition,,ws_022109,,2025-08-05
006O0001294,Cirabridge - New Business,001A007100,New Business,Product-led (PQL),005A0009,2025-07-01,2025-10-10,Closed Lost,Omitted,40100.00,EUR,1,0,,,ws_022132,,2025-10-15
006O0001295,Mosastack - New Business,001A005225,New Business,Product-led (PQL),005A0009,2025-07-02,2025-09-24,Closed Lost,Omitted,15200.00,EUR,1,0,Competitor - Power Automate,Power Automate,ws_004788,,2025-09-28
006O0001296,Fjelpoint - New Business,001A007028,New Business,Product-led (PQL),005A0021,2025-07-02,2025-08-20,Closed Won,Closed,35500.00,USD,1,1,,Zapier,ws_023166,,2025-08-29
006O0001297,Quardata - New Business,001A005649,New Business,Product-led (PQL),005A0024,2025-07-02,2025-08-20,Closed Lost,Omitted,26900.00,EUR,1,0,Competitor - Make,,ws_023391,,2025-08-27
006O0001298,Nexapoint - New Business,001A004058,New Business,Inbound,005A0008,2025-07-02,2025-08-19,Closed Won,Closed,13100.00,EUR,1,1,,Workato,ws_002454,,2025-08-19
006O0001299,Strapath - New Business,001A006311,New Business,Product-led (PQL),005A0012,2025-07-03,2025-07-14,Closed Lost,Omitted,91900.00,USD,1,0,Missing feature / integration,,ws_003100,,2025-07-22
006O0001300,Bramstack - New Business,001A001629,New Business,Product-led (PQL),005A0009,2025-07-03,2025-09-12,Closed Won,Closed,57000.00,EUR,1,1,,,ws_017519,,2025-09-17
006O0001301,Runedata - New Business,001A002712,New Business,Marketing (MQL),005A0005,2025-07-03,2025-09-23,Closed Lost,Omitted,3500.00,GBP,1,0,Chose self-hosted Community edition,Workato,,,2025-09-28
006O0001302,Astersys - New Business,001A000338,New Business,Outbound,005A0000,2025-07-03,2025-09-21,Closed Lost,Omitted,20600.00,EUR,1,0,Competitor - Make,,,,2025-09-24
006O0001303,Halostack - New Business,001A004078,New Business,Product-led (PQL),005A0002,2025-07-04,2025-10-10,Closed Lost,Omitted,9900.00,EUR,1,0,Chose self-hosted Community edition,,ws_001853,,2025-10-19
006O0001304,Opalware - New Business,001A006467,New Business,Product-led (PQL),005A0013,2025-07-04,2025-08-11,Closed Lost,Omitted,24500.00,USD,1,0,Timing,,ws_006944,,2025-08-14
006O0001305,Xenosys - New Business,001A001196,New Business,Product-led (PQL),005A0004,2025-07-04,2025-09-03,Closed Won,Closed,26900.00,GBP,1,1,,,ws_013033,,2025-09-09
006O0001306,Ivenfield - New Business,001A006224,New Business,Product-led (PQL),005A0006,2025-07-04,2025-08-25,Closed Lost,Omitted,27800.00,EUR,1,0,Competitor - Workato,,ws_016454,,2025-08-31
006O0001307,Vexworks - New Business,001A003287,New Business,Product-led (PQL),005A0009,2025-07-04,2026-01-01,Closed Lost,Omitted,21900.00,EUR,1,0,Unresponsive,Custom scripts,ws_023527,,2026-01-10
006O0001308,Miranet - New Business,001A000508,New Business,Partner,005A0008,2025-07-04,2025-10-26,Closed Lost,Omitted,9400.00,EUR,1,0,Timing,Make,,,2025-10-30
006O0001309,Runeline - New Business,001A007444,New Business,Product-led (PQL),005A0002,2025-07-05,2025-10-24,Closed Lost,Omitted,17100.00,EUR,1,0,Security / compliance review,,ws_000282,,2025-10-28
006O0001310,Yaralabs - New Business,001A008687,New Business,Product-led (PQL),005A0004,2025-07-05,2026-02-06,Closed Lost,Omitted,105400.00,GBP,1,0,Timing,,ws_010975,,2026-02-15
006O0001311,Bramworks - New Business,001A002630,New Business,Product-led (PQL),005A0002,2025-07-05,2025-09-15,Closed Lost,Omitted,10600.00,EUR,1,0,No decision / status quo,,ws_015383,,2025-09-19
006O0001312,Solvlabs - New Business,001A000700,New Business,Product-led (PQL),005A0004,2025-07-05,2025-11-12,Closed Lost,Omitted,8000.00,GBP,1,0,Chose self-hosted Community edition,,ws_023974,,2025-11-14
006O0001313,Fjelflow - New Business,001A006262,New Business,Inbound,005A0024,2025-07-05,2025-08-27,Closed Lost,Omitted,8100.00,EUR,1,0,Champion left,Workato,ws_021490,,2025-09-06
006O0001314,Talabridge - New Business,001A003137,New Business,Product-led (PQL),005A0002,2025-07-06,2025-07-26,Closed Won,Closed,30500.00,EUR,1,1,,,ws_003419,,2025-08-02
006O0001315,Wendsys - New Business,001A003515,New Business,Product-led (PQL),005A0013,2025-07-06,2025-08-25,Closed Won,Closed,11600.00,USD,1,1,,,ws_019316,,2025-09-02
006O0001316,Xenofield - New Business,001A006810,New Business,Inbound,005A0000,2025-07-06,2025-08-01,Closed Lost,Omitted,29600.00,EUR,1,0,Competitor - Workato,,ws_008890,,2025-08-07
006O0001317,Koramark - New Business,001A005031,New Business,Inbound,005A0013,2025-07-06,2025-08-05,Closed Lost,Omitted,100000.00,USD,1,0,Timing,Power Automate,ws_019920,,2025-08-12
006O0001318,Altolabs - New Business,001A006946,New Business,Inbound,005A0021,2025-07-06,2025-08-13,Closed Lost,Omitted,15300.00,USD,1,0,Competitor - Zapier,,ws_022934,,2025-08-14
006O0001319,Orioware - New Business,001A000963,New Business,Product-led (PQL),005A0002,2025-07-07,2025-08-30,Closed Won,Closed,18600.00,EUR,1,1,,,ws_006356,,2025-09-04
006O0001320,Coballogic - New Business,001A000604,New Business,Product-led (PQL),005A0015,2025-07-07,2025-08-11,Closed Lost,Omitted,20000.00,USD,1,0,Chose self-hosted Community edition,,ws_019678,,2025-08-20
006O0001321,Iventech - New Business,001A007085,New Business,Inbound,005A0021,2025-07-07,2025-09-18,Closed Lost,Omitted,8100.00,USD,1,0,Missing feature / integration,,ws_001959,,2025-09-26
006O0001322,Fjelnet - New Business,001A005798,New Business,Inbound,005A0021,2025-07-07,2025-09-24,Closed Lost,Omitted,6200.00,USD,1,0,Competitor - Zapier,,ws_009583,,2025-09-27
006O0001323,Fjelpoint - New Business,001A001700,New Business,Marketing (MQL),005A0015,2025-07-07,2025-11-05,Closed Lost,Omitted,11600.00,USD,1,0,Chose self-hosted Community edition,,,,2025-11-08
006O0001324,Mosapath - New Business,001A000498,New Business,Marketing (MQL),005A0009,2025-07-08,2025-11-19,Closed Lost,Omitted,20400.00,EUR,1,0,Competitor - Power Automate,,,,2025-11-29
006O0001325,Bramwave - New Business,001A002018,New Business,,005A0021,2025-07-09,2025-08-12,Closed Won,Closed,67300.00,USD,1,1,,,ws_010381,,2025-08-13
006O0001326,Nordvik - New Business,001A003484,New Business,,005A0021,2025-07-09,2025-08-01,Closed Won,Closed,4000.00,USD,1,1,,Zapier,ws_001678,,2025-08-04
006O0001327,Vexlabs - New Business,001A008781,New Business,Product-led (PQL),005A0002,2025-07-09,2025-08-08,Closed Won,Closed,3700.00,EUR,1,1,,,ws_012581,,2025-08-09
006O0001328,Ciramark - New Business,001A000319,New Business,Marketing (MQL),005A0015,2025-07-09,2025-08-25,Closed Lost,Omitted,10900.00,USD,1,0,Timing,,,,2025-08-28
006O0001329,Veratech - New Business,001A005647,New Business,Product-led (PQL),005A0002,2025-07-10,2025-07-30,Closed Won,Closed,11800.00,EUR,1,1,,Make,ws_004639,,2025-08-06
006O0001330,Straworks - New Business,001A007357,New Business,Inbound,005A0024,2025-07-10,2025-07-25,Closed Lost,Omitted,18200.00,EUR,1,0,Price / budget,,ws_009850,,2025-07-26
006O0001331,Mosapoint - New Business,001A008796,New Business,Product-led (PQL),005A0006,2025-07-11,2025-08-25,Closed Lost,Omitted,19900.00,EUR,1,0,Chose self-hosted Community edition,,ws_013852,,2025-09-04
006O0001332,Boreadata - New Business,001A005350,New Business,Product-led (PQL),005A0015,2025-07-11,2025-10-30,Closed Lost,Omitted,32000.00,USD,1,0,Competitor - Workato,Zapier,ws_014026,,2025-11-07
006O0001333,Mirawave - New Business,001A000242,New Business,Product-led (PQL),005A0004,2025-07-11,2025-12-10,Closed Lost,Omitted,,GBP,1,0,,,ws_011025,,2025-12-19
006O0001334,Ivenvik - New Business,001A000210,New Business,Product-led (PQL),005A0021,2025-07-12,2025-08-28,Closed Lost,Omitted,28800.00,USD,1,0,Chose self-hosted Community edition,,ws_022164,,2025-08-29
006O0001335,Nordtech - New Business,001A001253,New Business,Product-led (PQL),005A0012,2025-07-12,2025-10-08,Closed Lost,Omitted,102200.00,USD,1,0,No decision / status quo,,ws_023019,,2025-10-14
006O0001336,Bramstack - New Business,001A003119,New Business,Product-led (PQL),005A0005,2025-07-13,2025-08-15,Closed Lost,Omitted,30000.00,GBP,1,0,Unresponsive,Custom scripts,ws_000251,,2025-08-19
006O0001337,Opalline - New Business,001A007569,New Business,Product-led (PQL),005A0015,2025-07-13,2025-09-15,Closed Lost,Omitted,21900.00,USD,1,0,Timing,,ws_000879,,2025-09-21
006O0001338,Bramvik - New Business,001A000257,New Business,Inbound,005A0000,2025-07-13,2026-05-30,Closed Lost,Omitted,147500.00,EUR,1,0,Timing,,ws_002743,,2026-06-01
006O0001339,Quarcore - New Business,001A002745,New Business,Inbound,005A0013,2025-07-13,2026-05-01,Closed Lost,Omitted,38400.00,USD,1,0,Competitor - Zapier,Zapier,ws_004676,,2026-05-06
006O0001340,Yaravik - New Business,001A002533,New Business,Marketing (MQL),005A0000,2025-07-13,2025-08-07,Closed Lost,Omitted,9500.00,EUR,1,0,Competitor - Workato,Custom scripts,,,2025-08-10
006O0001341,Nordpoint - New Business,001A006361,New Business,Product-led (PQL),005A0021,2025-07-14,2025-08-09,Closed Won,Closed,24000.00,USD,1,1,,,ws_010291,,2025-08-11
006O0001342,Talapoint - New Business,001A006326,New Business,Product-led (PQL),005A0021,2025-07-14,2025-11-27,Closed Lost,Omitted,14600.00,USD,1,0,Missing feature / integration,,ws_017707,,2025-12-06
006O0001343,Asterbridge - New Business,001A008054,New Business,Product-led (PQL),005A0015,2025-07-15,2025-12-21,Closed Lost,Omitted,43500.00,USD,1,0,Competitor - Make,,ws_009280,,2025-12-27
006O0001344,Fjelsys - New Business,001A006013,New Business,Product-led (PQL),005A0021,2025-07-15,2025-08-25,Closed Won,Closed,11400.00,USD,1,1,,Power Automate,ws_017293,,2025-09-01
006O0001345,Orioline - New Business,001D000096,New Business,Inbound,005A0021,2025-07-15,2025-10-12,Closed Lost,Omitted,18300.00,USD,1,0,Security / compliance review,,ws_007180,,2025-10-18
006O0001346,Sellalogic - New Business,001A000014,New Business,Marketing (MQL),005A0009,2025-07-15,2025-08-13,Closed Lost,Omitted,8100.00,EUR,1,0,No decision / status quo,,,,2025-08-16
006O0001347,Altofield - New Business,001A005112,New Business,Product-led (PQL),005A0013,2025-07-16,2025-12-22,Closed Lost,Omitted,38700.00,USD,1,0,Chose self-hosted Community edition,,ws_007678,,2025-12-31
006O0001348,Yarafield - New Business,001A000762,New Business,Product-led (PQL),005A0000,2025-07-16,2025-11-14,Closed Lost,Omitted,104800.00,EUR,1,0,Chose self-hosted Community edition,,ws_007843,,2025-11-15
006O0001349,Stragrid - New Business,001A004009,New Business,Product-led (PQL),005A0012,2025-07-16,2026-05-19,Closed Lost,Omitted,132400.00,USD,1,0,Chose self-hosted Community edition,,ws_015232,,2026-05-24
006O0001350,Veramark - New Business,001A007440,New Business,Marketing (MQL),005A0013,2025-07-16,2025-09-25,Closed Lost,Omitted,123100.00,USD,1,0,Security / compliance review,Workato,,,2025-09-30
006O0001351,Briogrid - New Business,001A003288,New Business,Marketing (MQL),005A0002,2025-07-16,2025-09-05,Closed Lost,Omitted,3400.00,EUR,1,0,Competitor - Workato,Custom scripts,,,2025-09-06
006O0001352,Grancore - New Business,001A006560,New Business,Product-led (PQL),005A0011,2025-07-17,2025-08-27,Closed Won,Closed,8700.00,EUR,1,1,,Custom scripts,ws_004827,,2025-08-28
006O0001353,Granvik - New Business,001A000135,New Business,Product-led (PQL),005A0024,2025-07-17,2025-09-24,Closed Won,Closed,17900.00,EUR,1,1,,,ws_009908,,2025-10-02
006O0001354,Opalware - New Business,001A007486,New Business,Marketing (MQL),005A0005,2025-07-17,2025-09-30,Closed Lost,Omitted,20100.00,GBP,1,0,Timing,,,,2025-10-06
006O0001355,Briofield - New Business,001A005161,New Business,Marketing (MQL),005A0015,2025-07-17,2025-10-09,Closed Lost,Omitted,202800.00,USD,1,0,Security / compliance review,,,,2025-10-10
006O0001356,Mirafield - New Business,001A006561,New Business,Product-led (PQL),005A0009,2025-07-18,2025-09-26,Closed Lost,Omitted,20900.00,EUR,1,0,Unresponsive,,ws_007701,,2025-09-27
006O0001357,Evovik - New Business,001A003186,New Business,Product-led (PQL),005A0021,2025-07-18,2025-10-24,Closed Lost,Omitted,7400.00,USD,1,0,Chose self-hosted Community edition,Custom scripts,ws_005100,,2025-10-25
006O0001358,Zephnet - New Business,001A004394,New Business,Inbound,005A0011,2025-07-18,2025-09-04,Closed Won,Closed,17200.00,EUR,1,1,,Make,ws_016138,,2025-09-12
006O0001359,Koralabs - New Business,001A005123,New Business,Inbound,005A0007,2025-07-18,2025-11-08,Closed Lost,Omitted,50700.00,EUR,1,0,Competitor - Make,,ws_016532,,2025-11-10
006O0001360,Granlabs - New Business,001A006873,New Business,Marketing (MQL),005A0009,2025-07-18,2025-11-03,Closed Lost,Omitted,59600.00,EUR,1,0,Other,,,,2025-11-11
006O0001361,Veracore - New Business,001A005646,New Business,Marketing (MQL),005A0013,2025-07-18,2026-01-26,Closed Lost,Omitted,22300.00,USD,1,0,Unresponsive,,,,2026-02-04
006O0001362,Lumostack - New Business,001A001439,New Business,Product-led (PQL),005A0015,2025-07-19,2025-09-15,Closed Lost,Omitted,9300.00,USD,1,0,Chose self-hosted Community edition,Power Automate,ws_022418,,2025-09-25
006O0001363,Vexworks - New Business,001A001822,New Business,Inbound,005A0006,2025-07-19,2025-09-24,Closed Lost,Omitted,32600.00,EUR,1,0,Timing,Make,ws_000470,,2025-09-27
006O0001364,Brioflow - New Business,001A008929,New Business,Marketing (MQL),005A0009,2025-07-19,2025-10-18,Closed Lost,Omitted,40500.00,EUR,1,0,No decision / status quo,Zapier,,,2025-10-20
006O0001365,Junodata - New Business,001A001708,New Business,Product-led (PQL),005A0021,2025-07-20,2025-12-27,Closed Lost,Omitted,225100.00,USD,1,0,Missing feature / integration,Power Automate,ws_005242,,2026-01-04
006O0001366,Quarbridge - New Business,001A003652,New Business,Product-led (PQL),005A0009,2025-07-21,2025-10-27,Closed Won,Closed,9400.00,EUR,1,1,,,ws_000435,,2025-11-02
006O0001367,Granlogic - New Business,001A001548,New Business,Product-led (PQL),005A0011,2025-07-21,2025-08-15,Closed Lost,Omitted,6800.00,EUR,1,0,,Custom scripts,ws_007186,,2025-08-24
006O0001368,Vexfield - New Business,001A005107,New Business,Product-led (PQL),005A0005,2025-07-21,2025-09-27,Closed Lost,Omitted,24700.00,EUR,1,0,Competitor - Make,Zapier,ws_014335,,2025-10-07
006O0001369,Bramware - New Business,001A005500,New Business,Product-led (PQL),005A0002,2025-07-21,2025-08-19,Closed Won,Closed,6700.00,EUR,1,1,,,ws_022398,,2025-08-24
006O0001370,Deltapath - New Business,001A007206,New Business,Inbound,005A0006,2025-07-21,2025-12-26,Closed Lost,Omitted,17900.00,EUR,1,0,Chose self-hosted Community edition,,ws_011188,,2025-12-27
006O0001371,Briodata - New Business,001A001130,New Business,Product-led (PQL),005A0015,2025-07-22,2025-11-27,Closed Lost,Omitted,18000.00,USD,1,0,Price / budget,,ws_006826,,2025-11-30
006O0001372,Talaware - New Business,001A002346,New Business,Product-led (PQL),005A0021,2025-07-22,2025-08-07,Closed Lost,Omitted,7700.00,USD,1,0,No decision / status quo,,ws_011290,,2025-08-07
006O0001373,Norddata - New Business,001A002902,New Business,Inbound,005A0002,2025-07-22,2025-09-15,Closed Lost,Omitted,51800.00,EUR,1,0,Timing,,ws_020053,,2025-09-19
006O0001374,Valigrid - New Business,001A006059,New Business,Marketing (MQL),005A0019,2025-07-22,2025-11-03,Closed Lost,Omitted,11200.00,USD,1,0,Competitor - Workato,,,,2025-11-05
006O0001375,Astercore - New Business,001A004662,New Business,Marketing (MQL),005A0009,2025-07-22,2025-08-07,Closed Lost,Omitted,109800.00,EUR,1,0,Other,,,,2025-08-11
006O0001376,Astermark - New Business,001A002307,New Business,Product-led (PQL),005A0009,2025-07-23,2025-10-07,Closed Won,Closed,59800.00,EUR,1,1,,,ws_001328,,2025-10-11
006O0001377,Bramstack - New Business,001A007054,New Business,Product-led (PQL),005A0000,2025-07-23,2026-01-03,Closed Lost,Omitted,149100.00,EUR,1,0,Competitor - Zapier,,ws_019407,,2026-01-11
006O0001378,Evoworks - New Business,001A000620,New Business,Product-led (PQL),005A0021,2025-07-23,2025-08-19,Closed Won,Closed,20400.00,USD,1,1,,Zapier,ws_018444,,2025-08-24
006O0001379,Veravik - New Business,001A000924,New Business,Product-led (PQL),005A0002,2025-07-23,2025-09-01,Closed Won,Closed,36400.00,EUR,1,1,,,ws_019567,,2025-09-03
006O0001380,Brioflow - New Business,001A000900,New Business,Product-led (PQL),005A0008,2025-07-23,2025-08-26,Closed Lost,Omitted,18500.00,EUR,1,0,Competitor - Power Automate,,ws_020954,,2025-08-29
006O0001381,Nordvik - New Business,001A008398,New Business,Marketing (MQL),005A0015,2025-07-23,2026-03-03,Closed Lost,Omitted,48500.00,USD,1,0,Missing feature / integration,,,,2026-03-06
006O0001382,Junoworks - New Business,001A005347,New Business,Marketing (MQL),005A0013,2025-07-23,2025-08-25,Closed Lost,Omitted,19700.00,USD,1,0,No decision / status quo,,,,2025-08-28
006O0001383,Quarlogic - New Business,001A001304,New Business,Partner,005A0013,2025-07-23,2025-10-05,Closed Lost,Omitted,79700.00,USD,1,0,Competitor - Workato,Custom scripts,,,2025-10-13
006O0001384,Evocore - New Business,001A008282,New Business,Product-led (PQL),005A0008,2025-07-24,2025-09-17,Closed Lost,Omitted,11700.00,EUR,1,0,,,ws_007959,,2025-09-21
006O0001385,Ternvik - New Business,001A006887,New Business,Product-led (PQL),005A0004,2025-07-24,2025-09-08,Closed Lost,Omitted,37300.00,GBP,1,0,No decision / status quo,,ws_001770,,2025-09-17
006O0001386,Opalstack - New Business,001A007613,New Business,Product-led (PQL),005A0009,2025-07-24,2025-09-20,Closed Lost,Omitted,5900.00,EUR,1,0,No decision / status quo,,ws_003152,,2025-09-23
006O0001387,Solvpoint - New Business,001A005234,New Business,Inbound,005A0013,2025-07-24,2025-10-30,Closed Won,Closed,44100.00,USD,1,1,,Zapier,ws_000625,,2025-11-07
006O0001388,Umbrafield - New Business,001A000629,New Business,Inbound,005A0021,2025-07-24,2025-08-24,Closed Lost,Omitted,10400.00,USD,1,0,Price / budget,Custom scripts,ws_019604,,2025-09-03
006O0001389,Runelogic - New Business,001A000943,New Business,Marketing (MQL),005A0009,2025-07-24,2025-09-05,Closed Lost,Omitted,5800.00,EUR,1,0,Timing,Zapier,,,2025-09-13
006O0001390,Altowave - New Business,001A007965,New Business,Product-led (PQL),005A0021,2025-07-25,2025-08-16,Closed Won,Closed,14100.00,USD,1,1,,Zapier,ws_008509,,2025-08-21
006O0001391,Vexflow - New Business,001A000358,New Business,Product-led (PQL),005A0008,2025-07-25,2025-08-09,Closed Lost,Omitted,,EUR,1,0,Competitor - Zapier,,ws_011478,,2025-08-14
006O0001392,Altologic - New Business,001A000245,New Business,Product-led (PQL),005A0013,2025-07-26,2026-03-15,Closed Lost,Omitted,44800.00,USD,1,0,Competitor - Zapier,,ws_006170,,2026-03-22
006O0001393,Umbratech - New Business,001A008142,New Business,Product-led (PQL),005A0005,2025-07-26,2025-08-11,Closed Lost,Omitted,6900.00,GBP,1,0,Champion left,,ws_012718,,2025-08-19
006O0001394,Umbrastack - New Business,001A007350,New Business,Product-led (PQL),005A0024,2025-07-26,2025-09-08,Closed Lost,Omitted,10800.00,EUR,1,0,Competitor - Zapier,Zapier,ws_020654,,2025-09-08
006O0001395,Nexalogic - New Business,001A006544,New Business,Inbound,005A0004,2025-07-26,2025-10-20,Closed Lost,Omitted,15700.00,GBP,1,0,Unresponsive,,ws_023293,,2025-10-25
006O0001396,Ivenline - New Business,001A002936,New Business,Marketing (MQL),005A0011,2025-07-26,2025-09-11,Closed Won,Closed,5900.00,EUR,1,1,,,,,2025-09-20
006O0001397,Solvlabs - New Business,001A005509,New Business,Marketing (MQL),005A0021,2025-07-26,2025-09-19,Closed Lost,Omitted,4900.00,USD,1,0,,,,,2025-09-20
006O0001398,Yarapath - New Business,001A008117,New Business,Marketing (MQL),005A0009,2025-07-26,2025-09-04,Closed Lost,Omitted,24200.00,EUR,1,0,Competitor - Power Automate,Tray.io,,,2025-09-12
006O0001399,Talagrid - New Business,001A005804,New Business,Product-led (PQL),005A0008,2025-07-27,2025-09-13,Closed Lost,Omitted,46700.00,EUR,1,0,Price / budget,Zapier,ws_020845,,2025-09-15
006O0001400,Verafield - New Business,001A008582,New Business,Product-led (PQL),005A0008,2025-07-27,2025-09-07,Closed Lost,Omitted,16400.00,EUR,1,0,Chose self-hosted Community edition,Power Automate,ws_021822,,2025-09-16
006O0001401,Kestnet - New Business,001A003574,New Business,Product-led (PQL),005A0009,2025-07-28,2026-01-06,Closed Lost,Omitted,6900.00,EUR,1,0,Missing feature / integration,,ws_003542,,2026-01-15
006O0001402,Evowave - New Business,001A007574,New Business,Product-led (PQL),005A0000,2025-07-28,2025-10-01,Closed Lost,Omitted,447000.00,EUR,1,0,Competitor - Make,,ws_019012,,2025-10-09
006O0001403,Lumoworks - New Business,001A001332,New Business,Inbound,005A0008,2025-07-28,2025-09-01,Closed Lost,Omitted,11800.00,EUR,1,0,Competitor - Zapier,Custom scripts,ws_004005,,2025-09-02
006O0001404,Piranet - New Business,001A006929,New Business,Inbound,005A0015,2025-07-28,2025-09-07,Closed Lost,Omitted,13800.00,USD,1,0,Other,Zapier,ws_004681,,2025-09-09
006O0001405,Cobalvik - New Business,001A007589,New Business,Partner,005A0009,2025-07-28,2025-09-20,Closed Lost,Omitted,25300.00,EUR,1,0,Competitor - Workato,Workato,,,2025-09-22
006O0001406,Ternpath - New Business,001A005438,New Business,Product-led (PQL),005A0015,2025-07-29,2026-02-18,Closed Lost,Omitted,33700.00,USD,1,0,Unresponsive,Workato,ws_002575,,2026-02-23
006O0001407,Evotech - New Business,001A007075,New Business,Product-led (PQL),005A0009,2025-07-29,2025-10-13,Closed Lost,Omitted,21900.00,EUR,1,0,Unresponsive,Custom scripts,ws_018419,,2025-10-22
006O0001408,Ivennet - New Business,001A008372,New Business,Inbound,005A0004,2025-07-29,2025-09-12,Closed Lost,Omitted,44500.00,GBP,1,0,No decision / status quo,,ws_001553,,2025-09-14
006O0001409,Zephvik - New Business,001A003257,New Business,Inbound,005A0011,2025-07-29,2026-03-08,Closed Lost,Omitted,7700.00,EUR,1,0,No decision / status quo,,ws_012038,,2026-03-11
006O0001410,Nordline - New Business,001A006940,New Business,Inbound,005A0021,2025-07-29,2025-09-26,Closed Lost,Omitted,13000.00,USD,1,0,Timing,,ws_013297,,2025-09-29
006O0001411,Kestfield - New Business,001A008872,New Business,Inbound,005A0000,2025-07-29,2025-09-02,Closed Lost,Omitted,36000.00,EUR,1,0,Missing feature / integration,,ws_019478,,2025-09-03
006O0001412,Halobridge - New Business,001A003331,New Business,Product-led (PQL),005A0005,2025-07-30,2025-09-02,Closed Won,Closed,,GBP,1,1,,,ws_002267,,2025-09-03
006O0001413,Briodata - New Business,001A005631,New Business,Product-led (PQL),005A0024,2025-07-31,2025-11-14,Closed Lost,Omitted,32800.00,EUR,1,0,Champion left,,ws_004571,,2025-11-20
006O0001414,Grantech - New Business,001A001689,New Business,Product-led (PQL),005A0006,2025-07-31,2026-04-01,Closed Lost,Omitted,85800.00,EUR,1,0,Chose self-hosted Community edition,Power Automate,ws_008991,,2026-04-07
006O0001415,Boreagrid - New Business,001A008991,New Business,Product-led (PQL),005A0024,2025-07-31,2025-08-27,Closed Lost,Omitted,25800.00,EUR,1,0,Missing feature / integration,,ws_018168,,2025-08-30
006O0001416,Astervik - New Business,001A000554,New Business,Marketing (MQL),005A0024,2025-07-31,2026-04-15,Closed Lost,Omitted,9900.00,EUR,1,0,Price / budget,Make,,,2026-04-19
006O0001417,Vexline - New Business,001A003228,New Business,Product-led (PQL),005A0021,2025-08-01,2025-08-28,Closed Won,Closed,15100.00,USD,1,1,,,ws_004672,,2025-09-04
006O0001418,Ivenstack - New Business,001A006843,New Business,Product-led (PQL),005A0009,2025-08-01,2025-08-29,Closed Lost,Omitted,19800.00,EUR,1,0,Missing feature / integration,,ws_008411,,2025-09-01
006O0001419,Lumolabs - New Business,001A001417,New Business,Product-led (PQL),005A0006,2025-08-01,2025-09-16,Closed Lost,Omitted,41200.00,EUR,1,0,Chose self-hosted Community edition,,ws_015372,,2025-09-18
006O0001420,Lumomark - New Business,001A002361,New Business,Product-led (PQL),005A0002,2025-08-01,2025-09-02,Closed Won,Closed,15000.00,EUR,1,1,,,ws_015562,,2025-09-09
006O0001421,Yarasys - New Business,001A000509,New Business,Product-led (PQL),005A0024,2025-08-01,2025-10-19,Closed Lost,Omitted,6700.00,EUR,1,0,No decision / status quo,,ws_017746,,2025-10-24
006O0001422,Runeflow - New Business,001A004817,New Business,Product-led (PQL),005A0006,2025-08-01,2025-08-20,Closed Lost,Omitted,22400.00,EUR,1,0,Chose self-hosted Community edition,,ws_022815,,2025-08-21
006O0001423,Fjeldata - New Business,001A005577,New Business,Marketing (MQL),005A0021,2025-08-01,2025-11-09,Closed Lost,Omitted,9500.00,USD,1,0,Chose self-hosted Community edition,,,,2025-11-16
006O0001424,Lumonet - New Business,001A006166,New Business,Product-led (PQL),005A0013,2025-08-02,2025-11-03,Closed Lost,Omitted,77800.00,USD,1,0,No decision / status quo,Zapier,ws_019387,,2025-11-04
006O0001425,Xenopath - New Business,001A002134,New Business,Marketing (MQL),005A0006,2025-08-02,2025-11-12,Closed Lost,Omitted,24100.00,EUR,1,0,No decision / status quo,,,,2025-11-17
006O0001426,Oriotech - New Business,001A007962,New Business,Marketing (MQL),005A0021,2025-08-02,2025-11-22,Closed Lost,Omitted,4700.00,USD,1,0,Price / budget,Zapier,,,2025-12-01
006O0001427,Ivenpath - New Business,001A008309,New Business,Product-led (PQL),005A0015,2025-08-03,2025-08-05,Closed Lost,Omitted,41600.00,USD,1,0,No decision / status quo,,ws_002606,,2025-08-07
006O0001428,Evofield - New Business,001A001787,New Business,Product-led (PQL),005A0021,2025-08-03,2025-11-07,Closed Lost,Omitted,27200.00,USD,1,0,Unresponsive,,ws_005142,,2025-11-16
006O0001429,Nexamark - New Business,001A006197,New Business,Product-led (PQL),005A0002,2025-08-03,2026-01-03,Closed Lost,Omitted,72600.00,EUR,1,0,Competitor - Zapier,,ws_019392,,2026-01-08
006O0001430,Stragrid - New Business,001A004733,New Business,Product-led (PQL),005A0004,2025-08-03,2025-09-18,Closed Won,Closed,75600.00,GBP,1,1,,Zapier,ws_020677,,2025-09-20
006O0001431,Zephworks - New Business,001A000272,New Business,Product-led (PQL),005A0002,2025-08-03,2025-11-03,Closed Lost,Omitted,5900.00,EUR,1,0,Unresponsive,,ws_023328,,2025-11-06
006O0001432,Quarsys - New Business,001A000357,New Business,Marketing (MQL),005A0021,2025-08-03,2025-10-03,Closed Lost,Omitted,3500.00,USD,1,0,Chose self-hosted Community edition,,,,2025-10-08
006O0001433,Valitech - New Business,001A006601,New Business,Marketing (MQL),005A0002,2025-08-03,2025-11-03,Closed Lost,Omitted,100400.00,EUR,1,0,Chose self-hosted Community edition,Make,,,2025-11-09
006O0001434,Koradata - New Business,001A000372,New Business,Outbound,005A0009,2025-08-03,2025-10-20,Closed Lost,Omitted,97700.00,EUR,1,0,Price / budget,Power Automate,,,2025-10-23
006O0001435,Kestwave - New Business,001A005911,New Business,Product-led (PQL),005A0002,2025-08-04,2025-08-21,Closed Won,Closed,17200.00,EUR,1,1,,,ws_019186,,2025-08-31
006O0001436,Nexaware - New Business,001A002418,New Business,Inbound,005A0024,2025-08-04,2026-02-28,Closed Lost,Omitted,37300.00,EUR,1,0,Missing feature / integration,,ws_021852,,2026-03-08
006O0001437,Ivenfield - New Business,001A000293,New Business,Marketing (MQL),005A0024,2025-08-04,2026-03-27,Closed Lost,Omitted,15600.00,EUR,1,0,Chose self-hosted Community edition,,,,2026-04-03
006O0001438,Wendbridge - New Business,001A001520,New Business,Product-led (PQL),005A0005,2025-08-05,2025-10-16,Closed Lost,Omitted,8500.00,EUR,1,0,,,ws_009089,,2025-10-22
006O0001439,Mosadata - New Business,001A005089,New Business,Product-led (PQL),005A0004,2025-08-05,2025-10-15,Closed Won,Closed,70800.00,EUR,1,1,,,ws_010547,,2025-10-15
006O0001440,Lyraworks - New Business,001A000933,New Business,,005A0013,2025-08-05,2025-12-06,Closed Lost,Omitted,37400.00,USD,1,0,Price / budget,,ws_017799,,2025-12-08
006O0001441,Wendsys - New Business,001A002965,New Business,Product-led (PQL),005A0008,2025-08-05,2025-10-27,Closed Lost,Omitted,24700.00,EUR,1,0,Timing,,ws_017900,,2025-10-30
006O0001442,Vexsys - New Business,001A007257,New Business,Product-led (PQL),005A0015,2025-08-05,2025-10-11,Closed Lost,Omitted,29100.00,USD,1,0,Competitor - Zapier,Zapier,ws_021091,,2025-10-12
006O0001443,Halomark - New Business,001A008546,New Business,,005A0013,2025-08-05,2025-10-15,Closed Lost,Omitted,59600.00,USD,1,0,Chose self-hosted Community edition,,ws_021603,,2025-10-15
006O0001444,Altowave - New Business,001A001948,New Business,Inbound,005A0024,2025-08-05,2025-09-19,Closed Won,Closed,22300.00,EUR,1,1,,,ws_008826,,2025-09-19
006O0001445,Piratech - New Business,001A001734,New Business,Marketing (MQL),005A0013,2025-08-05,2025-10-13,Closed Lost,Omitted,27200.00,USD,1,0,Timing,,,,2025-10-20
006O0001446,Opalware - New Business,001A001790,New Business,Marketing (MQL),005A0021,2025-08-05,2025-10-11,Closed Lost,Omitted,9700.00,USD,1,0,Price / budget,Make,,,2025-10-15
006O0001447,Ternware - New Business,001A008961,New Business,Product-led (PQL),005A0006,2025-08-06,2025-09-17,Closed Lost,Omitted,22400.00,EUR,1,0,Chose self-hosted Community edition,,ws_003636,,2025-09-21
006O0001448,Xenoware - New Business,001A007780,New Business,Product-led (PQL),005A0019,2025-08-06,2025-10-22,Closed Lost,Omitted,221600.00,USD,1,0,Missing feature / integration,Make,ws_005508,,2025-10-28
006O0001449,Piratech - New Business,001A008494,New Business,Product-led (PQL),005A0013,2025-08-06,2025-10-15,Closed Lost,Omitted,23700.00,USD,1,0,Competitor - Power Automate,Power Automate,ws_017472,,2025-10-21
006O0001450,Deltacore - New Business,001A008943,New Business,Product-led (PQL),005A0021,2025-08-06,2025-09-15,Closed Lost,Omitted,9800.00,USD,1,0,Timing,Custom scripts,ws_007450,,2025-09-24
006O0001451,Sellafield - New Business,001A005448,New Business,Inbound,005A0008,2025-08-06,2025-11-30,Closed Lost,Omitted,18900.00,EUR,1,0,Champion left,,ws_022470,,2025-12-01
006O0001452,Ciranet - New Business,001A003355,New Business,Marketing (MQL),005A0009,2025-08-06,2025-11-13,Closed Lost,Omitted,9800.00,EUR,1,0,,,,,2025-11-14
006O0001453,Bramware - New Business,001A006407,New Business,Marketing (MQL),005A0005,2025-08-06,2025-10-03,Closed Lost,Omitted,14400.00,GBP,1,0,No decision / status quo,Make,,,2025-10-09
006O0001454,Verapath - New Business,001A003511,New Business,Product-led (PQL),005A0019,2025-08-07,2025-11-18,Closed Won,Closed,235900.00,USD,1,1,,,ws_010845,,2025-11-19
006O0001455,Terntech - New Business,001A006969,New Business,Product-led (PQL),005A0021,2025-08-07,2025-09-01,Closed Lost,Omitted,13800.00,USD,1,0,,,ws_016498,,2025-09-07
006O0001456,Boreagrid - New Business,001A006129,New Business,Product-led (PQL),005A0002,2025-08-07,2025-12-28,Closed Lost,Omitted,53100.00,EUR,1,0,Chose self-hosted Community edition,,ws_017075,,2026-01-05
006O0001457,Ternnet - New Business,001A004004,New Business,Marketing (MQL),005A0008,2025-08-07,2025-11-20,Closed Lost,Omitted,10000.00,EUR,1,0,Other,,,,2025-11-29
006O0001458,Opalmark - New Business,001A000637,New Business,Product-led (PQL),005A0014,2025-08-08,2025-12-15,Closed Lost,Omitted,39200.00,USD,1,0,Other,Power Automate,ws_005180,,2025-12-17
006O0001459,Strasys - New Business,001A002621,New Business,Product-led (PQL),005A0015,2025-08-08,2025-12-16,Closed Lost,Omitted,6800.00,USD,1,0,,Zapier,ws_005770,,2025-12-17
006O0001460,Halovik - New Business,001A007245,New Business,Product-led (PQL),005A0015,2025-08-08,2025-09-21,Closed Won,Closed,6800.00,USD,1,1,,Zapier,ws_009888,,2025-09-24
006O0001461,Lumodata - New Business,001A002219,New Business,Product-led (PQL),005A0009,2025-08-08,2025-11-04,Closed Lost,Omitted,8000.00,EUR,1,0,Competitor - Power Automate,Power Automate,ws_015349,,2025-11-04
006O0001462,Granworks - New Business,001A005864,New Business,,005A0021,2025-08-09,2025-08-29,Closed Won,Closed,7300.00,USD,1,1,,,ws_023906,,2025-09-07
006O0001463,Granmark - New Business,001A002611,New Business,Product-led (PQL),005A0013,2025-08-09,2025-11-20,Closed Won,Closed,22500.00,USD,1,1,,,ws_012997,,2025-11-26
006O0001464,Astergrid - New Business,001A005677,New Business,Inbound,005A0013,2025-08-09,2025-10-05,Closed Won,Closed,7200.00,USD,1,1,,,ws_019425,,2025-10-13
006O0001465,Yarawave - New Business,001A006191,New Business,Marketing (MQL),005A0002,2025-08-09,2025-11-29,Closed Lost,Omitted,41700.00,EUR,1,0,Chose self-hosted Community edition,Tray.io,,,2025-12-02
006O0001466,Cirawave - New Business,001A004255,New Business,Marketing (MQL),005A0024,2025-08-09,2026-03-24,Closed Lost,Omitted,10000.00,EUR,1,0,Unresponsive,Tray.io,,,2026-03-31
006O0001467,Granpoint - New Business,001A002911,New Business,Product-led (PQL),005A0000,2025-08-10,2025-10-07,Closed Won,Closed,20200.00,EUR,1,1,,Workato,ws_001265,,2025-10-09
006O0001468,Bramlogic - New Business,001A003499,New Business,Product-led (PQL),005A0013,2025-08-10,2025-10-18,Closed Lost,Omitted,79500.00,USD,1,0,Missing feature / integration,,ws_015499,,2025-10-22
006O0001469,Opalware - New Business,001A005008,New Business,Product-led (PQL),005A0012,2025-08-10,2025-10-15,Closed Lost,Omitted,193200.00,USD,1,0,Chose self-hosted Community edition,,ws_021204,,2025-10-24
006O0001470,Haloline - New Business,001A000459,New Business,Marketing (MQL),005A0019,2025-08-10,2025-12-05,Closed Lost,Omitted,183900.00,USD,1,0,Competitor - Make,Make,,,2025-12-06
006O0001471,Xenopath - New Business,001A003676,New Business,Marketing (MQL),005A0009,2025-08-10,2025-08-25,Closed Lost,Omitted,6100.00,EUR,1,0,No decision / status quo,Make,,,2025-09-03
006O0001472,Cobalpoint - New Business,001A001286,New Business,Product-led (PQL),005A0006,2025-08-11,2025-11-08,Closed Won,Closed,24600.00,EUR,1,1,,,ws_004723,,2025-11-14
006O0001473,Terncore - New Business,001A007018,New Business,Product-led (PQL),005A0024,2025-08-11,2025-09-02,Closed Won,Closed,7500.00,EUR,1,1,,Tray.io,ws_005037,,2025-09-10
006O0001474,Quarsys - New Business,001A005600,New Business,Product-led (PQL),005A0008,2025-08-11,2025-09-03,Closed Lost,Omitted,17100.00,EUR,1,0,Other,,ws_006799,,2025-09-09
006O0001475,Ivenpoint - New Business,001A001649,New Business,Product-led (PQL),005A0014,2025-08-11,2025-10-03,Closed Lost,Omitted,5600.00,USD,1,0,Competitor - Zapier,Zapier,ws_017606,,2025-10-07
006O0001476,Briolabs - New Business,001A008845,New Business,Product-led (PQL),005A0013,2025-08-12,2025-12-13,Closed Lost,Omitted,29300.00,USD,1,0,Price / budget,Make,ws_000383,,2025-12-21
006O0001477,Kestworks - New Business,001A003445,New Business,Inbound,005A0011,2025-08-12,2026-02-23,Closed Lost,Omitted,13800.00,EUR,1,0,Chose self-hosted Community edition,,ws_018581,,2026-02-24
006O0001478,Quarlabs - New Business,001A008437,New Business,Product-led (PQL),005A0013,2025-08-13,2025-10-30,Closed Lost,Omitted,74000.00,USD,1,0,Unresponsive,,ws_014632,,2025-11-01
006O0001479,Umbralogic - New Business,001D000022,New Business,Product-led (PQL),005A0006,2025-08-13,2025-10-31,Closed Won,Closed,28400.00,EUR,1,1,,,ws_014854,,2025-11-08
006O0001480,Granworks - New Business,001A002920,New Business,Product-led (PQL),005A0015,2025-08-13,2025-09-24,Closed Lost,Omitted,43200.00,USD,1,0,No decision / status quo,,ws_015854,,2025-09-28
006O0001481,Xenopath - New Business,001A000113,New Business,Inbound,005A0021,2025-08-13,2025-09-23,Closed Lost,Omitted,16300.00,USD,1,0,Unresponsive,,ws_006909,,2025-09-25
006O0001482,Opalvik - New Business,001A005870,New Business,Partner,005A0014,2025-08-13,2025-10-30,Closed Lost,Omitted,7800.00,USD,1,0,Timing,Power Automate,,,2025-11-09
006O0001483,Orioline - New Business,001A003918,New Business,Product-led (PQL),005A0019,2025-08-14,2025-11-06,Closed Lost,Omitted,217400.00,USD,1,0,,Tray.io,ws_006684,,2025-11-13
006O0001484,Xenosys - New Business,001A006806,New Business,Product-led (PQL),005A0008,2025-08-14,2025-10-11,Closed Lost,Omitted,18800.00,EUR,1,0,Competitor - Zapier,,ws_011002,,2025-10-16
006O0001485,Granpath - New Business,001A004304,New Business,Product-led (PQL),005A0024,2025-08-14,2025-10-23,Closed Lost,Omitted,71400.00,EUR,1,0,Competitor - Zapier,Zapier,ws_012536,,2025-10-30
006O0001486,Umbrafield - New Business,001A000106,New Business,Marketing (MQL),005A0009,2025-08-14,2025-10-30,Closed Lost,Omitted,20300.00,EUR,1,0,Champion left,,,,2025-11-02
006O0001487,Cobalvik - New Business,001A006715,New Business,Marketing (MQL),005A0019,2025-08-14,2025-12-17,Closed Lost,Omitted,87600.00,USD,1,0,Unresponsive,,,,2025-12-17
006O0001488,Umbraware - New Business,001A008217,New Business,Product-led (PQL),005A0014,2025-08-15,2026-06-13,Closed Lost,Omitted,7000.00,USD,1,0,Price / budget,Zapier,ws_017183,,2026-06-22
006O0001489,Mosagrid - New Business,001A003191,New Business,Product-led (PQL),005A0002,2025-08-15,2025-10-07,Closed Lost,Omitted,92400.00,EUR,1,0,Competitor - Make,,ws_019659,,2025-10-08
006O0001490,Astermark - New Business,001A007752,New Business,Product-led (PQL),005A0015,2025-08-15,2025-11-29,Closed Lost,Omitted,6400.00,USD,1,0,Chose self-hosted Community edition,Power Automate,ws_021609,,2025-12-04
006O0001491,Koravik - New Business,001A008007,New Business,Marketing (MQL),005A0021,2025-08-15,2025-12-22,Closed Lost,Omitted,5400.00,USD,1,0,Timing,,,,2025-12-26
006O0001492,Granware - New Business,001A004633,New Business,Outbound,005A0004,2025-08-15,2025-11-18,Closed Lost,Omitted,21000.00,GBP,1,0,Security / compliance review,Tray.io,,,2025-11-28
006O0001493,Verastack - New Business,001A004931,New Business,Product-led (PQL),005A0014,2025-08-16,2025-09-06,Closed Won,Closed,14700.00,USD,1,1,,,ws_000855,,2025-09-09
006O0001494,Bramwave - New Business,001A004973,New Business,Product-led (PQL),005A0014,2025-08-16,2025-12-09,Closed Lost,Omitted,72600.00,USD,1,0,Other,Power Automate,ws_017000,,2025-12-13
006O0001495,Taladata - New Business,001A003320,New Business,,005A0000,2025-08-16,2025-10-21,Closed Won,Closed,27900.00,EUR,1,1,,,ws_023368,,2025-10-28
006O0001496,Ciralogic - New Business,001A005205,New Business,Marketing (MQL),005A0024,2025-08-16,2025-11-29,Closed Lost,Omitted,6800.00,EUR,1,0,Competitor - Workato,,,,2025-12-08
006O0001497,Fjelpath - New Business,001A002289,New Business,Product-led (PQL),005A0004,2025-08-17,2025-10-04,Closed Won,Closed,55300.00,EUR,1,1,,,ws_012959,,2025-10-10
006O0001498,Quarline - New Business,001A002856,New Business,Product-led (PQL),005A0014,2025-08-17,2025-12-04,Closed Lost,Omitted,23000.00,USD,1,0,Unresponsive,Workato,ws_016378,,2025-12-13
006O0001499,Deltaworks - New Business,001A000929,New Business,Product-led (PQL),005A0014,2025-08-17,2025-10-25,Closed Lost,Omitted,9400.00,USD,1,0,Price / budget,,ws_018072,,2025-10-26
006O0001500,Cobaldata - New Business,001A001682,New Business,Product-led (PQL),005A0013,2025-08-17,2025-10-03,Closed Lost,Omitted,34200.00,USD,1,0,Unresponsive,,ws_022988,,2025-10-11
006O0001501,Korasys - New Business,001A001592,New Business,Product-led (PQL),005A0015,2025-08-18,2025-11-12,Closed Lost,Omitted,111800.00,USD,1,0,Competitor - Workato,,ws_004388,,2025-11-21
006O0001502,Lyralogic - New Business,001A005618,New Business,Product-led (PQL),005A0014,2025-08-18,2025-09-12,Closed Lost,Omitted,7400.00,USD,1,0,No decision / status quo,Custom scripts,ws_012917,,2025-09-15
006O0001503,Briovik - New Business,001A000669,New Business,Product-led (PQL),005A0009,2025-08-19,2025-09-07,Closed Lost,Omitted,48500.00,EUR,1,0,Unresponsive,,ws_000791,,2025-09-13
006O0001504,Zephpath - New Business,001A008661,New Business,Product-led (PQL),005A0005,2025-08-19,2025-12-27,Closed Lost,Omitted,9600.00,GBP,1,0,Other,,ws_014044,,2025-12-28
006O0001505,Nexabridge - New Business,001A000400,New Business,Product-led (PQL),005A0005,2025-08-19,2025-12-25,Closed Lost,Omitted,10500.00,EUR,1,0,,,ws_018987,,2026-01-02
006O0001506,Asterflow - New Business,001A005681,New Business,Product-led (PQL),005A0006,2025-08-19,2025-12-01,Closed Lost,Omitted,53900.00,EUR,1,0,Timing,,ws_019177,,2025-12-07
006O0001507,Cobalflow - New Business,001A003310,New Business,Product-led (PQL),005A0015,2025-08-19,2025-12-29,Closed Lost,Omitted,13200.00,USD,1,0,,Make,ws_023736,,2026-01-04
006O0001508,Miramark - New Business,001A007571,New Business,Inbound,005A0015,2025-08-19,2025-10-26,Closed Won,Closed,39000.00,USD,1,1,,Workato,ws_007794,,2025-11-02
006O0001509,Taladata - New Business,001A006120,New Business,Marketing (MQL),005A0024,2025-08-19,2025-09-30,Closed Won,Closed,9100.00,EUR,1,1,,Zapier,,,2025-10-03
006O0001510,Strapath - New Business,001A002774,New Business,,005A0014,2025-08-20,2025-10-04,Closed Lost,Omitted,7800.00,USD,1,0,Competitor - Workato,Make,ws_017752,,2025-10-10
006O0001511,Boreaflow - New Business,001A008039,New Business,Marketing (MQL),005A0013,2025-08-20,2025-10-21,Closed Lost,Omitted,65500.00,USD,1,0,Chose self-hosted Community edition,Zapier,,,2025-10-27
006O0001512,Cobalnet - New Business,001A000012,New Business,Product-led (PQL),005A0021,2025-08-21,2025-10-02,Closed Lost,Omitted,29700.00,USD,1,0,Price / budget,,ws_005375,,2025-10-10
006O0001513,Quarvik - New Business,001A002393,New Business,Product-led (PQL),005A0002,2025-08-21,2025-09-14,Closed Won,Closed,8300.00,EUR,1,1,,,ws_016556,,2025-09-22
006O0001514,Lumotech - New Business,001A002771,New Business,Product-led (PQL),005A0013,2025-08-21,2026-02-01,Closed Lost,Omitted,84100.00,USD,1,0,Competitor - Power Automate,Power Automate,ws_016610,,2026-02-11
006O0001515,Lyraflow - New Business,001A002125,New Business,Inbound,005A0008,2025-08-21,2025-09-09,Closed Lost,Omitted,10000.00,EUR,1,0,Chose self-hosted Community edition,,ws_022262,,2025-09-18
006O0001516,Deltaflow - New Business,001A005022,New Business,Marketing (MQL),005A0012,2025-08-21,2025-09-09,Closed Lost,Omitted,6700.00,USD,1,0,Unresponsive,Custom scripts,,,2025-09-11
006O0001517,Talasys - New Business,001A003529,New Business,Marketing (MQL),005A0006,2025-08-21,2026-01-03,Closed Lost,Omitted,34700.00,EUR,1,0,Security / compliance review,,,,2026-01-07
006O0001518,Sellaware - New Business,001A000981,New Business,Marketing (MQL),005A0013,2025-08-21,2025-09-24,Closed Lost,Omitted,16800.00,USD,1,0,Chose self-hosted Community edition,,,,2025-09-30
006O0001519,Fjelworks - New Business,001A003992,New Business,Marketing (MQL),005A0000,2025-08-21,2026-02-08,Closed Lost,Omitted,163900.00,EUR,1,0,Competitor - Power Automate,,,,2026-02-11
006O0001520,Altobridge - New Business,001A002074,New Business,Product-led (PQL),005A0007,2025-08-22,2026-03-11,Closed Lost,Omitted,448900.00,EUR,1,0,Price / budget,,ws_017675,,2026-03-12
006O0001521,Veralabs - New Business,001A000034,New Business,Inbound,005A0006,2025-08-22,2025-10-16,Closed Lost,Omitted,27400.00,EUR,1,0,Competitor - Power Automate,Power Automate,ws_002547,,2025-10-18
006O0001522,Borealabs - New Business,001A007418,New Business,,005A0009,2025-08-22,2025-11-09,Closed Lost,Omitted,32900.00,EUR,1,0,Price / budget,,ws_007017,,2025-11-16
006O0001523,Briostack - New Business,001A007140,New Business,Inbound,005A0011,2025-08-22,2025-10-15,Closed Lost,Omitted,126300.00,EUR,1,0,Price / budget,,ws_014655,,2025-10-21
006O0001524,Mosalabs - New Business,001A007015,New Business,Product-led (PQL),005A0015,2025-08-23,2025-10-14,Closed Won,Closed,101900.00,USD,1,1,,,ws_008934,,2025-10-18
006O0001525,Stralogic - New Business,001A007240,New Business,Partner,005A0013,2025-08-23,2026-10-16,3 - Technical Validation,Best Case,18200.00,USD,0,0,,,,,2026-09-21
006O0001526,Solvfield - New Business,001A005853,New Business,Product-led (PQL),005A0020,2025-08-24,2025-11-24,Closed Won,Closed,31300.00,GBP,1,1,,Make,ws_003479,,2025-11-30
006O0001527,Kestlogic - New Business,001A007590,New Business,Product-led (PQL),005A0006,2025-08-24,2025-10-18,Closed Lost,Omitted,81200.00,EUR,1,0,Price / budget,Custom scripts,ws_016297,,2025-10-28
006O0001528,Nexaworks - New Business,001A004145,New Business,Inbound,005A0005,2025-08-24,2026-03-10,Closed Lost,Omitted,9800.00,GBP,1,0,Missing feature / integration,,ws_008975,,2026-03-15
006O0001529,Runeworks - New Business,001A004847,New Business,,005A0013,2025-08-25,2025-11-27,Closed Lost,Omitted,25900.00,USD,1,0,Competitor - Workato,,ws_022882,,2025-12-02
006O0001530,Boreastack - New Business,001A002061,New Business,Inbound,005A0003,2025-08-25,2025-10-03,Closed Lost,Omitted,173700.00,GBP,1,0,Competitor - Workato,,ws_009137,,2025-10-05
006O0001531,Junogrid - New Business,001A005912,New Business,Inbound,005A0006,2025-08-25,2025-11-26,Closed Won,Closed,20100.00,EUR,1,1,,Power Automate,ws_016855,,2025-12-01
006O0001532,Ternfield - New Business,001A000071,New Business,Outbound,005A0011,2025-08-25,2026-01-09,Closed Lost,Omitted,4500.00,EUR,1,0,Timing,Workato,,,2026-01-15
006O0001533,Wendcore - New Business,001A008166,New Business,Outbound,005A0013,2025-08-25,2025-10-17,Closed Lost,Omitted,25800.00,USD,1,0,Competitor - Power Automate,,,,2025-10-19
006O0001534,Lumopoint - New Business,001A008890,New Business,Inbound,005A0021,2025-08-26,2025-10-29,Closed Lost,Omitted,15300.00,USD,1,0,,,ws_020853,,2025-11-04
006O0001535,Sellaworks - New Business,001A004982,New Business,Marketing (MQL),005A0009,2025-08-26,2025-11-22,Closed Lost,Omitted,52000.00,EUR,1,0,Competitor - Zapier,,,,2025-12-01
006O0001536,Xenopath - New Business,001A008970,New Business,Product-led (PQL),005A0014,2025-08-27,2025-10-27,Closed Won,Closed,33300.00,USD,1,1,,Make,ws_009687,,2025-11-05
006O0001537,Brampath - New Business,001A005146,New Business,Product-led (PQL),005A0015,2025-08-27,2025-10-23,Closed Won,Closed,41100.00,USD,1,1,,Make,ws_021348,,2025-10-25
006O0001538,Junonet - New Business,001A006856,New Business,Product-led (PQL),005A0020,2025-08-27,2025-11-16,Closed Lost,Omitted,20200.00,GBP,1,0,Chose self-hosted Community edition,,ws_022574,,2025-11-18
006O0001539,Deltafield - New Business,001A002239,New Business,Product-led (PQL),005A0006,2025-08-28,2025-11-01,Closed Lost,Omitted,35200.00,EUR,1,0,Unresponsive,,ws_008460,,2025-11-01
006O0001540,Cirafield - New Business,001A002060,New Business,Product-led (PQL),005A0015,2025-08-28,2025-11-17,Closed Won,Closed,9700.00,USD,1,1,,,ws_019657,,2025-11-25
006O0001541,Lumoflow - New Business,001A001151,New Business,Product-led (PQL),005A0013,2025-08-28,2025-09-23,Closed Won,Closed,27700.00,USD,1,1,,Make,ws_022667,,2025-09-28
006O0001542,Solvvik - New Business,001A001698,New Business,Product-led (PQL),005A0015,2025-08-29,2025-10-30,Closed Won,Closed,49000.00,USD,1,1,,,ws_012561,,2025-11-04
006O0001543,Sellavik - New Business,001A008643,New Business,Product-led (PQL),005A0009,2025-08-29,2025-10-18,Closed Won,Closed,85200.00,EUR,1,1,,,ws_017655,,2025-10-25
006O0001544,Boreastack - New Business,001A000893,New Business,Product-led (PQL),005A0000,2025-08-30,2026-02-17,Closed Lost,Omitted,37600.00,EUR,1,0,Competitor - Workato,,ws_020802,,2026-02-17
006O0001545,Fjelstack - New Business,001A003748,New Business,Inbound,005A0009,2025-08-30,2025-10-04,Closed Won,Closed,23400.00,EUR,1,1,,Zapier,ws_006508,,2025-10-13
006O0001546,Cirabridge - New Business,001A008514,New Business,Marketing (MQL),005A0006,2025-08-30,2025-10-16,Closed Lost,Omitted,73300.00,EUR,1,0,Timing,Make,,,2025-10-21
006O0001547,Halovik - New Business,001A003683,New Business,Product-led (PQL),005A0006,2025-08-31,2025-10-26,Closed Won,Closed,28200.00,EUR,1,1,,,ws_000054,,2025-11-03
006O0001548,Ternlabs - New Business,001A007322,New Business,Inbound,005A0006,2025-08-31,2025-11-14,Closed Lost,Omitted,24400.00,EUR,1,0,Competitor - Power Automate,,ws_011405,,2025-11-19
006O0001549,Wendfield - New Business,001A000268,New Business,Product-led (PQL),005A0002,2025-09-01,2025-09-25,Closed Won,Closed,39700.00,EUR,1,1,,Tray.io,ws_014049,,2025-10-05
006O0001550,Iventech - New Business,001A004860,New Business,Product-led (PQL),005A0006,2025-09-01,2025-10-06,Closed Lost,Omitted,163700.00,EUR,1,0,Champion left,Zapier,ws_017144,,2025-10-10
006O0001551,Umbradata - New Business,001A003737,New Business,Inbound,005A0021,2025-09-01,2025-10-03,Closed Lost,Omitted,5800.00,USD,1,0,Competitor - Make,,ws_019474,,2025-10-05
006O0001552,Gransys - New Business,001A002793,New Business,Inbound,005A0015,2025-09-01,2025-10-21,Closed Lost,Omitted,90200.00,USD,1,0,,Power Automate,ws_022518,,2025-10-26
006O0001553,Solvfield - New Business,001A006177,New Business,Marketing (MQL),005A0011,2025-09-01,2025-11-17,Closed Lost,Omitted,5100.00,EUR,1,0,Competitor - Workato,,,,2025-11-22
006O0001554,Fjeldata - New Business,001A006153,New Business,Product-led (PQL),005A0005,2025-09-02,2025-09-28,Closed Won,Closed,8800.00,GBP,1,1,,,ws_005475,,2025-09-30
006O0001555,Wendpath - New Business,001A002197,New Business,Product-led (PQL),005A0008,2025-09-02,2026-01-29,Closed Lost,Omitted,9000.00,EUR,1,0,Competitor - Make,Zapier,ws_017488,,2026-02-05
006O0001556,Lyragrid - New Business,001A004656,New Business,Product-led (PQL),005A0013,2025-09-02,2025-10-17,Closed Lost,Omitted,16400.00,USD,1,0,Chose self-hosted Community edition,Power Automate,ws_017732,,2025-10-24
006O0001557,Sellaflow - New Business,001A000324,New Business,Marketing (MQL),005A0013,2025-09-02,2026-02-07,Closed Lost,Omitted,30300.00,USD,1,0,Price / budget,Zapier,,,2026-02-07
006O0001558,Kestlabs - New Business,001A005457,New Business,Marketing (MQL),005A0014,2025-09-02,2025-09-21,Closed Lost,Omitted,9500.00,USD,1,0,Competitor - Power Automate,Power Automate,,,2025-09-29
006O0001559,Sellavik - New Business,001A007879,New Business,Product-led (PQL),005A0015,2025-09-03,2025-10-09,Closed Lost,Omitted,31400.00,USD,1,0,Chose self-hosted Community edition,,ws_007234,,2025-10-17
006O0001560,Altosys - New Business,001A008771,New Business,Product-led (PQL),005A0015,2025-09-03,2025-10-28,Closed Won,Closed,28600.00,USD,1,1,,,ws_007248,,2025-11-03
006O0001561,Briologic - New Business,001A007053,New Business,Product-led (PQL),005A0009,2025-09-03,2025-11-22,Closed Won,Closed,88600.00,EUR,1,1,,,ws_014399,,2025-11-27
006O0001562,Wendflow - New Business,001A006610,New Business,Product-led (PQL),005A0013,2025-09-03,2025-11-02,Closed Lost,Omitted,38200.00,USD,1,0,Other,,ws_016470,,2025-11-09
006O0001563,Nordpath - New Business,001A003585,New Business,Product-led (PQL),005A0013,2025-09-03,2026-03-28,Closed Lost,Omitted,26200.00,USD,1,0,Missing feature / integration,,ws_022103,,2026-03-29
006O0001564,Fjellogic - New Business,001A005997,New Business,Product-led (PQL),005A0014,2025-09-03,2025-09-17,Closed Won,Closed,23900.00,USD,1,1,,,ws_022968,,2025-09-17
006O0001565,Quarpath - New Business,001A002111,New Business,Product-led (PQL),005A0006,2025-09-04,2025-11-03,Closed Won,Closed,77600.00,EUR,1,1,,Zapier,ws_010929,,2025-11-11
006O0001566,Nordbridge - New Business,001A004862,New Business,Product-led (PQL),005A0005,2025-09-04,2025-10-14,Closed Lost,Omitted,26800.00,GBP,1,0,Missing feature / integration,,ws_019695,,2025-10-18
006O0001567,Solvlogic - New Business,001A001791,New Business,Marketing (MQL),005A0009,2025-09-04,2025-10-02,Closed Lost,Omitted,38000.00,EUR,1,0,Chose self-hosted Community edition,,,,2025-10-04
006O0001568,Xenocore - New Business,001A005212,New Business,Product-led (PQL),005A0015,2025-09-05,2025-10-10,Closed Lost,Omitted,73100.00,USD,1,0,Chose self-hosted Community edition,,ws_009480,,2025-10-14
006O0001569,Miracore - New Business,001A000964,New Business,Product-led (PQL),005A0015,2025-09-05,2025-10-04,Closed Won,Closed,4700.00,USD,1,1,,,ws_010099,,2025-10-13
006O0001570,Xenopath - New Business,001A002567,New Business,Product-led (PQL),005A0024,2025-09-05,2025-10-27,Closed Lost,Omitted,6600.00,EUR,1,0,No decision / status quo,,ws_010231,,2025-10-29
006O0001571,Zephpoint - New Business,001A004894,New Business,Product-led (PQL),005A0014,2025-09-05,2025-12-30,Closed Lost,Omitted,6300.00,USD,1,0,Timing,,ws_019840,,2026-01-07
006O0001572,Lyrafield - New Business,001A005913,New Business,Inbound,005A0005,2025-09-05,2026-06-18,Closed Lost,Omitted,45300.00,GBP,1,0,Competitor - Workato,,ws_000328,,2026-06-21
006O0001573,Orioline - New Business,001A003844,New Business,Inbound,005A0015,2025-09-05,2025-09-21,Closed Won,Closed,27600.00,USD,1,1,,,ws_005226,,2025-09-21
006O0001574,Cobalcore - New Business,001A003870,New Business,Inbound,005A0006,2025-09-05,2025-09-26,Closed Lost,Omitted,22700.00,EUR,1,0,Chose self-hosted Community edition,,ws_010602,,2025-10-04
006O0001575,Wendgrid - New Business,001A005939,New Business,Inbound,005A0013,2025-09-05,2026-01-02,Closed Won,Closed,59800.00,USD,1,1,,Custom scripts,ws_016112,,2026-01-05
006O0001576,Vexvik - New Business,001A000588,New Business,Product-led (PQL),005A0000,2025-09-07,2026-01-14,Closed Lost,Omitted,82600.00,EUR,1,0,Competitor - Make,Make,ws_010621,,2026-01-23
006O0001577,Ivenfield - New Business,001A003107,New Business,Product-led (PQL),005A0021,2025-09-07,2025-11-09,Closed Lost,Omitted,25200.00,USD,1,0,Competitor - Workato,,ws_023819,,2025-11-18
006O0001578,Runelogic - New Business,001A001075,New Business,Marketing (MQL),005A0009,2025-09-07,2025-09-30,Closed Won,Closed,7600.00,EUR,1,1,,,,,2025-10-05
006O0001579,Fjelvik - New Business,001A003944,New Business,Marketing (MQL),005A0002,2025-09-07,2025-10-15,Closed Won,Closed,19300.00,EUR,1,1,,Zapier,,,2025-10-20
006O0001580,Vexmark - New Business,001A008949,New Business,Product-led (PQL),005A0024,2025-09-08,2025-10-04,Closed Lost,Omitted,16500.00,EUR,1,0,Missing feature / integration,Workato,ws_004975,,2025-10-04
006O0001581,Stragrid - New Business,001D000111,New Business,Product-led (PQL),005A0021,2025-09-08,2025-09-28,Closed Lost,Omitted,12600.00,USD,1,0,Unresponsive,Workato,ws_015075,,2025-09-29
006O0001582,Sellapath - New Business,001A001043,New Business,Product-led (PQL),005A0021,2025-09-08,2025-10-18,Closed Lost,Omitted,17700.00,USD,1,0,Competitor - Workato,,ws_015704,,2025-10-20
006O0001583,Bramwave - New Business,001A006358,New Business,Inbound,005A0006,2025-09-08,2025-11-05,Closed Won,Closed,58500.00,EUR,1,1,,Zapier,ws_018248,,2025-11-15
006O0001584,Miraline - New Business,001A005556,New Business,Inbound,005A0005,2025-09-08,2025-09-25,Closed Lost,Omitted,0.00,EUR,1,0,Competitor - Workato,Workato,ws_009268,,2025-09-26
006O0001585,Mosasys - New Business,001A005878,New Business,Inbound,005A0013,2025-09-08,2025-11-30,Closed Lost,Omitted,44900.00,USD,1,0,Competitor - Power Automate,,ws_013259,,2025-12-08
006O0001586,Korapath - New Business,001A002598,New Business,Inbound,005A0015,2025-09-08,2025-10-02,Closed Lost,Omitted,99200.00,USD,1,0,Chose self-hosted Community edition,Workato,ws_018915,,2025-10-03
006O0001587,Kesttech - New Business,001A004223,New Business,Marketing (MQL),005A0002,2025-09-08,2025-09-21,Closed Lost,Omitted,15100.00,EUR,1,0,Competitor - Zapier,,,,2025-09-22
006O0001588,Xenomark - New Business,001A004769,New Business,Marketing (MQL),005A0014,2025-09-08,2025-10-21,Closed Lost,Omitted,12100.00,USD,1,0,Other,,,,2025-10-27
006O0001589,Evoflow - New Business,001A004514,New Business,Product-led (PQL),005A0002,2025-09-09,2025-12-26,Closed Lost,Omitted,12200.00,EUR,1,0,Chose self-hosted Community edition,Workato,ws_002800,,2025-12-31
006O0001590,Talapoint - New Business,001A006450,New Business,Inbound,005A0020,2025-09-09,2025-10-23,Closed Lost,Omitted,29100.00,EUR,1,0,Timing,Tray.io,ws_001198,,2025-10-25
006O0001591,Mosanet - New Business,001A000343,New Business,Partner,005A0013,2025-09-09,2026-03-30,Closed Lost,Omitted,36000.00,USD,1,0,Competitor - Power Automate,,,,2026-04-05
006O0001592,Nordbridge - New Business,001A002038,New Business,Product-led (PQL),005A0013,2025-09-10,2026-02-14,Closed Lost,Omitted,24000.00,USD,1,0,Timing,,ws_019639,,2026-02-24
006O0001593,Mosalabs - New Business,001A006390,New Business,Product-led (PQL),005A0000,2025-09-10,2025-11-05,Closed Lost,Omitted,23900.00,EUR,1,0,Competitor - Zapier,Zapier,ws_023323,,2025-11-08
006O0001594,Solvworks - New Business,001A000921,New Business,Product-led (PQL),005A0013,2025-09-10,2025-12-14,Closed Won,Closed,38200.00,USD,1,1,,Power Automate,ws_020755,,2025-12-15
006O0001595,Ivenpoint - New Business,001A001411,New Business,Inbound,005A0015,2025-09-10,2025-11-05,Closed Lost,Omitted,50500.00,USD,1,0,Chose self-hosted Community edition,,ws_005220,,2025-11-14
006O0001596,Boreasys - New Business,001A006457,New Business,Product-led (PQL),005A0013,2025-09-11,2025-11-09,Closed Lost,Omitted,38600.00,USD,1,0,Chose self-hosted Community edition,,ws_005583,,2025-11-17
006O0001597,Nordware - New Business,001A003140,New Business,Product-led (PQL),005A0009,2025-09-11,2025-10-13,Closed Lost,Omitted,26100.00,EUR,1,0,,Workato,ws_017978,,2025-10-14
006O0001598,Vexnet - New Business,001A006871,New Business,Inbound,005A0021,2025-09-11,2025-10-14,Closed Lost,Omitted,23600.00,USD,1,0,Chose self-hosted Community edition,,ws_022827,,2025-10-21
006O0001599,Evomark - New Business,001A001539,New Business,Product-led (PQL),005A0011,2025-09-12,2025-11-09,Closed Lost,Omitted,10300.00,EUR,1,0,Competitor - Make,,ws_010013,,2025-11-14
006O0001600,Sellaworks - New Business,001A004237,New Business,Product-led (PQL),005A0012,2025-09-12,2025-12-25,Closed Won,Closed,11100.00,USD,1,1,,Make,ws_021542,,2025-12-30
006O0001601,Ciralogic - New Business,001A004977,New Business,Inbound,005A0020,2025-09-12,2025-11-12,Closed Lost,Omitted,51700.00,GBP,1,0,Timing,Custom scripts,ws_004016,,2025-11-15
006O0001602,Evobridge - New Business,001A005511,New Business,Inbound,005A0007,2025-09-12,2025-12-20,Closed Lost,Omitted,88500.00,EUR,1,0,Timing,,ws_005020,,2025-12-27
006O0001603,Kestflow - New Business,001A003843,New Business,Inbound,005A0012,2025-09-12,2026-02-23,Closed Lost,Omitted,79700.00,USD,1,0,Security / compliance review,,ws_022434,,2026-02-28
006O0001604,Umbralabs - New Business,001A007228,New Business,Marketing (MQL),005A0024,2025-09-12,2025-12-22,Closed Lost,Omitted,17000.00,EUR,1,0,No decision / status quo,Power Automate,,,2025-12-25
006O0001605,Junogrid - New Business,001A007731,New Business,Outbound,005A0011,2025-09-12,2026-03-27,Closed Lost,Omitted,247200.00,EUR,1,0,Unresponsive,,,,2026-03-30
006O0001606,Haloline - New Business,001A008634,New Business,Product-led (PQL),005A0000,2025-09-13,2025-11-27,Closed Lost,Omitted,33200.00,EUR,1,0,Unresponsive,,ws_004240,,2025-12-03
006O0001607,Taladata - New Business,001A004105,New Business,Product-led (PQL),005A0002,2025-09-13,2025-10-14,Closed Lost,Omitted,9700.00,EUR,1,0,Competitor - Zapier,,ws_006411,,2025-10-19
006O0001608,Kestgrid - New Business,001A005620,New Business,Product-led (PQL),005A0011,2025-09-13,2026-03-09,Closed Lost,Omitted,127300.00,EUR,1,0,Competitor - Zapier,,ws_023295,,2026-03-15
006O0001609,Valistack - New Business,001A007465,New Business,Product-led (PQL),005A0000,2025-09-13,2025-12-15,Closed Won,Closed,243200.00,EUR,1,1,,,ws_023549,,2025-12-16
006O0001610,Junotech - New Business,001A005670,New Business,Product-led (PQL),005A0014,2025-09-13,2025-09-28,Closed Lost,Omitted,55600.00,USD,1,0,Competitor - Zapier,,ws_022847,,2025-10-08
006O0001611,Bramlogic - New Business,001A000748,New Business,Product-led (PQL),005A0019,2025-09-14,2025-11-19,Closed Lost,Omitted,259900.00,USD,1,0,Security / compliance review,Custom scripts,ws_017763,,2025-11-20
006O0001612,Piracore - New Business,001A005827,New Business,Product-led (PQL),005A0020,2025-09-14,2026-01-26,Closed Lost,Omitted,25100.00,GBP,1,0,Champion left,Custom scripts,ws_006064,,2026-01-30
006O0001613,Granfield - New Business,001A000968,New Business,Product-led (PQL),005A0007,2025-09-14,2025-11-05,Closed Lost,Omitted,81200.00,EUR,1,0,Missing feature / integration,,ws_007190,,2025-11-08
006O0001614,Xenovik - New Business,001A007214,New Business,Inbound,005A0021,2025-09-14,2025-12-19,Closed Lost,Omitted,25700.00,USD,1,0,Timing,,ws_008876,,2025-12-24
006O0001615,Briodata - New Business,001A005569,New Business,Inbound,005A0014,2025-09-14,2026-06-04,Closed Lost,Omitted,221200.00,USD,1,0,Unresponsive,,ws_023630,,2026-06-06
006O0001616,Ivenstack - New Business,001A005525,New Business,Product-led (PQL),005A0015,2025-09-15,2025-10-21,Closed Won,Closed,16500.00,USD,1,1,,,ws_011845,,2025-10-29
006O0001617,Haloflow - New Business,001A003112,New Business,Product-led (PQL),005A0012,2025-09-15,2026-05-19,Closed Lost,Omitted,145900.00,USD,1,0,Security / compliance review,Zapier,ws_013024,,2026-05-29
006O0001618,Halotech - New Business,001A006482,New Business,Inbound,005A0019,2025-09-15,2025-11-07,Closed Won,Closed,42400.00,USD,1,1,,,ws_011231,,2025-11-13
006O0001619,Wendcore - New Business,001A006944,New Business,Inbound,005A0006,2025-09-15,2025-11-13,Closed Won,Closed,81000.00,EUR,1,1,,,ws_011264,,2025-11-15
006O0001620,Nexapoint - New Business,001A004020,New Business,Inbound,005A0005,2025-09-15,2025-10-13,Closed Lost,Omitted,6600.00,GBP,1,0,Security / compliance review,,ws_018302,,2025-10-21
006O0001621,Wendstack - New Business,001A008103,New Business,Marketing (MQL),005A0013,2025-09-15,2025-12-15,Closed Lost,Omitted,34700.00,USD,1,0,Security / compliance review,Zapier,,,2025-12-18
006O0001622,Korafield - New Business,001A007798,New Business,Marketing (MQL),005A0008,2025-09-15,2025-10-16,Closed Won,Closed,11800.00,EUR,1,1,,Make,,,2025-10-24
006O0001623,Nexawave - New Business,001A000838,New Business,Marketing (MQL),005A0009,2025-09-15,2025-12-11,Closed Won,Closed,89900.00,EUR,1,1,,,,,2025-12-20
006O0001624,Asterline - New Business,001A000018,New Business,Inbound,005A0021,2025-09-16,2025-10-20,Closed Won,Closed,,USD,1,1,,,ws_011293,,2025-10-24
006O0001625,Altovik - New Business,001A004387,New Business,Marketing (MQL),005A0024,2025-09-16,2025-12-07,Closed Lost,Omitted,6200.00,EUR,1,0,Chose self-hosted Community edition,Power Automate,,,2025-12-15
006O0001626,Talaware - New Business,001A004582,New Business,Product-led (PQL),005A0013,2025-09-17,2025-12-05,Closed Won,Closed,18300.00,USD,1,1,,,ws_006306,,2025-12-07
006O0001627,Veracore - New Business,001A006960,New Business,Product-led (PQL),005A0009,2025-09-17,2025-11-14,Closed Lost,Omitted,15200.00,EUR,1,0,Other,,ws_009818,,2025-11-24
006O0001628,Verabridge - New Business,001A007354,New Business,Marketing (MQL),005A0006,2025-09-17,2026-02-25,Closed Lost,Omitted,101400.00,EUR,1,0,Competitor - Zapier,Workato,,,2026-03-06
006O0001629,Kestflow - New Business,001A001677,New Business,Product-led (PQL),005A0011,2025-09-18,2025-11-06,Closed Lost,Omitted,10600.00,EUR,1,0,,Make,ws_008639,,2025-11-15
006O0001630,Cobalcore - New Business,001A005331,New Business,Product-led (PQL),005A0021,2025-09-18,2026-04-23,Closed Lost,Omitted,19900.00,USD,1,0,Other,,ws_002844,,2026-04-24
006O0001631,Pirapoint - New Business,001A001486,New Business,Product-led (PQL),005A0015,2025-09-18,2025-12-18,Closed Won,Closed,16500.00,USD,1,1,,,ws_007912,,2025-12-21
006O0001632,Halonet - New Business,001A005968,New Business,Inbound,005A0013,2025-09-18,2025-12-30,Closed Won,Closed,45400.00,USD,1,1,,,ws_000170,,2025-12-31
006O0001633,Mosanet - New Business,001A001642,New Business,Marketing (MQL),005A0006,2025-09-18,2026-02-25,Closed Lost,Omitted,55600.00,EUR,1,0,Competitor - Power Automate,,,,2026-02-28
006O0001634,Cirapoint - New Business,001A005899,New Business,Product-led (PQL),005A0024,2025-09-19,2025-11-24,Closed Won,Closed,103100.00,EUR,1,1,,Zapier,ws_014634,,2025-12-02
006O0001635,Lumopoint - New Business,001A000840,New Business,Product-led (PQL),005A0024,2025-09-20,2025-10-23,Closed Lost,Omitted,69100.00,EUR,1,0,Competitor - Zapier,Zapier,ws_018777,,2025-10-30
006O0001636,Evodata - New Business,001A001835,New Business,Product-led (PQL),005A0002,2025-09-20,2025-11-05,Closed Lost,Omitted,119500.00,EUR,1,0,Competitor - Power Automate,,ws_021465,,2025-11-08
006O0001637,Evotech - New Business,001A003285,New Business,Marketing (MQL),005A0012,2025-09-20,2025-11-07,Closed Lost,Omitted,121200.00,USD,1,0,Other,,,,2025-11-10
006O0001638,Junoflow - New Business,001A003598,New Business,Product-led (PQL),005A0015,2025-09-21,2025-12-19,Closed Lost,Omitted,33100.00,USD,1,0,Chose self-hosted Community edition,,ws_011505,,2025-12-26
006O0001639,Oriogrid - New Business,001A002073,New Business,Product-led (PQL),005A0013,2025-09-21,2025-12-27,Closed Lost,Omitted,35800.00,USD,1,0,Champion left,,ws_011612,,2026-01-03
006O0001640,Evowave - New Business,001A005002,New Business,Product-led (PQL),005A0014,2025-09-21,2025-12-07,Closed Lost,Omitted,5900.00,USD,1,0,Competitor - Power Automate,Power Automate,ws_016386,,2025-12-16
006O0001641,Zephmark - New Business,001A008013,New Business,Inbound,005A0009,2025-09-21,2025-12-17,Closed Lost,Omitted,54800.00,EUR,1,0,Timing,,ws_001966,,2025-12-22
006O0001642,Veralabs - New Business,001A000339,New Business,Inbound,005A0015,2025-09-21,2025-10-15,Closed Lost,Omitted,51200.00,USD,1,0,Security / compliance review,,ws_006315,,2025-10-23
006O0001643,Runetech - New Business,001A005007,New Business,Product-led (PQL),005A0012,2025-09-22,2025-12-06,Closed Won,Closed,287200.00,USD,1,1,,Zapier,ws_005523,,2025-12-14
006O0001644,Ternlabs - New Business,001A001571,New Business,Product-led (PQL),005A0014,2025-09-22,2025-10-13,Closed Won,Closed,7300.00,USD,1,1,,,ws_011860,,2025-10-16
006O0001645,Nexabridge - New Business,001A002737,New Business,Inbound,005A0008,2025-09-22,2025-12-11,Closed Lost,Omitted,46300.00,EUR,1,0,Unresponsive,,ws_005074,,2025-12-13
006O0001646,Umbrapoint - New Business,001A005800,New Business,Marketing (MQL),005A0011,2025-09-22,2026-05-17,Closed Lost,Omitted,193600.00,EUR,1,0,Security / compliance review,,,,2026-05-18
006O0001647,Altocore - New Business,001A005322,New Business,Marketing (MQL),005A0013,2025-09-22,2025-10-18,Closed Lost,Omitted,23200.00,USD,1,0,Price / budget,Make,,,2025-10-25
006O0001648,Talapoint - New Business,001A000959,New Business,Product-led (PQL),005A0008,2025-09-23,2025-11-06,Closed Won,Closed,16900.00,EUR,1,1,,,ws_007062,,2025-11-14
006O0001649,Sellastack - New Business,001A005921,New Business,Inbound,005A0002,2025-09-23,2025-10-24,Closed Won,Closed,20100.00,EUR,1,1,,Workato,ws_003747,,2025-10-24
006O0001650,Nexasys - New Business,001A001081,New Business,Inbound,005A0015,2025-09-23,2025-12-11,Closed Lost,Omitted,12600.00,USD,1,0,Competitor - Power Automate,,ws_022528,,2025-12-20
006O0001651,Grannet - New Business,001A004970,New Business,Marketing (MQL),005A0014,2025-09-23,2025-11-02,Closed Lost,Omitted,30800.00,USD,1,0,Price / budget,Custom scripts,,,2025-11-03
006O0001652,Boreaware - New Business,001A008993,New Business,Product-led (PQL),005A0008,2025-09-24,2026-03-30,Closed Lost,Omitted,7200.00,EUR,1,0,Timing,,ws_014151,,2026-04-01
006O0001653,Junonet - New Business,001A001172,New Business,Product-led (PQL),005A0004,2025-09-24,2026-02-14,Closed Lost,Omitted,27300.00,GBP,1,0,,,ws_018766,,2026-02-15
006O0001654,Boreasys - New Business,001A004192,New Business,Marketing (MQL),005A0006,2025-09-24,2025-11-15,Closed Won,Closed,17000.00,EUR,1,1,,,,,2025-11-23
006O0001655,Ivennet - New Business,001A001275,New Business,Product-led (PQL),005A0009,2025-09-25,2025-12-28,Closed Lost,Omitted,24100.00,EUR,1,0,Chose self-hosted Community edition,Zapier,ws_004169,,2025-12-30
006O0001656,Zephline - New Business,001A004956,New Business,Product-led (PQL),005A0013,2025-09-25,2025-12-14,Closed Won,Closed,175300.00,USD,1,1,,,ws_006269,,2025-12-16
006O0001657,Iventech - New Business,001A005610,New Business,Inbound,005A0002,2025-09-25,2025-12-09,Closed Lost,Omitted,36900.00,EUR,1,0,Timing,,ws_003050,,2025-12-12
006O0001658,Sellagrid - New Business,001A008909,New Business,Inbound,005A0005,2025-09-25,2025-10-25,Closed Won,Closed,9100.00,GBP,1,1,,Zapier,ws_011153,,2025-11-02
006O0001659,Piramark - New Business,001A003010,New Business,Inbound,005A0005,2025-09-25,2025-11-27,Closed Lost,Omitted,8800.00,EUR,1,0,Security / compliance review,,ws_012194,,2025-11-30
006O0001660,Wendtech - New Business,001A003996,New Business,Marketing (MQL),005A0002,2025-09-25,2026-01-15,Closed Lost,Omitted,26800.00,EUR,1,0,Chose self-hosted Community edition,,,,2026-01-23
006O0001661,Orioline - New Business,001A002461,New Business,Marketing (MQL),005A0013,2025-09-25,2025-11-22,Closed Lost,Omitted,18200.00,USD,1,0,Timing,,,,2025-11-24
006O0001662,Solvpath - New Business,001A005137,New Business,Product-led (PQL),005A0024,2025-09-26,2025-10-25,Closed Lost,Omitted,9300.00,EUR,1,0,,,ws_009189,,2025-10-28
006O0001663,Deltadata - New Business,001A000618,New Business,Inbound,005A0024,2025-09-26,2025-12-10,Closed Lost,Omitted,96100.00,EUR,1,0,,Zapier,ws_013949,,2025-12-20
006O0001664,Junocore - New Business,001A001992,New Business,Marketing (MQL),005A0009,2025-09-26,2025-11-23,Closed Lost,Omitted,111400.00,EUR,1,0,Unresponsive,Zapier,,,2025-11-28
006O0001665,Wendpoint - New Business,001A003559,New Business,Product-led (PQL),005A0008,2025-09-27,2025-10-17,Closed Won,Closed,5100.00,EUR,1,1,,Power Automate,ws_001680,,2025-10-27
006O0001666,Oriomark - New Business,001A000049,New Business,Product-led (PQL),005A0024,2025-09-27,2025-10-30,Closed Won,Closed,14500.00,EUR,1,1,,,ws_005693,,2025-10-31
006O0001667,Bramwave - New Business,001A005460,New Business,Inbound,005A0013,2025-09-28,2026-01-12,Closed Lost,Omitted,72400.00,USD,1,0,Competitor - Zapier,Zapier,ws_009273,,2026-01-15
006O0001668,Miranet - New Business,001A007033,New Business,,005A0002,2025-09-28,2026-01-12,Closed Lost,Omitted,56000.00,EUR,1,0,Competitor - Zapier,,,,2026-01-20
006O0001669,Ciratech - New Business,001A005585,New Business,Product-led (PQL),005A0015,2025-09-29,2026-01-20,Closed Won,Closed,131600.00,USD,1,1,,Zapier,ws_014271,,2026-01-21
006O0001670,Grangrid - New Business,001A006170,New Business,Product-led (PQL),005A0015,2025-09-29,2025-11-25,Closed Lost,Omitted,10800.00,USD,1,0,Timing,,ws_017687,,2025-11-28
006O0001671,Zephware - New Business,001A003791,New Business,Product-led (PQL),005A0009,2025-09-29,2026-02-03,Closed Lost,Omitted,28800.00,EUR,1,0,Chose self-hosted Community edition,,ws_019818,,2026-02-11
006O0001672,Altomark - New Business,001A000747,New Business,Marketing (MQL),005A0009,2025-09-29,2025-12-17,Closed Lost,Omitted,69500.00,EUR,1,0,Competitor - Zapier,,,,2025-12-18
006O0001673,Cobalware - New Business,001A000801,New Business,Product-led (PQL),005A0011,2025-09-30,2025-11-02,Closed Won,Closed,4900.00,EUR,1,1,,Make,ws_009306,,2025-11-06
006O0001674,Ivenlogic - New Business,001A004868,New Business,Product-led (PQL),005A0009,2025-10-01,2025-10-22,Closed Won,Closed,12400.00,EUR,1,1,,,ws_007881,,2025-10-23
006O0001675,Mosaworks - New Business,001A000335,New Business,Product-led (PQL),005A0014,2025-10-01,2025-10-15,Closed Lost,Omitted,,USD,1,0,Missing feature / integration,Tray.io,ws_011676,,2025-10-17
006O0001676,Miraware - New Business,001A002635,New Business,Product-led (PQL),005A0011,2025-10-02,2025-11-13,Closed Won,Closed,22300.00,EUR,1,1,,,ws_009119,,2025-11-18
006O0001677,Ivenbridge - New Business,001A004337,New Business,Product-led (PQL),005A0024,2025-10-02,2025-10-28,Closed Won,Closed,9600.00,EUR,1,1,,,ws_015434,,2025-11-07
006O0001678,Straware - New Business,001A008481,New Business,Product-led (PQL),005A0002,2025-10-02,2026-06-16,Closed Lost,Omitted,10000.00,EUR,1,0,Chose self-hosted Community edition,Power Automate,ws_023222,,2026-06-19
006O0001679,Halologic - New Business,001A006027,New Business,Inbound,005A0024,2025-10-02,2025-12-17,Closed Lost,Omitted,18800.00,EUR,1,0,Competitor - Make,Zapier,ws_007772,,2025-12-23
006O0001680,Sellanet - New Business,001A008157,New Business,Product-led (PQL),005A0005,2025-10-03,2025-11-29,Closed Lost,Omitted,14900.00,GBP,1,0,Chose self-hosted Community edition,Zapier,ws_002084,,2025-11-30
006O0001681,Halovik - New Business,001A000215,New Business,Product-led (PQL),005A0019,2025-10-03,2025-12-11,Closed Won,Closed,43000.00,USD,1,1,,,ws_002508,,2025-12-18
006O0001682,Oriocore - New Business,001A007686,New Business,Product-led (PQL),005A0006,2025-10-03,2026-02-01,Closed Won,Closed,25200.00,EUR,1,1,,,ws_018657,,2026-02-02
006O0001683,Opaldata - New Business,001A001302,New Business,Product-led (PQL),005A0014,2025-10-04,2025-11-12,Closed Lost,Omitted,3900.00,USD,1,0,Timing,,ws_007523,,2025-11-19
006O0001684,Vexwave - New Business,001A002246,New Business,Product-led (PQL),005A0005,2025-10-04,2025-10-31,Closed Won,Closed,8800.00,GBP,1,1,,,ws_015453,,2025-11-03
006O0001685,Deltavik - New Business,001A008400,New Business,Product-led (PQL),005A0006,2025-10-04,2025-12-09,Closed Won,Closed,20600.00,EUR,1,1,,Make,ws_016055,,2025-12-10
006O0001686,Ternlogic - New Business,001A007743,New Business,Product-led (PQL),005A0015,2025-10-04,2025-11-03,Closed Won,Closed,32400.00,USD,1,1,,Power Automate,ws_021783,,2025-11-08
006O0001687,Mirapoint - New Business,001A002664,New Business,Outbound,005A0006,2025-10-04,2025-10-29,Closed Lost,Omitted,23300.00,EUR,1,0,Chose self-hosted Community edition,,,,2025-10-30
006O0001688,Altocore - New Business,001A001824,New Business,Product-led (PQL),005A0021,2025-10-05,2025-10-23,Closed Won,Closed,26600.00,USD,1,1,,,ws_004490,,2025-10-30
006O0001689,Briogrid - New Business,001A005131,New Business,Product-led (PQL),005A0024,2025-10-05,2025-12-04,Closed Won,Closed,60200.00,EUR,1,1,,,ws_008691,,2025-12-13
006O0001690,Granline - New Business,001A001451,New Business,Product-led (PQL),005A0021,2025-10-05,2025-10-24,Closed Won,Closed,7100.00,USD,1,1,,Zapier,ws_013055,,2025-10-27
006O0001691,Opalnet - New Business,001A000244,New Business,Product-led (PQL),005A0013,2025-10-05,2025-12-12,Closed Lost,Omitted,45600.00,USD,1,0,Unresponsive,,ws_015744,,2025-12-13
006O0001692,Nordgrid - New Business,001A008420,New Business,Product-led (PQL),005A0005,2025-10-05,2025-11-16,Closed Lost,Omitted,8700.00,GBP,1,0,Competitor - Power Automate,,ws_020608,,2025-11-23
006O0001693,Ciraworks - New Business,001A001524,New Business,Marketing (MQL),005A0021,2025-10-05,2025-11-02,Closed Won,Closed,11100.00,USD,1,1,,Custom scripts,,,2025-11-08
006O0001694,Yaradata - New Business,001A001503,New Business,Product-led (PQL),005A0011,2025-10-06,2025-10-31,Closed Won,Closed,15700.00,EUR,1,1,,Tray.io,ws_017556,,2025-11-07
006O0001695,Kestlogic - New Business,001A000064,New Business,Product-led (PQL),005A0013,2025-10-06,2025-12-17,Closed Lost,Omitted,88900.00,USD,1,0,Timing,Custom scripts,ws_021639,,2025-12-22
006O0001696,Stranet - New Business,001A006798,New Business,Inbound,005A0008,2025-10-06,2026-01-04,Closed Lost,Omitted,13700.00,EUR,1,0,No decision / status quo,,ws_012782,,2026-01-05
006O0001697,Altoline - New Business,001A006745,New Business,Inbound,005A0024,2025-10-06,2025-11-27,Closed Lost,Omitted,14800.00,EUR,1,0,Timing,,ws_013996,,2025-11-28
006O0001698,Cobalpath - New Business,001A005219,New Business,Inbound,005A0002,2025-10-06,2025-10-27,Closed Lost,Omitted,15300.00,EUR,1,0,Competitor - Workato,Power Automate,ws_022678,,2025-11-03
006O0001699,Briopoint - New Business,001A005226,New Business,Product-led (PQL),005A0002,2025-10-07,2025-12-14,Closed Lost,Omitted,58900.00,EUR,1,0,Missing feature / integration,Power Automate,ws_008813,,2025-12-20
006O0001700,Straline - New Business,001A000067,New Business,Product-led (PQL),005A0009,2025-10-07,2025-11-20,Closed Won,Closed,55200.00,EUR,1,1,,,ws_009351,,2025-11-27
006O0001701,Ivenwave - New Business,001A005101,New Business,Product-led (PQL),005A0020,2025-10-07,2025-12-15,Closed Lost,Omitted,24500.00,EUR,1,0,No decision / status quo,Zapier,ws_009614,,2025-12-24
006O0001702,Runepath - New Business,001A007989,New Business,Inbound,005A0021,2025-10-07,2025-11-17,Closed Won,Closed,21100.00,USD,1,1,,Power Automate,ws_016549,,2025-11-25
006O0001703,Ternmark - New Business,001A004027,New Business,,005A0014,2025-10-07,2025-12-13,Closed Lost,Omitted,24000.00,USD,1,0,Champion left,,,,2025-12-15
006O0001704,Deltacore - New Business,001A000474,New Business,Product-led (PQL),005A0003,2025-10-08,2025-12-14,Closed Lost,Omitted,84800.00,GBP,1,0,Unresponsive,,ws_000342,,2025-12-14
006O0001705,Oriomark - New Business,001A008532,New Business,Product-led (PQL),005A0005,2025-10-08,2025-11-15,Closed Won,Closed,24700.00,GBP,1,1,,Power Automate,ws_010681,,2025-11-18
006O0001706,Miraware - New Business,001A001909,New Business,Inbound,005A0014,2025-10-08,2025-11-04,Closed Lost,Omitted,22000.00,USD,1,0,No decision / status quo,Zapier,ws_019919,,2025-11-12
006O0001707,Astergrid - New Business,001A008792,New Business,Marketing (MQL),005A0009,2025-10-08,2025-11-02,Closed Lost,Omitted,66300.00,EUR,1,0,Competitor - Make,,,,2025-11-03
006O0001708,Korasys - New Business,001A006550,New Business,Product-led (PQL),005A0012,2025-10-09,2025-12-07,Closed Lost,Omitted,133600.00,USD,1,0,No decision / status quo,,ws_009321,,2025-12-08
006O0001709,Boreawave - New Business,001A000862,New Business,Product-led (PQL),005A0013,2025-10-09,2025-11-04,Closed Lost,Omitted,36900.00,USD,1,0,Timing,,ws_022283,,2025-11-05
006O0001710,Evomark - New Business,001A008941,New Business,Marketing (MQL),005A0024,2025-10-09,2026-04-09,Closed Lost,Omitted,12000.00,EUR,1,0,Chose self-hosted Community edition,,,,2026-04-14
006O0001711,Wendwave - New Business,001A003332,New Business,Product-led (PQL),005A0002,2025-10-10,2025-11-08,Closed Lost,Omitted,12500.00,EUR,1,0,Security / compliance review,,ws_001257,,2025-11-08
006O0001712,Veraworks - New Business,001A001894,New Business,Product-led (PQL),005A0011,2025-10-10,2025-11-07,Closed Won,Closed,17300.00,EUR,1,1,,,ws_019023,,2025-11-14
006O0001713,Lyraworks - New Business,001A000103,New Business,Product-led (PQL),005A0015,2025-10-10,2025-10-25,Closed Lost,Omitted,31200.00,USD,1,0,Security / compliance review,,ws_006339,,2025-10-31
006O0001714,Sellaflow - New Business,001A008119,New Business,Product-led (PQL),005A0013,2025-10-11,2026-01-26,Closed Lost,Omitted,103700.00,USD,1,0,Missing feature / integration,,ws_005460,,2026-02-02
006O0001715,Runeflow - New Business,001A000806,New Business,Product-led (PQL),005A0013,2025-10-11,2026-01-23,Closed Won,Closed,51300.00,USD,1,1,,Make,ws_013848,,2026-02-01
006O0001716,Veranet - New Business,001A003704,New Business,Product-led (PQL),005A0002,2025-10-11,2025-11-16,Closed Won,Closed,14800.00,EUR,1,1,,Zapier,ws_019093,,2025-11-20
006O0001717,Valiline - New Business,001A005044,New Business,Inbound,005A0003,2025-10-11,2025-12-06,Closed Lost,Omitted,84900.00,GBP,1,0,No decision / status quo,,ws_008465,,2025-12-13
006O0001718,Kestlogic - New Business,001A004326,New Business,Outbound,005A0024,2025-10-11,2026-01-19,Closed Lost,Omitted,19100.00,EUR,1,0,Timing,Power Automate,,,2026-01-24
006O0001719,Stratech - New Business,001A007135,New Business,Product-led (PQL),005A0014,2025-10-12,2025-12-11,Closed Lost,Omitted,14500.00,USD,1,0,Competitor - Power Automate,,ws_012842,,2025-12-12
006O0001720,Junoware - New Business,001A004936,New Business,Product-led (PQL),005A0009,2025-10-12,2026-01-13,Closed Lost,Omitted,44300.00,EUR,1,0,Unresponsive,,ws_008925,,2026-01-14
006O0001721,Ternnet - New Business,001A005451,New Business,Inbound,005A0013,2025-10-12,2026-04-13,Closed Lost,Omitted,65800.00,USD,1,0,Competitor - Zapier,,ws_004989,,2026-04-15
006O0001722,Valiwave - New Business,001A008523,New Business,Inbound,005A0009,2025-10-12,2025-12-16,Closed Lost,Omitted,43800.00,EUR,1,0,Timing,,ws_006332,,2025-12-17
006O0001723,Mosaline - New Business,001A002641,New Business,Inbound,005A0014,2025-10-12,2025-12-29,Closed Lost,Omitted,48800.00,USD,1,0,Chose self-hosted Community edition,Zapier,ws_017638,,2025-12-30
006O0001724,Brionet - New Business,001A000003,New Business,Marketing (MQL),005A0021,2025-10-12,2025-12-09,Closed Lost,Omitted,,USD,1,0,Competitor - Zapier,Custom scripts,,,2025-12-18
006O0001725,Bramworks - New Business,001A005972,New Business,Partner,005A0008,2025-10-12,2025-12-24,Closed Lost,Omitted,6900.00,EUR,1,0,Other,,,,2025-12-28
006O0001726,Wendware - New Business,001A005985,New Business,Partner,005A0006,2025-10-12,2026-01-10,Closed Lost,Omitted,25200.00,EUR,1,0,Security / compliance review,,,,2026-01-14
006O0001727,Ternvik - New Business,001A004505,New Business,Product-led (PQL),005A0008,2025-10-13,2025-11-12,Closed Won,Closed,7100.00,EUR,1,1,,,ws_005634,,2025-11-21
006O0001728,Gransys - New Business,001A004856,New Business,Product-led (PQL),005A0009,2025-10-13,2025-11-17,Closed Won,Closed,18700.00,EUR,1,1,,Make,ws_011368,,2025-11-23
006O0001729,Halogrid - New Business,001A001794,New Business,Product-led (PQL),005A0015,2025-10-13,2025-12-05,Closed Won,Closed,85800.00,USD,1,1,,,ws_013280,,2025-12-08
006O0001730,Lumopoint - New Business,001A004166,New Business,Inbound,005A0024,2025-10-13,2025-11-29,Closed Lost,Omitted,31000.00,EUR,1,0,No decision / status quo,Tray.io,ws_022511,,2025-12-09
006O0001731,Junopath - New Business,001A000144,New Business,Partner,005A0006,2025-10-13,2026-02-04,Closed Lost,Omitted,19600.00,EUR,1,0,Price / budget,,,,2026-02-08
006O0001732,Nordpath - New Business,001A002901,New Business,Product-led (PQL),005A0015,2025-10-14,2025-12-06,Closed Won,Closed,20400.00,USD,1,1,,,ws_010163,,2025-12-10
006O0001733,Fjelfield - New Business,001A008182,New Business,Product-led (PQL),005A0006,2025-10-14,2026-04-17,Closed Lost,Omitted,52200.00,EUR,1,0,Other,,ws_014664,,2026-04-19
006O0001734,Umbranet - New Business,001A002380,New Business,Inbound,005A0013,2025-10-14,2026-01-27,Closed Lost,Omitted,51400.00,USD,1,0,Price / budget,Zapier,ws_021281,,2026-01-29
006O0001735,Runeworks - New Business,001A001475,New Business,Inbound,005A0008,2025-10-14,2025-12-20,Closed Won,Closed,36900.00,EUR,1,1,,Custom scripts,ws_004945,,2025-12-23
006O0001736,Valitech - New Business,001A004893,New Business,Product-led (PQL),005A0005,2025-10-15,2025-11-18,Closed Lost,Omitted,9800.00,GBP,1,0,Timing,,ws_008696,,2025-11-26
006O0001737,Runepoint - New Business,001A005455,New Business,Product-led (PQL),005A0008,2025-10-15,2025-12-12,Closed Lost,Omitted,32300.00,EUR,1,0,Price / budget,,ws_017529,,2025-12-19
006O0001738,Veradata - New Business,001A004473,New Business,Inbound,005A0024,2025-10-15,2026-04-19,Closed Lost,Omitted,15800.00,EUR,1,0,No decision / status quo,Zapier,ws_003058,,2026-04-27
006O0001739,Korapoint - New Business,001A007093,New Business,Inbound,005A0021,2025-10-15,2026-05-04,Closed Lost,Omitted,26800.00,USD,1,0,Champion left,,ws_008627,,2026-05-10
006O0001740,Ivennet - New Business,001A001943,New Business,Inbound,005A0000,2025-10-15,2025-12-06,Closed Lost,Omitted,204200.00,EUR,1,0,No decision / status quo,,ws_009452,,2025-12-11
006O0001741,Junomark - New Business,001A007809,New Business,Inbound,005A0024,2025-10-15,2025-12-15,Closed Lost,Omitted,8500.00,EUR,1,0,Price / budget,,ws_010734,,2025-12-19
006O0001742,Wendfield - New Business,001A002937,New Business,Marketing (MQL),005A0002,2025-10-15,2025-12-10,Closed Lost,Omitted,9700.00,EUR,1,0,Chose self-hosted Community edition,,,,2025-12-20
006O0001743,Straline - New Business,001A005379,New Business,Partner,005A0021,2025-10-15,2026-02-21,Closed Lost,Omitted,7900.00,USD,1,0,Unresponsive,,,,2026-02-21
006O0001744,Boreatech - New Business,001A004290,New Business,Inbound,005A0000,2025-10-16,2026-02-21,Closed Lost,Omitted,60100.00,EUR,1,0,Price / budget,Zapier,ws_015992,,2026-03-02
006O0001745,Lumobridge - New Business,001A006680,New Business,Inbound,005A0013,2025-10-17,2026-02-20,Closed Lost,Omitted,23800.00,USD,1,0,Champion left,Power Automate,ws_006445,,2026-02-27
006O0001746,Ivenline - New Business,001D000066,New Business,Inbound,005A0013,2025-10-17,2026-04-23,Closed Lost,Omitted,27600.00,USD,1,0,,Zapier,ws_007986,,2026-05-02
006O0001747,Junovik - New Business,001A006990,New Business,Marketing (MQL),005A0002,2025-10-17,2025-10-29,Closed Lost,Omitted,37600.00,EUR,1,0,Competitor - Workato,,,,2025-10-31
006O0001748,Lumoline - New Business,001A007603,New Business,Marketing (MQL),005A0021,2025-10-17,2026-04-18,Closed Lost,Omitted,19600.00,USD,1,0,Champion left,Custom scripts,,,2026-04-28
006O0001749,Ivenmark - New Business,001A003230,New Business,Product-led (PQL),005A0011,2025-10-18,2026-03-29,Closed Lost,Omitted,4000.00,EUR,1,0,Competitor - Zapier,Zapier,ws_009555,,2026-03-31
006O0001750,Runevik - New Business,001A002854,New Business,Inbound,005A0021,2025-10-18,2026-04-03,Closed Lost,Omitted,41700.00,USD,1,0,Competitor - Make,Make,ws_003435,,2026-04-05
006O0001751,Miradata - New Business,001A001719,New Business,Marketing (MQL),005A0013,2025-10-18,2026-04-11,Closed Lost,Omitted,24500.00,USD,1,0,Competitor - Power Automate,,,,2026-04-18
006O0001752,Yaranet - New Business,001A008298,New Business,Marketing (MQL),005A0024,2025-10-18,2025-11-26,Closed Won,Closed,6800.00,EUR,1,1,,,,,2025-11-28
006O0001753,Boreasys - New Business,001A003289,New Business,Product-led (PQL),005A0009,2025-10-19,2025-12-12,Closed Won,Closed,44400.00,EUR,1,1,,,ws_010605,,2025-12-14
006O0001754,Ternbridge - New Business,001A007387,New Business,Product-led (PQL),005A0000,2025-10-19,2025-12-12,Closed Won,Closed,28400.00,EUR,1,1,,,ws_003111,,2025-12-17
006O0001755,Briofield - New Business,001A006249,New Business,Product-led (PQL),005A0008,2025-10-19,2026-03-19,Closed Lost,Omitted,14800.00,EUR,1,0,,Custom scripts,ws_014096,,2026-03-29
006O0001756,Wendfield - New Business,001A004798,New Business,Inbound,005A0021,2025-10-19,2025-12-06,Closed Lost,Omitted,16900.00,USD,1,0,Competitor - Power Automate,,ws_012291,,2025-12-15
006O0001757,Verasys - New Business,001A007985,New Business,Product-led (PQL),005A0004,2025-10-20,2025-12-10,Closed Lost,Omitted,134500.00,GBP,1,0,No decision / status quo,,ws_017420,,2025-12-13
006O0001758,Boreamark - New Business,001A000903,New Business,Marketing (MQL),005A0007,2025-10-20,2026-03-24,Closed Lost,Omitted,75800.00,EUR,1,0,Competitor - Make,,,,2026-04-02
006O0001759,Zephstack - New Business,001A006597,New Business,Inbound,005A0004,2025-10-21,2025-11-13,Closed Lost,Omitted,28600.00,GBP,1,0,Competitor - Zapier,,ws_000318,,2025-11-19
006O0001760,Evologic - New Business,001A002798,New Business,Marketing (MQL),005A0013,2025-10-21,2025-12-22,Closed Lost,Omitted,24800.00,USD,1,0,Chose self-hosted Community edition,,,,2025-12-28
006O0001761,Oriostack - New Business,001A003695,New Business,Product-led (PQL),005A0011,2025-10-22,2025-11-14,Closed Won,Closed,4300.00,EUR,1,1,,Make,ws_022714,,2025-11-23
006O0001762,Kestgrid - New Business,001A001945,New Business,Inbound,005A0015,2025-10-22,2026-01-22,Closed Lost,Omitted,6000.00,USD,1,0,,,ws_005939,,2026-01-30
006O0001763,Deltawave - New Business,001A003570,New Business,Inbound,005A0014,2025-10-22,2026-03-20,Closed Lost,Omitted,17600.00,USD,1,0,Other,,ws_006726,,2026-03-20
006O0001764,Piraflow - New Business,001A008149,New Business,Inbound,005A0000,2025-10-22,2025-11-15,Closed Lost,Omitted,160400.00,EUR,1,0,Competitor - Zapier,Custom scripts,ws_007910,,2025-11-20
006O0001765,Evopath - New Business,001A007113,New Business,Marketing (MQL),005A0006,2025-10-22,2025-12-12,Closed Lost,Omitted,8700.00,EUR,1,0,Price / budget,,,,2025-12-16
006O0001766,Nordsys - New Business,001A005269,New Business,Outbound,005A0006,2025-10-22,2026-02-05,Closed Won,Closed,29600.00,EUR,1,1,,,,,2026-02-12
006O0001767,Wendflow - New Business,001A000863,New Business,Outbound,005A0013,2025-10-22,2025-12-23,Closed Lost,Omitted,,USD,1,0,Other,Power Automate,,,2025-12-28
006O0001768,Verastack - New Business,001A007051,New Business,Partner,005A0020,2025-10-22,2026-02-26,Closed Lost,Omitted,63900.00,GBP,1,0,Competitor - Power Automate,Zapier,,,2026-02-27
006O0001769,Miravik - New Business,001A007311,New Business,Product-led (PQL),005A0004,2025-10-23,2025-12-29,Closed Won,Closed,24500.00,GBP,1,1,,,ws_021813,,2026-01-08
006O0001770,Lyrasys - New Business,001A007929,New Business,Inbound,005A0013,2025-10-23,2026-03-20,Closed Won,Closed,41100.00,USD,1,1,,,ws_002241,,2026-03-23
006O0001771,Altonet - New Business,001A001161,New Business,Marketing (MQL),005A0013,2025-10-23,2025-12-25,Closed Lost,Omitted,34500.00,USD,1,0,Competitor - Zapier,,,,2025-12-28
006O0001772,Gransys - New Business,001A000243,New Business,Product-led (PQL),005A0006,2025-10-24,2025-12-14,Closed Lost,Omitted,53300.00,EUR,1,0,Missing feature / integration,,ws_013589,,2025-12-19
006O0001773,Asterwave - New Business,001A007811,New Business,Product-led (PQL),005A0021,2025-10-24,2025-12-25,Closed Lost,Omitted,6200.00,USD,1,0,Other,Zapier,ws_008717,,2025-12-30
006O0001774,Vexmark - New Business,001A000784,New Business,Product-led (PQL),005A0015,2025-10-24,2026-03-20,Closed Lost,Omitted,36400.00,USD,1,0,Competitor - Power Automate,,ws_015266,,2026-03-21
006O0001775,Bramware - New Business,001A006425,New Business,Inbound,005A0000,2025-10-24,2025-12-26,Closed Lost,Omitted,434100.00,EUR,1,0,Unresponsive,Zapier,ws_002073,,2026-01-03
006O0001776,Briostack - New Business,001A004539,New Business,Marketing (MQL),005A0008,2025-10-24,2026-01-04,Closed Lost,Omitted,7500.00,EUR,1,0,Missing feature / integration,Make,,,2026-01-11
006O0001777,Brioworks - New Business,001A005172,New Business,Product-led (PQL),005A0013,2025-10-25,2025-12-04,Closed Won,Closed,68900.00,USD,1,1,,,ws_006603,,2025-12-08
006O0001778,Briogrid - New Business,001A008308,New Business,Product-led (PQL),005A0006,2025-10-25,2025-12-25,Closed Lost,Omitted,29000.00,EUR,1,0,Competitor - Power Automate,Zapier,ws_009526,,2025-12-25
006O0001779,Sellasys - New Business,001A003792,New Business,,005A0002,2025-10-25,2025-12-07,Closed Lost,Omitted,72400.00,EUR,1,0,Security / compliance review,,ws_020607,,2025-12-15
006O0001780,Opallogic - New Business,001A003809,New Business,Product-led (PQL),005A0012,2025-10-25,2026-01-15,Closed Lost,Omitted,580200.00,USD,1,0,Other,,ws_022993,,2026-01-24
006O0001781,Opalpoint - New Business,001A007685,New Business,Marketing (MQL),005A0013,2025-10-25,2026-01-23,Closed Lost,Omitted,15300.00,USD,1,0,Competitor - Zapier,Zapier,,,2026-01-30
006O0001782,Nexaware - New Business,001A008211,New Business,Outbound,005A0015,2025-10-25,2025-12-19,Closed Lost,Omitted,40400.00,USD,1,0,Price / budget,,,,2025-12-24
006O0001783,Deltaline - New Business,001A005685,New Business,Product-led (PQL),005A0024,2025-10-26,2026-05-16,Closed Lost,Omitted,46200.00,EUR,1,0,Missing feature / integration,Make,ws_013905,,2026-05-23
006O0001784,Lyralabs - New Business,001A001591,New Business,Product-led (PQL),005A0024,2025-10-26,2026-01-07,Closed Lost,Omitted,9700.00,EUR,1,0,Chose self-hosted Community edition,Custom scripts,ws_000902,,2026-01-10
006O0001785,Quarsys - New Business,001A005229,New Business,Product-led (PQL),005A0005,2025-10-26,2025-11-19,Closed Lost,Omitted,26100.00,GBP,1,0,Unresponsive,Zapier,ws_002307,,2025-11-25
006O0001786,Coballine - New Business,001A001205,New Business,Product-led (PQL),005A0000,2025-10-26,2026-06-05,Closed Lost,Omitted,22000.00,EUR,1,0,Chose self-hosted Community edition,Zapier,ws_005758,,2026-06-13
006O0001787,Briopath - New Business,001A006234,New Business,Product-led (PQL),005A0009,2025-10-26,2026-05-23,Closed Lost,Omitted,32000.00,EUR,1,0,,,ws_023654,,2026-05-23
006O0001788,Kestflow - New Business,001A005613,New Business,Marketing (MQL),005A0014,2025-10-26,2026-01-30,Closed Lost,Omitted,30700.00,USD,1,0,Competitor - Zapier,,,,2026-01-30
006O0001789,Sellagrid - New Business,001A005955,New Business,Marketing (MQL),005A0014,2025-10-26,2025-11-27,Closed Won,Closed,10200.00,USD,1,1,,Make,,,2025-12-03
006O0001790,Zephlogic - New Business,001A008678,New Business,Product-led (PQL),005A0013,2025-10-27,2026-01-07,Closed Won,Closed,38800.00,USD,1,1,,,ws_008361,,2026-01-10
006O0001791,Miralabs - New Business,001A008669,New Business,Product-led (PQL),005A0019,2025-10-27,2026-08-20,Closed Lost,Omitted,44300.00,USD,1,0,Competitor - Workato,,ws_015663,,2026-08-25
006O0001792,Asterstack - New Business,001A001887,New Business,Product-led (PQL),005A0024,2025-10-27,2025-11-16,Closed Won,Closed,5800.00,EUR,1,1,,Make,ws_017258,,2025-11-23
006O0001793,Yaracore - New Business,001A001633,New Business,Inbound,005A0013,2025-10-27,2026-02-11,Closed Lost,Omitted,34600.00,USD,1,0,Competitor - Make,,ws_006361,,2026-02-13
006O0001794,Runeworks - New Business,001A007897,New Business,Product-led (PQL),005A0000,2025-10-28,2026-01-10,Closed Won,Closed,327500.00,EUR,1,1,,,ws_009247,,2026-01-15
006O0001795,Runevik - New Business,001A006877,New Business,Product-led (PQL),005A0009,2025-10-28,2026-01-01,Closed Won,Closed,32900.00,EUR,1,1,,,ws_015207,,2026-01-10
006O0001796,Wendvik - New Business,001A005679,New Business,Product-led (PQL),005A0007,2025-10-28,2026-04-01,Closed Lost,Omitted,404200.00,EUR,1,0,Competitor - Zapier,,ws_019709,,2026-04-09
006O0001797,Altoware - New Business,001A002333,New Business,Product-led (PQL),005A0024,2025-10-28,2025-11-20,Closed Lost,Omitted,12400.00,EUR,1,0,Chose self-hosted Community edition,,ws_023829,,2025-11-25
006O0001798,Ivenstack - New Business,001A005793,New Business,Inbound,005A0024,2025-10-28,2025-11-26,Closed Lost,Omitted,32200.00,EUR,1,0,,,ws_005452,,2025-12-01
006O0001799,Boreaflow - New Business,001A006111,New Business,Marketing (MQL),005A0008,2025-10-28,2026-01-13,Closed Lost,Omitted,7100.00,EUR,1,0,Chose self-hosted Community edition,,,,2026-01-19
006O0001800,Lumomark - New Business,001A005708,New Business,Marketing (MQL),005A0002,2025-10-28,2025-12-09,Closed Won,Closed,3900.00,EUR,1,1,,,,,2025-12-13
006O0001801,Granstack - New Business,001A007859,New Business,Marketing (MQL),005A0014,2025-10-28,2026-01-21,Closed Lost,Omitted,23300.00,USD,1,0,Chose self-hosted Community edition,Zapier,,,2026-01-26
006O0001802,Xenodata - New Business,001A000449,New Business,Marketing (MQL),005A0021,2025-10-28,2026-02-03,Closed Lost,Omitted,19200.00,USD,1,0,Timing,Zapier,,,2026-02-08
006O0001803,Solvtech - New Business,001A008288,New Business,Product-led (PQL),005A0009,2025-10-29,2026-01-07,Closed Won,Closed,18700.00,EUR,1,1,,,ws_000033,,2026-01-08
006O0001804,Kestlabs - New Business,001A005686,New Business,Product-led (PQL),005A0002,2025-10-29,2025-11-16,Closed Won,Closed,9700.00,EUR,1,1,,,ws_004204,,2025-11-23
006O0001805,Valilogic - New Business,001D000020,New Business,Inbound,005A0015,2025-10-29,2026-03-09,Closed Lost,Omitted,0.00,USD,1,0,Price / budget,Make,ws_003507,,2026-03-13
006O0001806,Valilogic - New Business,001A001970,New Business,Product-led (PQL),005A0011,2025-10-30,2026-02-07,Closed Lost,Omitted,9900.00,EUR,1,0,Competitor - Zapier,Zapier,ws_004763,,2026-02-12
006O0001807,Lumotech - New Business,001A001840,New Business,Inbound,005A0024,2025-10-30,2025-12-21,Closed Won,Closed,20400.00,EUR,1,1,,,ws_015858,,2025-12-27
006O0001808,Yarafield - New Business,001A004881,New Business,Marketing (MQL),005A0014,2025-10-30,2025-11-26,Closed Won,Closed,4800.00,USD,1,1,,,,,2025-12-03
006O0001809,Taladata - New Business,001A003886,New Business,Product-led (PQL),005A0015,2025-10-31,2025-12-24,Closed Won,Closed,25300.00,USD,1,1,,,ws_002386,,2026-01-01
006O0001810,Junopath - New Business,001A001817,New Business,Marketing (MQL),005A0006,2025-10-31,2026-02-16,Closed Lost,Omitted,45400.00,EUR,1,0,,,,,2026-02-22
006O0001811,Granvik - New Business,001A003649,New Business,Marketing (MQL),005A0013,2025-10-31,2026-02-06,Closed Lost,Omitted,14200.00,USD,1,0,Competitor - Make,,,,2026-02-06
006O0001812,Solvpath - New Business,001A003751,New Business,Outbound,005A0006,2025-10-31,2026-04-02,Closed Lost,Omitted,35500.00,EUR,1,0,Competitor - Make,,,,2026-04-05
006O0001813,Evoworks - New Business,001A006691,New Business,Product-led (PQL),005A0024,2025-11-01,2025-11-28,Closed Lost,Omitted,69100.00,EUR,1,0,Chose self-hosted Community edition,Workato,ws_016742,,2025-11-29
006O0001814,Kestware - New Business,001A001216,New Business,Product-led (PQL),005A0009,2025-11-01,2026-01-07,Closed Lost,Omitted,23700.00,EUR,1,0,Price / budget,,ws_018768,,2026-01-11
006O0001815,Koraline - New Business,001A005929,New Business,Product-led (PQL),005A0002,2025-11-01,2025-11-17,Closed Won,Closed,35100.00,EUR,1,1,,,ws_019361,,2025-11-26
006O0001816,Piracore - New Business,001A002401,New Business,Product-led (PQL),005A0021,2025-11-02,2026-01-02,Closed Lost,Omitted,46600.00,USD,1,0,,,ws_005791,,2026-01-11
006O0001817,Kestmark - New Business,001A002571,New Business,Product-led (PQL),005A0008,2025-11-02,2026-01-19,Closed Lost,Omitted,5000.00,EUR,1,0,Unresponsive,,ws_016519,,2026-01-23
006O0001818,Evomark - New Business,001A006068,New Business,Inbound,005A0005,2025-11-02,2026-01-03,Closed Won,Closed,8800.00,EUR,1,1,,,ws_021598,,2026-01-10
006O0001819,Bramstack - New Business,001A008520,New Business,Product-led (PQL),005A0013,2025-11-03,2025-12-26,Closed Lost,Omitted,65700.00,USD,1,0,Timing,,ws_017319,,2025-12-31
006O0001820,Iventech - New Business,001A000536,New Business,Marketing (MQL),005A0006,2025-11-03,2026-02-22,Closed Lost,Omitted,31300.00,EUR,1,0,Chose self-hosted Community edition,Custom scripts,,,2026-02-27
006O0001821,Junovik - New Business,001A008510,New Business,Marketing (MQL),005A0003,2025-11-03,2026-02-16,Closed Lost,Omitted,137900.00,EUR,1,0,Security / compliance review,,,,2026-02-21
006O0001822,Lumopath - New Business,001A008805,New Business,Product-led (PQL),005A0006,2025-11-04,2025-12-28,Closed Lost,Omitted,50000.00,EUR,1,0,Chose self-hosted Community edition,Zapier,ws_000874,,2026-01-03
006O0001823,Lumoflow - New Business,001A007419,New Business,Inbound,005A0002,2025-11-04,2025-11-30,Closed Lost,Omitted,22000.00,EUR,1,0,Competitor - Make,,ws_010276,,2025-12-09
006O0001824,Halocore - New Business,001A002356,New Business,Marketing (MQL),005A0008,2025-11-04,2025-12-05,Closed Lost,Omitted,8800.00,EUR,1,0,Timing,Zapier,,,2025-12-13
006O0001825,Valifield - New Business,001A005024,New Business,Marketing (MQL),005A0013,2025-11-04,2026-03-12,Closed Lost,Omitted,67200.00,USD,1,0,Competitor - Zapier,,,,2026-03-16
006O0001826,Umbraline - New Business,001A005471,New Business,Product-led (PQL),005A0000,2025-11-05,2026-03-08,Closed Lost,Omitted,8700.00,EUR,1,0,Champion left,,ws_010009,,2026-03-17
006O0001827,Orioflow - New Business,001A007372,New Business,Product-led (PQL),005A0008,2025-11-05,2025-12-14,Closed Won,Closed,7500.00,EUR,1,1,,,ws_013717,,2025-12-19
006O0001828,Asterflow - New Business,001A001738,New Business,Product-led (PQL),005A0008,2025-11-05,2025-12-04,Closed Lost,Omitted,,EUR,1,0,Price / budget,Power Automate,ws_017806,,2025-12-08
006O0001829,Oriotech - New Business,001A007164,New Business,Product-led (PQL),005A0015,2025-11-05,2025-11-23,Closed Lost,Omitted,23900.00,USD,1,0,Competitor - Power Automate,,ws_012813,,2025-11-25
006O0001830,Astervik - New Business,001A006408,New Business,Product-led (PQL),005A0013,2025-11-05,2026-04-11,Closed Lost,Omitted,26200.00,USD,1,0,Price / budget,,ws_019640,,2026-04-16
006O0001831,Asternet - New Business,001A008383,New Business,Inbound,005A0010,2025-11-05,2025-11-24,Closed Lost,Omitted,28100.00,EUR,1,0,Competitor - Make,,ws_003498,,2025-12-02
006O0001832,Evobridge - New Business,001A006055,New Business,Marketing (MQL),005A0024,2025-11-05,2026-01-10,Closed Won,Closed,9000.00,EUR,1,1,,,,,2026-01-19
006O0001833,Lumostack - New Business,001A005557,New Business,Marketing (MQL),005A0010,2025-11-05,2025-11-26,Closed Lost,Omitted,16700.00,EUR,1,0,Timing,Power Automate,,,2025-11-27
006O0001834,Solvgrid - New Business,001A008275,New Business,Product-led (PQL),005A0008,2025-11-06,2025-12-08,Closed Won,Closed,15100.00,EUR,1,1,,Workato,ws_005380,,2025-12-12
006O0001835,Kestflow - New Business,001A008218,New Business,Product-led (PQL),005A0009,2025-11-06,2026-01-09,Closed Lost,Omitted,51600.00,EUR,1,0,Unresponsive,,ws_006142,,2026-01-13
006O0001836,Nordtech - New Business,001A007310,New Business,Product-led (PQL),005A0008,2025-11-06,2025-12-13,Closed Lost,Omitted,9400.00,EUR,1,0,Missing feature / integration,Zapier,ws_016082,,2025-12-13
006O0001837,Quarline - New Business,001A003205,New Business,Inbound,005A0010,2025-11-06,2025-12-20,Closed Lost,Omitted,11800.00,EUR,1,0,Chose self-hosted Community edition,,ws_016076,,2025-12-23
006O0001838,Junonet - New Business,001A005996,New Business,Inbound,005A0019,2025-11-06,2026-01-30,Closed Won,Closed,194400.00,USD,1,1,,Power Automate,ws_005401,,2026-02-09
006O0001839,Verapoint - New Business,001A003802,New Business,Product-led (PQL),005A0009,2025-11-07,2026-03-10,Closed Lost,Omitted,53600.00,EUR,1,0,No decision / status quo,Make,ws_012766,,2026-03-12
006O0001840,Nordcore - New Business,001A002347,New Business,Product-led (PQL),005A0014,2025-11-07,2026-02-20,Closed Lost,Omitted,21100.00,USD,1,0,Chose self-hosted Community edition,Zapier,ws_021474,,2026-02-21
006O0001841,Lumoworks - New Business,001A007186,New Business,Product-led (PQL),005A0005,2025-11-07,2025-11-19,Closed Lost,Omitted,26700.00,GBP,1,0,Competitor - Zapier,,ws_005275,,2025-11-28
006O0001842,Xenobridge - New Business,001A000105,New Business,,005A0013,2025-11-07,2026-01-11,Closed Lost,Omitted,77800.00,USD,1,0,Price / budget,,ws_023649,,2026-01-12
006O0001843,Opalfield - New Business,001A007839,New Business,Inbound,005A0010,2025-11-07,2026-02-01,Closed Lost,Omitted,13600.00,EUR,1,0,Timing,,ws_011193,,2026-02-09
006O0001844,Mosaworks - New Business,001A007652,New Business,Marketing (MQL),005A0008,2025-11-07,2025-12-20,Closed Lost,Omitted,26900.00,EUR,1,0,Other,,,,2025-12-25
006O0001845,Cobaldata - New Business,001A005277,New Business,Product-led (PQL),005A0014,2025-11-08,2025-12-01,Closed Won,Closed,10700.00,USD,1,1,,,ws_013473,,2025-12-04
006O0001846,Granwave - New Business,001A004187,New Business,Product-led (PQL),005A0024,2025-11-09,2026-04-15,Closed Lost,Omitted,11600.00,EUR,1,0,Price / budget,,ws_003102,,2026-04-22
006O0001847,Boreaflow - New Business,001A000119,New Business,Product-led (PQL),005A0021,2025-11-09,2025-12-21,Closed Won,Closed,24900.00,USD,1,1,,,ws_007164,,2025-12-28
006O0001848,Cobalcore - New Business,001A004641,New Business,Product-led (PQL),005A0024,2025-11-09,2025-11-21,Closed Lost,Omitted,4300.00,EUR,1,0,Competitor - Zapier,,ws_012811,,2025-11-23
006O0001849,Cobalsys - New Business,001A005644,New Business,Product-led (PQL),005A0021,2025-11-09,2025-12-25,Closed Lost,Omitted,17300.00,USD,1,0,Unresponsive,,ws_013270,,2025-12-30
006O0001850,Stramark - New Business,001A007348,New Business,Product-led (PQL),005A0005,2025-11-09,2026-01-16,Closed Lost,Omitted,2400.00,GBP,1,0,Champion left,,ws_020994,,2026-01-21
006O0001851,Ivenline - New Business,001A003301,New Business,Product-led (PQL),005A0010,2025-11-09,2025-12-02,Closed Lost,Omitted,7400.00,EUR,1,0,Unresponsive,,ws_005997,,2025-12-11
006O0001852,Yaratech - New Business,001A001051,New Business,Product-led (PQL),005A0024,2025-11-09,2026-01-15,Closed Lost,Omitted,8900.00,EUR,1,0,Price / budget,,ws_016357,,2026-01-17
006O0001853,Miragrid - New Business,001A000595,New Business,,005A0020,2025-11-09,2026-01-04,Closed Lost,Omitted,48500.00,GBP,1,0,Chose self-hosted Community edition,,ws_021117,,2026-01-04
006O0001854,Granlogic - New Business,001A008589,New Business,Marketing (MQL),005A0014,2025-11-09,2025-11-30,Closed Lost,Omitted,7500.00,USD,1,0,Competitor - Zapier,,,,2025-12-01
006O0001855,Runeware - New Business,001A008329,New Business,Product-led (PQL),005A0008,2025-11-10,2025-12-05,Closed Lost,Omitted,17400.00,EUR,1,0,Unresponsive,,ws_001694,,2025-12-11
006O0001856,Boreaflow - New Business,001A000126,New Business,Product-led (PQL),005A0010,2025-11-10,2025-12-10,Closed Won,Closed,14000.00,EUR,1,1,,Tray.io,ws_002931,,2025-12-18
006O0001857,Boreapoint - New Business,001A003121,New Business,Inbound,005A0010,2025-11-10,2025-11-18,Closed Lost,Omitted,8000.00,EUR,1,0,Competitor - Workato,,ws_005170,,2025-11-19
006O0001858,Briolabs - New Business,001A004034,New Business,Inbound,005A0002,2025-11-10,2026-03-11,Closed Lost,Omitted,18300.00,EUR,1,0,Price / budget,,ws_018687,,2026-03-18
006O0001859,Opallogic - New Business,001A003411,New Business,Marketing (MQL),005A0002,2025-11-10,2026-02-12,Closed Lost,Omitted,32000.00,EUR,1,0,Unresponsive,,,,2026-02-14
006O0001860,Zephcore - New Business,001A004122,New Business,Marketing (MQL),005A0016,2025-11-10,2026-01-20,Closed Lost,Omitted,50300.00,USD,1,0,Competitor - Zapier,,,,2026-01-25
006O0001861,Ivenflow - New Business,001A003731,New Business,Product-led (PQL),005A0015,2025-11-11,2026-01-08,Closed Won,Closed,88300.00,USD,1,1,,,ws_005042,,2026-01-12
006O0001862,Sellawave - New Business,001A006989,New Business,Product-led (PQL),005A0024,2025-11-11,2025-12-03,Closed Won,Closed,16100.00,EUR,1,1,,,ws_010233,,2025-12-08
006O0001863,Sellapoint - New Business,001A004081,New Business,Product-led (PQL),005A0020,2025-11-11,2026-01-09,Closed Lost,Omitted,41100.00,GBP,1,0,Competitor - Power Automate,,ws_010285,,2026-01-17
006O0001864,Mosanet - New Business,001A002701,New Business,Product-led (PQL),005A0008,2025-11-11,2026-04-05,Closed Lost,Omitted,27400.00,EUR,1,0,Chose self-hosted Community edition,,ws_014789,,2026-04-08
006O0001865,Nexamark - New Business,001A002849,New Business,Inbound,005A0008,2025-11-11,2025-11-18,Closed Lost,Omitted,2000.00,EUR,1,0,,,ws_004914,,2025-11-25
006O0001866,Xenodata - New Business,001A002785,New Business,Inbound,005A0021,2025-11-11,2026-05-13,Closed Lost,Omitted,5700.00,USD,1,0,,,ws_002693,,2026-05-19
006O0001867,Umbrabridge - New Business,001A004512,New Business,Product-led (PQL),005A0016,2025-11-12,2026-01-11,Closed Lost,Omitted,76900.00,USD,1,0,Unresponsive,,ws_001008,,2026-01-12
006O0001868,Yaraworks - New Business,001A008428,New Business,Product-led (PQL),005A0015,2025-11-12,2025-11-24,Closed Won,Closed,23300.00,USD,1,1,,Zapier,ws_006038,,2025-11-29
006O0001869,Terntech - New Business,001A002855,New Business,Product-led (PQL),005A0015,2025-11-12,2025-11-29,Closed Won,Closed,23700.00,USD,1,1,,Make,ws_022967,,2025-12-05
006O0001870,Evopoint - New Business,001A007153,New Business,Product-led (PQL),005A0013,2025-11-12,2026-04-04,Closed Lost,Omitted,32200.00,USD,1,0,Competitor - Make,Zapier,ws_022584,,2026-04-13
006O0001871,Talavik - New Business,001A001412,New Business,Inbound,005A0014,2025-11-12,2026-01-05,Closed Lost,Omitted,9700.00,USD,1,0,Competitor - Workato,Zapier,ws_014754,,2026-01-09
006O0001872,Evomark - New Business,001A005151,New Business,Product-led (PQL),005A0000,2025-11-13,2026-01-03,Closed Won,Closed,154100.00,EUR,1,1,,Zapier,ws_013933,,2026-01-07
006O0001873,Briobridge - New Business,001A003552,New Business,Product-led (PQL),005A0009,2025-11-13,2026-01-11,Closed Lost,Omitted,15000.00,EUR,1,0,,,ws_015073,,2026-01-21
006O0001874,Piralabs - New Business,001A002033,New Business,Product-led (PQL),005A0009,2025-11-13,2026-02-21,Closed Lost,Omitted,44700.00,EUR,1,0,Chose self-hosted Community edition,,ws_002559,,2026-02-27
006O0001875,Yarawave - New Business,001A000520,New Business,Inbound,005A0021,2025-11-13,2026-01-25,Closed Lost,Omitted,18800.00,USD,1,0,,,ws_006832,,2026-01-26
006O0001876,Solvbridge - New Business,001A001145,New Business,Marketing (MQL),005A0010,2025-11-13,2025-12-28,Closed Won,Closed,17600.00,EUR,1,1,,Workato,,,2026-01-04
006O0001877,Veratech - New Business,001A006429,New Business,Marketing (MQL),005A0000,2025-11-13,2026-01-30,Closed Lost,Omitted,43700.00,EUR,1,0,Unresponsive,,,,2026-02-08
006O0001878,Ternline - New Business,001A007525,New Business,Marketing (MQL),005A0005,2025-11-13,2025-12-05,Closed Lost,Omitted,12000.00,GBP,1,0,Missing feature / integration,Custom scripts,,,2025-12-08
006O0001879,Ivenflow - New Business,001A004998,New Business,Product-led (PQL),005A0010,2025-11-14,2026-01-03,Closed Lost,Omitted,6800.00,EUR,1,0,Competitor - Make,Make,ws_011826,,2026-01-09
006O0001880,Cirasys - New Business,001A001798,New Business,Inbound,005A0008,2025-11-14,2025-12-11,Closed Lost,Omitted,6800.00,EUR,1,0,No decision / status quo,Tray.io,ws_000744,,2025-12-15
006O0001881,Wendpoint - New Business,001A000606,New Business,Product-led (PQL),005A0016,2025-11-15,2026-05-26,Closed Lost,Omitted,167500.00,USD,1,0,Competitor - Make,Make,ws_011292,,2026-05-28
006O0001882,Lyraline - New Business,001A001725,New Business,Product-led (PQL),005A0024,2025-11-15,2025-12-19,Closed Lost,Omitted,6900.00,EUR,1,0,Competitor - Power Automate,,ws_019720,,2025-12-21
006O0001883,Altogrid - New Business,001A007335,New Business,Inbound,005A0015,2025-11-15,2026-01-24,Closed Lost,Omitted,55100.00,USD,1,0,Competitor - Make,Make,ws_014959,,2026-01-26
006O0001884,Junosys - New Business,001A008475,New Business,Marketing (MQL),005A0004,2025-11-15,2026-01-08,Closed Lost,Omitted,30700.00,GBP,1,0,Unresponsive,,,,2026-01-13
006O0001885,Vexworks - New Business,001A005260,New Business,Product-led (PQL),005A0021,2025-11-16,2026-02-01,Closed Lost,Omitted,16900.00,USD,1,0,Timing,,ws_004301,,2026-02-07
006O0001886,Bramline - New Business,001A000421,New Business,Product-led (PQL),005A0002,2025-11-16,2026-01-01,Closed Won,Closed,14000.00,EUR,1,1,,,ws_022495,,2026-01-11
006O0001887,Altolabs - New Business,001A004960,New Business,Inbound,005A0002,2025-11-16,2026-04-30,Closed Lost,Omitted,6100.00,EUR,1,0,Competitor - Make,,ws_019275,,2026-05-07
006O0001888,Evogrid - New Business,001A007828,New Business,Marketing (MQL),005A0013,2025-11-16,2026-02-26,Closed Won,Closed,52600.00,USD,1,1,,,,,2026-02-27
006O0001889,Xenobridge - New Business,001A007816,New Business,Marketing (MQL),005A0006,2025-11-16,2026-03-06,Closed Lost,Omitted,32200.00,EUR,1,0,Competitor - Power Automate,,,,2026-03-09
006O0001890,Bramworks - New Business,001A007620,New Business,Product-led (PQL),005A0011,2025-11-17,2026-01-30,Closed Lost,Omitted,92300.00,EUR,1,0,Chose self-hosted Community edition,Custom scripts,ws_006228,,2026-02-04
006O0001891,Quarfield - New Business,001A003237,New Business,Product-led (PQL),005A0003,2025-11-17,2026-04-19,Closed Lost,Omitted,174800.00,GBP,1,0,Competitor - Workato,,ws_018482,,2026-04-26
006O0001892,Umbravik - New Business,001A005576,New Business,Product-led (PQL),005A0015,2025-11-17,2026-01-28,Closed Lost,Omitted,34600.00,USD,1,0,Chose self-hosted Community edition,,ws_021632,,2026-01-29
006O0001893,Fjelcore - New Business,001A004775,New Business,Product-led (PQL),005A0002,2025-11-17,2025-12-24,Closed Won,Closed,15400.00,EUR,1,1,,Zapier,ws_007385,,2025-12-25
006O0001894,Bramtech - New Business,001A005368,New Business,Product-led (PQL),005A0013,2025-11-17,2026-01-07,Closed Won,Closed,13600.00,USD,1,1,,Make,ws_022492,,2026-01-10
006O0001895,Runelogic - New Business,001A006717,New Business,Inbound,005A0021,2025-11-17,2026-02-28,Closed Lost,Omitted,19700.00,USD,1,0,,,ws_010496,,2026-03-04
006O0001896,Mosapath - New Business,001A004949,New Business,Inbound,005A0013,2025-11-17,2025-12-05,Closed Lost,Omitted,19200.00,USD,1,0,Security / compliance review,,ws_012726,,2025-12-05
006O0001897,Bramstack - New Business,001A003738,New Business,Product-led (PQL),005A0021,2025-11-18,2025-12-06,Closed Won,Closed,8600.00,USD,1,1,,,ws_001693,,2025-12-16
006O0001898,Ciravik - New Business,001A005468,New Business,Product-led (PQL),005A0006,2025-11-18,2026-01-10,Closed Won,Closed,39500.00,EUR,1,1,,,ws_003763,,2026-01-11
006O0001899,Oriocore - New Business,001A003023,New Business,Product-led (PQL),005A0019,2025-11-18,2026-02-25,Closed Lost,Omitted,336200.00,USD,1,0,Champion left,,ws_008476,,2026-03-05
006O0001900,Fjelpoint - New Business,001A008815,New Business,Product-led (PQL),005A0010,2025-11-18,2026-01-04,Closed Won,Closed,20000.00,EUR,1,1,,,ws_022573,,2026-01-13
006O0001901,Straflow - New Business,001A008721,New Business,Inbound,005A0006,2025-11-18,2026-04-25,Closed Won,Closed,22400.00,EUR,1,1,,,ws_001804,,2026-04-27
006O0001902,Altomark - New Business,001A008429,New Business,Marketing (MQL),005A0021,2025-11-18,2026-03-26,Closed Lost,Omitted,12700.00,USD,1,0,,Custom scripts,,,2026-04-04
006O0001903,Asterbridge - New Business,001A004598,New Business,Product-led (PQL),005A0009,2025-11-19,2025-12-27,Closed Lost,Omitted,22300.00,EUR,1,0,Competitor - Make,Make,ws_020559,,2025-12-31
006O0001904,Stragrid - New Business,001A001243,New Business,Product-led (PQL),005A0000,2025-11-19,2026-01-18,Closed Lost,Omitted,106800.00,EUR,1,0,Competitor - Zapier,Workato,ws_010924,,2026-01-22
006O0001905,Evoworks - New Business,001A001604,New Business,Outbound,005A0005,2025-11-19,2026-02-28,Closed Lost,Omitted,14300.00,GBP,1,0,Price / budget,Make,,,2026-03-10
006O0001906,Granstack - New Business,001A007833,New Business,Outbound,005A0014,2025-11-19,2025-12-28,Closed Lost,Omitted,12200.00,USD,1,0,Competitor - Make,Make,,,2026-01-05
006O0001907,Lumopoint - New Business,001A005635,New Business,Product-led (PQL),005A0021,2025-11-20,2025-12-23,Closed Lost,Omitted,6500.00,USD,1,0,Competitor - Zapier,,ws_004782,,2025-12-25
006O0001908,Quartech - New Business,001A008869,New Business,Product-led (PQL),005A0013,2025-11-20,2026-01-13,Closed Lost,Omitted,20500.00,USD,1,0,Price / budget,,ws_000181,,2026-01-18
006O0001909,Ivennet - New Business,001A005850,New Business,Product-led (PQL),005A0015,2025-11-20,2026-04-24,Closed Lost,Omitted,54300.00,USD,1,0,Champion left,Tray.io,ws_004152,,2026-05-04
006O0001910,Miraline - New Business,001A004061,New Business,Product-led (PQL),005A0013,2025-11-20,2026-03-02,Closed Lost,Omitted,17200.00,USD,1,0,Missing feature / integration,,ws_013960,,2026-03-06
006O0001911,Opalline - New Business,001A007300,New Business,Inbound,005A0009,2025-11-20,2026-04-15,Closed Lost,Omitted,46600.00,EUR,1,0,Timing,,ws_000340,,2026-04-18
006O0001912,Zephfield - New Business,001A005235,New Business,Inbound,005A0014,2025-11-20,2025-12-22,Closed Won,Closed,39900.00,USD,1,1,,,ws_004445,,2025-12-24
006O0001913,Lumomark - New Business,001A005603,New Business,Inbound,005A0015,2025-11-20,2026-03-25,Closed Lost,Omitted,5400.00,USD,1,0,,Zapier,ws_021491,,2026-03-29
006O0001914,Deltalabs - New Business,001A006253,New Business,Marketing (MQL),005A0010,2025-11-20,2026-02-21,Closed Lost,Omitted,16300.00,EUR,1,0,Chose self-hosted Community edition,,,,2026-03-01
006O0001915,Solvsys - New Business,001A005616,New Business,Marketing (MQL),005A0010,2025-11-21,2026-01-03,Closed Lost,Omitted,16800.00,EUR,1,0,Missing feature / integration,,,,2026-01-08
006O0001916,Piralabs - New Business,001A000216,New Business,Partner,005A0024,2025-11-21,2025-12-22,Closed Lost,Omitted,16800.00,EUR,1,0,,,,,2025-12-26
006O0001917,Wendwave - New Business,001A006957,New Business,Product-led (PQL),005A0008,2025-11-22,2025-12-25,Closed Lost,Omitted,13200.00,EUR,1,0,Competitor - Zapier,,ws_008899,,2025-12-26
006O0001918,Opalvik - New Business,001A001156,New Business,Partner,005A0024,2025-11-22,2026-04-11,Closed Lost,Omitted,8200.00,EUR,1,0,,,,,2026-04-16
006O0001919,Ivensys - New Business,001A002509,New Business,Product-led (PQL),005A0013,2025-11-23,2026-01-22,Closed Lost,Omitted,24600.00,USD,1,0,Competitor - Power Automate,Power Automate,ws_001148,,2026-01-26
006O0001920,Boreafield - New Business,001A006273,New Business,Product-led (PQL),005A0024,2025-11-23,2026-02-13,Closed Lost,Omitted,37400.00,EUR,1,0,Competitor - Power Automate,,ws_008377,,2026-02-14
006O0001921,Wendpoint - New Business,001A007543,New Business,,005A0015,2025-11-23,2026-02-23,Closed Lost,Omitted,206200.00,USD,1,0,Competitor - Workato,,ws_010633,,2026-03-01
006O0001922,Umbranet - New Business,001A006171,New Business,,005A0010,2025-11-23,2025-12-28,Closed Lost,Omitted,17200.00,EUR,1,0,,,ws_021058,,2025-12-29
006O0001923,Evobridge - New Business,001A002783,New Business,Product-led (PQL),005A0011,2025-11-23,2026-03-30,Closed Lost,Omitted,77100.00,EUR,1,0,Missing feature / integration,Make,ws_021825,,2026-04-06
006O0001924,Oriocore - New Business,001A004638,New Business,Product-led (PQL),005A0002,2025-11-23,2026-03-14,Closed Lost,Omitted,45300.00,EUR,1,0,Timing,,ws_022005,,2026-03-23
006O0001925,Ternwave - New Business,001A001519,New Business,Inbound,005A0005,2025-11-23,2026-03-21,Closed Lost,Omitted,7100.00,GBP,1,0,Other,Power Automate,ws_022096,,2026-03-28
006O0001926,Stragrid - New Business,001A006698,New Business,Product-led (PQL),005A0013,2025-11-24,2026-02-13,Closed Lost,Omitted,43500.00,USD,1,0,Competitor - Power Automate,Power Automate,ws_011102,,2026-02-18
006O0001927,Lumowave - New Business,001A005754,New Business,Product-led (PQL),005A0002,2025-11-24,2025-12-27,Closed Lost,Omitted,17000.00,EUR,1,0,Chose self-hosted Community edition,,ws_012957,,2025-12-31
006O0001928,Nordline - New Business,001A007751,New Business,Product-led (PQL),005A0004,2025-11-24,2025-12-28,Closed Lost,Omitted,35900.00,GBP,1,0,Competitor - Workato,,ws_015129,,2025-12-28
006O0001929,Opalnet - New Business,001A004301,New Business,Product-led (PQL),005A0012,2025-11-24,2026-04-28,Closed Lost,Omitted,85500.00,USD,1,0,Security / compliance review,,ws_016183,,2026-05-08
006O0001930,Verastack - New Business,001A003247,New Business,,005A0013,2025-11-24,2026-01-09,Closed Lost,Omitted,52500.00,USD,1,0,Competitor - Zapier,,ws_017022,,2026-01-15
006O0001931,Lyrafield - New Business,001A002529,New Business,Inbound,005A0019,2025-11-24,2026-03-06,Closed Won,Closed,60000.00,USD,1,1,,,ws_022219,,2026-03-15
006O0001932,Ternpoint - New Business,001A004589,New Business,Marketing (MQL),005A0016,2025-11-24,2026-10-03,5 - Negotiation,Commit,48200.00,USD,0,0,,,,Send proposal,2026-09-02
006O0001933,Valibridge - New Business,001A005332,New Business,Product-led (PQL),005A0005,2025-11-25,2026-02-04,Closed Lost,Omitted,8800.00,GBP,1,0,Competitor - Make,,ws_010679,,2026-02-11
006O0001934,Asterstack - New Business,001A003489,New Business,Product-led (PQL),005A0006,2025-11-25,2026-02-10,Closed Won,Closed,34400.00,EUR,1,1,,Workato,ws_011428,,2026-02-18
006O0001935,Mosalabs - New Business,001A006664,New Business,Product-led (PQL),005A0004,2025-11-25,2026-01-04,Closed Lost,Omitted,57800.00,GBP,1,0,Unresponsive,,ws_013192,,2026-01-07
006O0001936,Umbrafield - New Business,001A008002,New Business,Product-led (PQL),005A0005,2025-11-25,2025-12-15,Closed Won,Closed,16200.00,GBP,1,1,,Tray.io,ws_016917,,2025-12-19
006O0001937,Runeflow - New Business,001A000266,New Business,Product-led (PQL),005A0003,2025-11-25,2026-02-10,Closed Won,Closed,184400.00,GBP,1,1,,,ws_020863,,2026-02-16
006O0001938,Quarmark - New Business,001A006196,New Business,Inbound,005A0013,2025-11-25,2026-01-16,Closed Won,Closed,76400.00,USD,1,1,,,ws_001928,,2026-01-24
006O0001939,Altologic - New Business,001A003493,New Business,Marketing (MQL),005A0013,2025-11-25,2026-01-25,Closed Lost,Omitted,12400.00,USD,1,0,Competitor - Make,,,,2026-02-03
006O0001940,Vexpoint - New Business,001A002095,New Business,Product-led (PQL),005A0010,2025-11-26,2026-03-13,Closed Lost,Omitted,10500.00,EUR,1,0,Price / budget,,ws_003391,,2026-03-22
006O0001941,Vexsys - New Business,001A006747,New Business,Product-led (PQL),005A0008,2025-11-27,2026-05-08,Closed Lost,Omitted,38200.00,EUR,1,0,Chose self-hosted Community edition,,ws_017068,,2026-05-10
006O0001942,Mosaware - New Business,001A000577,New Business,Inbound,005A0013,2025-11-27,2026-06-08,Closed Lost,Omitted,51700.00,USD,1,0,Chose self-hosted Community edition,,ws_008946,,2026-06-14
006O0001943,Bramfield - New Business,001A008752,New Business,Product-led (PQL),005A0014,2025-11-28,2025-12-15,Closed Won,Closed,3500.00,USD,1,1,,Custom scripts,ws_000035,,2025-12-26
006O0001944,Deltavik - New Business,001A000793,New Business,Product-led (PQL),005A0024,2025-11-28,2025-12-25,Closed Won,Closed,14900.00,EUR,1,1,,Power Automate,ws_015510,,2025-12-28
006O0001945,Veravik - New Business,001A002004,New Business,Product-led (PQL),005A0017,2025-11-28,2026-02-05,Closed Lost,Omitted,31900.00,EUR,1,0,Champion left,,ws_016868,,2026-02-12
006O0001946,Valimark - New Business,001A007969,New Business,Product-led (PQL),005A0017,2025-11-28,2026-06-18,Closed Lost,Omitted,30400.00,EUR,1,0,No decision / status quo,Tray.io,ws_017106,,2026-06-23
006O0001947,Valiworks - New Business,001A005174,New Business,Product-led (PQL),005A0024,2025-11-28,2026-01-28,Closed Lost,Omitted,4500.00,EUR,1,0,Champion left,Workato,ws_020710,,2026-02-02
006O0001948,Quartech - New Business,001A005954,New Business,Product-led (PQL),005A0009,2025-11-28,2026-01-22,Closed Won,Closed,80300.00,EUR,1,1,,,ws_022195,,2026-01-28
006O0001949,Lyrabridge - New Business,001A000043,New Business,Inbound,005A0009,2025-11-28,2026-01-13,Closed Lost,Omitted,23200.00,EUR,1,0,No decision / status quo,Workato,ws_001635,,2026-01-13
006O0001950,Kestcore - New Business,001A002127,New Business,Marketing (MQL),005A0009,2025-11-28,2026-03-05,Closed Lost,Omitted,0.00,EUR,1,0,Security / compliance review,,,,2026-03-06
006O0001951,Xenolabs - New Business,001A008193,New Business,Product-led (PQL),005A0015,2025-11-29,2025-12-29,Closed Lost,Omitted,30400.00,USD,1,0,Competitor - Workato,,ws_012066,,2025-12-31
006O0001952,Boreafield - New Business,001A008059,New Business,Product-led (PQL),005A0016,2025-11-29,2026-01-14,Closed Lost,Omitted,43600.00,USD,1,0,Missing feature / integration,Make,ws_013635,,2026-01-20
006O0001953,Lyrapoint - New Business,001A007123,New Business,Inbound,005A0016,2025-11-29,2026-01-12,Closed Lost,Omitted,10100.00,USD,1,0,Unresponsive,Workato,ws_000141,,2026-01-21
006O0001954,Ternlogic - New Business,001A008316,New Business,Inbound,005A0015,2025-11-29,2025-12-31,Closed Lost,Omitted,20800.00,USD,1,0,Timing,,ws_013435,,2026-01-07
006O0001955,Strafield - New Business,001A003376,New Business,,005A0024,2025-11-29,2026-02-07,Closed Lost,Omitted,3200.00,EUR,1,0,Timing,,,,2026-02-08
006O0001956,Kestsys - New Business,001A007881,New Business,Marketing (MQL),005A0002,2025-11-29,2026-01-21,Closed Lost,Omitted,6200.00,EUR,1,0,Security / compliance review,,,,2026-01-28
006O0001957,Solvpoint - New Business,001A004845,New Business,Marketing (MQL),005A0004,2025-11-29,2026-02-12,Closed Won,Closed,94200.00,EUR,1,1,,,,,2026-02-12
006O0001958,Briopoint - New Business,001A007320,New Business,Outbound,005A0017,2025-11-29,2026-02-05,Closed Lost,Omitted,23400.00,EUR,1,0,Competitor - Power Automate,,,,2026-02-07
006O0001959,Umbraworks - New Business,001A005445,New Business,Product-led (PQL),005A0005,2025-11-30,2026-01-03,Closed Won,Closed,9800.00,GBP,1,1,,,ws_001747,,2026-01-08
006O0001960,Runewave - New Business,001A000571,New Business,Inbound,005A0014,2025-11-30,2025-12-05,Closed Lost,Omitted,9800.00,USD,1,0,Missing feature / integration,,ws_023076,,2025-12-12
006O0001961,Lyrapoint - New Business,001A003092,New Business,Product-led (PQL),005A0013,2025-12-01,2026-03-23,Closed Lost,Omitted,24100.00,USD,1,0,,,ws_006263,,2026-03-27
006O0001962,Sellawave - New Business,001A006165,New Business,Product-led (PQL),005A0014,2025-12-01,2026-05-03,Closed Lost,Omitted,12200.00,USD,1,0,Chose self-hosted Community edition,Custom scripts,ws_012742,,2026-05-09
006O0001963,Nordsys - New Business,001A004100,New Business,Product-led (PQL),005A0005,2025-12-01,2026-01-03,Closed Won,Closed,19400.00,EUR,1,1,,,ws_018197,,2026-01-06
006O0001964,Straflow - New Business,001A005414,New Business,Marketing (MQL),005A0021,2025-12-01,2026-05-01,Closed Lost,Omitted,7100.00,USD,1,0,Price / budget,,,,2026-05-05
006O0001965,Ivengrid - New Business,001A007972,New Business,Marketing (MQL),005A0006,2025-12-01,2026-05-18,Closed Lost,Omitted,50200.00,EUR,1,0,Timing,,,,2026-05-25
006O0001966,Altoline - New Business,001A005671,New Business,Partner,005A0016,2025-12-01,2025-12-26,Closed Lost,Omitted,21000.00,USD,1,0,Chose self-hosted Community edition,,,,2025-12-31
006O0001967,Fjellabs - New Business,001A000889,New Business,Product-led (PQL),005A0013,2025-12-02,2026-02-27,Closed Lost,Omitted,42800.00,USD,1,0,,Make,ws_015791,,2026-03-08
006O0001968,Yarastack - New Business,001A006266,New Business,Inbound,005A0017,2025-12-02,2026-01-23,Closed Won,Closed,49600.00,EUR,1,1,,Tray.io,ws_011724,,2026-01-31
006O0001969,Ivencore - New Business,001A007261,New Business,Inbound,005A0014,2025-12-02,2026-05-06,Closed Lost,Omitted,20100.00,USD,1,0,Chose self-hosted Community edition,Power Automate,ws_012720,,2026-05-11
006O0001970,Korawave - New Business,001A007264,New Business,Product-led (PQL),005A0014,2025-12-03,2026-01-01,Closed Lost,Omitted,12400.00,USD,1,0,Unresponsive,,ws_006960,,2026-01-04
006O0001971,Norddata - New Business,001A007921,New Business,Product-led (PQL),005A0006,2025-12-03,2026-02-07,Closed Won,Closed,43000.00,EUR,1,1,,,ws_020431,,2026-02-16
006O0001972,Ivenbridge - New Business,001A008932,New Business,Inbound,005A0002,2025-12-03,2026-01-01,Closed Lost,Omitted,21100.00,EUR,1,0,Missing feature / integration,,ws_000272,,2026-01-10
006O0001973,Runevik - New Business,001A007905,New Business,Marketing (MQL),005A0000,2025-12-03,2026-03-07,Closed Lost,Omitted,165400.00,EUR,1,0,Price / budget,,,,2026-03-11
006O0001974,Junocore - New Business,001A001167,New Business,Marketing (MQL),005A0007,2025-12-03,2026-10-09,5 - Negotiation,Commit,117100.00,EUR,0,0,,Make,,Follow up,2026-09-21
006O0001975,Quarstack - New Business,001A003710,New Business,Inbound,005A0016,2025-12-04,2026-03-22,Closed Won,Closed,73000.00,USD,1,1,,Custom scripts,ws_016989,,2026-03-22
006O0001976,Lyrapoint - New Business,001A002986,New Business,Inbound,005A0002,2025-12-04,2025-12-24,Closed Won,Closed,10600.00,EUR,1,1,,Make,ws_017811,,2025-12-26
006O0001977,Yaranet - New Business,001A003385,New Business,Inbound,005A0014,2025-12-04,2026-02-23,Closed Lost,Omitted,15100.00,USD,1,0,Chose self-hosted Community edition,,ws_020404,,2026-02-25
006O0001978,Veragrid - New Business,001A000534,New Business,Marketing (MQL),005A0000,2025-12-04,2026-03-07,Closed Won,Closed,223100.00,EUR,1,1,,,,,2026-03-09
006O0001979,Asterware - New Business,001A000174,New Business,Product-led (PQL),005A0017,2025-12-05,2026-02-10,Closed Won,Closed,32900.00,EUR,1,1,,,ws_000294,,2026-02-16
006O0001980,Runenet - New Business,001A002540,New Business,Marketing (MQL),005A0006,2025-12-05,2026-02-28,Closed Lost,Omitted,126600.00,EUR,1,0,Competitor - Power Automate,Zapier,,,2026-03-07
006O0001981,Veratech - New Business,001A005012,New Business,Outbound,005A0005,2025-12-05,2026-04-01,Closed Lost,Omitted,10100.00,GBP,1,0,Competitor - Make,Make,,,2026-04-03
006O0001982,Altotech - New Business,001A005680,New Business,Product-led (PQL),005A0016,2025-12-06,2026-02-20,Closed Lost,Omitted,20500.00,USD,1,0,Unresponsive,Zapier,ws_008758,,2026-02-25
006O0001983,Briocore - New Business,001A006344,New Business,Product-led (PQL),005A0020,2025-12-06,2026-04-15,Closed Lost,Omitted,30600.00,GBP,1,0,Chose self-hosted Community edition,,ws_009531,,2026-04-23
006O0001984,Granlabs - New Business,001A003915,New Business,Product-led (PQL),005A0009,2025-12-06,2026-02-16,Closed Lost,Omitted,37200.00,EUR,1,0,Missing feature / integration,Zapier,ws_020622,,2026-02-18
006O0001985,Halopath - New Business,001A002639,New Business,,005A0020,2025-12-06,2026-01-06,Closed Won,Closed,30400.00,GBP,1,1,,,ws_021610,,2026-01-16
006O0001986,Boreadata - New Business,001A003123,New Business,Product-led (PQL),005A0010,2025-12-07,2025-12-14,Closed Lost,Omitted,13400.00,EUR,1,0,Competitor - Power Automate,,ws_010874,,2025-12-15
006O0001987,Ternsys - New Business,001A004732,New Business,Product-led (PQL),005A0010,2025-12-07,2026-05-25,Closed Lost,Omitted,32800.00,EUR,1,0,Chose self-hosted Community edition,,ws_012217,,2026-05-27
006O0001988,Kestflow - New Business,001A001640,New Business,Product-led (PQL),005A0013,2025-12-07,2026-03-29,Closed Lost,Omitted,55200.00,USD,1,0,No decision / status quo,,ws_016701,,2026-03-30
006O0001989,Terncore - New Business,001A000719,New Business,Inbound,005A0015,2025-12-07,2025-12-21,Closed Lost,Omitted,139600.00,USD,1,0,Competitor - Power Automate,Power Automate,ws_007737,,2025-12-26
006O0001990,Fjelpath - New Business,001A004355,New Business,Inbound,005A0013,2025-12-07,2026-03-17,Closed Won,Closed,67900.00,USD,1,1,,Power Automate,ws_021941,,2026-03-22
006O0001991,Valiware - New Business,001A005398,New Business,Marketing (MQL),005A0021,2025-12-07,2026-01-08,Closed Lost,Omitted,8500.00,USD,1,0,,,,,2026-01-16
006O0001992,Runepoint - New Business,001A004342,New Business,Marketing (MQL),005A0013,2025-12-07,2026-03-21,Closed Lost,Omitted,24500.00,USD,1,0,Champion left,Power Automate,,,2026-03-25
006O0001993,Altonet - New Business,001A008535,New Business,Product-led (PQL),005A0005,2025-12-08,2026-06-04,Closed Lost,Omitted,4600.00,GBP,1,0,Timing,Power Automate,ws_021297,,2026-06-12
006O0001994,Umbrapoint - New Business,001A000484,New Business,Inbound,005A0024,2025-12-08,2026-02-15,Closed Lost,Omitted,16700.00,EUR,1,0,Chose self-hosted Community edition,,ws_010990,,2026-02-21
006O0001995,Yaraflow - New Business,001A002634,New Business,Product-led (PQL),005A0008,2025-12-09,2026-01-18,Closed Won,Closed,20900.00,EUR,1,1,,,ws_000132,,2026-01-27
006O0001996,Vexsys - New Business,001A004702,New Business,Product-led (PQL),005A0010,2025-12-09,2025-12-18,Closed Lost,Omitted,20400.00,EUR,1,0,Chose self-hosted Community edition,Zapier,ws_006925,,2025-12-25
006O0001997,Ivengrid - New Business,001A004576,New Business,Product-led (PQL),005A0013,2025-12-09,2025-12-20,Closed Lost,Omitted,49400.00,USD,1,0,Competitor - Make,Power Automate,ws_023922,,2025-12-29
006O0001998,Boreagrid - New Business,001A005866,New Business,Inbound,005A0013,2025-12-09,2026-01-19,Closed Lost,Omitted,102700.00,USD,1,0,Champion left,Power Automate,ws_020289,,2026-01-29
006O0001999,Nordnet - New Business,001A007195,New Business,Product-led (PQL),005A0015,2025-12-10,2026-03-03,Closed Lost,Omitted,18000.00,USD,1,0,Champion left,,ws_007950,,2026-03-12
006O0002000,Ivennet - New Business,001A008906,New Business,Product-led (PQL),005A0009,2025-12-10,2026-01-25,Closed Won,Closed,30300.00,EUR,1,1,,Make,ws_012369,,2026-01-26
006O0002001,Solvpoint - New Business,001A004202,New Business,Product-led (PQL),005A0002,2025-12-10,2026-01-08,Closed Won,Closed,22200.00,EUR,1,1,,,ws_016608,,2026-01-12
006O0002002,Opalvik - New Business,001A001515,New Business,Product-led (PQL),005A0020,2025-12-10,2026-02-20,Closed Lost,Omitted,31400.00,GBP,1,0,Price / budget,,ws_022825,,2026-02-28
006O0002003,Yaraline - New Business,001A004361,New Business,Product-led (PQL),005A0006,2025-12-10,2026-08-29,Closed Lost,Omitted,72800.00,EUR,1,0,Missing feature / integration,,ws_005014,,2026-09-01
006O0002004,Miraware - New Business,001A002196,New Business,Inbound,005A0017,2025-12-10,2026-05-01,Closed Lost,Omitted,24000.00,EUR,1,0,Timing,,ws_001030,,2026-05-01
006O0002005,Halofield - New Business,001A000059,New Business,Inbound,005A0017,2025-12-10,2026-01-31,Closed Won,Closed,20500.00,EUR,1,1,,Power Automate,ws_000915,,2026-02-05
006O0002006,Boreanet - New Business,001A001793,New Business,Product-led (PQL),005A0013,2025-12-11,2026-06-12,Closed Lost,Omitted,37600.00,USD,1,0,,Workato,ws_017988,,2026-06-16
006O0002007,Piraflow - New Business,001A000304,New Business,Inbound,005A0014,2025-12-11,2026-01-03,Closed Won,Closed,12200.00,USD,1,1,,Workato,ws_002498,,2026-01-04
006O0002008,Opalworks - New Business,001A004776,New Business,Inbound,005A0010,2025-12-11,2026-04-06,Closed Lost,Omitted,26400.00,EUR,1,0,Missing feature / integration,Custom scripts,ws_019436,,2026-04-16
006O0002009,Veravik - New Business,001A008190,New Business,,005A0012,2025-12-11,2026-01-19,Closed Lost,Omitted,130100.00,USD,1,0,Security / compliance review,,,,2026-01-21
006O0002010,Valiwave - New Business,001A000132,New Business,Product-led (PQL),005A0013,2025-12-12,2026-02-08,Closed Won,Closed,79100.00,USD,1,1,,,ws_011239,,2026-02-08
006O0002011,Strawave - New Business,001A003272,New Business,Product-led (PQL),005A0013,2025-12-12,2026-03-08,Closed Lost,Omitted,79800.00,USD,1,0,Competitor - Power Automate,,ws_021039,,2026-03-09
006O0002012,Wendmark - New Business,001A001414,New Business,Inbound,005A0017,2025-12-12,2026-04-08,Closed Lost,Omitted,171500.00,EUR,1,0,Price / budget,,ws_001592,,2026-04-12
006O0002013,Vextech - New Business,001A003679,New Business,Marketing (MQL),005A0017,2025-12-12,2026-02-10,Closed Lost,Omitted,23100.00,EUR,1,0,Competitor - Zapier,Zapier,,,2026-02-18
006O0002014,Mirapoint - New Business,001A006812,New Business,Product-led (PQL),005A0009,2025-12-13,2026-04-11,Closed Lost,Omitted,68000.00,EUR,1,0,No decision / status quo,,ws_009837,,2026-04-13
006O0002015,Asterpath - New Business,001A006279,New Business,Product-led (PQL),005A0017,2025-12-13,2026-03-27,Closed Won,Closed,16700.00,EUR,1,1,,Zapier,ws_012978,,2026-04-01
006O0002016,Valimark - New Business,001A003029,New Business,Product-led (PQL),005A0008,2025-12-13,2026-03-10,Closed Lost,Omitted,9500.00,EUR,1,0,Chose self-hosted Community edition,Make,ws_013274,,2026-03-12
006O0002017,Umbrapath - New Business,001A004112,New Business,Product-led (PQL),005A0013,2025-12-13,2026-02-12,Closed Won,Closed,55600.00,USD,1,1,,Make,ws_019417,,2026-02-20
006O0002018,Altoflow - New Business,001A001287,New Business,Product-led (PQL),005A0009,2025-12-13,2026-02-10,Closed Lost,Omitted,19000.00,EUR,1,0,Missing feature / integration,Zapier,ws_020657,,2026-02-15
006O0002019,Verastack - New Business,001A006042,New Business,Inbound,005A0019,2025-12-13,2026-03-30,Closed Lost,Omitted,243900.00,USD,1,0,Unresponsive,Zapier,ws_006436,,2026-04-03
006O0002020,Briologic - New Business,001A006419,New Business,Product-led (PQL),005A0021,2025-12-14,2026-01-01,Closed Won,Closed,18100.00,USD,1,1,,,ws_021426,,2026-01-02
006O0002021,Evoware - New Business,001A007329,New Business,Product-led (PQL),005A0010,2025-12-14,2026-01-05,Closed Won,Closed,25200.00,EUR,1,1,,,ws_001000,,2026-01-09
006O0002022,Altonet - New Business,001A004709,New Business,Product-led (PQL),005A0010,2025-12-14,2026-03-14,Closed Lost,Omitted,28900.00,EUR,1,0,Missing feature / integration,Power Automate,ws_005394,,2026-03-21
006O0002023,Yaraflow - New Business,001A005872,New Business,Product-led (PQL),005A0024,2025-12-14,2026-02-02,Closed Won,Closed,21400.00,EUR,1,1,,,ws_005453,,2026-02-12
006O0002024,Altovik - New Business,001A002759,New Business,Product-led (PQL),005A0006,2025-12-15,2025-12-30,Closed Lost,Omitted,102700.00,EUR,1,0,Missing feature / integration,Tray.io,ws_003106,,2026-01-04
006O0002025,Deltadata - New Business,001A006681,New Business,Product-led (PQL),005A0016,2025-12-15,2026-05-25,Closed Lost,Omitted,11400.00,USD,1,0,Missing feature / integration,Custom scripts,ws_014975,,2026-05-27
006O0002026,Mosaflow - New Business,001A003875,New Business,Product-led (PQL),005A0011,2025-12-15,2026-03-29,Closed Lost,Omitted,134300.00,EUR,1,0,Other,Custom scripts,ws_021066,,2026-04-01
006O0002027,Vextech - New Business,001A001119,New Business,Marketing (MQL),005A0016,2025-12-15,2026-01-24,Closed Lost,Omitted,13700.00,USD,1,0,Chose self-hosted Community edition,,,,2026-01-25
006O0002028,Miraware - New Business,001A001673,New Business,Marketing (MQL),005A0002,2025-12-15,2026-01-06,Closed Lost,Omitted,6300.00,EUR,1,0,Unresponsive,,,,2026-01-14
006O0002029,Quarbridge - New Business,001A006577,New Business,Outbound,005A0021,2025-12-15,2026-05-11,Closed Lost,Omitted,33100.00,USD,1,0,Chose self-hosted Community edition,,,,2026-05-14
006O0002030,Deltapath - New Business,001A000579,New Business,Product-led (PQL),005A0009,2025-12-17,2026-04-06,Closed Lost,Omitted,48400.00,EUR,1,0,Competitor - Power Automate,Zapier,ws_014604,,2026-04-14
006O0002031,Quarlabs - New Business,001A007067,New Business,Product-led (PQL),005A0015,2025-12-17,2026-03-19,Closed Lost,Omitted,14800.00,USD,1,0,Chose self-hosted Community edition,Power Automate,ws_010687,,2026-03-27
006O0002032,Briowave - New Business,001A002907,New Business,Product-led (PQL),005A0024,2025-12-17,2026-01-17,Closed Won,Closed,,EUR,1,1,,Make,ws_017569,,2026-01-19
006O0002033,Ciravik - New Business,001A008032,New Business,Product-led (PQL),005A0013,2025-12-17,2026-03-08,Closed Lost,Omitted,44700.00,USD,1,0,Timing,Custom scripts,ws_023647,,2026-03-17
006O0002034,Sellatech - New Business,001A004637,New Business,Marketing (MQL),005A0021,2025-12-17,2026-01-30,Closed Lost,Omitted,9300.00,USD,1,0,No decision / status quo,,,,2026-02-01
006O0002035,Strastack - New Business,001A008618,New Business,Marketing (MQL),005A0002,2025-12-17,2026-03-06,Closed Lost,Omitted,9400.00,EUR,1,0,Timing,,,,2026-03-09
006O0002036,Fjelstack - New Business,001A000053,New Business,Product-led (PQL),005A0013,2025-12-18,2026-05-25,Closed Lost,Omitted,127300.00,USD,1,0,Timing,,ws_015884,,2026-05-28
006O0002037,Lumolabs - New Business,001A007861,New Business,Product-led (PQL),005A0017,2025-12-18,2026-04-08,Closed Won,Closed,21700.00,EUR,1,1,,,ws_012226,,2026-04-14
006O0002038,Fjellabs - New Business,001A002721,New Business,Inbound,005A0013,2025-12-18,2026-01-07,Closed Lost,Omitted,32800.00,USD,1,0,Other,,ws_004175,,2026-01-11
006O0002039,Runepoint - New Business,001A005299,New Business,Inbound,005A0017,2025-12-18,2026-03-17,Closed Won,Closed,78600.00,EUR,1,1,,,ws_017776,,2026-03-27
006O0002040,Altodata - New Business,001A001752,New Business,Marketing (MQL),005A0016,2025-12-18,2026-02-25,Closed Lost,Omitted,22900.00,USD,1,0,Competitor - Power Automate,,,,2026-03-06
006O0002041,Zephline - New Business,001A007968,New Business,Marketing (MQL),005A0000,2025-12-18,2026-02-22,Closed Lost,Omitted,181400.00,EUR,1,0,Chose self-hosted Community edition,Zapier,,,2026-02-27
006O0002042,Miraware - New Business,001A002690,New Business,Outbound,005A0015,2025-12-18,2026-03-12,Closed Lost,Omitted,19600.00,USD,1,0,No decision / status quo,,,,2026-03-19
006O0002043,Lyrawave - New Business,001A003296,New Business,Product-led (PQL),005A0013,2025-12-19,2026-01-27,Closed Lost,Omitted,31300.00,USD,1,0,Other,Custom scripts,ws_001910,,2026-02-06
006O0002044,Ternpoint - New Business,001A006116,New Business,Product-led (PQL),005A0006,2025-12-19,2026-02-14,Closed Won,Closed,139100.00,EUR,1,1,,Power Automate,ws_002465,,2026-02-18
006O0002045,Vexlabs - New Business,001A006935,New Business,Product-led (PQL),005A0014,2025-12-19,2026-02-28,Closed Lost,Omitted,22700.00,USD,1,0,Competitor - Make,Make,ws_000642,,2026-03-05
006O0002046,Granworks - New Business,001A000223,New Business,Product-led (PQL),005A0015,2025-12-19,2026-06-18,Closed Lost,Omitted,59800.00,USD,1,0,Unresponsive,,ws_019483,,2026-06-19
006O0002047,Oriostack - New Business,001A008803,New Business,Marketing (MQL),005A0005,2025-12-19,2026-01-13,Closed Won,Closed,9400.00,GBP,1,1,,Make,,,2026-01-19
006O0002048,Granwave - New Business,001A008035,New Business,Product-led (PQL),005A0016,2025-12-20,2026-01-01,Closed Lost,Omitted,32900.00,USD,1,0,Timing,,ws_020033,,2026-01-11
006O0002049,Piraflow - New Business,001A003674,New Business,Inbound,005A0021,2025-12-20,2026-01-15,Closed Lost,Omitted,13500.00,USD,1,0,Competitor - Make,,ws_020359,,2026-01-19
006O0002050,Wendpath - New Business,001A006398,New Business,Partner,005A0006,2025-12-20,2026-02-07,Closed Lost,Omitted,37100.00,EUR,1,0,Competitor - Workato,,,,2026-02-14
006O0002051,Umbraline - New Business,001A007579,New Business,Product-led (PQL),005A0006,2025-12-21,2026-05-08,Closed Lost,Omitted,44400.00,EUR,1,0,Chose self-hosted Community edition,,ws_006222,,2026-05-15
006O0002052,Lumofield - New Business,001A000152,New Business,Product-led (PQL),005A0017,2025-12-21,2026-03-07,Closed Won,Closed,40600.00,EUR,1,1,,,ws_018271,,2026-03-09
006O0002053,Boreacore - New Business,001A000470,New Business,Product-led (PQL),005A0008,2025-12-21,2026-01-26,Closed Won,Closed,11100.00,EUR,1,1,,,ws_022039,,2026-01-31
006O0002054,Ivendata - New Business,001A008470,New Business,Inbound,005A0009,2025-12-21,2026-01-27,Closed Lost,Omitted,14800.00,EUR,1,0,Competitor - Make,,ws_021398,,2026-01-31
006O0002055,Nordmark - New Business,001A003653,New Business,Product-led (PQL),005A0004,2025-12-22,2026-03-26,Closed Won,Closed,13100.00,GBP,1,1,,,ws_003302,,2026-04-04
006O0002056,Talaworks - New Business,001A007688,New Business,Product-led (PQL),005A0007,2025-12-22,2026-06-12,Closed Won,Closed,143200.00,EUR,1,1,,Custom scripts,ws_005510,,2026-06-16
006O0002057,Lyratech - New Business,001A002890,New Business,Product-led (PQL),005A0002,2025-12-22,2026-01-27,Closed Lost,Omitted,28400.00,EUR,1,0,Competitor - Power Automate,,ws_007328,,2026-02-01
006O0002058,Strastack - New Business,001A001157,New Business,Product-led (PQL),005A0002,2025-12-22,2026-01-19,Closed Won,Closed,8200.00,EUR,1,1,,,ws_019201,,2026-01-22
006O0002059,Piratech - New Business,001A000965,New Business,Marketing (MQL),005A0006,2025-12-22,2026-06-29,Closed Lost,Omitted,163300.00,EUR,1,0,Chose self-hosted Community edition,,,,2026-07-07
006O0002060,Wendvik - New Business,001A005037,New Business,Marketing (MQL),005A0017,2025-12-22,2026-02-27,Closed Lost,Omitted,47500.00,EUR,1,0,Price / budget,Power Automate,,,2026-03-04
006O0002061,Bramstack - New Business,001A000584,New Business,Marketing (MQL),005A0015,2025-12-22,2026-02-09,Closed Won,Closed,18400.00,USD,1,1,,Custom scripts,,,2026-02-16
006O0002062,Umbrastack - New Business,001A000426,New Business,Partner,005A0005,2025-12-22,2026-03-21,Closed Lost,Omitted,24000.00,GBP,1,0,Competitor - Zapier,,,,2026-03-30
006O0002063,Altopath - New Business,001A008712,New Business,Product-led (PQL),005A0013,2025-12-23,2026-02-02,Closed Lost,Omitted,59800.00,USD,1,0,Other,,ws_018327,,2026-02-08
006O0002064,Lumogrid - New Business,001A008677,New Business,Inbound,005A0021,2025-12-23,2026-02-10,Closed Won,Closed,22200.00,USD,1,1,,,ws_016802,,2026-02-18
006O0002065,Runecore - New Business,001A008854,New Business,Marketing (MQL),005A0008,2025-12-23,2026-02-05,Closed Won,Closed,12100.00,EUR,1,1,,,,,2026-02-10
006O0002066,Deltalabs - New Business,001A002179,New Business,Partner,005A0015,2025-12-23,2026-02-15,Closed Lost,Omitted,85300.00,USD,1,0,,Power Automate,,,2026-02-22
006O0002067,Stralogic - New Business,001A003450,New Business,Product-led (PQL),005A0021,2025-12-24,2026-04-11,Closed Lost,Omitted,14000.00,USD,1,0,Chose self-hosted Community edition,Zapier,ws_003378,,2026-04-14
006O0002068,Boreasys - New Business,001A000131,New Business,Product-led (PQL),005A0015,2025-12-24,2026-04-02,Closed Lost,Omitted,13100.00,USD,1,0,Unresponsive,,ws_007647,,2026-04-10
006O0002069,Deltadata - New Business,001A002521,New Business,Product-led (PQL),005A0021,2025-12-24,2026-02-15,Closed Lost,Omitted,21000.00,USD,1,0,Chose self-hosted Community edition,,ws_019970,,2026-02-18
006O0002070,Vexcore - New Business,001A000495,New Business,Inbound,005A0008,2025-12-24,2026-04-03,Closed Lost,Omitted,10600.00,EUR,1,0,Competitor - Zapier,,ws_016099,,2026-04-09
006O0002071,Ternstack - New Business,001A005185,New Business,Inbound,005A0016,2025-12-24,2026-02-07,Closed Won,Closed,15500.00,USD,1,1,,,ws_018525,,2026-02-13
006O0002072,Veraflow - New Business,001A005119,New Business,Marketing (MQL),005A0008,2025-12-25,2026-02-14,Closed Won,Closed,9000.00,EUR,1,1,,Workato,,,2026-02-16
006O0002073,Evobridge - New Business,001A003872,New Business,Product-led (PQL),005A0002,2025-12-26,2026-02-20,Closed Lost,Omitted,10600.00,EUR,1,0,Timing,,ws_008648,,2026-02-24
006O0002074,Grandata - New Business,001A002500,New Business,Product-led (PQL),005A0017,2025-12-26,2026-02-13,Closed Won,Closed,116500.00,EUR,1,1,,,ws_012838,,2026-02-18
006O0002075,Boreawave - New Business,001A007913,New Business,Product-led (PQL),005A0016,2025-12-26,2026-04-22,Closed Lost,Omitted,29900.00,USD,1,0,Chose self-hosted Community edition,,ws_015421,,2026-04-29
006O0002076,Haloflow - New Business,001A004510,New Business,Inbound,005A0012,2025-12-26,2026-02-04,Closed Lost,Omitted,236800.00,USD,1,0,Price / budget,,ws_010589,,2026-02-05
006O0002077,Altofield - New Business,001A005529,New Business,Inbound,005A0012,2025-12-26,2026-05-23,Closed Won,Closed,341600.00,USD,1,1,,Zapier,ws_011787,,2026-05-31
006O0002078,Talanet - New Business,001A004607,New Business,Marketing (MQL),005A0005,2025-12-26,2026-02-26,Closed Lost,Omitted,8000.00,GBP,1,0,Other,,,,2026-03-04
006O0002079,Mosalogic - New Business,001A002479,New Business,Marketing (MQL),005A0015,2025-12-26,2026-06-28,Closed Lost,Omitted,73200.00,USD,1,0,,Power Automate,,,2026-07-07
006O0002080,Veragrid - New Business,001A004178,New Business,Marketing (MQL),005A0021,2025-12-26,2026-03-23,Closed Lost,Omitted,13600.00,USD,1,0,No decision / status quo,Workato,,,2026-03-28
006O0002081,Junogrid - New Business,001A001731,New Business,Product-led (PQL),005A0017,2025-12-27,2026-03-04,Closed Won,Closed,31800.00,EUR,1,1,,,ws_003966,,2026-03-06
006O0002082,Ciralabs - New Business,001A003946,New Business,Product-led (PQL),005A0003,2025-12-27,2026-04-28,Closed Won,Closed,81100.00,GBP,1,1,,,ws_008839,,2026-05-08
006O0002083,Nordnet - New Business,001A002098,New Business,Product-led (PQL),005A0024,2025-12-27,2026-02-09,Closed Lost,Omitted,15500.00,EUR,1,0,Competitor - Zapier,,ws_009733,,2026-02-13
006O0002084,Deltavik - New Business,001A000804,New Business,Product-led (PQL),005A0002,2025-12-27,2026-04-23,Closed Lost,Omitted,39000.00,EUR,1,0,Competitor - Make,,ws_022091,,2026-04-28
006O0002085,Ternfield - New Business,001A001091,New Business,Inbound,005A0014,2025-12-27,2026-01-27,Closed Won,Closed,9000.00,USD,1,1,,Custom scripts,ws_022641,,2026-01-28
006O0002086,Granlogic - New Business,001A005558,New Business,Product-led (PQL),005A0013,2025-12-28,2026-06-21,Closed Lost,Omitted,46900.00,USD,1,0,Competitor - Make,Make,ws_009718,,2026-07-01
006O0002087,Oriovik - New Business,001A007583,New Business,Product-led (PQL),005A0013,2025-12-28,2026-03-04,Closed Won,Closed,20800.00,USD,1,1,,,ws_015001,,2026-03-09
006O0002088,Cobalsys - New Business,001A001289,New Business,Inbound,005A0014,2025-12-28,2026-03-26,Closed Lost,Omitted,18700.00,USD,1,0,Unresponsive,Zapier,ws_002269,,2026-03-26
006O0002089,Cobalpoint - New Business,001A002591,New Business,Marketing (MQL),005A0016,2025-12-29,2026-01-23,Closed Lost,Omitted,15500.00,USD,1,0,Missing feature / integration,Custom scripts,,,2026-01-25
006O0002090,Talawave - New Business,001A007265,New Business,Marketing (MQL),005A0024,2025-12-29,2026-06-22,Closed Lost,Omitted,8900.00,EUR,1,0,,,,,2026-06-27
006O0002091,Koranet - New Business,001A004496,New Business,Product-led (PQL),005A0008,2025-12-30,2026-01-24,Closed Won,Closed,18400.00,EUR,1,1,,Tray.io,ws_015707,,2026-01-31
006O0002092,Zephtech - New Business,001A008041,New Business,Product-led (PQL),005A0009,2025-12-30,2026-02-27,Closed Won,Closed,20500.00,EUR,1,1,,,ws_022732,,2026-03-07
006O0002093,Piravik - New Business,001A006723,New Business,Marketing (MQL),005A0017,2025-12-30,2026-01-05,Closed Lost,Omitted,56600.00,EUR,1,0,Unresponsive,,,,2026-01-09
006O0002094,Valiwave - New Business,001A007541,New Business,Outbound,005A0008,2025-12-30,2026-04-04,Closed Lost,Omitted,5600.00,EUR,1,0,,Power Automate,,,2026-04-12
006O0002095,Norddata - New Business,001A003250,New Business,Product-led (PQL),005A0015,2025-12-31,2026-03-21,Closed Lost,Omitted,6600.00,USD,1,0,No decision / status quo,Power Automate,ws_006083,,2026-03-26
006O0002096,Quarnet - New Business,001A003251,New Business,Product-led (PQL),005A0008,2025-12-31,2026-03-09,Closed Lost,Omitted,21000.00,EUR,1,0,Chose self-hosted Community edition,,ws_017728,,2026-03-13
006O0002097,Briofield - New Business,001A003243,New Business,Marketing (MQL),005A0020,2025-12-31,2026-03-18,Closed Lost,Omitted,50300.00,EUR,1,0,Price / budget,Workato,,,2026-03-23
006O0002098,Umbrawave - New Business,001A003799,New Business,Product-led (PQL),005A0020,2026-01-01,2026-03-02,Closed Won,Closed,26000.00,GBP,1,1,,,ws_001123,,2026-03-06
006O0002099,Oriologic - New Business,001A007480,New Business,Product-led (PQL),005A0007,2026-01-01,2026-02-16,Closed Lost,Omitted,198700.00,EUR,1,0,Timing,Zapier,ws_006549,,2026-02-25
006O0002100,Veraworks - New Business,001A002323,New Business,Product-led (PQL),005A0002,2026-01-01,2026-01-21,Closed Won,Closed,17000.00,EUR,1,1,,,ws_013358,,2026-01-24
006O0002101,Umbralogic - New Business,001A001526,New Business,Inbound,005A0009,2026-01-01,2026-03-20,Closed Lost,Omitted,50500.00,EUR,1,0,Chose self-hosted Community edition,Make,ws_018911,,2026-03-27
006O0002102,Xenopath - New Business,001A006540,New Business,Marketing (MQL),005A0016,2026-01-01,2026-02-10,Closed Lost,Omitted,21500.00,USD,1,0,No decision / status quo,Custom scripts,,,2026-02-14
006O0002103,Stranet - New Business,001A004801,New Business,,005A0005,2026-01-01,2026-02-14,Closed Lost,Omitted,9900.00,GBP,1,0,Chose self-hosted Community edition,Zapier,,,2026-02-17
006O0002104,Altowave - New Business,001A006949,New Business,Partner,005A0016,2026-01-01,2026-01-06,Closed Lost,Omitted,5100.00,USD,1,0,Other,Zapier,,,2026-01-11
006O0002105,Oriolabs - New Business,001A004985,New Business,Product-led (PQL),005A0011,2026-01-03,2026-08-01,Closed Lost,Omitted,187300.00,EUR,1,0,Competitor - Make,Custom scripts,ws_000137,,2026-08-02
006O0002106,Quarmark - New Business,001A008471,New Business,Product-led (PQL),005A0014,2026-01-03,2026-03-21,Closed Lost,Omitted,14900.00,USD,1,0,Champion left,,ws_015011,,2026-03-31
006O0002107,Umbrapath - New Business,001A005706,New Business,Product-led (PQL),005A0015,2026-01-03,2026-02-05,Closed Won,Closed,16200.00,USD,1,1,,,ws_022450,,2026-02-11
006O0002108,Nordvik - New Business,001A001497,New Business,Product-led (PQL),005A0014,2026-01-03,2026-02-02,Closed Won,Closed,65500.00,USD,1,1,,,ws_022666,,2026-02-08
006O0002109,Pirapoint - New Business,001A004829,New Business,Inbound,005A0015,2026-01-03,2026-01-14,Closed Lost,Omitted,25500.00,USD,1,0,Missing feature / integration,,ws_012457,,2026-01-20
006O0002110,Umbrafield - New Business,001A008204,New Business,Marketing (MQL),005A0004,2026-01-03,2026-03-15,Closed Won,Closed,12300.00,EUR,1,1,,,,,2026-03-24
006O0002111,Xenostack - New Business,001A002689,New Business,Marketing (MQL),005A0007,2026-01-03,2026-03-29,Closed Lost,Omitted,173200.00,EUR,1,0,Unresponsive,,,,2026-04-06
006O0002112,Ivenlabs - New Business,001A007838,New Business,Product-led (PQL),005A0014,2026-01-04,2026-02-09,Closed Lost,Omitted,21100.00,USD,1,0,,Power Automate,ws_011001,,2026-02-10
006O0002113,Solvgrid - New Business,001A006722,New Business,Product-led (PQL),005A0010,2026-01-04,2026-02-01,Closed Won,Closed,19200.00,EUR,1,1,,Custom scripts,ws_013161,,2026-02-07
006O0002114,Lyralogic - New Business,001A001339,New Business,Inbound,005A0006,2026-01-04,2026-05-14,Closed Lost,Omitted,39500.00,EUR,1,0,,Make,ws_001683,,2026-05-18
006O0002115,Nexatech - New Business,001A003643,New Business,Inbound,005A0002,2026-01-04,2026-02-23,Closed Lost,Omitted,14500.00,EUR,1,0,,Power Automate,ws_003194,,2026-03-03
006O0002116,Ciralabs - New Business,001A008853,New Business,Product-led (PQL),005A0014,2026-01-05,2026-01-16,Closed Lost,Omitted,25000.00,USD,1,0,Other,,ws_015588,,2026-01-20
006O0002117,Runelabs - New Business,001A002881,New Business,Inbound,005A0017,2026-01-05,2026-03-01,Closed Lost,Omitted,80600.00,EUR,1,0,No decision / status quo,,ws_018095,,2026-03-06
006O0002118,Solvdata - New Business,001A006221,New Business,Product-led (PQL),005A0020,2026-01-06,2026-03-10,Closed Won,Closed,54400.00,GBP,1,1,,Make,ws_010471,,2026-03-18
006O0002119,Umbranet - New Business,001A001679,New Business,,005A0008,2026-01-06,2026-02-13,Closed Lost,Omitted,21600.00,EUR,1,0,Competitor - Make,,ws_010198,,2026-02-14
006O0002120,Orioware - New Business,001A004560,New Business,Inbound,005A0015,2026-01-06,2026-03-07,Closed Won,Closed,78100.00,USD,1,1,,Make,ws_005004,,2026-03-14
006O0002121,Lumoflow - New Business,001A004762,New Business,Marketing (MQL),005A0015,2026-01-06,2026-02-01,Closed Lost,Omitted,56700.00,USD,1,0,Price / budget,Zapier,,,2026-02-09
006O0002122,Junodata - New Business,001A005383,New Business,Marketing (MQL),005A0002,2026-01-06,2026-02-21,Closed Lost,Omitted,12100.00,EUR,1,0,Timing,,,,2026-02-21
006O0002123,Briopoint - New Business,001A006067,New Business,Marketing (MQL),005A0004,2026-01-06,2026-02-23,Closed Lost,Omitted,41000.00,GBP,1,0,,Power Automate,,,2026-02-26
006O0002124,Sellafield - New Business,001A000701,New Business,Product-led (PQL),005A0010,2026-01-07,2026-02-03,Closed Won,Closed,12200.00,EUR,1,1,,Zapier,ws_007466,,2026-02-04
006O0002125,Cobalfield - New Business,001A006415,New Business,Product-led (PQL),005A0024,2026-01-07,2026-02-12,Closed Won,Closed,8200.00,EUR,1,1,,,ws_010691,,2026-02-20
006O0002126,Ternwave - New Business,001A008648,New Business,Marketing (MQL),005A0011,2026-01-07,2026-02-13,Closed Lost,Omitted,162800.00,EUR,1,0,Champion left,,,,2026-02-21
006O0002127,Boreapath - New Business,001A000808,New Business,Product-led (PQL),005A0008,2026-01-08,2026-02-07,Closed Lost,Omitted,13200.00,EUR,1,0,No decision / status quo,,ws_019174,,2026-02-11
006O0002128,Deltastack - New Business,001A000722,New Business,Marketing (MQL),005A0017,2026-01-08,2026-02-02,Closed Lost,Omitted,51400.00,EUR,1,0,,,,,2026-02-11
006O0002129,Ciratech - New Business,001A006437,New Business,Marketing (MQL),005A0010,2026-01-08,2026-02-07,Closed Won,Closed,8600.00,EUR,1,1,,Custom scripts,,,2026-02-10
006O0002130,Solvpoint - New Business,001D000094,New Business,Outbound,005A0000,2026-01-08,2026-04-05,Closed Lost,Omitted,234600.00,EUR,1,0,No decision / status quo,,,,2026-04-11
006O0002131,Mosalogic - New Business,001A001851,New Business,Product-led (PQL),005A0015,2026-01-09,2026-03-28,Closed Won,Closed,25700.00,USD,1,1,,,ws_009198,,2026-03-29
006O0002132,Kestvik - New Business,001A003785,New Business,Product-led (PQL),005A0015,2026-01-09,2026-02-02,Closed Won,Closed,44100.00,USD,1,1,,,ws_013999,,2026-02-07
006O0002133,Sellagrid - New Business,001A004815,New Business,Product-led (PQL),005A0024,2026-01-09,2026-02-18,Closed Won,Closed,17400.00,EUR,1,1,,,ws_021682,,2026-02-19
006O0002134,Valicore - New Business,001A002357,New Business,Product-led (PQL),005A0008,2026-01-09,2026-04-02,Closed Lost,Omitted,25000.00,EUR,1,0,Price / budget,,ws_000752,,2026-04-08
006O0002135,Pirawave - New Business,001A005300,New Business,Inbound,005A0006,2026-01-09,2026-06-08,Closed Lost,Omitted,51400.00,EUR,1,0,Competitor - Zapier,Zapier,ws_016107,,2026-06-12
006O0002136,Kestline - New Business,001A004268,New Business,Product-led (PQL),005A0014,2026-01-10,2026-03-21,Closed Lost,Omitted,24500.00,USD,1,0,Security / compliance review,,ws_004660,,2026-03-26
006O0002137,Nordfield - New Business,001A006443,New Business,Product-led (PQL),005A0014,2026-01-10,2026-09-23,5 - Negotiation,Commit,4700.00,USD,0,0,,Custom scripts,ws_016922,Security questionnaire,2026-09-04
006O0002138,Nexasys - New Business,001A005999,New Business,Inbound,005A0013,2026-01-10,2026-06-19,Closed Lost,Omitted,21700.00,USD,1,0,Competitor - Zapier,Zapier,ws_005948,,2026-06-25
006O0002139,Xenostack - New Business,001A007544,New Business,Inbound,005A0008,2026-01-10,2026-02-10,Closed Won,Closed,6200.00,EUR,1,1,,,ws_012875,,2026-02-11
006O0002140,Oriodata - New Business,001A007415,New Business,Inbound,005A0013,2026-01-10,2026-01-26,Closed Lost,Omitted,82900.00,USD,1,0,Chose self-hosted Community edition,Make,ws_020375,,2026-02-04
006O0002141,Opaldata - New Business,001A004839,New Business,Marketing (MQL),005A0002,2026-01-10,2026-03-10,Closed Lost,Omitted,6100.00,EUR,1,0,Competitor - Workato,,,,2026-03-18
006O0002142,Altobridge - New Business,001A005236,New Business,Product-led (PQL),005A0000,2026-01-11,2026-02-11,Closed Lost,Omitted,292000.00,EUR,1,0,Security / compliance review,,ws_000907,,2026-02-18
006O0002143,Cobalpoint - New Business,001A002148,New Business,Product-led (PQL),005A0014,2026-01-11,2026-02-13,Closed Won,Closed,94000.00,USD,1,1,,,ws_010949,,2026-02-16
006O0002144,Ciraflow - New Business,001A001425,New Business,Product-led (PQL),005A0008,2026-01-11,2026-01-23,Closed Lost,Omitted,8200.00,EUR,1,0,Chose self-hosted Community edition,,ws_016990,,2026-02-01
006O0002145,Korasys - New Business,001A008168,New Business,Marketing (MQL),005A0004,2026-01-11,2026-03-15,Closed Lost,Omitted,67200.00,GBP,1,0,Competitor - Power Automate,,,,2026-03-24
006O0002146,Briowave - New Business,001A007173,New Business,Marketing (MQL),005A0014,2026-01-11,2026-02-17,Closed Lost,Omitted,11100.00,USD,1,0,Chose self-hosted Community edition,,,,2026-02-23
006O0002147,Veraworks - New Business,001A005779,New Business,Marketing (MQL),005A0017,2026-01-11,2026-03-31,Closed Lost,Omitted,62200.00,EUR,1,0,Competitor - Zapier,Make,,,2026-04-08
006O0002148,Piralabs - New Business,001A005038,New Business,Product-led (PQL),005A0016,2026-01-12,2026-03-14,Closed Lost,Omitted,8100.00,USD,1,0,Competitor - Zapier,Zapier,ws_001139,,2026-03-15
006O0002149,Terntech - New Business,001A004852,New Business,Product-led (PQL),005A0014,2026-01-12,2026-03-31,Closed Lost,Omitted,43700.00,USD,1,0,Timing,,ws_022638,,2026-04-02
006O0002150,Runewave - New Business,001A007118,New Business,Product-led (PQL),005A0004,2026-01-12,2026-04-03,Closed Lost,Omitted,45000.00,GBP,1,0,Chose self-hosted Community edition,Make,ws_021067,,2026-04-04
006O0002151,Cirapath - New Business,001A006928,New Business,Product-led (PQL),005A0010,2026-01-13,2026-02-08,Closed Won,Closed,10600.00,EUR,1,1,,Make,ws_003477,,2026-02-16
006O0002152,Umbraline - New Business,001A007422,New Business,Product-led (PQL),005A0004,2026-01-13,2026-03-19,Closed Lost,Omitted,33300.00,GBP,1,0,Chose self-hosted Community edition,,ws_016044,,2026-03-21
006O0002153,Grantech - New Business,001A008263,New Business,Product-led (PQL),005A0015,2026-01-13,2026-06-11,Closed Lost,Omitted,296400.00,USD,1,0,Unresponsive,Power Automate,ws_022411,,2026-06-17
006O0002154,Cirafield - New Business,001A005799,New Business,Product-led (PQL),005A0006,2026-01-13,2026-07-04,Closed Lost,Omitted,26100.00,EUR,1,0,Timing,,ws_023929,,2026-07-05
006O0002155,Boreafield - New Business,001A003904,New Business,Product-led (PQL),005A0008,2026-01-13,2026-02-08,Closed Won,Closed,16100.00,EUR,1,1,,,ws_007980,,2026-02-10
006O0002156,Korapoint - New Business,001A008055,New Business,Product-led (PQL),005A0013,2026-01-13,2026-04-11,Closed Lost,Omitted,58300.00,USD,1,0,Competitor - Zapier,Zapier,ws_023961,,2026-04-20
006O0002157,Mosalabs - New Business,001A004069,New Business,Inbound,005A0002,2026-01-13,2026-03-05,Closed Won,Closed,27300.00,EUR,1,1,,Zapier,ws_002245,,2026-03-10
006O0002158,Stramark - New Business,001A007211,New Business,Marketing (MQL),005A0013,2026-01-13,2026-05-08,Closed Lost,Omitted,55500.00,USD,1,0,Competitor - Make,,,,2026-05-11
006O0002159,Veralabs - New Business,001A006592,New Business,Marketing (MQL),005A0010,2026-01-13,2026-02-09,Closed Lost,Omitted,25700.00,EUR,1,0,Other,Workato,,,2026-02-18
006O0002160,Sellaline - New Business,001A006735,New Business,Marketing (MQL),005A0015,2026-01-13,2026-03-02,Closed Lost,Omitted,23900.00,USD,1,0,Timing,,,,2026-03-11
006O0002161,Ivenline - New Business,001A005906,New Business,Marketing (MQL),005A0013,2026-01-13,2026-03-17,Closed Lost,Omitted,48400.00,USD,1,0,Unresponsive,Make,,,2026-03-19
006O0002162,Xenodata - New Business,001A003311,New Business,Partner,005A0015,2026-01-13,2026-03-04,Closed Lost,Omitted,6700.00,USD,1,0,Competitor - Make,,,,2026-03-11
006O0002163,Halosys - New Business,001A003463,New Business,Product-led (PQL),005A0005,2026-01-14,2026-04-21,Closed Lost,Omitted,15800.00,EUR,1,0,Chose self-hosted Community edition,,ws_002855,,2026-04-27
006O0002164,Quarmark - New Business,001A005490,New Business,Product-led (PQL),005A0009,2026-01-14,2026-07-16,Closed Lost,Omitted,81900.00,EUR,1,0,Chose self-hosted Community edition,,ws_015023,,2026-07-22
006O0002165,Lyrastack - New Business,001A007121,New Business,Product-led (PQL),005A0017,2026-01-14,2026-03-10,Closed Lost,Omitted,,EUR,1,0,Timing,Make,ws_022488,,2026-03-19
006O0002166,Ternlogic - New Business,001A008824,New Business,Product-led (PQL),005A0016,2026-01-14,2026-02-09,Closed Won,Closed,11100.00,USD,1,1,,,ws_020816,,2026-02-14
006O0002167,Deltaline - New Business,001A001345,New Business,Product-led (PQL),005A0014,2026-01-15,2026-01-31,Closed Won,Closed,22800.00,USD,1,1,,,ws_006314,,2026-02-03
006O0002168,Yarafield - New Business,001A004437,New Business,Product-led (PQL),005A0004,2026-01-15,2026-03-08,Closed Lost,Omitted,15100.00,GBP,1,0,Price / budget,,ws_018868,,2026-03-13
006O0002169,Bramtech - New Business,001A004533,New Business,Marketing (MQL),005A0006,2026-01-15,2026-02-16,Closed Lost,Omitted,26600.00,EUR,1,0,Unresponsive,,,,2026-02-16
006O0002170,Strapath - New Business,001A006311,New Business,Marketing (MQL),005A0019,2026-01-15,2026-04-21,Closed Lost,Omitted,352100.00,USD,1,0,Price / budget,Zapier,,,2026-04-26
006O0002171,Deltasys - New Business,001A006359,New Business,Product-led (PQL),005A0008,2026-01-16,2026-03-30,Closed Lost,Omitted,19700.00,EUR,1,0,Chose self-hosted Community edition,,ws_003015,,2026-04-07
006O0002172,Lyrawave - New Business,001A005729,New Business,Product-led (PQL),005A0005,2026-01-16,2026-02-09,Closed Won,Closed,13800.00,EUR,1,1,,,ws_017400,,2026-02-13
006O0002173,Stranet - New Business,001A002580,New Business,Product-led (PQL),005A0002,2026-01-16,2026-02-15,Closed Won,Closed,18000.00,EUR,1,1,,,ws_006234,,2026-02-17
006O0002174,Granvik - New Business,001A004863,New Business,Product-led (PQL),005A0012,2026-01-16,2026-04-09,Closed Won,Closed,27200.00,USD,1,1,,,ws_007939,,2026-04-13
006O0002175,Pirapoint - New Business,001A005633,New Business,Inbound,005A0024,2026-01-16,2026-03-11,Closed Lost,Omitted,11700.00,EUR,1,0,Unresponsive,,ws_012588,,2026-03-12
006O0002176,Evonet - New Business,001A008914,New Business,Marketing (MQL),005A0010,2026-01-16,2026-02-25,Closed Lost,Omitted,10200.00,EUR,1,0,Unresponsive,,,,2026-02-27
006O0002177,Runemark - New Business,001A008505,New Business,Product-led (PQL),005A0005,2026-01-17,2026-02-19,Closed Won,Closed,54300.00,GBP,1,1,,,ws_005647,,2026-02-27
006O0002178,Lyrapoint - New Business,001A008164,New Business,Product-led (PQL),005A0006,2026-01-17,2026-05-15,Closed Lost,Omitted,65400.00,EUR,1,0,Price / budget,Zapier,ws_009380,,2026-05-16
006O0002179,Granstack - New Business,001A002754,New Business,Product-led (PQL),005A0016,2026-01-17,2026-03-28,Closed Lost,Omitted,28700.00,USD,1,0,Price / budget,Zapier,ws_010149,,2026-04-03
006O0002180,Nordnet - New Business,001A001191,New Business,Product-led (PQL),005A0006,2026-01-17,2026-03-20,Closed Won,Closed,27200.00,EUR,1,1,,Zapier,ws_010318,,2026-03-21
006O0002181,Ivenfield - New Business,001A007699,New Business,Product-led (PQL),005A0014,2026-01-17,2026-02-04,Closed Lost,Omitted,30800.00,USD,1,0,Chose self-hosted Community edition,Zapier,ws_023350,,2026-02-04
006O0002182,Lyraware - New Business,001A006777,New Business,Product-led (PQL),005A0008,2026-01-17,2026-02-17,Closed Lost,Omitted,35700.00,EUR,1,0,Competitor - Power Automate,,ws_023627,,2026-02-17
006O0002183,Kestline - New Business,001A005248,New Business,Inbound,005A0002,2026-01-17,2026-02-12,Closed Won,Closed,16700.00,EUR,1,1,,,ws_007844,,2026-02-16
006O0002184,Wendlogic - New Business,001A002099,New Business,Marketing (MQL),005A0020,2026-01-17,2026-03-01,Closed Lost,Omitted,25800.00,GBP,1,0,Competitor - Power Automate,,,,2026-03-02
006O0002185,Veranet - New Business,001A007003,New Business,Marketing (MQL),005A0008,2026-01-17,2026-05-23,Closed Lost,Omitted,8900.00,EUR,1,0,Price / budget,,,,2026-05-28
006O0002186,Mirasys - New Business,001A002151,New Business,Product-led (PQL),005A0000,2026-01-18,2026-10-28,5 - Negotiation,Commit,271300.00,EUR,0,0,,,ws_002773,,2026-09-21
006O0002187,Yaraware - New Business,001A003163,New Business,Product-led (PQL),005A0014,2026-01-18,2026-03-04,Closed Lost,Omitted,21200.00,USD,1,0,Chose self-hosted Community edition,Zapier,ws_022939,,2026-03-10
006O0002188,Yaragrid - New Business,001A001692,New Business,Product-led (PQL),005A0005,2026-01-18,2026-06-18,Closed Lost,Omitted,8300.00,GBP,1,0,Unresponsive,Zapier,ws_023118,,2026-06-25
006O0002189,Fjelpoint - New Business,001A001014,New Business,Product-led (PQL),005A0010,2026-01-18,2026-01-28,Closed Lost,Omitted,7800.00,EUR,1,0,Timing,Make,ws_023162,,2026-01-28
006O0002190,Oriopoint - New Business,001A000723,New Business,Product-led (PQL),005A0015,2026-01-18,2026-02-06,Closed Won,Closed,21500.00,USD,1,1,,,ws_007970,,2026-02-12
006O0002191,Deltalogic - New Business,001A003495,New Business,Product-led (PQL),005A0014,2026-01-18,2026-02-21,Closed Won,Closed,29400.00,USD,1,1,,,ws_022658,,2026-02-26
006O0002192,Ciramark - New Business,001A006065,New Business,Inbound,005A0016,2026-01-18,2026-03-16,Closed Lost,Omitted,5000.00,USD,1,0,Price / budget,Zapier,ws_007892,,2026-03-20
006O0002193,Sellaworks - New Business,001A001849,New Business,Inbound,005A0019,2026-01-18,2026-09-16,Closed Lost,Omitted,63900.00,USD,1,0,Chose self-hosted Community edition,,ws_023173,,2026-09-19
006O0002194,Sellaware - New Business,001A007697,New Business,Marketing (MQL),005A0014,2026-01-18,2026-02-19,Closed Lost,Omitted,29700.00,USD,1,0,Competitor - Power Automate,,,,2026-02-22
006O0002195,Yaralogic - New Business,001A000798,New Business,Marketing (MQL),005A0014,2026-01-18,2026-04-15,Closed Lost,Omitted,18700.00,USD,1,0,Other,,,,2026-04-19
006O0002196,Lumofield - New Business,001A007368,New Business,Product-led (PQL),005A0015,2026-01-19,2026-08-12,Closed Lost,Omitted,202700.00,USD,1,0,Competitor - Power Automate,,ws_004484,,2026-08-22
006O0002197,Cobalcore - New Business,001A005129,New Business,Product-led (PQL),005A0015,2026-01-19,2026-02-23,Closed Lost,Omitted,37200.00,USD,1,0,Competitor - Power Automate,Power Automate,ws_023137,,2026-02-26
006O0002198,Boreamark - New Business,001A000420,New Business,Product-led (PQL),005A0014,2026-01-19,2026-02-16,Closed Won,Closed,29500.00,USD,1,1,,,ws_011814,,2026-02-23
006O0002199,Opaltech - New Business,001A006466,New Business,Product-led (PQL),005A0004,2026-01-19,2026-03-19,Closed Won,Closed,47300.00,GBP,1,1,,,ws_017611,,2026-03-24
006O0002200,Valicore - New Business,001A008406,New Business,Product-led (PQL),005A0017,2026-01-19,2026-05-07,Closed Lost,Omitted,54000.00,EUR,1,0,Champion left,Custom scripts,ws_023856,,2026-05-12
006O0002201,Quarsys - New Business,001A005127,New Business,Marketing (MQL),005A0004,2026-01-19,2026-03-31,Closed Lost,Omitted,30900.00,GBP,1,0,Chose self-hosted Community edition,Zapier,,,2026-04-02
006O0002202,Borealogic - New Business,001A003143,New Business,Product-led (PQL),005A0024,2026-01-20,2026-03-09,Closed Lost,Omitted,6800.00,EUR,1,0,Chose self-hosted Community edition,Tray.io,ws_002126,,2026-03-11
006O0002203,Nordfield - New Business,001A005324,New Business,Product-led (PQL),005A0024,2026-01-20,2026-03-13,Closed Lost,Omitted,9400.00,EUR,1,0,Price / budget,,ws_001422,,2026-03-21
006O0002204,Halodata - New Business,001A008543,New Business,Product-led (PQL),005A0015,2026-01-20,2026-02-17,Closed Won,Closed,4800.00,USD,1,1,,Custom scripts,ws_011839,,2026-02-20
006O0002205,Astercore - New Business,001A008310,New Business,Inbound,005A0016,2026-01-20,2026-03-13,Closed Lost,Omitted,26400.00,USD,1,0,No decision / status quo,,ws_002344,,2026-03-20
006O0002206,Talawave - New Business,001A008333,New Business,Marketing (MQL),005A0014,2026-01-20,2026-02-24,Closed Lost,Omitted,26400.00,USD,1,0,Chose self-hosted Community edition,,,,2026-03-04
006O0002207,Miranet - New Business,001A005419,New Business,Product-led (PQL),005A0010,2026-01-21,2026-02-22,Closed Won,Closed,17400.00,EUR,1,1,,Zapier,ws_018408,,2026-02-25
006O0002208,Xenologic - New Business,001A005946,New Business,Marketing (MQL),005A0000,2026-01-21,2026-03-13,Closed Lost,Omitted,95300.00,EUR,1,0,Unresponsive,Power Automate,,,2026-03-15
006O0002209,Cirabridge - New Business,001A003103,New Business,Marketing (MQL),005A0019,2026-01-21,2026-03-27,Closed Won,Closed,58200.00,USD,1,1,,Make,,,2026-04-02
006O0002210,Mosafield - New Business,001A006274,New Business,Product-led (PQL),005A0017,2026-01-22,2026-04-09,Closed Won,Closed,76600.00,EUR,1,1,,,ws_012966,,2026-04-12
006O0002211,Lyravik - New Business,001A002491,New Business,Product-led (PQL),005A0008,2026-01-22,2026-02-11,Closed Won,Closed,10300.00,EUR,1,1,,,ws_002771,,2026-02-11
006O0002212,Briosys - New Business,001A005818,New Business,Product-led (PQL),005A0010,2026-01-22,2026-02-18,Closed Lost,Omitted,10600.00,EUR,1,0,Missing feature / integration,Custom scripts,ws_007946,,2026-02-21
006O0002213,Ivennet - New Business,001A004462,New Business,Product-led (PQL),005A0010,2026-01-22,2026-04-27,Closed Lost,Omitted,12000.00,EUR,1,0,Competitor - Make,,ws_011580,,2026-05-01
006O0002214,Boreanet - New Business,001A006813,New Business,Product-led (PQL),005A0017,2026-01-22,2026-06-20,Closed Lost,Omitted,69500.00,EUR,1,0,Chose self-hosted Community edition,,ws_019807,,2026-06-24
006O0002215,Mirapoint - New Business,001A000371,New Business,Inbound,005A0020,2026-01-22,2026-06-11,Closed Lost,Omitted,41600.00,GBP,1,0,,Custom scripts,ws_011408,,2026-06-13
006O0002216,Bramsys - New Business,001A000502,New Business,Inbound,005A0015,2026-01-22,2026-02-09,Closed Lost,Omitted,12400.00,USD,1,0,Unresponsive,,ws_011643,,2026-02-17
006O0002217,Granpath - New Business,001A000949,New Business,Inbound,005A0009,2026-01-23,2026-04-06,Closed Lost,Omitted,44700.00,EUR,1,0,Missing feature / integration,Zapier,ws_001154,,2026-04-08
006O0002218,Norddata - New Business,001A000078,New Business,Inbound,005A0008,2026-01-23,2026-02-12,Closed Won,Closed,5700.00,EUR,1,1,,Make,ws_020441,,2026-02-21
006O0002219,Sellaflow - New Business,001A007234,New Business,Marketing (MQL),005A0014,2026-01-23,2026-04-11,Closed Won,Closed,9900.00,USD,1,1,,Zapier,,,2026-04-11
006O0002220,Runestack - New Business,001A002506,New Business,Product-led (PQL),005A0015,2026-01-24,2026-02-11,Closed Won,Closed,11700.00,USD,1,1,,Power Automate,ws_007642,,2026-02-14
006O0002221,Lumopath - New Business,001A005211,New Business,Product-led (PQL),005A0004,2026-01-24,2026-05-02,Closed Won,Closed,8400.00,GBP,1,1,,,ws_010235,,2026-05-07
006O0002222,Ternworks - New Business,001A006571,New Business,Product-led (PQL),005A0008,2026-01-24,2026-02-18,Closed Won,Closed,15800.00,EUR,1,1,,Zapier,ws_013220,,2026-02-19
006O0002223,Quardata - New Business,001A001627,New Business,Product-led (PQL),005A0002,2026-01-24,2026-02-22,Closed Won,Closed,10400.00,EUR,1,1,,Tray.io,ws_015116,,2026-03-02
006O0002224,Fjelpath - New Business,001A008592,New Business,Product-led (PQL),005A0016,2026-01-24,2026-05-19,Closed Won,Closed,42000.00,USD,1,1,,,ws_015518,,2026-05-29
006O0002225,Halomark - New Business,001A006449,New Business,Product-led (PQL),005A0014,2026-01-24,2026-03-09,Closed Won,Closed,15500.00,USD,1,1,,,ws_022432,,2026-03-09
006O0002226,Xenologic - New Business,001A004714,New Business,Inbound,005A0014,2026-01-24,2026-01-31,Closed Lost,Omitted,,USD,1,0,Unresponsive,Custom scripts,ws_020930,,2026-02-07
006O0002227,Deltaworks - New Business,001A000236,New Business,Marketing (MQL),005A0008,2026-01-24,2026-02-18,Closed Won,Closed,13900.00,EUR,1,1,,,,,2026-02-18
006O0002228,Oriomark - New Business,001A008296,New Business,Product-led (PQL),005A0019,2026-01-25,2026-03-25,Closed Won,Closed,50600.00,USD,1,1,,Make,ws_008557,,2026-03-27
006O0002229,Brammark - New Business,001A004648,New Business,Product-led (PQL),005A0010,2026-01-25,2026-02-16,Closed Won,Closed,16700.00,EUR,1,1,,Power Automate,ws_011109,,2026-02-26
006O0002230,Mosapath - New Business,001A008252,New Business,Inbound,005A0014,2026-01-25,2026-04-28,Closed Lost,Omitted,13300.00,USD,1,0,Competitor - Power Automate,,ws_000015,,2026-05-05
006O0002231,Brambridge - New Business,001A003898,New Business,Inbound,005A0017,2026-01-25,2026-02-23,Closed Lost,Omitted,62200.00,EUR,1,0,Competitor - Power Automate,Tray.io,ws_015443,,2026-02-27
006O0002232,Xenowave - New Business,001A000392,New Business,Product-led (PQL),005A0019,2026-01-26,2026-04-21,Closed Won,Closed,49600.00,USD,1,1,,,ws_003756,,2026-04-25
006O0002233,Astercore - New Business,001A000384,New Business,Inbound,005A0007,2026-01-26,2026-05-08,Closed Lost,Omitted,190300.00,EUR,1,0,Competitor - Make,,ws_015748,,2026-05-10
006O0002234,Oriowave - New Business,001A000666,New Business,Inbound,005A0014,2026-01-26,2026-03-10,Closed Lost,Omitted,21500.00,USD,1,0,Competitor - Zapier,Zapier,ws_021271,,2026-03-15
006O0002235,Yaralabs - New Business,001A006987,New Business,Product-led (PQL),005A0024,2026-01-27,2026-03-08,Closed Won,Closed,24700.00,EUR,1,1,,,ws_001617,,2026-03-18
006O0002236,Orioline - New Business,001A000684,New Business,Product-led (PQL),005A0014,2026-01-27,2026-02-09,Closed Won,Closed,12200.00,USD,1,1,,,ws_002039,,2026-02-13
006O0002237,Boreatech - New Business,001A006922,New Business,Marketing (MQL),005A0009,2026-01-27,2026-04-02,Closed Won,Closed,12100.00,EUR,1,1,,Power Automate,,,2026-04-09
006O0002238,Lumocore - New Business,001A001104,New Business,Outbound,005A0017,2026-01-27,2026-05-18,Closed Lost,Omitted,55600.00,EUR,1,0,Timing,Zapier,,,2026-05-21
006O0002239,Ciraline - New Business,001A007539,New Business,Product-led (PQL),005A0020,2026-01-28,2026-03-11,Closed Won,Closed,21800.00,GBP,1,1,,Make,ws_015103,,2026-03-14
006O0002240,Solvware - New Business,001A005206,New Business,Inbound,005A0024,2026-01-28,2026-03-16,Closed Lost,Omitted,8700.00,EUR,1,0,Competitor - Workato,Zapier,ws_015675,,2026-03-16
006O0002241,Zephsys - New Business,001A008809,New Business,Marketing (MQL),005A0016,2026-01-28,2026-03-19,Closed Lost,Omitted,15400.00,USD,1,0,Other,Zapier,,,2026-03-23
006O0002242,Solvflow - New Business,001A007149,New Business,Product-led (PQL),005A0014,2026-01-29,2026-07-19,Closed Lost,Omitted,19800.00,USD,1,0,Price / budget,,ws_000612,,2026-07-25
006O0002243,Zephmark - New Business,001A008301,New Business,Product-led (PQL),005A0008,2026-01-29,2026-03-13,Closed Won,Closed,10100.00,EUR,1,1,,,ws_001466,,2026-03-16
006O0002244,Valiworks - New Business,001A005443,New Business,Product-led (PQL),005A0014,2026-01-29,2026-03-07,Closed Won,Closed,12100.00,USD,1,1,,,ws_010347,,2026-03-09
006O0002245,Korafield - New Business,001A001426,New Business,Marketing (MQL),005A0024,2026-01-29,2026-02-19,Closed Won,Closed,,EUR,1,1,,,,,2026-02-21
006O0002246,Ciradata - New Business,001A003749,New Business,Inbound,005A0005,2026-01-30,2026-02-24,Closed Lost,Omitted,4000.00,GBP,1,0,Security / compliance review,,ws_022998,,2026-03-01
006O0002247,Altolabs - New Business,001A006830,New Business,Product-led (PQL),005A0006,2026-01-31,2026-04-30,Closed Lost,Omitted,24400.00,EUR,1,0,Timing,Tray.io,ws_005018,,2026-05-05
006O0002248,Valilogic - New Business,001A008631,New Business,Product-led (PQL),005A0008,2026-01-31,2026-05-15,Closed Lost,Omitted,16600.00,EUR,1,0,Competitor - Workato,,ws_012480,,2026-05-23
006O0002249,Talagrid - New Business,001A002373,New Business,Product-led (PQL),005A0004,2026-01-31,2026-04-21,Closed Lost,Omitted,133900.00,GBP,1,0,Competitor - Make,Tray.io,ws_015779,,2026-04-25
006O0002250,Cirastack - New Business,001A008816,New Business,Product-led (PQL),005A0014,2026-01-31,2026-03-05,Closed Won,Closed,14100.00,USD,1,1,,,ws_017545,,2026-03-09
006O0002251,Oriofield - New Business,001A004967,New Business,Product-led (PQL),005A0010,2026-01-31,2026-04-02,Closed Lost,Omitted,13400.00,EUR,1,0,Competitor - Make,,ws_023689,,2026-04-06
006O0002252,Solvline - New Business,001A000093,New Business,Inbound,005A0006,2026-01-31,2026-06-13,Closed Lost,Omitted,38100.00,EUR,1,0,Competitor - Power Automate,,ws_000223,,2026-06-13
006O0002253,Koratech - New Business,001A005495,New Business,Inbound,005A0005,2026-01-31,2026-03-18,Closed Won,Closed,11900.00,GBP,1,1,,,ws_002581,,2026-03-26
006O0002254,Runeline - New Business,001A003135,New Business,Marketing (MQL),005A0019,2026-01-31,2026-03-01,Closed Lost,Omitted,130200.00,USD,1,0,Other,Zapier,,,2026-03-02
006O0002255,Orioflow - New Business,001A007469,New Business,Product-led (PQL),005A0023,2026-02-01,2026-03-06,Closed Won,Closed,22100.00,USD,1,1,,,ws_002672,,2026-03-12
006O0002256,Junofield - New Business,001A008412,New Business,Product-led (PQL),005A0014,2026-02-01,2026-04-02,Closed Lost,Omitted,15000.00,USD,1,0,Chose self-hosted Community edition,,ws_003316,,2026-04-12
006O0002257,Terndata - New Business,001A007939,New Business,Product-led (PQL),005A0023,2026-02-01,2026-04-17,Closed Won,Closed,17900.00,USD,1,1,,Zapier,ws_013707,,2026-04-25
006O0002258,Stratech - New Business,001A000496,New Business,Product-led (PQL),005A0010,2026-02-01,2026-03-27,Closed Lost,Omitted,12700.00,EUR,1,0,Chose self-hosted Community edition,,ws_022652,,2026-03-28
006O0002259,Briovik - New Business,001A008691,New Business,Inbound,005A0010,2026-02-01,2026-02-23,Closed Lost,Omitted,35300.00,EUR,1,0,Unresponsive,,ws_018169,,2026-02-25
006O0002260,Nexasys - New Business,001A002298,New Business,Product-led (PQL),005A0017,2026-02-02,2026-05-16,Closed Lost,Omitted,42500.00,EUR,1,0,,,ws_001056,,2026-05-18
006O0002261,Koralogic - New Business,001A007529,New Business,Product-led (PQL),005A0000,2026-02-02,2026-06-17,Closed Lost,Omitted,137200.00,EUR,1,0,Price / budget,Workato,ws_016290,,2026-06-22
006O0002262,Mirapoint - New Business,001A005086,New Business,Product-led (PQL),005A0023,2026-02-03,2026-05-17,Closed Lost,Omitted,47800.00,USD,1,0,Competitor - Workato,,ws_000511,,2026-05-24
006O0002263,Xenostack - New Business,001A008833,New Business,Product-led (PQL),005A0023,2026-02-03,2026-03-06,Closed Won,Closed,133200.00,USD,1,1,,Power Automate,ws_000554,,2026-03-13
006O0002264,Ivencore - New Business,001A001292,New Business,Product-led (PQL),005A0006,2026-02-03,2026-04-17,Closed Won,Closed,84400.00,EUR,1,1,,Zapier,ws_002046,,2026-04-19
006O0002265,Granstack - New Business,001A002282,New Business,Product-led (PQL),005A0010,2026-02-03,2026-03-24,Closed Lost,Omitted,14700.00,EUR,1,0,,Zapier,ws_004266,,2026-03-24
006O0002266,Sellasys - New Business,001A002498,New Business,Inbound,005A0023,2026-02-03,2026-04-25,Closed Lost,Omitted,81900.00,USD,1,0,Competitor - Zapier,,ws_014033,,2026-04-26
006O0002267,Strabridge - New Business,001A002753,New Business,Inbound,005A0017,2026-02-03,2026-07-18,Closed Lost,Omitted,90200.00,EUR,1,0,Competitor - Power Automate,,ws_017199,,2026-07-27
006O0002268,Mosastack - New Business,001A004526,New Business,Inbound,005A0014,2026-02-03,2026-02-14,Closed Lost,Omitted,11200.00,USD,1,0,Competitor - Workato,,ws_006210,,2026-02-18
006O0002269,Korastack - New Business,001A003631,New Business,Product-led (PQL),005A0015,2026-02-04,2026-03-08,Closed Lost,Omitted,12400.00,USD,1,0,Chose self-hosted Community edition,Power Automate,ws_006712,,2026-03-11
006O0002270,Xenovik - New Business,001A008120,New Business,Product-led (PQL),005A0008,2026-02-04,2026-03-13,Closed Won,Closed,8700.00,EUR,1,1,,,ws_019623,,2026-03-13
006O0002271,Quarwave - New Business,001A002979,New Business,Product-led (PQL),005A0016,2026-02-04,2026-02-21,Closed Lost,Omitted,6300.00,USD,1,0,Competitor - Zapier,Zapier,ws_022527,,2026-02-27
006O0002272,Runenet - New Business,001A007236,New Business,Product-led (PQL),005A0007,2026-02-04,2026-07-09,Closed Lost,Omitted,69300.00,EUR,1,0,Champion left,Make,ws_023127,,2026-07-13
006O0002273,Ternpoint - New Business,001A005869,New Business,Inbound,005A0004,2026-02-04,2026-04-25,Closed Won,Closed,21600.00,GBP,1,1,,,ws_009658,,2026-05-04
006O0002274,Solvlabs - New Business,001A008023,New Business,Inbound,005A0010,2026-02-04,2026-04-22,Closed Lost,Omitted,16300.00,EUR,1,0,Security / compliance review,,ws_012142,,2026-05-01
006O0002275,Cobalmark - New Business,001A008759,New Business,Inbound,005A0002,2026-02-04,2026-02-28,Closed Lost,Omitted,28800.00,EUR,1,0,No decision / status quo,,ws_015517,,2026-03-05
006O0002276,Mosamark - New Business,001A002908,New Business,Inbound,005A0015,2026-02-04,2026-04-22,Closed Lost,Omitted,8100.00,USD,1,0,Chose self-hosted Community edition,,ws_016237,,2026-04-26
006O0002277,Granlogic - New Business,001A003603,New Business,Marketing (MQL),005A0005,2026-02-04,2026-04-17,Closed Lost,Omitted,11200.00,GBP,1,0,Competitor - Zapier,,,,2026-04-19
006O0002278,Fjeltech - New Business,001A007732,New Business,Product-led (PQL),005A0009,2026-02-05,2026-05-01,Closed Won,Closed,52700.00,EUR,1,1,,,ws_020484,,2026-05-06
006O0002279,Ciravik - New Business,001A004836,New Business,Product-led (PQL),005A0002,2026-02-05,2026-03-15,Closed Won,Closed,21800.00,EUR,1,1,,,ws_022072,,2026-03-22
006O0002280,Koramark - New Business,001A003793,New Business,Product-led (PQL),005A0017,2026-02-06,2026-03-15,Closed Won,Closed,19200.00,EUR,1,1,,,ws_013716,,2026-03-16
006O0002281,Yaravik - New Business,001A002533,New Business,Product-led (PQL),005A0017,2026-02-06,2026-04-29,Closed Lost,Omitted,25000.00,EUR,1,0,Competitor - Power Automate,Custom scripts,ws_016874,,2026-05-02
006O0002282,Lyrapoint - New Business,001A005998,New Business,Product-led (PQL),005A0023,2026-02-06,2026-03-23,Closed Won,Closed,38500.00,USD,1,1,,,ws_007822,,2026-03-31
006O0002283,Kestworks - New Business,001A001843,New Business,Inbound,005A0015,2026-02-06,2026-05-27,Closed Lost,Omitted,50100.00,USD,1,0,Security / compliance review,Workato,ws_013323,,2026-06-05
006O0002284,Fjelflow - New Business,001A005524,New Business,Product-led (PQL),005A0005,2026-02-07,2026-09-19,Closed Lost,Omitted,18000.00,GBP,1,0,Competitor - Zapier,,ws_000671,,2026-09-21
006O0002285,Verasys - New Business,001A002105,New Business,Product-led (PQL),005A0023,2026-02-07,2026-04-16,Closed Won,Closed,36000.00,USD,1,1,,,ws_008587,,2026-04-26
006O0002286,Brammark - New Business,001A007022,New Business,,005A0009,2026-02-07,2026-04-11,Closed Won,Closed,25100.00,EUR,1,1,,,ws_017775,,2026-04-21
006O0002287,Vextech - New Business,001A007047,New Business,Product-led (PQL),005A0009,2026-02-08,2026-10-30,4 - Proposal,Commit,32600.00,EUR,0,0,,,ws_007448,Tech validation call,2026-09-21
006O0002288,Verasys - New Business,001A007810,New Business,Product-led (PQL),005A0024,2026-02-08,2026-04-20,Closed Lost,Omitted,34400.00,EUR,1,0,No decision / status quo,,ws_011879,,2026-04-21
006O0002289,Junocore - New Business,001A007086,New Business,Product-led (PQL),005A0014,2026-02-08,2026-06-18,Closed Lost,Omitted,23200.00,USD,1,0,No decision / status quo,Zapier,ws_018325,,2026-06-27
006O0002290,Yarapath - New Business,001A004955,New Business,Inbound,005A0005,2026-02-08,2026-05-25,Closed Lost,Omitted,29400.00,GBP,1,0,Other,Power Automate,ws_016400,,2026-06-03
006O0002291,Strapoint - New Business,001A006102,New Business,Marketing (MQL),005A0014,2026-02-08,2026-06-09,Closed Lost,Omitted,8200.00,USD,1,0,,,,,2026-06-15
006O0002292,Vexstack - New Business,001A006649,New Business,Marketing (MQL),005A0009,2026-02-08,2026-05-11,Closed Won,Closed,52800.00,EUR,1,1,,,,,2026-05-21
006O0002293,Ternwave - New Business,001A002180,New Business,Product-led (PQL),005A0014,2026-02-09,2026-05-05,Closed Lost,Omitted,17800.00,USD,1,0,Timing,,ws_003695,,2026-05-12
006O0002294,Nexastack - New Business,001A002671,New Business,Product-led (PQL),005A0009,2026-02-09,2026-04-19,Closed Won,Closed,21100.00,EUR,1,1,,,ws_004098,,2026-04-23
006O0002295,Yaramark - New Business,001A004578,New Business,Product-led (PQL),005A0006,2026-02-09,2026-03-28,Closed Won,Closed,15700.00,EUR,1,1,,,ws_010572,,2026-04-06
006O0002296,Nordware - New Business,001A000238,New Business,Product-led (PQL),005A0002,2026-02-09,2026-03-12,Closed Won,Closed,14100.00,EUR,1,1,,Zapier,ws_012379,,2026-03-21
006O0002297,Mosanet - New Business,001A003110,New Business,Product-led (PQL),005A0004,2026-02-09,2026-09-01,Closed Lost,Omitted,82300.00,EUR,1,0,Timing,,ws_013305,,2026-09-02
006O0002298,Quartech - New Business,001A004239,New Business,Product-led (PQL),005A0014,2026-02-09,2026-03-07,Closed Won,Closed,11800.00,USD,1,1,,Custom scripts,ws_020036,,2026-03-15
006O0002299,Valisys - New Business,001A007295,New Business,Inbound,005A0015,2026-02-09,2026-05-05,Closed Lost,Omitted,36600.00,USD,1,0,No decision / status quo,,ws_014450,,2026-05-07
006O0002300,Lumobridge - New Business,001A001745,New Business,Inbound,005A0023,2026-02-09,2026-04-23,Closed Won,Closed,21000.00,USD,1,1,,,ws_017017,,2026-04-27
006O0002301,Miracore - New Business,001A005625,New Business,Marketing (MQL),005A0023,2026-02-09,2026-06-28,Closed Lost,Omitted,28600.00,USD,1,0,Chose self-hosted Community edition,,,,2026-07-01
006O0002302,Asterstack - New Business,001A008655,New Business,Product-led (PQL),005A0005,2026-02-10,2026-02-24,Closed Lost,Omitted,21200.00,GBP,1,0,Other,Tray.io,ws_013381,,2026-03-01
006O0002303,Altolabs - New Business,001A006946,New Business,Product-led (PQL),005A0014,2026-02-10,2026-03-04,Closed Lost,Omitted,12900.00,USD,1,0,Champion left,,ws_016605,,2026-03-05
006O0002304,Coballogic - New Business,001A003772,New Business,Product-led (PQL),005A0023,2026-02-10,2026-03-21,Closed Lost,Omitted,33000.00,USD,1,0,,,ws_017092,,2026-03-27
006O0002305,Boreanet - New Business,001A008994,New Business,Product-led (PQL),005A0009,2026-02-10,2026-04-29,Closed Lost,Omitted,100100.00,EUR,1,0,No decision / status quo,Make,ws_017164,,2026-04-30
006O0002306,Orionet - New Business,001A000451,New Business,Product-led (PQL),005A0016,2026-02-10,2026-03-01,Closed Lost,Omitted,61300.00,USD,1,0,Price / budget,,ws_020009,,2026-03-05
006O0002307,Xenodata - New Business,001A008251,New Business,Marketing (MQL),005A0002,2026-02-10,2026-03-24,Closed Won,Closed,5600.00,EUR,1,1,,,,,2026-03-28
006O0002308,Sellastack - New Business,001A003973,New Business,Product-led (PQL),005A0005,2026-02-11,2026-04-27,Closed Lost,Omitted,16900.00,GBP,1,0,Unresponsive,Power Automate,ws_005715,,2026-04-28
006O0002309,Koratech - New Business,001A004978,New Business,Product-led (PQL),005A0023,2026-02-11,2026-08-23,Closed Lost,Omitted,24300.00,USD,1,0,Competitor - Zapier,,ws_012081,,2026-08-29
006O0002310,Xenolabs - New Business,001A006122,New Business,Product-led (PQL),005A0023,2026-02-11,2026-03-21,Closed Won,Closed,108200.00,USD,1,1,,,ws_016332,,2026-03-28
006O0002311,Ternlogic - New Business,001A006778,New Business,Inbound,005A0010,2026-02-11,2026-04-08,Closed Lost,Omitted,14600.00,EUR,1,0,,Power Automate,ws_012601,,2026-04-16
006O0002312,Ivenvik - New Business,001A001184,New Business,Product-led (PQL),005A0002,2026-02-12,2026-06-28,Closed Lost,Omitted,11800.00,EUR,1,0,,,ws_010923,,2026-06-29
006O0002313,Halomark - New Business,001A002140,New Business,Product-led (PQL),005A0015,2026-02-12,2026-03-26,Closed Lost,Omitted,19000.00,USD,1,0,Timing,Zapier,ws_019490,,2026-03-27
006O0002314,Vexdata - New Business,001A008925,New Business,Product-led (PQL),005A0006,2026-02-12,2026-06-07,Closed Lost,Omitted,66900.00,EUR,1,0,Competitor - Zapier,,ws_000382,,2026-06-10
006O0002315,Lyratech - New Business,001A002738,New Business,Product-led (PQL),005A0014,2026-02-12,2026-03-06,Closed Won,Closed,32800.00,USD,1,1,,Zapier,ws_005297,,2026-03-16
006O0002316,Quarbridge - New Business,001A003835,New Business,Inbound,005A0010,2026-02-12,2026-05-03,Closed Lost,Omitted,12800.00,EUR,1,0,Competitor - Power Automate,,ws_009310,,2026-05-10
006O0002317,Solvfield - New Business,001A003018,New Business,Outbound,005A0009,2026-02-12,2026-03-10,Closed Lost,Omitted,52700.00,EUR,1,0,Price / budget,,,,2026-03-13
006O0002318,Granmark - New Business,001A002694,New Business,Product-led (PQL),005A0016,2026-02-13,2026-04-25,Closed Lost,Omitted,12700.00,USD,1,0,Competitor - Workato,Workato,ws_022921,,2026-05-01
006O0002319,Opalcore - New Business,001A004443,New Business,Marketing (MQL),005A0015,2026-02-13,2026-03-08,Closed Lost,Omitted,45300.00,USD,1,0,Competitor - Power Automate,,,,2026-03-17
006O0002320,Opalmark - New Business,001A001435,New Business,Product-led (PQL),005A0015,2026-02-14,2026-04-04,Closed Lost,Omitted,7900.00,USD,1,0,Competitor - Zapier,,ws_005131,,2026-04-06
006O0002321,Sellaware - New Business,001A006206,New Business,Product-led (PQL),005A0008,2026-02-14,2026-03-02,Closed Lost,Omitted,8300.00,EUR,1,0,Chose self-hosted Community edition,,ws_013273,,2026-03-04
006O0002322,Cobalnet - New Business,001D000041,New Business,Product-led (PQL),005A0015,2026-02-15,2026-04-03,Closed Lost,Omitted,11000.00,USD,1,0,Competitor - Zapier,,ws_005247,,2026-04-11
006O0002323,Deltacore - New Business,001A007393,New Business,Inbound,005A0023,2026-02-15,2026-03-05,Closed Lost,Omitted,,USD,1,0,Champion left,,ws_019986,,2026-03-09
006O0002324,Coballogic - New Business,001A006076,New Business,Product-led (PQL),005A0018,2026-02-16,2026-05-02,Closed Won,Closed,46600.00,USD,1,1,,,ws_015375,,2026-05-10
006O0002325,Halocore - New Business,001A008431,New Business,Product-led (PQL),005A0017,2026-02-16,2026-07-17,Closed Lost,Omitted,37900.00,EUR,1,0,Competitor - Make,Custom scripts,ws_018573,,2026-07-26
006O0002326,Lumopath - New Business,001A003642,New Business,Product-led (PQL),005A0023,2026-02-16,2026-04-02,Closed Won,Closed,78600.00,USD,1,1,,,ws_023619,,2026-04-06
006O0002327,Ciranet - New Business,001A001823,New Business,Partner,005A0014,2026-02-16,2026-04-07,Closed Won,Closed,33600.00,USD,1,1,,,,,2026-04-08
006O0002328,Briopath - New Business,001A007175,New Business,Product-led (PQL),005A0002,2026-02-17,2026-03-14,Closed Won,Closed,18900.00,EUR,1,1,,,ws_023788,,2026-03-24
006O0002329,Ternworks - New Business,001A000237,New Business,Inbound,005A0014,2026-02-17,2026-04-09,Closed Won,Closed,11600.00,USD,1,1,,,ws_022478,,2026-04-09
006O0002330,Talasys - New Business,001A001618,New Business,Marketing (MQL),005A0015,2026-02-17,2026-03-24,Closed Lost,Omitted,53200.00,USD,1,0,Chose self-hosted Community edition,Make,,,2026-04-01
006O0002331,Bramdata - New Business,001A006451,New Business,Partner,005A0005,2026-02-17,2026-03-27,Closed Lost,Omitted,21400.00,GBP,1,0,Chose self-hosted Community edition,,,,2026-03-30
006O0002332,Quarlabs - New Business,001A000344,New Business,Product-led (PQL),005A0014,2026-02-18,2026-04-15,Closed Lost,Omitted,15800.00,USD,1,0,Chose self-hosted Community edition,,ws_004269,,2026-04-23
006O0002333,Halodata - New Business,001A007770,New Business,Product-led (PQL),005A0000,2026-02-18,2026-06-28,Closed Won,Closed,152800.00,EUR,1,1,,,ws_014198,,2026-07-06
006O0002334,Lyraworks - New Business,001A004182,New Business,Product-led (PQL),005A0014,2026-02-18,2026-03-11,Closed Won,Closed,0.00,USD,1,1,,,ws_013439,,2026-03-16
006O0002335,Talaware - New Business,001A005568,New Business,Marketing (MQL),005A0017,2026-02-18,2026-05-16,Closed Lost,Omitted,52000.00,EUR,1,0,,,,,2026-05-19
006O0002336,Talaworks - New Business,001A006731,New Business,Marketing (MQL),005A0008,2026-02-18,2026-06-22,Closed Lost,Omitted,7800.00,EUR,1,0,Competitor - Power Automate,Tray.io,,,2026-06-24
006O0002337,Deltaware - New Business,001A005392,New Business,Product-led (PQL),005A0015,2026-02-19,2026-04-05,Closed Won,Closed,20300.00,USD,1,1,,,ws_001133,,2026-04-08
006O0002338,Fjelsys - New Business,001A002211,New Business,Product-led (PQL),005A0010,2026-02-19,2026-03-24,Closed Won,Closed,16200.00,EUR,1,1,,,ws_001806,,2026-03-26
006O0002339,Altogrid - New Business,001A008286,New Business,Product-led (PQL),005A0006,2026-02-19,2026-05-13,Closed Lost,Omitted,18400.00,EUR,1,0,Other,Make,ws_008794,,2026-05-20
006O0002340,Lumomark - New Business,001A003504,New Business,Product-led (PQL),005A0001,2026-02-19,2026-09-25,4 - Proposal,Best Case,14000.00,USD,0,0,,,ws_015929,,2026-09-21
006O0002341,Evologic - New Business,001A002359,New Business,Product-led (PQL),005A0024,2026-02-19,2026-07-24,Closed Lost,Omitted,13800.00,EUR,1,0,No decision / status quo,,ws_019142,,2026-07-25
006O0002342,Deltalabs - New Business,001D000067,New Business,Product-led (PQL),005A0010,2026-02-19,2026-04-05,Closed Lost,Omitted,13100.00,EUR,1,0,Competitor - Power Automate,,ws_002031,,2026-04-15
006O0002343,Fjelcore - New Business,001A001027,New Business,Product-led (PQL),005A0008,2026-02-19,2026-03-26,Closed Lost,Omitted,7500.00,EUR,1,0,Chose self-hosted Community edition,,ws_008693,,2026-04-05
006O0002344,Zephmark - New Business,001A006210,New Business,Product-led (PQL),005A0017,2026-02-19,2026-04-10,Closed Lost,Omitted,68800.00,EUR,1,0,Competitor - Zapier,,ws_013973,,2026-04-19
006O0002345,Validata - New Business,001A004139,New Business,Product-led (PQL),005A0023,2026-02-19,2026-05-26,Closed Lost,Omitted,21000.00,USD,1,0,Competitor - Power Automate,,ws_022237,,2026-06-02
006O0002346,Taladata - New Business,001A008790,New Business,Product-led (PQL),005A0016,2026-02-19,2026-03-28,Closed Won,Closed,9100.00,USD,1,1,,Zapier,ws_023331,,2026-04-01
006O0002347,Granpoint - New Business,001A008407,New Business,Inbound,005A0014,2026-02-19,2026-05-05,Closed Lost,Omitted,6900.00,USD,1,0,Unresponsive,,ws_002327,,2026-05-09
006O0002348,Koraworks - New Business,001A003588,New Business,Product-led (PQL),005A0018,2026-02-20,2026-03-31,Closed Lost,Omitted,43400.00,USD,1,0,Unresponsive,,ws_006940,,2026-04-02
006O0002349,Ivenlogic - New Business,001A001322,New Business,Product-led (PQL),005A0024,2026-02-20,2026-07-11,Closed Lost,Omitted,8100.00,EUR,1,0,Timing,Make,ws_013791,,2026-07-19
006O0002350,Granbridge - New Business,001A005801,New Business,Product-led (PQL),005A0023,2026-02-20,2026-04-26,Closed Lost,Omitted,13400.00,USD,1,0,Chose self-hosted Community edition,,ws_013901,,2026-04-27
006O0002351,Altovik - New Business,001A001320,New Business,Marketing (MQL),005A0007,2026-02-20,2026-05-10,Closed Lost,Omitted,183100.00,EUR,1,0,Competitor - Power Automate,Power Automate,,,2026-05-11
006O0002352,Zephsys - New Business,001A002087,New Business,Marketing (MQL),005A0009,2026-02-20,2026-04-07,Closed Lost,Omitted,34200.00,EUR,1,0,Competitor - Make,,,,2026-04-15
006O0002353,Veralogic - New Business,001A008195,New Business,Product-led (PQL),005A0008,2026-02-21,2026-05-04,Closed Lost,Omitted,20200.00,EUR,1,0,Price / budget,,ws_019941,,2026-05-11
006O0002354,Junotech - New Business,001A001108,New Business,Product-led (PQL),005A0015,2026-02-21,2026-04-02,Closed Won,Closed,12500.00,USD,1,1,,,ws_004055,,2026-04-11
006O0002355,Solvworks - New Business,001A004019,New Business,Product-led (PQL),005A0014,2026-02-21,2026-03-14,Closed Won,Closed,9700.00,USD,1,1,,,ws_004747,,2026-03-17
006O0002356,Boreawave - New Business,001A007034,New Business,Product-led (PQL),005A0024,2026-02-21,2026-04-04,Closed Lost,Omitted,6200.00,EUR,1,0,Competitor - Make,Make,ws_007043,,2026-04-05
006O0002357,Runesys - New Business,001A003816,New Business,Inbound,005A0010,2026-02-21,2026-04-07,Closed Lost,Omitted,13000.00,EUR,1,0,,Make,ws_022413,,2026-04-15
006O0002358,Xenopath - New Business,001A008818,New Business,Outbound,005A0018,2026-02-21,2026-05-12,Closed Won,Closed,40500.00,USD,1,1,,Make,,,2026-05-17
006O0002359,Lumocore - New Business,001A004321,New Business,Product-led (PQL),005A0006,2026-02-22,2026-05-04,Closed Lost,Omitted,43800.00,EUR,1,0,No decision / status quo,,ws_006021,,2026-05-05
006O0002360,Runenet - New Business,001A008230,New Business,Product-led (PQL),005A0020,2026-02-23,2026-04-08,Closed Won,Closed,37500.00,GBP,1,1,,,ws_022203,,2026-04-16
006O0002361,Opalflow - New Business,001A006362,New Business,Product-led (PQL),005A0006,2026-02-23,2026-06-20,Closed Lost,Omitted,48900.00,EUR,1,0,,,ws_004906,,2026-06-30
006O0002362,Koraworks - New Business,001A008742,New Business,Product-led (PQL),005A0017,2026-02-23,2026-08-07,Closed Lost,Omitted,32600.00,EUR,1,0,Price / budget,,ws_005306,,2026-08-13
006O0002363,Granlabs - New Business,001A007680,New Business,Product-led (PQL),005A0015,2026-02-23,2026-05-02,Closed Won,Closed,23500.00,USD,1,1,,,ws_007160,,2026-05-11
006O0002364,Verasys - New Business,001A005730,New Business,,005A0003,2026-02-23,2026-04-27,Closed Won,Closed,230000.00,GBP,1,1,,,ws_018282,,2026-04-29
006O0002365,Lyrawave - New Business,001A007547,New Business,Marketing (MQL),005A0017,2026-02-23,2026-08-04,Closed Lost,Omitted,46800.00,EUR,1,0,Price / budget,,,,2026-08-09
006O0002366,Kestmark - New Business,001A004299,New Business,Product-led (PQL),005A0018,2026-02-24,2026-06-19,Closed Lost,Omitted,77700.00,USD,1,0,Champion left,,ws_009505,,2026-06-23
006O0002367,Altopath - New Business,001A004275,New Business,Product-led (PQL),005A0024,2026-02-24,2026-04-17,Closed Lost,Omitted,11800.00,EUR,1,0,Chose self-hosted Community edition,Make,ws_006607,,2026-04-19
006O0002368,Opalcore - New Business,001A000294,New Business,Product-led (PQL),005A0014,2026-02-24,2026-05-31,Closed Lost,Omitted,12300.00,USD,1,0,Unresponsive,,ws_014718,,2026-06-08
006O0002369,Junoworks - New Business,001A006885,New Business,Marketing (MQL),005A0015,2026-02-24,2026-04-28,Closed Lost,Omitted,15200.00,USD,1,0,Unresponsive,,,,2026-05-01
006O0002370,Straworks - New Business,001A002072,New Business,Product-led (PQL),005A0005,2026-02-25,2026-03-23,Closed Won,Closed,9000.00,GBP,1,1,,Power Automate,ws_004390,,2026-03-31
006O0002371,Cobalcore - New Business,001A003870,New Business,Product-led (PQL),005A0006,2026-02-25,2026-04-23,Closed Won,Closed,71600.00,EUR,1,1,,,ws_011205,,2026-04-27
006O0002372,Piracore - New Business,001A005581,New Business,Product-led (PQL),005A0007,2026-02-25,2026-06-23,Closed Won,Closed,211000.00,EUR,1,1,,Zapier,ws_015213,,2026-07-03
006O0002373,Ivenstack - New Business,001A006843,New Business,Inbound,005A0009,2026-02-25,2026-05-10,Closed Lost,Omitted,41300.00,EUR,1,0,Competitor - Workato,,ws_004020,,2026-05-11
006O0002374,Lyrapath - New Business,001A008403,New Business,Inbound,005A0018,2026-02-25,2026-05-19,Closed Lost,Omitted,0.00,USD,1,0,Competitor - Make,,ws_005237,,2026-05-27
006O0002375,Ternnet - New Business,001A006345,New Business,Product-led (PQL),005A0018,2026-02-26,2026-08-28,Closed Lost,Omitted,33500.00,USD,1,0,,,ws_000840,,2026-09-07
006O0002376,Fjelsys - New Business,001A002544,New Business,Product-led (PQL),005A0008,2026-02-26,2026-03-30,Closed Won,Closed,17000.00,EUR,1,1,,,ws_013958,,2026-04-02
006O0002377,Piratech - New Business,001A002542,New Business,Product-led (PQL),005A0009,2026-02-26,2026-06-23,Closed Lost,Omitted,26800.00,EUR,1,0,Competitor - Power Automate,,ws_017662,,2026-06-24
006O0002378,Xenologic - New Business,001A007892,New Business,Product-led (PQL),005A0017,2026-02-27,2026-07-11,Closed Lost,Omitted,,EUR,1,0,Competitor - Workato,,ws_013136,,2026-07-14
006O0002379,Umbradata - New Business,001A008139,New Business,Product-led (PQL),005A0010,2026-02-27,2026-06-28,Closed Lost,Omitted,30300.00,EUR,1,0,Other,,ws_020655,,2026-06-29
006O0002380,Valivik - New Business,001A007460,New Business,Marketing (MQL),005A0007,2026-02-27,2026-07-28,Closed Lost,Omitted,85600.00,EUR,1,0,Champion left,Zapier,,,2026-07-29
006O0002381,Runegrid - New Business,001A000432,New Business,Product-led (PQL),005A0014,2026-02-28,2026-06-13,Closed Lost,Omitted,5200.00,USD,1,0,Other,,ws_005002,,2026-06-21
006O0002382,Valipath - New Business,001A002752,New Business,Product-led (PQL),005A0023,2026-02-28,2026-06-23,Closed Lost,Omitted,58400.00,USD,1,0,Other,,ws_006935,,2026-06-28
006O0002383,Fjeltech - New Business,001A004215,New Business,Product-led (PQL),005A0017,2026-02-28,2026-05-16,Closed Lost,Omitted,45300.00,EUR,1,0,Competitor - Make,Make,ws_006949,,2026-05-19
006O0002384,Umbranet - New Business,001A003516,New Business,Product-led (PQL),005A0014,2026-02-28,2026-04-14,Closed Lost,Omitted,26900.00,USD,1,0,Other,,ws_007730,,2026-04-18
006O0002385,Veranet - New Business,001A002707,New Business,Product-led (PQL),005A0005,2026-02-28,2026-04-10,Closed Won,Closed,16200.00,GBP,1,1,,Make,ws_008345,,2026-04-13
006O0002386,Halodata - New Business,001A006188,New Business,Product-led (PQL),005A0014,2026-02-28,2026-05-16,Closed Lost,Omitted,8200.00,USD,1,0,Timing,,ws_017379,,2026-05-24
006O0002387,Briovik - New Business,001A004339,New Business,Product-led (PQL),005A0014,2026-02-28,2026-03-25,Closed Lost,Omitted,15100.00,USD,1,0,Competitor - Zapier,,ws_023807,,2026-04-04
006O0002388,Koralabs - New Business,001A004217,New Business,Inbound,005A0024,2026-02-28,2026-04-15,Closed Lost,Omitted,78500.00,EUR,1,0,Unresponsive,,ws_009872,,2026-04-17
006O0002389,Haloworks - New Business,001A006272,New Business,Inbound,005A0014,2026-02-28,2026-04-01,Closed Won,Closed,10900.00,USD,1,1,,,ws_017962,,2026-04-02
006O0002390,Ternstack - New Business,001A006100,New Business,Product-led (PQL),005A0007,2026-03-01,2026-05-20,Closed Lost,Omitted,172000.00,EUR,1,0,Missing feature / integration,Zapier,ws_021268,,2026-05-24
006O0002391,Miralogic - New Business,001A007615,New Business,Product-led (PQL),005A0018,2026-03-01,2026-03-26,Closed Won,Closed,29300.00,USD,1,1,,Zapier,ws_021701,,2026-03-31
006O0002392,Fjelfield - New Business,001A002229,New Business,Inbound,005A0023,2026-03-01,2026-05-27,Closed Lost,Omitted,63400.00,USD,1,0,Unresponsive,,ws_013261,,2026-06-05
006O0002393,Vexlabs - New Business,001A003207,New Business,Marketing (MQL),005A0017,2026-03-01,2026-07-09,Closed Lost,Omitted,41200.00,EUR,1,0,Competitor - Power Automate,,,,2026-07-17
006O0002394,Koratech - New Business,001A001342,New Business,Marketing (MQL),005A0006,2026-03-01,2026-05-28,Closed Won,Closed,49400.00,EUR,1,1,,Zapier,,,2026-06-01
006O0002395,Lyraworks - New Business,001A007273,New Business,Product-led (PQL),005A0005,2026-03-02,2026-04-06,Closed Won,Closed,41100.00,GBP,1,1,,Power Automate,ws_005512,,2026-04-14
006O0002396,Astervik - New Business,001A000110,New Business,Product-led (PQL),005A0011,2026-03-02,2026-04-27,Closed Lost,Omitted,129800.00,EUR,1,0,Missing feature / integration,,ws_015954,,2026-05-04
006O0002397,Lumoware - New Business,001A008954,New Business,Product-led (PQL),005A0007,2026-03-02,2026-08-28,Closed Lost,Omitted,144600.00,EUR,1,0,Security / compliance review,,ws_017548,,2026-08-30
006O0002398,Asterstack - New Business,001A004128,New Business,Product-led (PQL),005A0014,2026-03-02,2026-03-29,Closed Won,Closed,19400.00,USD,1,1,,Make,ws_019732,,2026-03-31
006O0002399,Nordvik - New Business,001A004779,New Business,Marketing (MQL),005A0023,2026-03-02,2026-05-12,Closed Lost,Omitted,90900.00,USD,1,0,,Zapier,,,2026-05-18
006O0002400,Quarsys - New Business,001A003279,New Business,Marketing (MQL),005A0000,2026-03-02,2026-04-24,Closed Lost,Omitted,105900.00,EUR,1,0,,,,,2026-05-01
006O0002401,Valisys - New Business,001D000046,New Business,Product-led (PQL),005A0015,2026-03-03,2026-04-20,Closed Won,Closed,94900.00,USD,1,1,,,ws_001740,,2026-04-29
006O0002402,Runeline - New Business,001A004331,New Business,Product-led (PQL),005A0015,2026-03-03,2026-04-12,Closed Lost,Omitted,18900.00,USD,1,0,Chose self-hosted Community edition,Power Automate,ws_019540,,2026-04-13
006O0002403,Lyracore - New Business,001A005974,New Business,Product-led (PQL),005A0015,2026-03-03,2026-06-25,Closed Lost,Omitted,25600.00,USD,1,0,Chose self-hosted Community edition,Make,ws_023151,,2026-07-01
006O0002404,Stramark - New Business,001A003020,New Business,Inbound,005A0007,2026-03-03,2026-06-02,Closed Lost,Omitted,377900.00,EUR,1,0,Missing feature / integration,Power Automate,ws_022788,,2026-06-05
006O0002405,Coballabs - New Business,001A003201,New Business,Product-led (PQL),005A0015,2026-03-04,2026-04-17,Closed Lost,Omitted,22800.00,USD,1,0,Missing feature / integration,,ws_004162,,2026-04-21
006O0002406,Kestmark - New Business,001A003260,New Business,Product-led (PQL),005A0024,2026-03-04,2026-04-03,Closed Won,Closed,12800.00,EUR,1,1,,Power Automate,ws_014302,,2026-04-12
006O0002407,Strabridge - New Business,001A006978,New Business,Product-led (PQL),005A0014,2026-03-04,2026-04-08,Closed Won,Closed,17000.00,USD,1,1,,,ws_016741,,2026-04-15
006O0002408,Lumotech - New Business,001A008338,New Business,Product-led (PQL),005A0006,2026-03-04,2026-08-26,Closed Lost,Omitted,66400.00,EUR,1,0,Other,,ws_020486,,2026-09-01
006O0002409,Fjelsys - New Business,001A002186,New Business,Product-led (PQL),005A0023,2026-03-04,2026-04-25,Closed Lost,Omitted,128100.00,USD,1,0,Chose self-hosted Community edition,,ws_022063,,2026-04-30
006O0002410,Brampoint - New Business,001A004297,New Business,Inbound,005A0018,2026-03-04,2026-04-06,Closed Won,Closed,79700.00,USD,1,1,,Power Automate,ws_007515,,2026-04-15
006O0002411,Asterpath - New Business,001A000589,New Business,Inbound,005A0024,2026-03-04,2026-04-28,Closed Lost,Omitted,44100.00,EUR,1,0,Competitor - Power Automate,Power Automate,ws_013475,,2026-05-01
006O0002412,Zephlabs - New Business,001A004757,New Business,Inbound,005A0015,2026-03-04,2026-04-04,Closed Won,Closed,7600.00,USD,1,1,,,ws_022011,,2026-04-12
006O0002413,Orioline - New Business,001A001034,New Business,Marketing (MQL),005A0010,2026-03-04,2026-07-06,Closed Lost,Omitted,4800.00,EUR,1,0,Chose self-hosted Community edition,,,,2026-07-09
006O0002414,Nexamark - New Business,001A006848,New Business,Marketing (MQL),005A0003,2026-03-04,2026-06-16,Closed Lost,Omitted,83300.00,GBP,1,0,Other,,,,2026-06-16
006O0002415,Koraline - New Business,001A008934,New Business,Product-led (PQL),005A0014,2026-03-05,2026-03-28,Closed Won,Closed,7900.00,USD,1,1,,,ws_000365,,2026-03-29
006O0002416,Opalware - New Business,001A006467,New Business,Product-led (PQL),005A0023,2026-03-05,2026-05-31,Closed Lost,Omitted,27800.00,USD,1,0,Chose self-hosted Community edition,,ws_001944,,2026-06-04
006O0002417,Vexflow - New Business,001A000358,New Business,Product-led (PQL),005A0008,2026-03-05,2026-06-07,Closed Lost,Omitted,12400.00,EUR,1,0,Chose self-hosted Community edition,,ws_002372,,2026-06-11
006O0002418,Stratech - New Business,001A001090,New Business,Product-led (PQL),005A0003,2026-03-05,2026-07-21,Closed Won,Closed,37500.00,GBP,1,1,,Power Automate,ws_007367,,2026-07-25
006O0002419,Ivengrid - New Business,001A003531,New Business,Product-led (PQL),005A0017,2026-03-05,2026-07-12,Closed Lost,Omitted,14400.00,EUR,1,0,Chose self-hosted Community edition,Power Automate,ws_012429,,2026-07-21
006O0002420,Granlabs - New Business,001A001659,New Business,Product-led (PQL),005A0017,2026-03-05,2026-04-26,Closed Lost,Omitted,0.00,EUR,1,0,Unresponsive,,ws_017631,,2026-05-02
006O0002421,Altogrid - New Business,001A005253,New Business,Inbound,005A0014,2026-03-05,2026-07-18,Closed Lost,Omitted,,USD,1,0,Security / compliance review,Make,ws_015224,,2026-07-21
006O0002422,Ternlabs - New Business,001A007639,New Business,Marketing (MQL),005A0006,2026-03-05,2026-05-07,Closed Lost,Omitted,25600.00,EUR,1,0,Champion left,,,,2026-05-13
006O0002423,Altoline - New Business,001A007641,New Business,Marketing (MQL),005A0015,2026-03-05,2026-04-01,Closed Lost,Omitted,152700.00,USD,1,0,,Make,,,2026-04-10
006O0002424,Ternline - New Business,001A007191,New Business,Product-led (PQL),005A0005,2026-03-06,2026-03-31,Closed Lost,Omitted,8100.00,GBP,1,0,Timing,,ws_000267,,2026-04-05
006O0002425,Piralabs - New Business,001A006347,New Business,Product-led (PQL),005A0014,2026-03-06,2026-04-05,Closed Won,Closed,2700.00,USD,1,1,,,ws_003812,,2026-04-14
006O0002426,Solvgrid - New Business,001A003712,New Business,Product-led (PQL),005A0015,2026-03-06,2026-06-06,Closed Lost,Omitted,91600.00,USD,1,0,Missing feature / integration,,ws_010779,,2026-06-12
006O0002427,Zephcore - New Business,001A004087,New Business,Product-led (PQL),005A0023,2026-03-06,2026-04-23,Closed Won,Closed,33000.00,USD,1,1,,Make,ws_010849,,2026-04-28
006O0002428,Zephlogic - New Business,001A005312,New Business,Product-led (PQL),005A0010,2026-03-06,2026-04-03,Closed Won,Closed,25300.00,EUR,1,1,,,ws_022645,,2026-04-05
006O0002429,Oriomark - New Business,001A006942,New Business,Marketing (MQL),005A0008,2026-03-06,2026-06-19,Closed Lost,Omitted,6200.00,EUR,1,0,Price / budget,,,,2026-06-24
006O0002430,Lumovik - New Business,001A003452,New Business,Marketing (MQL),005A0024,2026-03-06,2026-04-21,Closed Won,Closed,9700.00,EUR,1,1,,Make,,,2026-04-21
006O0002431,Quarpath - New Business,001A000662,New Business,Inbound,005A0000,2026-03-07,2026-04-24,Closed Lost,Omitted,89200.00,EUR,1,0,Champion left,,ws_003174,,2026-04-30
006O0002432,Kestgrid - New Business,001A007177,New Business,Marketing (MQL),005A0015,2026-03-07,2026-04-30,Closed Lost,Omitted,53400.00,USD,1,0,Missing feature / integration,Zapier,,,2026-05-09
006O0002433,Altologic - New Business,001A002203,New Business,Product-led (PQL),005A0002,2026-03-08,2026-05-15,Closed Lost,Omitted,7400.00,EUR,1,0,Price / budget,Custom scripts,ws_015935,,2026-05-17
006O0002434,Granware - New Business,001A004001,New Business,Product-led (PQL),005A0010,2026-03-08,2026-04-02,Closed Won,Closed,9800.00,EUR,1,1,,,ws_022697,,2026-04-03
006O0002435,Sellamark - New Business,001A001879,New Business,Inbound,005A0006,2026-03-08,2026-05-10,Closed Lost,Omitted,81800.00,EUR,1,0,Price / budget,,ws_009934,,2026-05-14
006O0002436,Altowave - New Business,001A007689,New Business,Marketing (MQL),005A0008,2026-03-09,2026-08-05,Closed Lost,Omitted,16800.00,EUR,1,0,Competitor - Make,Make,,,2026-08-08
006O0002437,Korawave - New Business,001A000039,New Business,Product-led (PQL),005A0023,2026-03-10,2026-05-15,Closed Won,Closed,75300.00,USD,1,1,,,ws_000696,,2026-05-16
006O0002438,Koradata - New Business,001A001462,New Business,Product-led (PQL),005A0017,2026-03-10,2026-03-17,Closed Lost,Omitted,20800.00,EUR,1,0,Chose self-hosted Community edition,Tray.io,ws_003355,,2026-03-20
006O0002439,Verabridge - New Business,001A004246,New Business,Inbound,005A0014,2026-03-10,2026-05-24,Closed Lost,Omitted,7200.00,USD,1,0,,,ws_013088,,2026-05-28
006O0002440,Cobalwave - New Business,001A005845,New Business,Inbound,005A0016,2026-03-10,2026-06-05,Closed Lost,Omitted,58500.00,USD,1,0,Unresponsive,Custom scripts,ws_004109,,2026-06-13
006O0002441,Straworks - New Business,001A006097,New Business,Marketing (MQL),005A0008,2026-03-10,2026-04-18,Closed Lost,Omitted,13300.00,EUR,1,0,No decision / status quo,Zapier,,,2026-04-21
006O0002442,Ivennet - New Business,001A008372,New Business,Product-led (PQL),005A0004,2026-03-11,2026-06-11,Closed Lost,Omitted,19300.00,GBP,1,0,Competitor - Zapier,Zapier,ws_001553,,2026-06-11
006O0002443,Boreaflow - New Business,001A002224,New Business,Product-led (PQL),005A0015,2026-03-11,2026-09-19,3 - Technical Validation,Best Case,15400.00,USD,0,0,,Power Automate,ws_002129,Legal review,2026-09-21
006O0002444,Lumosys - New Business,001A007349,New Business,Product-led (PQL),005A0017,2026-03-11,2026-06-11,Closed Won,Closed,34600.00,EUR,1,1,,,ws_008244,,2026-06-17
006O0002445,Halofield - New Business,001A005001,New Business,Product-led (PQL),005A0014,2026-03-11,2026-04-21,Closed Lost,Omitted,9000.00,USD,1,0,Unresponsive,Custom scripts,ws_009345,,2026-04-21
006O0002446,Vexwave - New Business,001A001176,New Business,Product-led (PQL),005A0010,2026-03-11,2026-04-03,Closed Won,Closed,5400.00,EUR,1,1,,,ws_016481,,2026-04-08
006O0002447,Ciravik - New Business,001A001888,New Business,Product-led (PQL),005A0018,2026-03-11,2026-05-19,Closed Lost,Omitted,56200.00,USD,1,0,Unresponsive,Zapier,ws_000604,,2026-05-23
006O0002448,Oriotech - New Business,001A001606,New Business,Inbound,005A0015,2026-03-11,2026-04-22,Closed Won,Closed,7400.00,USD,1,1,,,ws_015982,,2026-04-28
006O0002449,Asterware - New Business,001A007766,New Business,Marketing (MQL),005A0014,2026-03-11,2026-07-13,Closed Lost,Omitted,6400.00,USD,1,0,Champion left,,,,2026-07-15
006O0002450,Asterlogic - New Business,001A007894,New Business,Product-led (PQL),005A0008,2026-03-12,2026-06-20,Closed Lost,Omitted,11800.00,EUR,1,0,Chose self-hosted Community edition,,ws_002079,,2026-06-23
006O0002451,Ivenvik - New Business,001A005090,New Business,Product-led (PQL),005A0009,2026-03-12,2026-05-06,Closed Won,Closed,71800.00,EUR,1,1,,Custom scripts,ws_003399,,2026-05-13
006O0002452,Kestdata - New Business,001A001690,New Business,Product-led (PQL),005A0014,2026-03-12,2026-07-12,Closed Lost,Omitted,25200.00,USD,1,0,Security / compliance review,,ws_006149,,2026-07-17
006O0002453,Nordtech - New Business,001A005823,New Business,Product-led (PQL),005A0002,2026-03-12,2026-06-23,Closed Lost,Omitted,9600.00,EUR,1,0,Security / compliance review,,ws_014888,,2026-06-24
006O0002454,Quarmark - New Business,001A008350,New Business,Product-led (PQL),005A0015,2026-03-12,2026-04-25,Closed Lost,Omitted,25300.00,USD,1,0,Security / compliance review,,ws_016420,,2026-05-04
006O0002455,Valiwave - New Business,001A003415,New Business,Product-led (PQL),005A0020,2026-03-12,2026-04-01,Closed Lost,Omitted,110100.00,GBP,1,0,,,ws_018539,,2026-04-09
006O0002456,Solvwave - New Business,001A006446,New Business,Product-led (PQL),005A0023,2026-03-12,2026-05-03,Closed Lost,Omitted,51800.00,USD,1,0,Timing,Power Automate,ws_020967,,2026-05-04
006O0002457,Xenoworks - New Business,001A006769,New Business,Inbound,005A0008,2026-03-12,2026-05-14,Closed Lost,Omitted,6300.00,EUR,1,0,Unresponsive,,ws_016745,,2026-05-23
006O0002458,Yaraworks - New Business,001A004316,New Business,Inbound,005A0015,2026-03-12,2026-04-29,Closed Lost,Omitted,22400.00,USD,1,0,Champion left,Zapier,ws_021130,,2026-04-29
006O0002459,Zephbridge - New Business,001A007216,New Business,Product-led (PQL),005A0014,2026-03-13,2026-04-28,Closed Won,Closed,15700.00,USD,1,1,,,ws_018205,,2026-05-06
006O0002460,Boreaware - New Business,001A001864,New Business,Product-led (PQL),005A0018,2026-03-13,2026-04-08,Closed Lost,Omitted,50200.00,USD,1,0,Timing,,ws_018924,,2026-04-12
006O0002461,Evopath - New Business,001A007087,New Business,Inbound,005A0020,2026-03-13,2026-06-10,Closed Lost,Omitted,36100.00,GBP,1,0,,,ws_012003,,2026-06-15
006O0002462,Runedata - New Business,001A006372,New Business,Product-led (PQL),005A0015,2026-03-14,2026-05-04,Closed Lost,Omitted,36700.00,USD,1,0,No decision / status quo,,ws_002048,,2026-05-10
006O0002463,Umbrapoint - New Business,001A005697,New Business,Product-led (PQL),005A0015,2026-03-14,2026-04-15,Closed Won,Closed,20600.00,USD,1,1,,,ws_007104,,2026-04-24
006O0002464,Umbramark - New Business,001A008595,New Business,Product-led (PQL),005A0014,2026-03-14,2026-05-03,Closed Lost,Omitted,32900.00,USD,1,0,Other,,ws_010401,,2026-05-08
006O0002465,Wendvik - New Business,001A006996,New Business,Product-led (PQL),005A0023,2026-03-14,2026-04-30,Closed Lost,Omitted,94300.00,USD,1,0,Chose self-hosted Community edition,,ws_015258,,2026-05-03
006O0002466,Quartech - New Business,001A004285,New Business,Product-led (PQL),005A0017,2026-03-14,2026-08-31,Closed Lost,Omitted,46400.00,EUR,1,0,Competitor - Workato,,ws_016284,,2026-09-01
006O0002467,Orioworks - New Business,001A004047,New Business,Inbound,005A0005,2026-03-14,2026-04-18,Closed Lost,Omitted,24500.00,GBP,1,0,Competitor - Workato,Power Automate,ws_012235,,2026-04-26
006O0002468,Halotech - New Business,001A003655,New Business,Inbound,005A0002,2026-03-14,2026-05-08,Closed Lost,Omitted,8300.00,EUR,1,0,Competitor - Zapier,,ws_013927,,2026-05-10
006O0002469,Junomark - New Business,001A008312,New Business,Marketing (MQL),005A0002,2026-03-14,2026-04-13,Closed Lost,Omitted,7600.00,EUR,1,0,Unresponsive,,,,2026-04-14
006O0002470,Haloware - New Business,001A004201,New Business,Outbound,005A0018,2026-03-14,2026-05-30,Closed Lost,Omitted,,USD,1,0,Other,,,,2026-06-06
006O0002471,Opalware - New Business,001A008183,New Business,Outbound,005A0017,2026-03-14,2026-06-06,Closed Lost,Omitted,25500.00,EUR,1,0,Missing feature / integration,,,,2026-06-10
006O0002472,Bramline - New Business,001A005255,New Business,Product-led (PQL),005A0016,2026-03-15,2026-03-31,Closed Lost,Omitted,,USD,1,0,Competitor - Make,Make,ws_008556,,2026-04-02
006O0002473,Ivennet - New Business,001A003262,New Business,Product-led (PQL),005A0000,2026-03-15,2026-09-27,4 - Proposal,Commit,120400.00,EUR,0,0,,,ws_014731,,2026-09-02
006O0002474,Runewave - New Business,001A002927,New Business,Product-led (PQL),005A0023,2026-03-15,2026-04-23,Closed Won,Closed,46900.00,USD,1,1,,Power Automate,ws_004136,,2026-05-03
006O0002475,Fjellabs - New Business,001A006175,New Business,Product-led (PQL),005A0015,2026-03-16,2026-05-03,Closed Lost,Omitted,42100.00,USD,1,0,Competitor - Power Automate,,ws_000661,,2026-05-10
006O0002476,Astervik - New Business,001A007862,New Business,Product-led (PQL),005A0017,2026-03-16,2026-05-26,Closed Lost,Omitted,26900.00,EUR,1,0,Other,,ws_004090,,2026-05-27
006O0002477,Miragrid - New Business,001D000001,New Business,Product-led (PQL),005A0016,2026-03-16,2026-07-11,Closed Won,Closed,133300.00,USD,1,1,,,ws_017589,,2026-07-17
006O0002478,Opalmark - New Business,001A004468,New Business,Product-led (PQL),005A0015,2026-03-16,2026-06-07,Closed Won,Closed,135700.00,USD,1,1,,Custom scripts,ws_021411,,2026-06-15
006O0002479,Asterflow - New Business,001A005661,New Business,Product-led (PQL),005A0024,2026-03-16,2026-05-22,Closed Lost,Omitted,17000.00,EUR,1,0,Competitor - Zapier,Zapier,ws_003210,,2026-05-22
006O0002480,Korawave - New Business,001A002470,New Business,Product-led (PQL),005A0010,2026-03-16,2026-10-15,5 - Negotiation,Commit,32400.00,EUR,0,0,,,ws_011544,Send proposal,2026-09-21
006O0002481,Solvbridge - New Business,001A000095,New Business,Product-led (PQL),005A0018,2026-03-16,2026-05-21,Closed Lost,Omitted,71800.00,USD,1,0,Unresponsive,,ws_020958,,2026-05-23
006O0002482,Evoworks - New Business,001A008132,New Business,Product-led (PQL),005A0014,2026-03-17,2026-06-08,Closed Lost,Omitted,6400.00,USD,1,0,Competitor - Power Automate,,ws_016706,,2026-06-15
006O0002483,Nordstack - New Business,001A006518,New Business,,005A0005,2026-03-17,2026-04-12,Closed Lost,Omitted,8500.00,GBP,1,0,Missing feature / integration,,ws_020708,,2026-04-12
006O0002484,Runeflow - New Business,001A000535,New Business,Marketing (MQL),005A0004,2026-03-17,2026-08-16,Closed Lost,Omitted,23300.00,GBP,1,0,Timing,Custom scripts,,,2026-08-25
006O0002485,Grancore - New Business,001A007383,New Business,Marketing (MQL),005A0002,2026-03-17,2026-06-20,Closed Lost,Omitted,14100.00,EUR,1,0,Chose self-hosted Community edition,,,,2026-06-29
006O0002486,Yaralogic - New Business,001A005765,New Business,Product-led (PQL),005A0010,2026-03-18,2026-04-19,Closed Lost,Omitted,15300.00,EUR,1,0,Missing feature / integration,Zapier,ws_020035,,2026-04-28
006O0002487,Yaraline - New Business,001A007038,New Business,Product-led (PQL),005A0016,2026-03-18,2026-05-13,Closed Won,Closed,4500.00,USD,1,1,,,ws_008661,,2026-05-17
006O0002488,Evowave - New Business,001A007574,New Business,Product-led (PQL),005A0000,2026-03-18,2026-07-12,Closed Won,Closed,120400.00,EUR,1,1,,,ws_010431,,2026-07-14
006O0002489,Runetech - New Business,001A002490,New Business,Product-led (PQL),005A0015,2026-03-18,2026-04-06,Closed Won,Closed,16000.00,USD,1,1,,Power Automate,ws_018625,,2026-04-13
006O0002490,Junoline - New Business,001A008717,New Business,Product-led (PQL),005A0024,2026-03-18,2026-04-25,Closed Lost,Omitted,23200.00,EUR,1,0,Competitor - Workato,,ws_020799,,2026-04-27
006O0002491,Korapoint - New Business,001A000664,New Business,Product-led (PQL),005A0009,2026-03-19,2026-04-26,Closed Lost,Omitted,56800.00,EUR,1,0,Price / budget,Make,ws_017327,,2026-05-01
006O0002492,Pirapath - New Business,001A006314,New Business,Product-led (PQL),005A0014,2026-03-19,2026-05-16,Closed Lost,Omitted,21000.00,USD,1,0,Price / budget,,ws_019358,,2026-05-24
006O0002493,Mirawave - New Business,001A007502,New Business,Product-led (PQL),005A0002,2026-03-19,2026-04-16,Closed Won,Closed,18500.00,EUR,1,1,,,ws_001316,,2026-04-25
006O0002494,Wendgrid - New Business,001A003465,New Business,Product-led (PQL),005A0014,2026-03-19,2026-04-15,Closed Won,Closed,9300.00,USD,1,1,,Make,ws_005040,,2026-04-22
006O0002495,Oriofield - New Business,001A004124,New Business,Product-led (PQL),005A0015,2026-03-19,2026-05-22,Closed Won,Closed,42400.00,USD,1,1,,Zapier,ws_010721,,2026-05-27
006O0002496,Junoline - New Business,001A007399,New Business,,005A0012,2026-03-19,2026-10-02,3 - Technical Validation,Best Case,67600.00,USD,0,0,,,ws_019088,Security questionnaire,2026-09-06
006O0002497,Ivenpath - New Business,001A008309,New Business,Inbound,005A0015,2026-03-19,2026-05-01,Closed Won,Closed,129700.00,USD,1,1,,,ws_021031,,2026-05-03
006O0002498,Runeflow - New Business,001A003769,New Business,Product-led (PQL),005A0014,2026-03-20,2026-04-27,Closed Won,Closed,11800.00,USD,1,1,,,ws_007978,,2026-05-06
006O0002499,Sellacore - New Business,001A006307,New Business,Product-led (PQL),005A0014,2026-03-20,2026-04-23,Closed Lost,Omitted,7200.00,USD,1,0,Champion left,,ws_007644,,2026-04-25
006O0002500,Sellagrid - New Business,001A007090,New Business,Product-led (PQL),005A0007,2026-03-20,2026-08-08,Closed Lost,Omitted,170200.00,EUR,1,0,Missing feature / integration,,ws_016515,,2026-08-16
006O0002501,Quarnet - New Business,001A007107,New Business,Product-led (PQL),005A0014,2026-03-20,2026-08-14,Closed Lost,Omitted,34000.00,USD,1,0,Other,,ws_018357,,2026-08-19
006O0002502,Valigrid - New Business,001A003838,New Business,Product-led (PQL),005A0018,2026-03-20,2026-05-13,Closed Lost,Omitted,59400.00,USD,1,0,Missing feature / integration,Power Automate,ws_023179,,2026-05-19
006O0002503,Lumofield - New Business,001A006131,New Business,Marketing (MQL),005A0014,2026-03-20,2026-03-24,Closed Lost,Omitted,4700.00,USD,1,0,Security / compliance review,,,,2026-03-28
006O0002504,Umbrawave - New Business,001A001268,New Business,Partner,005A0008,2026-03-20,2026-05-02,Closed Lost,Omitted,0.00,EUR,1,0,,,,,2026-05-09
006O0002505,Wendwave - New Business,001A005320,New Business,Product-led (PQL),005A0017,2026-03-21,2026-07-02,Closed Lost,Omitted,12000.00,EUR,1,0,,Zapier,ws_017281,,2026-07-10
006O0002506,Boreaware - New Business,001A001220,New Business,Product-led (PQL),005A0017,2026-03-21,2026-04-09,Closed Lost,Omitted,33900.00,EUR,1,0,Timing,,ws_009903,,2026-04-10
006O0002507,Bramtech - New Business,001A002149,New Business,Product-led (PQL),005A0000,2026-03-21,2026-07-08,Closed Won,Closed,91100.00,EUR,1,1,,,ws_010742,,2026-07-16
006O0002508,Straflow - New Business,001A001982,New Business,Product-led (PQL),005A0023,2026-03-21,2026-07-22,Closed Lost,Omitted,40700.00,USD,1,0,,Custom scripts,ws_014283,,2026-07-30
006O0002509,Miracore - New Business,001A004313,New Business,Partner,005A0014,2026-03-21,2026-04-07,Closed Lost,Omitted,7000.00,USD,1,0,Missing feature / integration,,,,2026-04-11
006O0002510,Bramworks - New Business,001A008109,New Business,Product-led (PQL),005A0023,2026-03-22,2026-06-23,Closed Lost,Omitted,17600.00,USD,1,0,Price / budget,,ws_007226,,2026-06-24
006O0002511,Sellafield - New Business,001A008462,New Business,Product-led (PQL),005A0014,2026-03-22,2026-05-14,Closed Lost,Omitted,16500.00,USD,1,0,Competitor - Make,Make,ws_000314,,2026-05-24
006O0002512,Kestwave - New Business,001A004688,New Business,Product-led (PQL),005A0014,2026-03-22,2026-04-19,Closed Won,Closed,36500.00,USD,1,1,,,ws_012152,,2026-04-22
006O0002513,Quargrid - New Business,001A005517,New Business,Marketing (MQL),005A0017,2026-03-22,2026-05-16,Closed Won,Closed,28600.00,EUR,1,1,,,,,2026-05-25
006O0002514,Piraware - New Business,001A003012,New Business,Product-led (PQL),005A0014,2026-03-23,2026-07-02,Closed Lost,Omitted,8600.00,USD,1,0,Chose self-hosted Community edition,,ws_008210,,2026-07-02
006O0002515,Opaltech - New Business,001A002129,New Business,Inbound,005A0017,2026-03-23,2026-06-03,Closed Lost,Omitted,20100.00,EUR,1,0,Price / budget,,ws_012399,,2026-06-03
006O0002516,Zephmark - New Business,001A001103,New Business,Marketing (MQL),005A0014,2026-03-23,2026-05-02,Closed Won,Closed,9500.00,USD,1,1,,Power Automate,,,2026-05-12
006O0002517,Altotech - New Business,001A008097,New Business,Product-led (PQL),005A0008,2026-03-24,2026-05-08,Closed Lost,Omitted,20900.00,EUR,1,0,Timing,,ws_001935,,2026-05-16
006O0002518,Umbrasys - New Business,001D000039,New Business,Product-led (PQL),005A0009,2026-03-24,2026-07-10,Closed Lost,Omitted,69800.00,EUR,1,0,Competitor - Workato,Make,ws_006903,,2026-07-20
006O0002519,Nexatech - New Business,001D000106,New Business,,005A0020,2026-03-24,2026-04-27,Closed Lost,Omitted,70200.00,GBP,1,0,Champion left,,ws_021947,,2026-04-27
006O0002520,Umbraworks - New Business,001A004575,New Business,,005A0024,2026-03-24,2026-05-25,Closed Lost,Omitted,19800.00,EUR,1,0,Chose self-hosted Community edition,Tray.io,ws_000864,,2026-05-28
006O0002521,Grandata - New Business,001A004148,New Business,Product-led (PQL),005A0009,2026-03-25,2026-06-02,Closed Lost,Omitted,36300.00,EUR,1,0,Missing feature / integration,Power Automate,ws_016376,,2026-06-09
006O0002522,Opalware - New Business,001A005008,New Business,Inbound,005A0012,2026-03-25,2026-05-06,Closed Lost,Omitted,91600.00,USD,1,0,Competitor - Make,,ws_007008,,2026-05-13
006O0002523,Mosagrid - New Business,001A003191,New Business,Inbound,005A0017,2026-03-25,2026-05-20,Closed Won,Closed,95100.00,EUR,1,1,,,ws_019659,,2026-05-21
006O0002524,Nordnet - New Business,001A007562,New Business,Marketing (MQL),005A0017,2026-03-25,2026-08-21,Closed Lost,Omitted,31900.00,EUR,1,0,Competitor - Make,Make,,,2026-08-30
006O0002525,Gransys - New Business,001A004414,New Business,Product-led (PQL),005A0005,2026-03-26,2026-05-04,Closed Won,Closed,11300.00,GBP,1,1,,,ws_001763,,2026-05-06
006O0002526,Zephstack - New Business,001A008608,New Business,Product-led (PQL),005A0020,2026-03-26,2026-05-31,Closed Won,Closed,15400.00,GBP,1,1,,Make,ws_005202,,2026-06-08
006O0002527,Ivenwave - New Business,001A006580,New Business,Product-led (PQL),005A0018,2026-03-26,2026-08-26,Closed Lost,Omitted,19900.00,USD,1,0,Other,,ws_015447,,2026-09-01
006O0002528,Lyraware - New Business,001A003051,New Business,Inbound,005A0017,2026-03-26,2026-05-20,Closed Lost,Omitted,32300.00,EUR,1,0,Competitor - Workato,,ws_002425,,2026-05-24
006O0002529,Junosys - New Business,001A003952,New Business,Marketing (MQL),005A0015,2026-03-26,2026-04-09,Closed Lost,Omitted,0.00,USD,1,0,Timing,,,,2026-04-10
006O0002530,Zephpath - New Business,001A000737,New Business,Partner,005A0005,2026-03-26,2026-07-20,Closed Lost,Omitted,12500.00,EUR,1,0,Competitor - Zapier,Zapier,,,2026-07-30
006O0002531,Mosacore - New Business,001A005756,New Business,Product-led (PQL),005A0017,2026-03-27,2026-08-08,Closed Lost,Omitted,62600.00,EUR,1,0,Champion left,Workato,ws_003603,,2026-08-09
006O0002532,Runewave - New Business,001A001084,New Business,Product-led (PQL),005A0015,2026-03-27,2026-08-23,Closed Lost,Omitted,17700.00,USD,1,0,,Zapier,ws_006493,,2026-09-02
006O0002533,Selladata - New Business,001A001927,New Business,Product-led (PQL),005A0014,2026-03-27,2026-08-24,Closed Lost,Omitted,22500.00,USD,1,0,Missing feature / integration,,ws_007449,,2026-09-02
006O0002534,Talastack - New Business,001A004933,New Business,Product-led (PQL),005A0005,2026-03-27,2026-04-30,Closed Lost,Omitted,11500.00,GBP,1,0,Competitor - Make,,ws_020250,,2026-05-01
006O0002535,Wendworks - New Business,001A008167,New Business,Product-led (PQL),005A0015,2026-03-27,2026-08-04,Closed Lost,Omitted,10900.00,USD,1,0,Competitor - Zapier,Workato,ws_022431,,2026-08-06
006O0002536,Nordworks - New Business,001A001059,New Business,Product-led (PQL),005A0014,2026-03-27,2026-10-28,3 - Technical Validation,Best Case,15000.00,USD,0,0,,,ws_022809,,2026-08-31
006O0002537,Junocore - New Business,001A003692,New Business,Inbound,005A0017,2026-03-27,2026-07-16,Closed Lost,Omitted,18700.00,EUR,1,0,,,ws_009163,,2026-07-21
006O0002538,Lyramark - New Business,001A001523,New Business,Marketing (MQL),005A0018,2026-03-27,2026-08-25,Closed Lost,Omitted,37500.00,USD,1,0,Missing feature / integration,Make,,,2026-09-02
006O0002539,Borealine - New Business,001A006719,New Business,Marketing (MQL),005A0010,2026-03-27,2026-05-27,Closed Lost,Omitted,3200.00,EUR,1,0,No decision / status quo,Power Automate,,,2026-05-30
006O0002540,Briovik - New Business,001A007233,New Business,Product-led (PQL),005A0006,2026-03-28,2026-09-02,Closed Lost,Omitted,44800.00,EUR,1,0,Unresponsive,Zapier,ws_007453,,2026-09-08
006O0002541,Altocore - New Business,001A005322,New Business,Product-led (PQL),005A0018,2026-03-28,2026-06-14,Closed Won,Closed,41300.00,USD,1,1,,,ws_015681,,2026-06-21
006O0002542,Borealabs - New Business,001A002776,New Business,Inbound,005A0014,2026-03-28,2026-04-22,Closed Lost,Omitted,19900.00,USD,1,0,Competitor - Make,,ws_018755,,2026-04-23
006O0002543,Granflow - New Business,001A005821,New Business,Product-led (PQL),005A0023,2026-03-29,2026-05-01,Closed Won,Closed,82200.00,USD,1,1,,,ws_002673,,2026-05-06
006O0002544,Stragrid - New Business,001A006775,New Business,Product-led (PQL),005A0008,2026-03-29,2026-04-29,Closed Lost,Omitted,11500.00,EUR,1,0,Other,,ws_013302,,2026-05-09
006O0002545,Opalstack - New Business,001A007613,New Business,Product-led (PQL),005A0010,2026-03-29,2026-04-19,Closed Lost,Omitted,11800.00,EUR,1,0,Price / budget,,ws_014916,,2026-04-20
006O0002546,Talanet - New Business,001A003744,New Business,Inbound,005A0017,2026-03-29,2026-04-16,Closed Lost,Omitted,106000.00,EUR,1,0,Chose self-hosted Community edition,,ws_005292,,2026-04-19
006O0002547,Deltawave - New Business,001A008359,New Business,Product-led (PQL),005A0000,2026-03-30,2026-09-24,5 - Negotiation,Commit,99400.00,EUR,0,0,,Make,ws_013328,,2026-09-10
006O0002548,Wendbridge - New Business,001A001742,New Business,Product-led (PQL),005A0017,2026-03-30,2026-06-01,Closed Won,Closed,43500.00,EUR,1,1,,Zapier,ws_022307,,2026-06-02
006O0002549,Junowave - New Business,001A000720,New Business,Inbound,005A0008,2026-03-30,2026-07-09,Closed Lost,Omitted,18100.00,EUR,1,0,No decision / status quo,,ws_009349,,2026-07-09
006O0002550,Evobridge - New Business,001A003754,New Business,Marketing (MQL),005A0009,2026-03-30,2026-06-30,Closed Lost,Omitted,43200.00,EUR,1,0,,Zapier,,,2026-07-02
006O0002551,Valitech - New Business,001A001687,New Business,Product-led (PQL),005A0006,2026-03-31,2026-05-26,Closed Won,Closed,30300.00,EUR,1,1,,,ws_000563,,2026-05-26
006O0002552,Briotech - New Business,001A004764,New Business,Product-led (PQL),005A0011,2026-03-31,2026-06-06,Closed Lost,Omitted,141500.00,EUR,1,0,Security / compliance review,Tray.io,ws_002123,,2026-06-13
006O0002553,Cirawave - New Business,001A007517,New Business,Product-led (PQL),005A0018,2026-03-31,2026-05-17,Closed Won,Closed,65300.00,USD,1,1,,,ws_002629,,2026-05-22
006O0002554,Altonet - New Business,001A008049,New Business,Product-led (PQL),005A0014,2026-03-31,2026-04-16,Closed Won,Closed,11600.00,USD,1,1,,,ws_003087,,2026-04-19
006O0002555,Piralabs - New Business,001A000098,New Business,Inbound,005A0017,2026-03-31,2026-08-16,Closed Lost,Omitted,58500.00,EUR,1,0,Competitor - Power Automate,,ws_000302,,2026-08-22
006O0002556,Lumofield - New Business,001A006211,New Business,Outbound,005A0023,2026-03-31,2026-06-25,Closed Lost,Omitted,26200.00,USD,1,0,Chose self-hosted Community edition,,,,2026-06-26
006O0002557,Strasys - New Business,001A006573,New Business,Product-led (PQL),005A0023,2026-04-01,2026-06-13,Closed Lost,Omitted,97500.00,USD,1,0,Timing,,ws_001618,,2026-06-17
006O0002558,Lyrasys - New Business,001A007183,New Business,Product-led (PQL),005A0010,2026-04-01,2026-04-19,Closed Won,Closed,6400.00,EUR,1,1,,,ws_001874,,2026-04-25
006O0002559,Quargrid - New Business,001A007593,New Business,Product-led (PQL),005A0014,2026-04-01,2026-04-30,Closed Won,Closed,14100.00,USD,1,1,,Power Automate,ws_013210,,2026-05-07
006O0002560,Vexworks - New Business,001A001822,New Business,Product-led (PQL),005A0006,2026-04-01,2026-06-12,Closed Won,Closed,53200.00,EUR,1,1,,,ws_017218,,2026-06-16
006O0002561,Koragrid - New Business,001A002386,New Business,Inbound,005A0015,2026-04-01,2026-05-18,Closed Lost,Omitted,51800.00,USD,1,0,Unresponsive,,ws_000906,,2026-05-25
006O0002562,Evomark - New Business,001A000611,New Business,Outbound,005A0018,2026-04-01,2026-05-08,Closed Lost,Omitted,47400.00,USD,1,0,Competitor - Workato,Zapier,,,2026-05-12
006O0002563,Piraline - New Business,001A005381,New Business,Product-led (PQL),005A0014,2026-04-02,2026-04-22,Closed Lost,Omitted,8600.00,USD,1,0,Competitor - Make,Make,ws_015308,,2026-04-27
006O0002564,Deltapath - New Business,001A006608,New Business,Product-led (PQL),005A0024,2026-04-02,2026-09-21,5 - Negotiation,Commit,2000.00,EUR,0,0,,,ws_017271,,2026-08-12
006O0002565,Deltagrid - New Business,001A005280,New Business,Product-led (PQL),005A0015,2026-04-02,2026-11-01,5 - Negotiation,Commit,156200.00,USD,0,0,,,ws_023219,Follow up,2026-09-13
006O0002566,Verapath - New Business,001A006370,New Business,Inbound,005A0016,2026-04-02,2026-06-22,Closed Lost,Omitted,43100.00,USD,1,0,,,ws_019864,,2026-06-23
006O0002567,Granware - New Business,001A007714,New Business,Product-led (PQL),005A0020,2026-04-03,2026-07-09,Closed Lost,Omitted,102500.00,GBP,1,0,No decision / status quo,Make,ws_002837,,2026-07-16
006O0002568,Sellaware - New Business,001A004023,New Business,Product-led (PQL),005A0015,2026-04-03,2026-09-25,2 - Qualification,Pipeline,23900.00,USD,0,0,,Power Automate,ws_014924,Follow up,2026-09-07
006O0002569,Ternfield - New Business,001A002844,New Business,Product-led (PQL),005A0004,2026-04-03,2026-06-26,Closed Lost,Omitted,59500.00,GBP,1,0,Chose self-hosted Community edition,,ws_016898,,2026-06-26
006O0002570,Granflow - New Business,001A006736,New Business,Product-led (PQL),005A0017,2026-04-03,2026-10-02,5 - Negotiation,Commit,19700.00,EUR,0,0,,,ws_019379,Send proposal,2026-09-16
006O0002571,Veraworks - New Business,001A003508,New Business,Inbound,005A0014,2026-04-03,2026-05-30,Closed Lost,Omitted,37500.00,USD,1,0,No decision / status quo,,ws_004205,,2026-05-31
006O0002572,Xenobridge - New Business,001A008231,New Business,Inbound,005A0004,2026-04-03,2026-06-30,Closed Won,Closed,28100.00,GBP,1,1,,Custom scripts,ws_017953,,2026-07-10
006O0002573,Mosastack - New Business,001A006947,New Business,Marketing (MQL),005A0014,2026-04-03,2026-05-10,Closed Lost,Omitted,9800.00,USD,1,0,Price / budget,Make,,,2026-05-15
006O0002574,Briomark - New Business,001A008083,New Business,Product-led (PQL),005A0014,2026-04-04,2026-05-26,Closed Lost,Omitted,22000.00,USD,1,0,Competitor - Workato,Workato,ws_012349,,2026-05-28
006O0002575,Halobridge - New Business,001A008135,New Business,Product-led (PQL),005A0011,2026-04-04,2026-05-31,Closed Lost,Omitted,58400.00,EUR,1,0,Missing feature / integration,,ws_015448,,2026-06-06
006O0002576,Valigrid - New Business,001A008811,New Business,Marketing (MQL),005A0015,2026-04-04,2026-06-15,Closed Lost,Omitted,33700.00,USD,1,0,Chose self-hosted Community edition,,,,2026-06-16
006O0002577,Valilabs - New Business,001A008486,New Business,Product-led (PQL),005A0015,2026-04-05,2026-05-14,Closed Lost,Omitted,16500.00,USD,1,0,Competitor - Zapier,,ws_004373,,2026-05-14
006O0002578,Bramsys - New Business,001A005574,New Business,Product-led (PQL),005A0010,2026-04-05,2026-04-23,Closed Won,Closed,6900.00,EUR,1,1,,,ws_005028,,2026-04-23
006O0002579,Brionet - New Business,001A000036,New Business,Product-led (PQL),005A0024,2026-04-05,2026-04-28,Closed Lost,Omitted,18400.00,EUR,1,0,,,ws_005416,,2026-04-29
006O0002580,Xenopoint - New Business,001A006233,New Business,Product-led (PQL),005A0005,2026-04-05,2026-05-01,Closed Won,Closed,6400.00,GBP,1,1,,Tray.io,ws_012430,,2026-05-07
006O0002581,Briotech - New Business,001A007781,New Business,Product-led (PQL),005A0005,2026-04-05,2026-05-21,Closed Won,Closed,10800.00,EUR,1,1,,,ws_014840,,2026-05-25
006O0002582,Straware - New Business,001A003901,New Business,Inbound,005A0014,2026-04-05,2026-07-12,Closed Lost,Omitted,10600.00,USD,1,0,Chose self-hosted Community edition,,ws_010564,,2026-07-18
006O0002583,Cirabridge - New Business,001A008905,New Business,Inbound,005A0005,2026-04-05,2026-05-02,Closed Lost,Omitted,5700.00,GBP,1,0,Missing feature / integration,,ws_019978,,2026-05-09
006O0002584,Grancore - New Business,001A000425,New Business,Marketing (MQL),005A0012,2026-04-05,2026-06-11,Closed Lost,Omitted,134600.00,USD,1,0,Unresponsive,Tray.io,,,2026-06-14
006O0002585,Bramtech - New Business,001A006001,New Business,Product-led (PQL),005A0002,2026-04-06,2026-05-08,Closed Lost,Omitted,0.00,EUR,1,0,No decision / status quo,Custom scripts,ws_004964,,2026-05-11
006O0002586,Xenopath - New Business,001A001007,New Business,Product-led (PQL),005A0010,2026-04-06,2026-05-19,Closed Won,Closed,14800.00,EUR,1,1,,Custom scripts,ws_015716,,2026-05-28
006O0002587,Cobalgrid - New Business,001A006579,New Business,Product-led (PQL),005A0015,2026-04-06,2026-07-25,Closed Lost,Omitted,13900.00,USD,1,0,Competitor - Power Automate,,ws_022947,,2026-07-30
006O0002588,Boreacore - New Business,001A008053,New Business,Product-led (PQL),005A0012,2026-04-06,2026-07-04,Closed Won,Closed,270400.00,USD,1,1,,Custom scripts,ws_004231,,2026-07-07
006O0002589,Korastack - New Business,001A006785,New Business,Product-led (PQL),005A0006,2026-04-06,2026-09-03,Closed Lost,Omitted,,EUR,1,0,Price / budget,,ws_016004,,2026-09-09
006O0002590,Lumostack - New Business,001A002352,New Business,Inbound,005A0005,2026-04-06,2026-06-23,Closed Lost,Omitted,8500.00,GBP,1,0,Competitor - Zapier,Make,ws_015150,,2026-06-28
006O0002591,Zephflow - New Business,001A001288,New Business,Product-led (PQL),005A0010,2026-04-07,2026-05-09,Closed Won,Closed,25800.00,EUR,1,1,,Workato,ws_018978,,2026-05-10
006O0002592,Nexalogic - New Business,001A002293,New Business,Product-led (PQL),005A0010,2026-04-07,2026-04-23,Closed Won,Closed,23100.00,EUR,1,1,,,ws_019080,,2026-05-03
006O0002593,Sellacore - New Business,001A003437,New Business,Product-led (PQL),005A0010,2026-04-07,2026-06-16,Closed Lost,Omitted,15000.00,EUR,1,0,Competitor - Make,,ws_005230,,2026-06-21
006O0002594,Talatech - New Business,001A008984,New Business,Product-led (PQL),005A0014,2026-04-07,2026-05-03,Closed Lost,Omitted,6300.00,USD,1,0,Unresponsive,Zapier,ws_006266,,2026-05-13
006O0002595,Granpath - New Business,001A002628,New Business,Inbound,005A0005,2026-04-07,2026-06-14,Closed Lost,Omitted,11200.00,EUR,1,0,Missing feature / integration,,ws_005821,,2026-06-21
006O0002596,Deltacore - New Business,001A000878,New Business,Marketing (MQL),005A0023,2026-04-07,2026-04-28,Closed Lost,Omitted,52900.00,USD,1,0,Unresponsive,,,,2026-04-28
006O0002597,Piragrid - New Business,001A004032,New Business,Inbound,005A0023,2026-04-08,2026-05-13,Closed Lost,Omitted,63900.00,USD,1,0,Competitor - Workato,Zapier,ws_005558,,2026-05-14
006O0002598,Cobalbridge - New Business,001A003826,New Business,Inbound,005A0020,2026-04-08,2026-06-04,Closed Won,Closed,25700.00,GBP,1,1,,,ws_012277,,2026-06-04
006O0002599,Umbrafield - New Business,001A000629,New Business,Product-led (PQL),005A0014,2026-04-09,2026-05-17,Closed Won,Closed,25900.00,USD,1,1,,Custom scripts,ws_002970,,2026-05-22
006O0002600,Zephgrid - New Business,001A003876,New Business,Product-led (PQL),005A0002,2026-04-09,2026-05-07,Closed Won,Closed,14100.00,EUR,1,1,,,ws_011503,,2026-05-14
006O0002601,Briofield - New Business,001A001074,New Business,Product-led (PQL),005A0023,2026-04-09,2026-05-07,Closed Lost,Omitted,42500.00,USD,1,0,Timing,,ws_013347,,2026-05-08
006O0002602,Mosasys - New Business,001A005780,New Business,Product-led (PQL),005A0015,2026-04-09,2026-05-05,Closed Won,Closed,24200.00,USD,1,1,,Workato,ws_013552,,2026-05-06
006O0002603,Fjelmark - New Business,001A005707,New Business,Inbound,005A0014,2026-04-09,2026-04-26,Closed Lost,Omitted,17800.00,USD,1,0,Competitor - Make,Make,ws_017203,,2026-04-30
006O0002604,Valiworks - New Business,001A006553,New Business,Product-led (PQL),005A0024,2026-04-10,2026-10-04,4 - Proposal,Best Case,25600.00,EUR,0,0,,,ws_000372,Send proposal,2026-09-21
006O0002605,Grangrid - New Business,001A001976,New Business,Product-led (PQL),005A0010,2026-04-10,2026-06-26,Closed Lost,Omitted,6300.00,EUR,1,0,Price / budget,,ws_010461,,2026-06-26
006O0002606,Lyracore - New Business,001A005734,New Business,Product-led (PQL),005A0002,2026-04-10,2026-07-07,Closed Lost,Omitted,15400.00,EUR,1,0,Competitor - Make,Make,ws_012509,,2026-07-17
006O0002607,Yaraware - New Business,001A004627,New Business,Inbound,005A0010,2026-04-10,2026-05-15,Closed Won,Closed,16700.00,EUR,1,1,,,ws_009142,,2026-05-17
006O0002608,Lyranet - New Business,001A005519,New Business,Product-led (PQL),005A0014,2026-04-11,2026-06-02,Closed Lost,Omitted,39900.00,USD,1,0,Competitor - Zapier,Zapier,ws_002554,,2026-06-05
006O0002609,Junolabs - New Business,001A003555,New Business,Product-led (PQL),005A0018,2026-04-11,2026-07-04,Closed Lost,Omitted,33700.00,USD,1,0,Timing,,ws_003357,,2026-07-04
006O0002610,Xenosys - New Business,001A006806,New Business,Product-led (PQL),005A0008,2026-04-11,2026-05-11,Closed Won,Closed,23200.00,EUR,1,1,,,ws_003451,,2026-05-21
006O0002611,Piralogic - New Business,001A003108,New Business,Product-led (PQL),005A0017,2026-04-11,2026-08-27,Closed Lost,Omitted,33500.00,EUR,1,0,Competitor - Zapier,Make,ws_005428,,2026-09-03
006O0002612,Nordline - New Business,001A008587,New Business,Inbound,005A0009,2026-04-11,2026-06-28,Closed Lost,Omitted,28200.00,EUR,1,0,Competitor - Zapier,Power Automate,ws_005430,,2026-07-01
006O0002613,Halolabs - New Business,001A000444,New Business,Inbound,005A0005,2026-04-11,2026-06-07,Closed Lost,Omitted,25900.00,GBP,1,0,Chose self-hosted Community edition,,ws_016152,,2026-06-14
006O0002614,Nexasys - New Business,001A002082,New Business,Marketing (MQL),005A0014,2026-04-11,2026-07-18,Closed Lost,Omitted,8600.00,USD,1,0,Price / budget,,,,2026-07-23
006O0002615,Stracore - New Business,001A002809,New Business,Marketing (MQL),005A0002,2026-04-11,2026-05-27,Closed Won,Closed,20200.00,EUR,1,1,,Tray.io,,,2026-05-30
006O0002616,Piratech - New Business,001A008494,New Business,Marketing (MQL),005A0018,2026-04-11,2026-06-18,Closed Lost,Omitted,19600.00,USD,1,0,Other,Power Automate,,,2026-06-22
006O0002617,Lumosys - New Business,001A006169,New Business,Product-led (PQL),005A0014,2026-04-12,2026-05-03,Closed Won,Closed,15800.00,USD,1,1,,,ws_000101,,2026-05-08
006O0002618,Xenowave - New Business,001A005784,New Business,Product-led (PQL),005A0020,2026-04-12,2026-06-01,Closed Won,Closed,123500.00,GBP,1,1,,,ws_007276,,2026-06-04
006O0002619,Ternlabs - New Business,001A003966,New Business,Inbound,005A0006,2026-04-12,2026-07-09,Closed Lost,Omitted,36800.00,EUR,1,0,No decision / status quo,,ws_020763,,2026-07-12
006O0002620,Cobalmark - New Business,001A006149,New Business,Marketing (MQL),005A0014,2026-04-12,2026-05-24,Closed Lost,Omitted,9600.00,USD,1,0,No decision / status quo,,,,2026-06-02
006O0002621,Cobalstack - New Business,001A008762,New Business,Marketing (MQL),005A0004,2026-04-12,2026-08-05,Closed Lost,Omitted,14000.00,GBP,1,0,Other,,,,2026-08-07
006O0002622,Evolabs - New Business,001A006219,New Business,Product-led (PQL),005A0010,2026-04-13,2026-06-18,Closed Lost,Omitted,20400.00,EUR,1,0,Unresponsive,Tray.io,ws_007382,,2026-06-18
006O0002623,Solvcore - New Business,001A006991,New Business,Product-led (PQL),005A0005,2026-04-13,2026-08-12,Closed Lost,Omitted,15900.00,GBP,1,0,Chose self-hosted Community edition,Workato,ws_007723,,2026-08-19
006O0002624,Wendcore - New Business,001A000220,New Business,Product-led (PQL),005A0004,2026-04-13,2026-06-08,Closed Lost,Omitted,45100.00,EUR,1,0,Unresponsive,,ws_017859,,2026-06-09
006O0002625,Bramsys - New Business,001A003151,New Business,Inbound,005A0014,2026-04-13,2026-05-20,Closed Won,Closed,9700.00,USD,1,1,,Custom scripts,ws_007583,,2026-05-28
006O0002626,Solvstack - New Business,001A002138,New Business,Inbound,005A0014,2026-04-13,2026-09-27,2 - Qualification,Pipeline,7900.00,USD,0,0,,,ws_011359,Security questionnaire,2026-08-31
006O0002627,Miranet - New Business,001A008294,New Business,Marketing (MQL),005A0014,2026-04-13,2026-06-08,Closed Lost,Omitted,14000.00,USD,1,0,Unresponsive,,,,2026-06-13
006O0002628,Lumonet - New Business,001A006493,New Business,Product-led (PQL),005A0024,2026-04-14,2026-05-10,Closed Lost,Omitted,14300.00,EUR,1,0,Missing feature / integration,Make,ws_014694,,2026-05-15
006O0002629,Runedata - New Business,001A004659,New Business,Inbound,005A0024,2026-04-14,2026-05-13,Closed Lost,Omitted,17000.00,EUR,1,0,Chose self-hosted Community edition,Make,ws_003186,,2026-05-22
006O0002630,Valilogic - New Business,001A007584,New Business,Inbound,005A0008,2026-04-14,2026-04-17,Closed Lost,Omitted,15300.00,EUR,1,0,Unresponsive,Zapier,ws_021573,,2026-04-19
006O0002631,Vexline - New Business,001A002286,New Business,Product-led (PQL),005A0016,2026-04-15,2026-10-01,2 - Qualification,Pipeline,354300.00,USD,0,0,,,ws_012286,Follow up,2026-09-14
006O0002632,Cirabridge - New Business,001A003329,New Business,Product-led (PQL),005A0005,2026-04-15,2026-05-18,Closed Won,Closed,4800.00,GBP,1,1,,,ws_004608,,2026-05-19
006O0002633,Straware - New Business,001A000153,New Business,Inbound,005A0006,2026-04-15,2026-07-04,Closed Won,Closed,15900.00,EUR,1,1,,,ws_018152,,2026-07-07
006O0002634,Evotech - New Business,001A007075,New Business,Product-led (PQL),005A0009,2026-04-16,2026-09-27,5 - Negotiation,Commit,68700.00,EUR,0,0,,,ws_002340,Tech validation call,2026-09-12
006O0002635,Wendnet - New Business,001A007717,New Business,Product-led (PQL),005A0023,2026-04-16,2026-08-24,Closed Lost,Omitted,63000.00,USD,1,0,Security / compliance review,,ws_009906,,2026-08-26
006O0002636,Asterlogic - New Business,001A004634,New Business,Product-led (PQL),005A0023,2026-04-16,2026-05-27,Closed Won,Closed,60100.00,USD,1,1,,Zapier,ws_022544,,2026-06-03
006O0002637,Talavik - New Business,001A001297,New Business,Product-led (PQL),005A0024,2026-04-16,2026-05-21,Closed Lost,Omitted,15600.00,EUR,1,0,Competitor - Power Automate,,ws_001892,,2026-05-21
006O0002638,Junosys - New Business,001A006951,New Business,Product-led (PQL),005A0015,2026-04-16,2026-05-24,Closed Won,Closed,8500.00,USD,1,1,,,ws_005024,,2026-05-25
006O0002639,Cobalwave - New Business,001A002187,New Business,Product-led (PQL),005A0014,2026-04-16,2026-08-22,Closed Lost,Omitted,13400.00,USD,1,0,Chose self-hosted Community edition,Make,ws_021529,,2026-08-31
006O0002640,Boreaflow - New Business,001A003031,New Business,Inbound,005A0002,2026-04-16,2026-05-04,Closed Lost,Omitted,11800.00,EUR,1,0,Other,,ws_000222,,2026-05-06
006O0002641,Sellacore - New Business,001A002242,New Business,Product-led (PQL),005A0006,2026-04-17,2026-06-11,Closed Won,Closed,129300.00,EUR,1,1,,,ws_001985,,2026-06-17
006O0002642,Nexalogic - New Business,001A006317,New Business,Product-led (PQL),005A0023,2026-04-17,2026-06-17,Closed Won,Closed,19900.00,USD,1,1,,,ws_002804,,2026-06-26
006O0002643,Halodata - New Business,001A002922,New Business,Product-led (PQL),005A0000,2026-04-17,2026-07-08,Closed Lost,Omitted,162300.00,EUR,1,0,Security / compliance review,,ws_017791,,2026-07-12
006O0002644,Nexafield - New Business,001A000514,New Business,,005A0010,2026-04-17,2026-05-08,Closed Won,Closed,26200.00,EUR,1,1,,Power Automate,ws_014971,,2026-05-10
006O0002645,Koratech - New Business,001A006403,New Business,Product-led (PQL),005A0006,2026-04-17,2026-07-03,Closed Lost,Omitted,77900.00,EUR,1,0,Price / budget,Custom scripts,ws_015671,,2026-07-07
006O0002646,Xenoflow - New Business,001A002130,New Business,Product-led (PQL),005A0004,2026-04-17,2026-05-29,Closed Won,Closed,17000.00,GBP,1,1,,,ws_022728,,2026-06-01
006O0002647,Evoware - New Business,001A001717,New Business,Inbound,005A0018,2026-04-17,2026-06-08,Closed Lost,Omitted,61900.00,USD,1,0,No decision / status quo,,ws_020336,,2026-06-09
006O0002648,Nexaflow - New Business,001A008900,New Business,Marketing (MQL),005A0017,2026-04-17,2026-05-20,Closed Lost,Omitted,139200.00,EUR,1,0,Missing feature / integration,Workato,,,2026-05-23
006O0002649,Mosadata - New Business,001A005170,New Business,Outbound,005A0018,2026-04-17,2026-07-16,Closed Lost,Omitted,32600.00,USD,1,0,Security / compliance review,,,,2026-07-18
006O0002650,Junoflow - New Business,001A008791,New Business,Outbound,005A0018,2026-04-17,2026-07-17,Closed Lost,Omitted,68700.00,USD,1,0,Chose self-hosted Community edition,Zapier,,,2026-07-23
006O0002651,Granlabs - New Business,001A004536,New Business,Product-led (PQL),005A0023,2026-04-18,2026-05-11,Closed Lost,Omitted,107000.00,USD,1,0,Price / budget,,ws_002168,,2026-05-19
006O0002652,Fjelsys - New Business,001A004089,New Business,Inbound,005A0024,2026-04-18,2026-08-20,Closed Lost,Omitted,18500.00,EUR,1,0,Competitor - Make,,ws_003990,,2026-08-28
006O0002653,Miragrid - New Business,001A003651,New Business,Inbound,005A0005,2026-04-18,2026-08-30,Closed Lost,Omitted,23700.00,GBP,1,0,,,ws_006527,,2026-09-06
006O0002654,Orioline - New Business,001A003918,New Business,Marketing (MQL),005A0012,2026-04-18,2026-08-02,Closed Lost,Omitted,223600.00,USD,1,0,Timing,Tray.io,,,2026-08-02
006O0002655,Opaltech - New Business,001A006185,New Business,Partner,005A0014,2026-04-18,2026-10-03,5 - Negotiation,Commit,8600.00,USD,0,0,,Make,,,2026-09-15
006O0002656,Asterbridge - New Business,001A003971,New Business,Product-led (PQL),005A0002,2026-04-19,2026-05-29,Closed Won,Closed,15300.00,EUR,1,1,,,ws_003931,,2026-06-08
006O0002657,Koraline - New Business,001A005741,New Business,Product-led (PQL),005A0023,2026-04-19,2026-05-17,Closed Won,Closed,84400.00,USD,1,1,,,ws_021331,,2026-05-25
006O0002658,Cirastack - New Business,001A006292,New Business,Product-led (PQL),005A0015,2026-04-19,2026-06-07,Closed Won,Closed,47600.00,USD,1,1,,,ws_003277,,2026-06-17
006O0002659,Valifield - New Business,001A007059,New Business,Product-led (PQL),005A0009,2026-04-19,2026-09-11,Closed Lost,Omitted,15300.00,EUR,1,0,Unresponsive,Power Automate,ws_007159,,2026-09-19
006O0002660,Opalnet - New Business,001A003892,New Business,Marketing (MQL),005A0008,2026-04-19,2026-05-24,Closed Lost,Omitted,25800.00,EUR,1,0,Competitor - Zapier,,,,2026-06-02
006O0002661,Korabridge - New Business,001A000041,New Business,Marketing (MQL),005A0014,2026-04-19,2026-06-06,Closed Lost,Omitted,13300.00,USD,1,0,Chose self-hosted Community edition,,,,2026-06-08
006O0002662,Opalflow - New Business,001A007449,New Business,Product-led (PQL),005A0006,2026-04-20,2026-06-18,Closed Lost,Omitted,37200.00,EUR,1,0,Competitor - Workato,,ws_002059,,2026-06-22
006O0002663,Xenogrid - New Business,001A000336,New Business,Product-led (PQL),005A0002,2026-04-20,2026-06-16,Closed Lost,Omitted,25100.00,EUR,1,0,Unresponsive,,ws_005750,,2026-06-16
006O0002664,Altopath - New Business,001A005292,New Business,Product-led (PQL),005A0014,2026-04-20,2026-05-09,Closed Lost,Omitted,11200.00,USD,1,0,Other,,ws_017367,,2026-05-16
006O0002665,Terngrid - New Business,001A005068,New Business,Product-led (PQL),005A0004,2026-04-20,2026-06-30,Closed Lost,Omitted,59200.00,GBP,1,0,Chose self-hosted Community edition,Power Automate,ws_022520,,2026-07-10
006O0002666,Junosys - New Business,001A004601,New Business,Inbound,005A0015,2026-04-20,2026-06-11,Closed Lost,Omitted,20200.00,USD,1,0,Price / budget,,ws_013967,,2026-06-15
006O0002667,Fjelnet - New Business,001A007621,New Business,Marketing (MQL),005A0018,2026-04-20,2026-05-16,Closed Lost,Omitted,30100.00,USD,1,0,Competitor - Zapier,,,,2026-05-23
006O0002668,Mosawave - New Business,001A006105,New Business,Partner,005A0015,2026-04-20,2026-06-27,Closed Won,Closed,,USD,1,1,,,,,2026-07-05
006O0002669,Coballabs - New Business,001A004966,New Business,Product-led (PQL),005A0008,2026-04-21,2026-05-22,Closed Won,Closed,22400.00,EUR,1,1,,Custom scripts,ws_018186,,2026-05-25
006O0002670,Piravik - New Business,001A001101,New Business,Product-led (PQL),005A0010,2026-04-22,2026-08-30,Closed Lost,Omitted,9500.00,EUR,1,0,Other,Workato,ws_007401,,2026-09-08
006O0002671,Zephpath - New Business,001A000107,New Business,Inbound,005A0020,2026-04-22,2026-07-16,Closed Lost,Omitted,72100.00,GBP,1,0,Competitor - Make,,ws_014001,,2026-07-20
006O0002672,Vexpoint - New Business,001A001039,New Business,Marketing (MQL),005A0002,2026-04-22,2026-05-02,Closed Lost,Omitted,7100.00,EUR,1,0,Missing feature / integration,Zapier,,,2026-05-05
006O0002673,Kestflow - New Business,001A001677,New Business,Product-led (PQL),005A0010,2026-04-23,2026-05-14,Closed Won,Closed,11300.00,EUR,1,1,,Make,ws_019244,,2026-05-15
006O0002674,Asterlabs - New Business,001A007831,New Business,Product-led (PQL),005A0023,2026-04-23,2026-09-19,Closed Lost,Omitted,52900.00,USD,1,0,Competitor - Zapier,,ws_004212,,2026-09-21
006O0002675,Bramlogic - New Business,001A000748,New Business,Inbound,005A0012,2026-04-23,2026-09-20,3 - Technical Validation,Best Case,119400.00,USD,0,0,,Custom scripts,ws_000795,Security questionnaire,2026-09-13
006O0002676,Fjellogic - New Business,001A003168,New Business,Inbound,005A0000,2026-04-23,2026-07-25,Closed Lost,Omitted,122600.00,EUR,1,0,Security / compliance review,,ws_012630,,2026-07-26
006O0002677,Junodata - New Business,001A003102,New Business,Marketing (MQL),005A0015,2026-04-23,2026-08-14,Closed Lost,Omitted,0.00,USD,1,0,Champion left,,,,2026-08-21
006O0002678,Halopath - New Business,001A006647,New Business,Marketing (MQL),005A0024,2026-04-23,2026-07-29,Closed Lost,Omitted,12100.00,EUR,1,0,Competitor - Make,,,,2026-08-07
006O0002679,Talasys - New Business,001A005834,New Business,Product-led (PQL),005A0008,2026-04-24,2026-05-11,Closed Lost,Omitted,16100.00,EUR,1,0,Timing,Custom scripts,ws_003551,,2026-05-21
006O0002680,Runebridge - New Business,001A000641,New Business,Product-led (PQL),005A0014,2026-04-24,2026-06-06,Closed Lost,Omitted,22800.00,USD,1,0,Price / budget,,ws_007908,,2026-06-07
006O0002681,Cirabridge - New Business,001A005759,New Business,Product-led (PQL),005A0000,2026-04-24,2026-11-09,4 - Proposal,Commit,115400.00,EUR,0,0,,,ws_009301,Legal review,2026-09-21
006O0002682,Pirabridge - New Business,001A003156,New Business,Product-led (PQL),005A0017,2026-04-24,2026-07-10,Closed Won,Closed,25000.00,EUR,1,1,,,ws_019107,,2026-07-17
006O0002683,Ciramark - New Business,001A003780,New Business,Inbound,005A0002,2026-04-24,2026-06-01,Closed Won,Closed,8300.00,EUR,1,1,,,ws_007387,,2026-06-08
006O0002684,Fjelworks - New Business,001A004928,New Business,Outbound,005A0023,2026-04-24,2026-05-08,Closed Lost,Omitted,134600.00,USD,1,0,No decision / status quo,Power Automate,,,2026-05-15
006O0002685,Quarlabs - New Business,001A008437,New Business,,005A0023,2026-04-25,2026-07-28,Closed Lost,Omitted,39200.00,USD,1,0,,,ws_005760,,2026-07-30
006O0002686,Kestcore - New Business,001A006321,New Business,Product-led (PQL),005A0006,2026-04-25,2026-07-03,Closed Won,Closed,37600.00,EUR,1,1,,,ws_013311,,2026-07-07
006O0002687,Talacore - New Business,001A001206,New Business,Product-led (PQL),005A0014,2026-04-25,2026-08-24,Closed Lost,Omitted,12100.00,USD,1,0,Missing feature / integration,,ws_013994,,2026-08-29
006O0002688,Deltamark - New Business,001A005969,New Business,Product-led (PQL),005A0014,2026-04-25,2026-06-03,Closed Won,Closed,19700.00,USD,1,1,,Zapier,ws_015077,,2026-06-13
006O0002689,Koraflow - New Business,001A005367,New Business,Product-led (PQL),005A0014,2026-04-25,2026-07-17,Closed Lost,Omitted,8200.00,USD,1,0,Competitor - Zapier,,ws_021515,,2026-07-24
006O0002690,Quarware - New Business,001A005464,New Business,Product-led (PQL),005A0002,2026-04-25,2026-05-23,Closed Won,Closed,9400.00,EUR,1,1,,,ws_023114,,2026-05-26
006O0002691,Wendcore - New Business,001A008166,New Business,Inbound,005A0023,2026-04-25,2026-06-18,Closed Won,Closed,15400.00,USD,1,1,,Power Automate,ws_023568,,2026-06-20
006O0002692,Boreapoint - New Business,001A004456,New Business,Marketing (MQL),005A0024,2026-04-25,2026-05-04,Closed Lost,Omitted,13800.00,EUR,1,0,Security / compliance review,,,,2026-05-11
006O0002693,Ternnet - New Business,001A004004,New Business,Marketing (MQL),005A0008,2026-04-25,2026-05-09,Closed Lost,Omitted,7700.00,EUR,1,0,Price / budget,,,,2026-05-13
006O0002694,Bramvik - New Business,001A008720,New Business,Product-led (PQL),005A0023,2026-04-26,2026-06-06,Closed Lost,Omitted,93600.00,USD,1,0,Missing feature / integration,,ws_001101,,2026-06-09
006O0002695,Zephpath - New Business,001A002349,New Business,Product-led (PQL),005A0002,2026-04-26,2026-05-31,Closed Lost,Omitted,3900.00,EUR,1,0,Chose self-hosted Community edition,,ws_002087,,2026-06-09
006O0002696,Quarpath - New Business,001A004891,New Business,Product-led (PQL),005A0020,2026-04-26,2026-06-26,Closed Won,Closed,28400.00,GBP,1,1,,,ws_018240,,2026-06-29
006O0002697,Bramcore - New Business,001A008884,New Business,Product-led (PQL),005A0008,2026-04-26,2026-06-16,Closed Lost,Omitted,,EUR,1,0,Competitor - Zapier,,ws_021784,,2026-06-25
006O0002698,Kestvik - New Business,001A006956,New Business,Inbound,005A0003,2026-04-26,2026-07-02,Closed Lost,Omitted,91100.00,EUR,1,0,Price / budget,,ws_008932,,2026-07-09
006O0002699,Ivenpath - New Business,001A005403,New Business,Inbound,005A0024,2026-04-26,2026-06-25,Closed Lost,Omitted,9300.00,EUR,1,0,Competitor - Power Automate,,ws_012191,,2026-07-03
006O0002700,Yaramark - New Business,001A002255,New Business,Inbound,005A0008,2026-04-26,2026-06-13,Closed Lost,Omitted,14700.00,EUR,1,0,Chose self-hosted Community edition,,ws_020753,,2026-06-16
006O0002701,Ciralogic - New Business,001A004977,New Business,Marketing (MQL),005A0020,2026-04-26,2026-07-13,Closed Lost,Omitted,48300.00,GBP,1,0,Timing,Custom scripts,,,2026-07-20
006O0002702,Yaraline - New Business,001A006588,New Business,Product-led (PQL),005A0023,2026-04-27,2026-06-27,Closed Lost,Omitted,41100.00,USD,1,0,Unresponsive,Power Automate,ws_010511,,2026-07-05
006O0002703,Junosys - New Business,001A005328,New Business,Product-led (PQL),005A0010,2026-04-27,2026-05-31,Closed Won,Closed,14700.00,EUR,1,1,,Make,ws_010696,,2026-06-01
006O0002704,Bramnet - New Business,001A006365,New Business,Product-led (PQL),005A0009,2026-04-27,2026-07-16,Closed Lost,Omitted,28600.00,EUR,1,0,Champion left,Power Automate,ws_011312,,2026-07-18
006O0002705,Ivenflow - New Business,001A008920,New Business,Product-led (PQL),005A0009,2026-04-27,2026-07-20,Closed Won,Closed,111800.00,EUR,1,1,,Custom scripts,ws_012880,,2026-07-28
006O0002706,Talawave - New Business,001A004518,New Business,Product-led (PQL),005A0023,2026-04-27,2026-06-22,Closed Won,Closed,45700.00,USD,1,1,,,ws_023083,,2026-06-26
006O0002707,Cirapath - New Business,001A006621,New Business,Inbound,005A0020,2026-04-27,2026-07-23,Closed Lost,Omitted,33700.00,GBP,1,0,No decision / status quo,,ws_003231,,2026-07-30
006O0002708,Altotech - New Business,001A003513,New Business,Product-led (PQL),005A0015,2026-04-28,2026-07-06,Closed Lost,Omitted,82600.00,USD,1,0,Timing,,ws_004742,,2026-07-08
006O0002709,Ciragrid - New Business,001A007914,New Business,Product-led (PQL),005A0015,2026-04-28,2026-05-22,Closed Won,Closed,39600.00,USD,1,1,,,ws_010281,,2026-05-31
006O0002710,Nordfield - New Business,001A006082,New Business,Inbound,005A0014,2026-04-28,2026-05-29,Closed Won,Closed,26300.00,USD,1,1,,Power Automate,ws_002246,,2026-06-05
006O0002711,Talamark - New Business,001A004577,New Business,Marketing (MQL),005A0002,2026-04-28,2026-06-01,Closed Lost,Omitted,11600.00,EUR,1,0,,,,,2026-06-03
006O0002712,Zephstack - New Business,001A001761,New Business,Marketing (MQL),005A0002,2026-04-28,2026-06-17,Closed Lost,Omitted,10500.00,EUR,1,0,Price / budget,Zapier,,,2026-06-19
006O0002713,Sellacore - New Business,001A003899,New Business,Product-led (PQL),005A0024,2026-04-29,2026-06-11,Closed Won,Closed,11500.00,EUR,1,1,,Custom scripts,ws_003589,,2026-06-11
006O0002714,Lyravik - New Business,001A007141,New Business,Product-led (PQL),005A0014,2026-04-29,2026-05-26,Closed Won,Closed,12400.00,USD,1,1,,Zapier,ws_004370,,2026-06-03
006O0002715,Junoline - New Business,001A001711,New Business,Product-led (PQL),005A0008,2026-04-29,2026-08-06,Closed Lost,Omitted,17600.00,EUR,1,0,Chose self-hosted Community edition,,ws_005335,,2026-08-10
006O0002716,Cobalfield - New Business,001A004459,New Business,Product-led (PQL),005A0018,2026-04-29,2026-10-02,4 - Proposal,Best Case,47400.00,USD,0,0,,,ws_005665,Follow up,2026-08-17
006O0002717,Nexalogic - New Business,001A004373,New Business,Product-led (PQL),005A0024,2026-04-29,2026-06-10,Closed Lost,Omitted,26900.00,EUR,1,0,Unresponsive,,ws_016310,,2026-06-18
006O0002718,Ivenware - New Business,001A008172,New Business,Product-led (PQL),005A0018,2026-04-29,2026-06-14,Closed Lost,Omitted,35900.00,USD,1,0,Other,,ws_019342,,2026-06-20
006O0002719,Oriobridge - New Business,001A007787,New Business,Product-led (PQL),005A0014,2026-04-29,2026-06-19,Closed Lost,Omitted,20700.00,USD,1,0,Chose self-hosted Community edition,Custom scripts,ws_023934,,2026-06-20
006O0002720,Fjelgrid - New Business,001A002858,New Business,Inbound,005A0014,2026-04-29,2026-07-16,Closed Lost,Omitted,30200.00,USD,1,0,Missing feature / integration,,ws_001663,,2026-07-25
006O0002721,Halotech - New Business,001A005766,New Business,Inbound,005A0010,2026-04-29,2026-05-28,Closed Won,Closed,12200.00,EUR,1,1,,,ws_012793,,2026-06-02
006O0002722,Stradata - New Business,001A004683,New Business,Marketing (MQL),005A0014,2026-04-29,2026-07-13,Closed Lost,Omitted,6600.00,USD,1,0,Competitor - Workato,Custom scripts,,,2026-07-14
006O0002723,Verapoint - New Business,001A006872,New Business,Marketing (MQL),005A0009,2026-04-29,2026-05-18,Closed Lost,Omitted,17400.00,EUR,1,0,Champion left,,,,2026-05-19
006O0002724,Fjelcore - New Business,001A008822,New Business,Marketing (MQL),005A0023,2026-04-29,2026-09-03,Closed Lost,Omitted,38000.00,USD,1,0,Chose self-hosted Community edition,Custom scripts,,,2026-09-10
006O0002725,Korafield - New Business,001A003538,New Business,Product-led (PQL),005A0002,2026-04-30,2026-05-26,Closed Won,Closed,9800.00,EUR,1,1,,Power Automate,ws_015950,,2026-06-03
006O0002726,Umbrapath - New Business,001A007870,New Business,Product-led (PQL),005A0024,2026-05-01,2026-07-19,Closed Lost,Omitted,17000.00,EUR,1,0,Competitor - Workato,Workato,ws_003506,,2026-07-20
006O0002727,Valiworks - New Business,001A007298,New Business,,005A0015,2026-05-01,2026-07-02,Closed Won,Closed,19200.00,USD,1,1,,Zapier,ws_006024,,2026-07-09
006O0002728,Ivenmark - New Business,001A007208,New Business,Product-led (PQL),005A0002,2026-05-01,2026-05-19,Closed Won,Closed,18700.00,EUR,1,1,,Power Automate,ws_018892,,2026-05-28
006O0002729,Zephsys - New Business,001A002370,New Business,Product-led (PQL),005A0010,2026-05-01,2026-06-28,Closed Lost,Omitted,13600.00,EUR,1,0,Competitor - Zapier,,ws_019950,,2026-06-28
006O0002730,Halotech - New Business,001A006258,New Business,Marketing (MQL),005A0008,2026-05-01,2026-09-27,5 - Negotiation,Commit,14900.00,EUR,0,0,,,,Legal review,2026-09-12
006O0002731,Bramsys - New Business,001A000255,New Business,Product-led (PQL),005A0014,2026-05-02,2026-06-25,Closed Lost,Omitted,8500.00,USD,1,0,Chose self-hosted Community edition,Power Automate,ws_002513,,2026-07-04
006O0002732,Oriolabs - New Business,001A001918,New Business,Product-led (PQL),005A0014,2026-05-02,2026-05-05,Closed Lost,Omitted,6600.00,USD,1,0,Competitor - Make,,ws_015225,,2026-05-12
006O0002733,Yarapath - New Business,001A001384,New Business,,005A0015,2026-05-02,2026-06-09,Closed Won,Closed,65900.00,USD,1,1,,Custom scripts,ws_016521,,2026-06-14
006O0002734,Cobalworks - New Business,001A002622,New Business,Product-led (PQL),005A0005,2026-05-02,2026-07-09,Closed Lost,Omitted,,GBP,1,0,Champion left,Power Automate,ws_020524,,2026-07-09
006O0002735,Yaraware - New Business,001A006438,New Business,Product-led (PQL),005A0018,2026-05-02,2026-06-07,Closed Won,Closed,31000.00,USD,1,1,,,ws_023909,,2026-06-17
006O0002736,Runedata - New Business,001A007069,New Business,Inbound,005A0018,2026-05-02,2026-06-10,Closed Lost,Omitted,85300.00,USD,1,0,Security / compliance review,,ws_012758,,2026-06-19
006O0002737,Mosapoint - New Business,001A001730,New Business,Marketing (MQL),005A0015,2026-05-02,2026-07-06,Closed Lost,Omitted,24100.00,USD,1,0,Competitor - Make,,,,2026-07-09
006O0002738,Ciradata - New Business,001A005950,New Business,,005A0010,2026-05-03,2026-06-12,Closed Won,Closed,14300.00,EUR,1,1,,,ws_001991,,2026-06-15
006O0002739,Veradata - New Business,001A000499,New Business,Inbound,005A0008,2026-05-03,2026-06-07,Closed Lost,Omitted,14200.00,EUR,1,0,,,ws_006821,,2026-06-16
006O0002740,Sellamark - New Business,001A006456,New Business,Outbound,005A0008,2026-05-03,2026-07-28,Closed Lost,Omitted,5200.00,EUR,1,0,Missing feature / integration,,,,2026-07-29
006O0002741,Ivenpoint - New Business,001A001411,New Business,Product-led (PQL),005A0015,2026-05-04,2026-07-08,Closed Won,Closed,67800.00,USD,1,1,,,ws_013002,,2026-07-13
006O0002742,Opallabs - New Business,001A000694,New Business,Product-led (PQL),005A0015,2026-05-04,2026-06-12,Closed Lost,Omitted,24700.00,USD,1,0,Chose self-hosted Community edition,,ws_015799,,2026-06-18
006O0002743,Evoware - New Business,001A000072,New Business,Product-led (PQL),005A0014,2026-05-04,2026-05-29,Closed Won,Closed,36900.00,USD,1,1,,,ws_021290,,2026-06-03
006O0002744,Lumostack - New Business,001A008917,New Business,Inbound,005A0003,2026-05-04,2026-06-20,Closed Lost,Omitted,70300.00,GBP,1,0,Competitor - Zapier,,ws_002441,,2026-06-29
006O0002745,Ciralogic - New Business,001A008926,New Business,Product-led (PQL),005A0014,2026-05-05,2026-06-19,Closed Won,Closed,7900.00,USD,1,1,,,ws_000548,,2026-06-26
006O0002746,Sellalogic - New Business,001A001578,New Business,Product-led (PQL),005A0015,2026-05-05,2026-08-05,Closed Lost,Omitted,87700.00,USD,1,0,Price / budget,Custom scripts,ws_005308,,2026-08-13
006O0002747,Verawave - New Business,001A000906,New Business,Product-led (PQL),005A0008,2026-05-05,2026-08-30,Closed Lost,Omitted,8200.00,EUR,1,0,Security / compliance review,Power Automate,ws_012776,,2026-09-08
006O0002748,Briobridge - New Business,001A001891,New Business,Product-led (PQL),005A0012,2026-05-05,2026-08-05,Closed Lost,Omitted,160100.00,USD,1,0,Competitor - Power Automate,,ws_015910,,2026-08-13
006O0002749,Ivenvik - New Business,001A007744,New Business,Product-led (PQL),005A0023,2026-05-06,2026-05-20,Closed Lost,Omitted,69500.00,USD,1,0,Competitor - Power Automate,,ws_004709,,2026-05-28
006O0002750,Umbraworks - New Business,001A003053,New Business,Inbound,005A0023,2026-05-06,2026-07-10,Closed Won,Closed,37200.00,USD,1,1,,,ws_006633,,2026-07-11
006O0002751,Veralabs - New Business,001A005466,New Business,Inbound,005A0018,2026-05-06,2026-07-12,Closed Won,Closed,42500.00,USD,1,1,,,ws_012533,,2026-07-16
006O0002752,Nordworks - New Business,001A001699,New Business,Inbound,005A0014,2026-05-06,2026-06-07,Closed Lost,Omitted,10700.00,USD,1,0,Price / budget,,ws_014681,,2026-06-10
006O0002753,Bramcore - New Business,001A004374,New Business,Marketing (MQL),005A0014,2026-05-06,2026-07-05,Closed Lost,Omitted,24600.00,USD,1,0,Price / budget,,,,2026-07-13
006O0002754,Asterpoint - New Business,001A006123,New Business,Outbound,005A0009,2026-05-06,2026-06-04,Closed Lost,Omitted,32400.00,EUR,1,0,Unresponsive,Zapier,,,2026-06-09
006O0002755,Yarabridge - New Business,001A002717,New Business,Product-led (PQL),005A0015,2026-05-07,2026-06-18,Closed Lost,Omitted,36400.00,USD,1,0,Competitor - Power Automate,Custom scripts,ws_005807,,2026-06-28
006O0002756,Umbramark - New Business,001A006623,New Business,Marketing (MQL),005A0010,2026-05-07,2026-06-05,Closed Lost,Omitted,0.00,EUR,1,0,Competitor - Workato,Make,,,2026-06-05
006O0002757,Boreawave - New Business,001A000862,New Business,Product-led (PQL),005A0023,2026-05-08,2026-06-10,Closed Won,Closed,10500.00,USD,1,1,,,ws_019192,,2026-06-18
006O0002758,Sellafield - New Business,001A002760,New Business,Product-led (PQL),005A0023,2026-05-08,2026-06-13,Closed Won,Closed,48300.00,USD,1,1,,,ws_021069,,2026-06-16
006O0002759,Cirasys - New Business,001A007509,New Business,Product-led (PQL),005A0023,2026-05-08,2026-06-15,Closed Won,Closed,58600.00,USD,1,1,,Zapier,ws_001156,,2026-06-20
006O0002760,Bramflow - New Business,001A000754,New Business,Marketing (MQL),005A0014,2026-05-08,2026-10-01,5 - Negotiation,Commit,13500.00,USD,0,0,,,,Security questionnaire,2026-09-19
006O0002761,Valivik - New Business,001A006294,New Business,Marketing (MQL),005A0017,2026-05-08,2026-09-17,4 - Proposal,Commit,59000.00,EUR,0,0,,Power Automate,,Security questionnaire,2026-08-16
006O0002762,Deltastack - New Business,001A008964,New Business,Product-led (PQL),005A0006,2026-05-09,2026-06-29,Closed Won,Closed,45200.00,EUR,1,1,,Custom scripts,ws_013353,,2026-07-08
006O0002763,Wendbridge - New Business,001A005639,New Business,Product-led (PQL),005A0014,2026-05-09,2026-05-26,Closed Won,Closed,15800.00,USD,1,1,,,ws_015082,,2026-06-01
006O0002764,Opalmark - New Business,001A000442,New Business,Product-led (PQL),005A0012,2026-05-09,2026-09-14,Closed Won,Closed,385200.00,USD,1,1,,Custom scripts,ws_019158,,2026-09-21
006O0002765,Orioworks - New Business,001A003732,New Business,Inbound,005A0014,2026-05-09,2026-06-27,Closed Lost,Omitted,9300.00,USD,1,0,Price / budget,Make,ws_015899,,2026-07-06
006O0002766,Solvwave - New Business,001A002948,New Business,Marketing (MQL),005A0015,2026-05-09,2026-07-09,Closed Lost,Omitted,28100.00,USD,1,0,Chose self-hosted Community edition,,,,2026-07-16
006O0002767,Opalware - New Business,001A004455,New Business,Marketing (MQL),005A0009,2026-05-09,2026-12-03,3 - Technical Validation,Best Case,18400.00,EUR,0,0,,Zapier,,Legal review,2026-09-21
006O0002768,Sellavik - New Business,001A007381,New Business,Outbound,005A0006,2026-05-09,2026-07-14,Closed Won,Closed,81100.00,EUR,1,1,,,,,2026-07-21
006O0002769,Wendline - New Business,001A003076,New Business,Product-led (PQL),005A0009,2026-05-10,2026-10-14,1 - Discovery,Pipeline,0.00,EUR,0,0,,Custom scripts,ws_000402,Tech validation call,2026-09-07
006O0002770,Boreacore - New Business,001A000433,New Business,Product-led (PQL),005A0014,2026-05-10,2026-05-28,Closed Won,Closed,12800.00,USD,1,1,,,ws_001301,,2026-05-30
006O0002771,Pirapath - New Business,001A003916,New Business,Product-led (PQL),005A0007,2026-05-10,2026-09-11,1 - Discovery,Pipeline,143000.00,EUR,0,0,,Tray.io,ws_003885,,2026-09-10
006O0002772,Brioware - New Business,001A002558,New Business,Product-led (PQL),005A0010,2026-05-10,2026-06-04,Closed Lost,Omitted,8900.00,EUR,1,0,,Make,ws_010023,,2026-06-09
006O0002773,Borealogic - New Business,001A001004,New Business,Product-led (PQL),005A0014,2026-05-10,2026-07-02,Closed Lost,Omitted,24900.00,USD,1,0,Unresponsive,,ws_010102,,2026-07-05
006O0002774,Altocore - New Business,001A008305,New Business,Product-led (PQL),005A0002,2026-05-10,2026-06-16,Closed Lost,Omitted,10000.00,EUR,1,0,Champion left,,ws_012372,,2026-06-21
006O0002775,Granstack - New Business,001A008131,New Business,Product-led (PQL),005A0015,2026-05-10,2026-07-30,Closed Lost,Omitted,13500.00,USD,1,0,Unresponsive,,ws_016796,,2026-08-08
006O0002776,Nordcore - New Business,001A006619,New Business,Product-led (PQL),005A0005,2026-05-10,2026-05-27,Closed Won,Closed,14700.00,GBP,1,1,,Power Automate,ws_005390,,2026-05-29
006O0002777,Solvpath - New Business,001A004302,New Business,Marketing (MQL),005A0015,2026-05-10,2026-08-06,Closed Won,Closed,87900.00,USD,1,1,,,,,2026-08-14
006O0002778,Terndata - New Business,001A003054,New Business,Product-led (PQL),005A0023,2026-05-11,2026-08-24,Closed Lost,Omitted,36900.00,USD,1,0,Missing feature / integration,,ws_008873,,2026-08-26
006O0002779,Lyrafield - New Business,001A001316,New Business,Product-led (PQL),005A0014,2026-05-11,2026-09-22,3 - Technical Validation,Best Case,6700.00,USD,0,0,,,ws_018296,,2026-09-21
006O0002780,Ivenbridge - New Business,001A001867,New Business,Product-led (PQL),005A0004,2026-05-11,2026-07-27,Closed Won,Closed,20200.00,GBP,1,1,,,ws_019929,,2026-07-30
006O0002781,Deltacore - New Business,001A006304,New Business,Product-led (PQL),005A0014,2026-05-11,2026-07-20,Closed Lost,Omitted,12400.00,USD,1,0,Price / budget,,ws_021498,,2026-07-27
006O0002782,Boreabridge - New Business,001A000382,New Business,Product-led (PQL),005A0014,2026-05-11,2026-08-24,Closed Lost,Omitted,7400.00,USD,1,0,No decision / status quo,,ws_020206,,2026-08-24
006O0002783,Talaflow - New Business,001A003854,New Business,Inbound,005A0014,2026-05-11,2026-09-02,Closed Lost,Omitted,9900.00,USD,1,0,No decision / status quo,,ws_013181,,2026-09-04
006O0002784,Ciralabs - New Business,001A000789,New Business,Marketing (MQL),005A0023,2026-05-11,2026-07-09,Closed Lost,Omitted,30100.00,USD,1,0,Timing,,,,2026-07-17
006O0002785,Granware - New Business,001A004844,New Business,Marketing (MQL),005A0008,2026-05-11,2026-07-31,Closed Lost,Omitted,10200.00,EUR,1,0,No decision / status quo,Make,,,2026-07-31
006O0002786,Ciralogic - New Business,001A003557,New Business,Outbound,005A0015,2026-05-11,2026-09-03,Closed Lost,Omitted,9800.00,USD,1,0,Competitor - Power Automate,Custom scripts,,,2026-09-12
006O0002787,Yarastack - New Business,001A005365,New Business,Product-led (PQL),005A0015,2026-05-12,2026-09-02,Closed Won,Closed,162100.00,USD,1,1,,Zapier,ws_012459,,2026-09-07
006O0002788,Validata - New Business,001A002184,New Business,Product-led (PQL),005A0006,2026-05-12,2026-07-28,Closed Won,Closed,90600.00,EUR,1,1,,,ws_012851,,2026-08-04
006O0002789,Cirastack - New Business,001A005316,New Business,Product-led (PQL),005A0017,2026-05-12,2026-07-31,Closed Won,Closed,31500.00,EUR,1,1,,Custom scripts,ws_015393,,2026-08-03
006O0002790,Nexagrid - New Business,001A002904,New Business,Product-led (PQL),005A0008,2026-05-12,2026-07-29,Closed Lost,Omitted,11900.00,EUR,1,0,Other,,ws_006820,,2026-08-07
006O0002791,Talaware - New Business,001A001407,New Business,Inbound,005A0024,2026-05-12,2026-06-08,Closed Lost,Omitted,9000.00,EUR,1,0,Price / budget,,ws_013232,,2026-06-17
006O0002792,Boreapoint - New Business,001A002788,New Business,Product-led (PQL),005A0015,2026-05-13,2026-09-27,5 - Negotiation,Commit,9500.00,USD,0,0,,Make,ws_001601,,2026-08-23
006O0002793,Umbrastack - New Business,001A004091,New Business,Product-led (PQL),005A0018,2026-05-13,2026-08-19,Closed Lost,Omitted,34800.00,USD,1,0,Champion left,,ws_013158,,2026-08-23
006O0002794,Boreadata - New Business,001A002801,New Business,Product-led (PQL),005A0006,2026-05-13,2026-09-19,Closed Lost,Omitted,48000.00,EUR,1,0,Competitor - Workato,Workato,ws_020177,,2026-09-21
006O0002795,Mosapath - New Business,001A004256,New Business,Marketing (MQL),005A0017,2026-05-13,2026-07-27,Closed Won,Closed,48400.00,EUR,1,1,,,,,2026-07-31
006O0002796,Lumopoint - New Business,001A002684,New Business,Product-led (PQL),005A0005,2026-05-14,2026-09-24,4 - Proposal,Commit,8800.00,GBP,0,0,,,ws_006622,Tech validation call,2026-09-14
006O0002797,Solvline - New Business,001A005271,New Business,Product-led (PQL),005A0016,2026-05-14,2026-10-31,5 - Negotiation,Commit,41400.00,USD,0,0,,Make,ws_008415,Send proposal,2026-09-17
006O0002798,Runedata - New Business,001A003462,New Business,Product-led (PQL),005A0017,2026-05-14,2026-07-04,Closed Won,Closed,45400.00,EUR,1,1,,Make,ws_010175,,2026-07-05
006O0002799,Zephstack - New Business,001A001516,New Business,Product-led (PQL),005A0002,2026-05-14,2026-06-15,Closed Lost,Omitted,33500.00,EUR,1,0,Price / budget,Workato,ws_010740,,2026-06-15
006O0002800,Miraline - New Business,001A008224,New Business,Product-led (PQL),005A0020,2026-05-14,2026-07-01,Closed Won,Closed,157100.00,GBP,1,1,,,ws_011492,,2026-07-10
006O0002801,Stratech - New Business,001A008875,New Business,Product-led (PQL),005A0009,2026-05-14,2026-06-14,Closed Lost,Omitted,,EUR,1,0,Competitor - Power Automate,,ws_017757,,2026-06-22
006O0002802,Miradata - New Business,001A003620,New Business,Product-led (PQL),005A0023,2026-05-14,2026-10-19,3 - Technical Validation,Best Case,35000.00,USD,0,0,,,ws_018307,Legal review,2026-09-21
006O0002803,Asterwave - New Business,001A006870,New Business,Product-led (PQL),005A0023,2026-05-14,2026-06-29,Closed Lost,Omitted,41000.00,USD,1,0,Missing feature / integration,,ws_005287,,2026-07-03
006O0002804,Koraline - New Business,001A006972,New Business,Product-led (PQL),005A0003,2026-05-14,2026-06-24,Closed Lost,Omitted,150400.00,GBP,1,0,Missing feature / integration,,ws_021968,,2026-07-04
006O0002805,Boreagrid - New Business,001A001815,New Business,Inbound,005A0006,2026-05-14,2026-07-23,Closed Won,Closed,98000.00,EUR,1,1,,,ws_020782,,2026-07-30
006O0002806,Mosadata - New Business,001A000185,New Business,Outbound,005A0018,2026-05-14,2026-07-05,Closed Lost,Omitted,27400.00,USD,1,0,Unresponsive,,,,2026-07-13
006O0002807,Umbranet - New Business,001A002954,New Business,Product-led (PQL),005A0008,2026-05-15,2026-06-11,Closed Won,Closed,5800.00,EUR,1,1,,,ws_012452,,2026-06-15
006O0002808,Xenostack - New Business,001A005449,New Business,Product-led (PQL),005A0010,2026-05-15,2026-06-11,Closed Won,Closed,44400.00,EUR,1,1,,,ws_017387,,2026-06-15
006O0002809,Talacore - New Business,001A007013,New Business,Outbound,005A0018,2026-05-15,2026-07-27,Closed Lost,Omitted,32500.00,USD,1,0,Missing feature / integration,Custom scripts,,,2026-08-01
006O0002810,Valiware - New Business,001A007267,New Business,Product-led (PQL),005A0014,2026-05-16,2026-06-22,Closed Lost,Omitted,8600.00,USD,1,0,Competitor - Zapier,,ws_011593,,2026-06-28
006O0002811,Opalvik - New Business,001A004883,New Business,Product-led (PQL),005A0010,2026-05-16,2026-08-05,Closed Lost,Omitted,11600.00,EUR,1,0,,,ws_012805,,2026-08-06
006O0002812,Talapath - New Business,001A006195,New Business,Inbound,005A0010,2026-05-16,2026-07-11,Closed Lost,Omitted,14600.00,EUR,1,0,Chose self-hosted Community edition,Power Automate,ws_006521,,2026-07-21
006O0002813,Mosasys - New Business,001A001540,New Business,Inbound,005A0023,2026-05-16,2026-06-19,Closed Lost,Omitted,61900.00,USD,1,0,Missing feature / integration,,ws_008405,,2026-06-19
006O0002814,Yaraworks - New Business,001A006299,New Business,Product-led (PQL),005A0015,2026-05-17,2026-09-07,Closed Lost,Omitted,3800.00,USD,1,0,Chose self-hosted Community edition,,ws_001125,,2026-09-12
006O0002815,Lumoflow - New Business,001A006342,New Business,Product-led (PQL),005A0016,2026-05-17,2026-08-07,Closed Won,Closed,113700.00,USD,1,1,,Custom scripts,ws_001757,,2026-08-11
006O0002816,Miradata - New Business,001A000591,New Business,Product-led (PQL),005A0010,2026-05-17,2026-09-07,Closed Lost,Omitted,6900.00,EUR,1,0,,,ws_000878,,2026-09-16
006O0002817,Koragrid - New Business,001A001000,New Business,Product-led (PQL),005A0024,2026-05-17,2026-06-30,Closed Won,Closed,10800.00,EUR,1,1,,Zapier,ws_002316,,2026-07-10
006O0002818,Bramline - New Business,001A002560,New Business,Product-led (PQL),005A0014,2026-05-17,2026-06-21,Closed Won,Closed,17700.00,USD,1,1,,Workato,ws_007920,,2026-06-24
006O0002819,Fjelpoint - New Business,001A006490,New Business,Inbound,005A0005,2026-05-17,2026-06-24,Closed Lost,Omitted,18700.00,GBP,1,0,Chose self-hosted Community edition,Zapier,ws_022632,,2026-06-29
006O0002820,Deltagrid - New Business,001A000996,New Business,Marketing (MQL),005A0014,2026-05-17,2026-09-15,3 - Technical Validation,Best Case,,USD,0,0,,Workato,,,2026-07-15
006O0002821,Nordsys - New Business,001A001757,New Business,Marketing (MQL),005A0015,2026-05-17,2026-06-12,Closed Lost,Omitted,29900.00,USD,1,0,Chose self-hosted Community edition,Make,,,2026-06-16
006O0002822,Lyraline - New Business,001A000596,New Business,Product-led (PQL),005A0014,2026-05-18,2026-06-27,Closed Won,Closed,6400.00,USD,1,1,,,ws_013317,,2026-06-30
006O0002823,Bramvik - New Business,001A001771,New Business,Product-led (PQL),005A0018,2026-05-18,2026-06-16,Closed Won,Closed,20700.00,USD,1,1,,Zapier,ws_023493,,2026-06-20
006O0002824,Sellanet - New Business,001A008157,New Business,Outbound,005A0005,2026-05-18,2026-06-27,Closed Lost,Omitted,19500.00,GBP,1,0,Other,Zapier,,,2026-07-02
006O0002825,Boreaflow - New Business,001A008039,New Business,Product-led (PQL),005A0018,2026-05-19,2026-06-11,Closed Won,Closed,45100.00,USD,1,1,,Zapier,ws_023181,,2026-06-13
006O0002826,Korasys - New Business,001A006550,New Business,Marketing (MQL),005A0012,2026-05-19,2026-10-09,4 - Proposal,Best Case,149900.00,USD,0,0,,,,Follow up,2026-09-21
006O0002827,Cirawave - New Business,001A004172,New Business,Product-led (PQL),005A0015,2026-05-20,2026-06-01,Closed Lost,Omitted,13000.00,USD,1,0,Unresponsive,,ws_000588,,2026-06-11
006O0002828,Runegrid - New Business,001A004359,New Business,Product-led (PQL),005A0018,2026-05-20,2026-07-02,Closed Won,Closed,218000.00,USD,1,1,,Zapier,ws_012047,,2026-07-07
006O0002829,Talaline - New Business,001A008785,New Business,Inbound,005A0005,2026-05-20,2026-06-26,Closed Won,Closed,12800.00,GBP,1,1,,Zapier,ws_008632,,2026-07-04
006O0002830,Ciragrid - New Business,001A006144,New Business,Inbound,005A0014,2026-05-20,2026-07-28,Closed Lost,Omitted,18500.00,USD,1,0,Chose self-hosted Community edition,,ws_012993,,2026-08-01
006O0002831,Asterfield - New Business,001A001615,New Business,Marketing (MQL),005A0005,2026-05-20,2026-05-27,Closed Lost,Omitted,6400.00,GBP,1,0,Timing,Make,,,2026-05-27
006O0002832,Valilogic - New Business,001A003396,New Business,Partner,005A0024,2026-05-20,2026-09-19,2 - Qualification,Pipeline,6000.00,EUR,0,0,,,,Security questionnaire,2026-08-05
006O0002833,Cobalfield - New Business,001A003518,New Business,Product-led (PQL),005A0008,2026-05-21,2026-06-12,Closed Won,Closed,8200.00,EUR,1,1,,Custom scripts,ws_009193,,2026-06-20
006O0002834,Vexmark - New Business,001A008949,New Business,Product-led (PQL),005A0017,2026-05-21,2026-09-02,Closed Lost,Omitted,23400.00,EUR,1,0,,,ws_010580,,2026-09-04
006O0002835,Quarsys - New Business,001A002345,New Business,Product-led (PQL),005A0017,2026-05-21,2026-08-29,Closed Lost,Omitted,49700.00,EUR,1,0,Chose self-hosted Community edition,,ws_023109,,2026-09-07
006O0002836,Vexlabs - New Business,001A008860,New Business,Inbound,005A0005,2026-05-21,2026-06-12,Closed Lost,Omitted,4200.00,GBP,1,0,Chose self-hosted Community edition,,ws_020824,,2026-06-13
006O0002837,Boreapath - New Business,001A003128,New Business,Partner,005A0014,2026-05-21,2026-09-23,3 - Technical Validation,Best Case,7300.00,USD,0,0,,,,,2026-08-24
006O0002838,Fjelstack - New Business,001A001695,New Business,Product-led (PQL),005A0006,2026-05-22,2026-09-14,Closed Lost,Omitted,32500.00,EUR,1,0,No decision / status quo,,ws_018694,,2026-09-20
006O0002839,Talapoint - New Business,001A006326,New Business,Product-led (PQL),005A0014,2026-05-22,2026-08-12,Closed Lost,Omitted,10900.00,USD,1,0,Competitor - Zapier,,ws_001434,,2026-08-15
006O0002840,Junomark - New Business,001A003525,New Business,Product-led (PQL),005A0010,2026-05-22,2026-07-06,Closed Lost,Omitted,9400.00,EUR,1,0,Competitor - Power Automate,Zapier,ws_005119,,2026-07-11
006O0002841,Oriostack - New Business,001A005136,New Business,Product-led (PQL),005A0024,2026-05-22,2026-06-27,Closed Lost,Omitted,16000.00,EUR,1,0,No decision / status quo,,ws_005655,,2026-06-30
006O0002842,Vexmark - New Business,001A008513,New Business,Inbound,005A0015,2026-05-22,2026-06-04,Closed Lost,Omitted,7600.00,USD,1,0,Unresponsive,,ws_010877,,2026-06-12
006O0002843,Briodata - New Business,001A001130,New Business,,005A0015,2026-05-23,2026-10-15,5 - Negotiation,Commit,54300.00,USD,0,0,,,ws_002137,Send proposal,2026-07-23
006O0002844,Solvworks - New Business,001A002939,New Business,Marketing (MQL),005A0017,2026-05-23,2026-07-12,Closed Won,Closed,23000.00,EUR,1,1,,Custom scripts,,,2026-07-15
006O0002845,Opalgrid - New Business,001A006857,New Business,Outbound,005A0009,2026-05-23,2026-07-31,Closed Lost,Omitted,23400.00,EUR,1,0,Competitor - Power Automate,,,,2026-08-04
006O0002846,Koraflow - New Business,001A004941,New Business,Partner,005A0002,2026-05-23,2026-10-08,5 - Negotiation,Commit,13900.00,EUR,0,0,,,,Tech validation call,2026-09-19
006O0002847,Wendflow - New Business,001A005767,New Business,Product-led (PQL),005A0023,2026-05-24,2026-08-04,Closed Lost,Omitted,26400.00,USD,1,0,Chose self-hosted Community edition,Make,ws_007445,,2026-08-13
006O0002848,Deltavik - New Business,001A001961,New Business,Product-led (PQL),005A0010,2026-05-24,2026-08-02,Closed Lost,Omitted,12100.00,EUR,1,0,Champion left,,ws_009214,,2026-08-06
006O0002849,Yaraware - New Business,001A000781,New Business,Product-led (PQL),005A0015,2026-05-24,2026-07-17,Closed Lost,Omitted,22600.00,USD,1,0,Chose self-hosted Community edition,,ws_010593,,2026-07-26
006O0002850,Validata - New Business,001A003566,New Business,Product-led (PQL),005A0014,2026-05-24,2026-06-15,Closed Won,Closed,17600.00,USD,1,1,,,ws_013797,,2026-06-16
006O0002851,Briosys - New Business,001A007953,New Business,Product-led (PQL),005A0024,2026-05-24,2026-07-01,Closed Won,Closed,25800.00,EUR,1,1,,,ws_018092,,2026-07-09
006O0002852,Mosafield - New Business,001A006817,New Business,Inbound,005A0024,2026-05-24,2026-08-28,Closed Lost,Omitted,3100.00,EUR,1,0,Security / compliance review,Make,ws_000051,,2026-08-29
006O0002853,Vexstack - New Business,001A006918,New Business,Outbound,005A0020,2026-05-24,2026-08-16,Closed Won,Closed,10100.00,GBP,1,1,,,,,2026-08-16
006O0002854,Wendpath - New Business,001A003852,New Business,Product-led (PQL),005A0006,2026-05-25,2026-06-30,Closed Lost,Omitted,30900.00,EUR,1,0,,Make,ws_015993,,2026-07-08
006O0002855,Wendtech - New Business,001A000517,New Business,Product-led (PQL),005A0014,2026-05-26,2026-10-25,2 - Qualification,Pipeline,12700.00,USD,0,0,,Make,ws_000471,Legal review,2026-09-09
006O0002856,Runedata - New Business,001A003725,New Business,Inbound,005A0023,2026-05-26,2026-07-31,Closed Lost,Omitted,60000.00,USD,1,0,Missing feature / integration,Workato,ws_006988,,2026-08-03
006O0002857,Talapath - New Business,001A008315,New Business,Marketing (MQL),005A0006,2026-05-26,2026-09-08,Closed Lost,Omitted,26800.00,EUR,1,0,Champion left,,,,2026-09-16
006O0002858,Zephwave - New Business,001A005844,New Business,Product-led (PQL),005A0010,2026-05-27,2026-09-18,3 - Technical Validation,Best Case,11500.00,EUR,0,0,,Power Automate,ws_015290,Follow up,2026-09-11
006O0002859,Halovik - New Business,001A002238,New Business,Product-led (PQL),005A0006,2026-05-27,2026-09-27,5 - Negotiation,Commit,44500.00,EUR,0,0,,,ws_018073,Send proposal,2026-08-25
006O0002860,Nordline - New Business,001A003083,New Business,Product-led (PQL),005A0012,2026-05-28,2026-11-04,2 - Qualification,Pipeline,123900.00,USD,0,0,,Power Automate,ws_014483,Tech validation call,2026-08-23
006O0002861,Xenolabs - New Business,001A005690,New Business,Product-led (PQL),005A0006,2026-05-28,2026-09-29,2 - Qualification,Pipeline,36000.00,EUR,0,0,,,ws_014884,Send proposal,2026-09-20
006O0002862,Xenopoint - New Business,001A002102,New Business,Marketing (MQL),005A0014,2026-05-28,2026-09-16,3 - Technical Validation,Best Case,8400.00,USD,0,0,,,,Follow up,2026-09-08
006O0002863,Altodata - New Business,001A006091,New Business,,005A0024,2026-05-29,2026-10-19,4 - Proposal,Best Case,21300.00,EUR,0,0,,,ws_021227,Legal review,2026-09-06
006O0002864,Opalbridge - New Business,001A008285,New Business,Product-led (PQL),005A0024,2026-05-29,2026-06-28,Closed Won,Closed,14800.00,EUR,1,1,,,ws_003475,,2026-07-06
006O0002865,Cobalvik - New Business,001A006715,New Business,Product-led (PQL),005A0012,2026-05-29,2026-08-22,Closed Won,Closed,134000.00,USD,1,1,,,ws_004038,,2026-08-23
006O0002866,Talalogic - New Business,001A008944,New Business,Product-led (PQL),005A0014,2026-05-29,2026-09-26,5 - Negotiation,Commit,15800.00,USD,0,0,,Custom scripts,ws_015473,Follow up,2026-08-06
006O0002867,Nordnet - New Business,001A005227,New Business,Product-led (PQL),005A0024,2026-05-29,2026-07-07,Closed Won,Closed,7700.00,EUR,1,1,,Zapier,ws_019388,,2026-07-17
006O0002868,Junoware - New Business,001A002295,New Business,Product-led (PQL),005A0017,2026-05-29,2026-07-29,Closed Lost,Omitted,78100.00,EUR,1,0,Competitor - Make,Make,ws_021731,,2026-08-06
006O0002869,Lumowave - New Business,001A008065,New Business,Marketing (MQL),005A0002,2026-05-29,2026-06-05,Closed Lost,Omitted,21300.00,EUR,1,0,,,,,2026-06-09
006O0002870,Halosys - New Business,001A003414,New Business,Product-led (PQL),005A0005,2026-05-30,2026-09-17,Closed Lost,Omitted,21600.00,EUR,1,0,Unresponsive,,ws_018424,,2026-09-20
006O0002871,Briodata - New Business,001A005631,New Business,Inbound,005A0017,2026-05-30,2026-06-28,Closed Lost,Omitted,,EUR,1,0,Timing,,ws_004571,,2026-07-03
006O0002872,Nexaflow - New Business,001A005293,New Business,Product-led (PQL),005A0023,2026-05-31,2026-07-15,Closed Lost,Omitted,62600.00,USD,1,0,Timing,,ws_008189,,2026-07-18
006O0002873,Lumonet - New Business,001A007501,New Business,Product-led (PQL),005A0018,2026-05-31,2026-08-16,Closed Lost,Omitted,15300.00,USD,1,0,Chose self-hosted Community edition,Custom scripts,ws_013773,,2026-08-20
006O0002874,Wendvik - New Business,001A008795,New Business,Product-led (PQL),005A0014,2026-06-01,2026-10-08,5 - Negotiation,Commit,6600.00,USD,0,0,,,ws_007266,Send proposal,2026-08-27
006O0002875,Fjelflow - New Business,001A006003,New Business,Product-led (PQL),005A0002,2026-06-01,2026-06-20,Closed Won,Closed,16200.00,EUR,1,1,,Workato,ws_011268,,2026-06-25
006O0002876,Oriogrid - New Business,001A004266,New Business,Product-led (PQL),005A0010,2026-06-01,2026-09-26,2 - Qualification,Pipeline,11300.00,EUR,0,0,,,ws_011668,,2026-09-19
006O0002877,Boreapath - New Business,001A005110,New Business,Product-led (PQL),005A0017,2026-06-01,2026-08-18,Closed Won,Closed,82000.00,EUR,1,1,,,ws_016285,,2026-08-25
006O0002878,Yaraline - New Business,001A005171,New Business,,005A0014,2026-06-01,2026-07-06,Closed Won,Closed,13500.00,USD,1,1,,,ws_016436,,2026-07-15
006O0002879,Asterline - New Business,001A005522,New Business,Product-led (PQL),005A0010,2026-06-02,2026-06-30,Closed Won,Closed,29600.00,EUR,1,1,,,ws_021005,,2026-07-06
006O0002880,Astertech - New Business,001A006244,New Business,Product-led (PQL),005A0017,2026-06-02,2026-07-16,Closed Won,Closed,68500.00,EUR,1,1,,Custom scripts,ws_021576,,2026-07-21
006O0002881,Runebridge - New Business,001A001988,New Business,Product-led (PQL),005A0015,2026-06-02,2026-07-12,Closed Lost,Omitted,28600.00,USD,1,0,Security / compliance review,,ws_022851,,2026-07-16
006O0002882,Stracore - New Business,001A006575,New Business,Product-led (PQL),005A0023,2026-06-02,2026-08-21,Closed Lost,Omitted,78700.00,USD,1,0,Chose self-hosted Community edition,,ws_022924,,2026-08-29
006O0002883,Nexalabs - New Business,001A006254,New Business,Inbound,005A0015,2026-06-02,2026-06-18,Closed Won,Closed,7600.00,USD,1,1,,,ws_008041,,2026-06-22
006O0002884,Wendline - New Business,001A000707,New Business,Inbound,005A0023,2026-06-02,2026-07-15,Closed Lost,Omitted,15600.00,USD,1,0,Competitor - Make,Make,ws_014376,,2026-07-23
006O0002885,Stracore - New Business,001A001828,New Business,Marketing (MQL),005A0015,2026-06-02,2026-10-12,5 - Negotiation,Commit,81600.00,USD,0,0,,,,Legal review,2026-09-11
006O0002886,Grangrid - New Business,001A001461,New Business,Product-led (PQL),005A0008,2026-06-03,2026-07-21,Closed Won,Closed,16000.00,EUR,1,1,,,ws_005781,,2026-07-23
006O0002887,Miraline - New Business,001A005556,New Business,Product-led (PQL),005A0005,2026-06-03,2026-07-20,Closed Lost,Omitted,36800.00,EUR,1,0,Price / budget,Workato,ws_012173,,2026-07-28
006O0002888,Lumopath - New Business,001A000916,New Business,Product-led (PQL),005A0024,2026-06-03,2026-07-04,Closed Won,Closed,7700.00,EUR,1,1,,,ws_015483,,2026-07-13
006O0002889,Deltacore - New Business,001A000474,New Business,Inbound,005A0003,2026-06-03,2026-09-24,2 - Qualification,Pipeline,221500.00,GBP,0,0,,Custom scripts,ws_017405,Send proposal,2026-09-02
006O0002890,Halocore - New Business,001A002709,New Business,Marketing (MQL),005A0014,2026-06-03,2026-08-16,Closed Lost,Omitted,6300.00,USD,1,0,Competitor - Make,Make,,,2026-08-24
006O0002891,Mosalogic - New Business,001A002427,New Business,Marketing (MQL),005A0023,2026-06-03,2026-08-28,Closed Lost,Omitted,44800.00,USD,1,0,Chose self-hosted Community edition,Make,,,2026-08-29
006O0002892,Wendnet - New Business,001A000695,New Business,Product-led (PQL),005A0008,2026-06-04,2026-07-03,Closed Lost,Omitted,10000.00,EUR,1,0,Unresponsive,,ws_003531,,2026-07-09
006O0002893,Ivenwave - New Business,001A005101,New Business,,005A0020,2026-06-04,2026-07-25,Closed Lost,Omitted,7500.00,EUR,1,0,Timing,,ws_003565,,2026-07-27
006O0002894,Brionet - New Business,001A000930,New Business,Product-led (PQL),005A0004,2026-06-04,2026-08-04,Closed Won,Closed,29600.00,EUR,1,1,,,ws_005691,,2026-08-10
006O0002895,Halowave - New Business,001A003217,New Business,,005A0017,2026-06-04,2026-06-25,Closed Lost,Omitted,53500.00,EUR,1,0,No decision / status quo,Make,ws_009178,,2026-07-04
006O0002896,Deltawave - New Business,001A001506,New Business,Product-led (PQL),005A0014,2026-06-04,2026-09-17,Closed Lost,Omitted,32100.00,USD,1,0,Price / budget,,ws_009566,,2026-09-21
006O0002897,Lyrafield - New Business,001A001374,New Business,Product-led (PQL),005A0015,2026-06-04,2026-07-15,Closed Won,Closed,68100.00,USD,1,1,,Make,ws_010052,,2026-07-15
006O0002898,Runeline - New Business,001A000351,New Business,Product-led (PQL),005A0017,2026-06-04,2026-07-09,Closed Won,Closed,36000.00,EUR,1,1,,Zapier,ws_020639,,2026-07-17
006O0002899,Nordstack - New Business,001A008995,New Business,Inbound,005A0015,2026-06-04,2026-07-20,Closed Won,Closed,6100.00,USD,1,1,,,ws_008994,,2026-07-26
006O0002900,Runegrid - New Business,001A006248,New Business,Inbound,005A0018,2026-06-04,2026-06-24,Closed Lost,Omitted,49500.00,USD,1,0,Unresponsive,,ws_017682,,2026-06-29
006O0002901,Grannet - New Business,001A004644,New Business,Marketing (MQL),005A0005,2026-06-04,2026-08-11,Closed Lost,Omitted,8400.00,GBP,1,0,Other,,,,2026-08-19
006O0002902,Piravik - New Business,001A006723,New Business,Product-led (PQL),005A0017,2026-06-05,2026-07-22,Closed Won,Closed,26800.00,EUR,1,1,,,ws_014347,,2026-07-31
006O0002903,Altogrid - New Business,001A005208,New Business,Product-led (PQL),005A0024,2026-06-05,2026-07-17,Closed Won,Closed,31500.00,EUR,1,1,,,ws_016072,,2026-07-23
006O0002904,Yarapath - New Business,001A002355,New Business,Product-led (PQL),005A0014,2026-06-05,2026-09-02,Closed Lost,Omitted,8100.00,USD,1,0,No decision / status quo,,ws_020565,,2026-09-05
006O0002905,Halomark - New Business,001A002348,New Business,Marketing (MQL),005A0000,2026-06-05,2026-08-23,Closed Lost,Omitted,90300.00,EUR,1,0,Missing feature / integration,,,,2026-08-28
006O0002906,Evoware - New Business,001A004969,New Business,Product-led (PQL),005A0018,2026-06-06,2026-07-15,Closed Lost,Omitted,43600.00,USD,1,0,Missing feature / integration,Zapier,ws_001661,,2026-07-19
006O0002907,Zephstack - New Business,001A007730,New Business,Product-led (PQL),005A0012,2026-06-06,2026-09-20,5 - Negotiation,Commit,240200.00,USD,0,0,,Tray.io,ws_009004,Follow up,2026-08-14
006O0002908,Opalpoint - New Business,001A001399,New Business,Product-led (PQL),005A0008,2026-06-06,2026-07-03,Closed Won,Closed,6900.00,EUR,1,1,,,ws_018903,,2026-07-10
006O0002909,Quarflow - New Business,001A005039,New Business,Product-led (PQL),005A0014,2026-06-06,2026-07-04,Closed Won,Closed,20000.00,USD,1,1,,,ws_017423,,2026-07-07
006O0002910,Ternsys - New Business,001A001047,New Business,Inbound,005A0014,2026-06-06,2026-08-12,Closed Lost,Omitted,8600.00,USD,1,0,Chose self-hosted Community edition,,ws_007732,,2026-08-15
006O0002911,Quarcore - New Business,001A005442,New Business,Product-led (PQL),005A0023,2026-06-07,2026-07-01,Closed Lost,Omitted,57600.00,USD,1,0,,,ws_001636,,2026-07-06
006O0002912,Astergrid - New Business,001A001622,New Business,Product-led (PQL),005A0018,2026-06-07,2026-07-17,Closed Lost,Omitted,22900.00,USD,1,0,Unresponsive,,ws_005124,,2026-07-24
006O0002913,Veraware - New Business,001A000561,New Business,Product-led (PQL),005A0005,2026-06-07,2026-09-13,Closed Lost,Omitted,13400.00,GBP,1,0,Timing,,ws_006115,,2026-09-21
006O0002914,Koravik - New Business,001A001054,New Business,Product-led (PQL),005A0005,2026-06-07,2026-06-25,Closed Lost,Omitted,14400.00,GBP,1,0,Price / budget,Custom scripts,ws_006767,,2026-06-30
006O0002915,Koralabs - New Business,001A005123,New Business,Product-led (PQL),005A0007,2026-06-07,2026-07-14,Closed Lost,Omitted,149500.00,EUR,1,0,,,ws_010973,,2026-07-21
006O0002916,Fjelgrid - New Business,001A007820,New Business,Product-led (PQL),005A0014,2026-06-07,2026-07-07,Closed Won,Closed,10500.00,USD,1,1,,Zapier,ws_013977,,2026-07-15
006O0002917,Bramwave - New Business,001A004973,New Business,Product-led (PQL),005A0016,2026-06-07,2026-07-15,Closed Lost,Omitted,26400.00,USD,1,0,Chose self-hosted Community edition,Power Automate,ws_014432,,2026-07-24
006O0002918,Valivik - New Business,001A000654,New Business,Product-led (PQL),005A0018,2026-06-07,2026-07-08,Closed Won,Closed,38400.00,USD,1,1,,Tray.io,ws_014641,,2026-07-13
006O0002919,Altomark - New Business,001A000747,New Business,Product-led (PQL),005A0009,2026-06-07,2026-08-10,Closed Lost,Omitted,29500.00,EUR,1,0,Competitor - Zapier,Zapier,ws_021381,,2026-08-19
006O0002920,Gransys - New Business,001A000243,New Business,Product-led (PQL),005A0006,2026-06-07,2026-09-14,Closed Won,Closed,151800.00,EUR,1,1,,,ws_022521,,2026-09-15
006O0002921,Nexabridge - New Business,001A006788,New Business,Product-led (PQL),005A0018,2026-06-07,2026-09-29,4 - Proposal,Commit,72900.00,USD,0,0,,,ws_012162,Send proposal,2026-08-05
006O0002922,Nordgrid - New Business,001A008420,New Business,Inbound,005A0005,2026-06-07,2026-07-15,Closed Lost,Omitted,9200.00,GBP,1,0,Price / budget,,ws_010174,,2026-07-25
006O0002923,Ivenstack - New Business,001A005793,New Business,Inbound,005A0017,2026-06-07,2026-07-29,Closed Lost,Omitted,25900.00,EUR,1,0,Competitor - Make,,ws_018980,,2026-08-01
006O0002924,Sellatech - New Business,001A002426,New Business,,005A0017,2026-06-07,2026-09-25,2 - Qualification,Pipeline,87400.00,EUR,0,0,,,,,2026-07-19
006O0002925,Borealine - New Business,001A001903,New Business,Outbound,005A0017,2026-06-07,2026-10-12,1 - Discovery,Pipeline,40300.00,EUR,0,0,,,,Follow up,2026-07-31
006O0002926,Briomark - New Business,001A002618,New Business,Partner,005A0018,2026-06-07,2026-09-08,Closed Lost,Omitted,32500.00,USD,1,0,Security / compliance review,,,,2026-09-12
006O0002927,Nexapath - New Business,001A008140,New Business,Product-led (PQL),005A0005,2026-06-08,2026-09-11,Closed Lost,Omitted,14400.00,GBP,1,0,Unresponsive,,ws_013265,,2026-09-20
006O0002928,Miradata - New Business,001A002777,New Business,Product-led (PQL),005A0008,2026-06-08,2026-09-27,4 - Proposal,Commit,,EUR,0,0,,,ws_014624,Follow up,2026-09-02
006O0002929,Miraware - New Business,001A005359,New Business,Product-led (PQL),005A0014,2026-06-08,2026-08-19,Closed Lost,Omitted,15600.00,USD,1,0,Chose self-hosted Community edition,,ws_018402,,2026-08-27
006O0002930,Oriostack - New Business,001A006090,New Business,Product-led (PQL),005A0024,2026-06-08,2026-09-21,2 - Qualification,Pipeline,9400.00,EUR,0,0,,Zapier,ws_019130,,2026-09-02
006O0002931,Lumotech - New Business,001A003451,New Business,Inbound,005A0006,2026-06-08,2026-07-18,Closed Lost,Omitted,29300.00,EUR,1,0,Security / compliance review,,ws_018119,,2026-07-26
006O0002932,Wendwave - New Business,001A006957,New Business,Product-led (PQL),005A0008,2026-06-09,2026-08-09,Closed Lost,Omitted,32100.00,EUR,1,0,Unresponsive,Zapier,ws_003253,,2026-08-18
006O0002933,Lumobridge - New Business,001A006305,New Business,Product-led (PQL),005A0024,2026-06-09,2026-09-23,2 - Qualification,Pipeline,14200.00,EUR,0,0,,,ws_002675,Tech validation call,2026-09-15
006O0002934,Miradata - New Business,001A008409,New Business,Inbound,005A0014,2026-06-09,2026-07-01,Closed Won,Closed,18300.00,USD,1,1,,,ws_018148,,2026-07-07
006O0002935,Opalflow - New Business,001A008307,New Business,Marketing (MQL),005A0018,2026-06-09,2026-09-07,Closed Lost,Omitted,57200.00,USD,1,0,Chose self-hosted Community edition,,,,2026-09-12
006O0002936,Nexapoint - New Business,001A004020,New Business,Product-led (PQL),005A0005,2026-06-10,2026-08-13,Closed Lost,Omitted,8300.00,GBP,1,0,Price / budget,,ws_009940,,2026-08-15
006O0002937,Yaradata - New Business,001A000068,New Business,,005A0002,2026-06-10,2026-09-08,Closed Lost,Omitted,22700.00,EUR,1,0,No decision / status quo,,,,2026-09-10
006O0002938,Granware - New Business,001A008776,New Business,Marketing (MQL),005A0011,2026-06-10,2026-10-02,3 - Technical Validation,Best Case,266000.00,EUR,0,0,,,,Legal review,2026-07-08
006O0002939,Haloline - New Business,001A000459,New Business,Product-led (PQL),005A0012,2026-06-11,2026-09-04,Closed Lost,Omitted,118500.00,USD,1,0,Unresponsive,,ws_002519,,2026-09-12
006O0002940,Deltafield - New Business,001A007459,New Business,Product-led (PQL),005A0018,2026-06-11,2026-10-13,5 - Negotiation,Commit,46000.00,USD,0,0,,Tray.io,ws_006022,Security questionnaire,2026-09-19
006O0002941,Asterdata - New Business,001A002766,New Business,Product-led (PQL),005A0009,2026-06-11,2026-07-25,Closed Won,Closed,16000.00,EUR,1,1,,,ws_013699,,2026-08-04
006O0002942,Halogrid - New Business,001A002351,New Business,Product-led (PQL),005A0014,2026-06-11,2026-07-10,Closed Won,Closed,17700.00,USD,1,1,,,ws_016813,,2026-07-16
006O0002943,Oriobridge - New Business,001A001658,New Business,Product-led (PQL),005A0006,2026-06-11,2026-09-01,Closed Won,Closed,61900.00,EUR,1,1,,,ws_021881,,2026-09-11
006O0002944,Miralogic - New Business,001A001718,New Business,Product-led (PQL),005A0018,2026-06-12,2026-07-14,Closed Lost,Omitted,29400.00,USD,1,0,Competitor - Zapier,,ws_010925,,2026-07-23
006O0002945,Wenddata - New Business,001A006142,New Business,Product-led (PQL),005A0002,2026-06-12,2026-06-26,Closed Won,Closed,6700.00,EUR,1,1,,,ws_019484,,2026-07-03
006O0002946,Mirabridge - New Business,001A001430,New Business,Product-led (PQL),005A0015,2026-06-12,2026-11-16,5 - Negotiation,Commit,77900.00,USD,0,0,,,ws_000421,Legal review,2026-09-21
006O0002947,Kestcore - New Business,001A008256,New Business,Inbound,005A0014,2026-06-12,2026-08-14,Closed Lost,Omitted,5800.00,USD,1,0,Timing,Custom scripts,ws_023506,,2026-08-18
006O0002948,Ivenpath - New Business,001A001706,New Business,Inbound,005A0024,2026-06-12,2026-07-10,Closed Won,Closed,16000.00,EUR,1,1,,Power Automate,ws_001284,,2026-07-14
006O0002949,Vexsys - New Business,001A002091,New Business,Inbound,005A0018,2026-06-12,2026-09-28,1 - Discovery,Pipeline,13200.00,USD,0,0,,Power Automate,ws_017045,Legal review,2026-09-18
006O0002950,Solvfield - New Business,001A001032,New Business,Inbound,005A0008,2026-06-12,2026-07-02,Closed Lost,Omitted,26500.00,EUR,1,0,,,ws_017326,,2026-07-04
006O0002951,Ivencore - New Business,001A003195,New Business,Product-led (PQL),005A0008,2026-06-13,2026-10-11,4 - Proposal,Best Case,8100.00,EUR,0,0,,,ws_002836,Legal review,2026-09-21
006O0002952,Zephcore - New Business,001A005890,New Business,Product-led (PQL),005A0015,2026-06-13,2026-10-11,5 - Negotiation,Commit,14900.00,USD,0,0,,,ws_013739,Tech validation call,2026-07-29
006O0002953,Runewave - New Business,001A004049,New Business,Product-led (PQL),005A0014,2026-06-13,2026-07-05,Closed Lost,Omitted,8300.00,USD,1,0,Price / budget,,ws_018557,,2026-07-10
006O0002954,Vexvik - New Business,001A005982,New Business,Product-led (PQL),005A0014,2026-06-13,2026-08-23,Closed Lost,Omitted,11600.00,USD,1,0,Timing,,ws_020242,,2026-08-28
006O0002955,Runeware - New Business,001A002932,New Business,Product-led (PQL),005A0014,2026-06-13,2026-07-27,Closed Won,Closed,15600.00,USD,1,1,,Zapier,ws_021745,,2026-07-27
006O0002956,Mirapoint - New Business,001A002664,New Business,Product-led (PQL),005A0006,2026-06-13,2026-09-17,1 - Discovery,Pipeline,40900.00,EUR,0,0,,Custom scripts,ws_022657,Security questionnaire,2026-09-08
006O0002957,Runeworks - New Business,001A004847,New Business,Product-led (PQL),005A0023,2026-06-13,2026-07-31,Closed Won,Closed,33000.00,USD,1,1,,Power Automate,ws_000275,,2026-08-02
006O0002958,Bramsys - New Business,001A004986,New Business,Inbound,005A0014,2026-06-13,2026-11-24,2 - Qualification,Pipeline,14400.00,USD,0,0,,,ws_007136,Tech validation call,2026-09-05
006O0002959,Ivendata - New Business,001A007819,New Business,Product-led (PQL),005A0010,2026-06-14,2026-07-08,Closed Lost,Omitted,13800.00,EUR,1,0,Price / budget,Zapier,ws_016869,,2026-07-14
006O0002960,Koranet - New Business,001A005140,New Business,Product-led (PQL),005A0014,2026-06-14,2026-10-08,5 - Negotiation,Commit,6200.00,USD,0,0,,,ws_006487,Send proposal,2026-08-24
006O0002961,Fjellogic - New Business,001A005183,New Business,Marketing (MQL),005A0014,2026-06-14,2026-09-16,Closed Lost,Omitted,8000.00,USD,1,0,Unresponsive,,,,2026-09-17
006O0002962,Xenostack - New Business,001A000842,New Business,Product-led (PQL),005A0008,2026-06-15,2026-06-29,Closed Lost,Omitted,12300.00,EUR,1,0,No decision / status quo,Power Automate,ws_008268,,2026-07-09
006O0002963,Runeflow - New Business,001A004817,New Business,Product-led (PQL),005A0006,2026-06-15,2026-07-30,Closed Won,Closed,44900.00,EUR,1,1,,,ws_012867,,2026-08-01
006O0002964,Nexacore - New Business,001A008702,New Business,Inbound,005A0005,2026-06-15,2026-07-02,Closed Lost,Omitted,24400.00,GBP,1,0,Unresponsive,,ws_018102,,2026-07-03
006O0002965,Yaranet - New Business,001A007251,New Business,Marketing (MQL),005A0008,2026-06-15,2026-07-22,Closed Lost,Omitted,3400.00,EUR,1,0,Unresponsive,,,,2026-07-26
006O0002966,Deltavik - New Business,001A000270,New Business,Marketing (MQL),005A0017,2026-06-15,2026-06-30,Closed Lost,Omitted,35300.00,EUR,1,0,Competitor - Workato,,,,2026-07-02
006O0002967,Halonet - New Business,001A004660,New Business,Product-led (PQL),005A0012,2026-06-16,2026-09-27,5 - Negotiation,Commit,205600.00,USD,0,0,,,ws_000334,Tech validation call,2026-09-15
006O0002968,Runepath - New Business,001A004556,New Business,Product-led (PQL),005A0018,2026-06-16,2026-08-12,Closed Lost,Omitted,34500.00,USD,1,0,Price / budget,,ws_005670,,2026-08-13
006O0002969,Altovik - New Business,001A002554,New Business,Product-led (PQL),005A0005,2026-06-17,2026-07-09,Closed Lost,Omitted,14700.00,GBP,1,0,Other,Make,ws_022586,,2026-07-12
006O0002970,Oriodata - New Business,001A003188,New Business,Product-led (PQL),005A0024,2026-06-17,2026-08-26,Closed Lost,Omitted,52300.00,EUR,1,0,Competitor - Zapier,,ws_014010,,2026-09-01
006O0002971,Wendlogic - New Business,001A004857,New Business,Product-led (PQL),005A0023,2026-06-17,2026-08-03,Closed Won,Closed,173000.00,USD,1,1,,,ws_020686,,2026-08-13
006O0002972,Runewave - New Business,001A006214,New Business,Marketing (MQL),005A0005,2026-06-17,2026-08-18,Closed Lost,Omitted,11300.00,GBP,1,0,Chose self-hosted Community edition,Custom scripts,,,2026-08-18
006O0002973,Sellanet - New Business,001A004391,New Business,,005A0014,2026-06-18,2026-07-31,Closed Lost,Omitted,12700.00,USD,1,0,Chose self-hosted Community edition,,ws_006856,,2026-08-07
006O0002974,Ternvik - New Business,001A006887,New Business,Product-led (PQL),005A0020,2026-06-18,2026-11-07,3 - Technical Validation,Commit,21800.00,GBP,0,0,,,ws_019560,Tech validation call,2026-09-15
006O0002975,Mosadata - New Business,001A006766,New Business,Inbound,005A0014,2026-06-18,2026-07-27,Closed Won,Closed,30100.00,USD,1,1,,,ws_008206,,2026-07-28
006O0002976,Quarstack - New Business,001A001728,New Business,Inbound,005A0024,2026-06-18,2026-07-08,Closed Lost,Omitted,79300.00,EUR,1,0,,,ws_022911,,2026-07-11
006O0002977,Talaworks - New Business,001A005118,New Business,Marketing (MQL),005A0017,2026-06-18,2026-09-01,Closed Lost,Omitted,54900.00,EUR,1,0,Unresponsive,,,,2026-09-10
006O0002978,Ternvik - New Business,001A004761,New Business,Product-led (PQL),005A0007,2026-06-19,2026-08-01,Closed Lost,Omitted,31300.00,EUR,1,0,Competitor - Make,,ws_015552,,2026-08-05
006O0002979,Zephnet - New Business,001A006633,New Business,Product-led (PQL),005A0014,2026-06-19,2026-10-02,4 - Proposal,Commit,10300.00,USD,0,0,,,ws_022534,Tech validation call,2026-09-14
006O0002980,Miraworks - New Business,001A000485,New Business,Inbound,005A0009,2026-06-19,2026-09-25,3 - Technical Validation,Best Case,77700.00,EUR,0,0,,Power Automate,ws_014699,Security questionnaire,2026-08-17
006O0002981,Yarafield - New Business,001A003365,New Business,Product-led (PQL),005A0009,2026-06-20,2026-11-04,4 - Proposal,Commit,62900.00,EUR,0,0,,,ws_010319,Follow up,2026-09-09
006O0002982,Terndata - New Business,001A007451,New Business,Product-led (PQL),005A0010,2026-06-20,2026-07-13,Closed Won,Closed,29600.00,EUR,1,1,,,ws_000516,,2026-07-16
006O0002983,Deltadata - New Business,001A007974,New Business,Product-led (PQL),005A0014,2026-06-20,2026-08-30,Closed Lost,Omitted,19200.00,USD,1,0,Price / budget,,ws_020220,,2026-09-05
006O0002984,Opalmark - New Business,001A000637,New Business,Product-led (PQL),005A0014,2026-06-20,2026-07-07,Closed Won,Closed,24800.00,USD,1,1,,Power Automate,ws_023965,,2026-07-15
006O0002985,Granfield - New Business,001A005887,New Business,Product-led (PQL),005A0024,2026-06-21,2026-08-31,Closed Lost,Omitted,25100.00,EUR,1,0,Timing,,ws_003422,,2026-09-06
006O0002986,Zephgrid - New Business,001A000802,New Business,Product-led (PQL),005A0016,2026-06-21,2026-07-14,Closed Lost,Omitted,16300.00,USD,1,0,Price / budget,Power Automate,ws_005547,,2026-07-15
006O0002987,Lyramark - New Business,001A007553,New Business,Inbound,005A0004,2026-06-21,2026-08-26,Closed Won,Closed,56700.00,GBP,1,1,,,ws_003071,,2026-09-02
006O0002988,Granlogic - New Business,001A003834,New Business,Inbound,005A0004,2026-06-21,2026-08-29,Closed Lost,Omitted,44200.00,EUR,1,0,Unresponsive,,ws_006995,,2026-09-05
006O0002989,Boreastack - New Business,001A002061,New Business,Inbound,005A0003,2026-06-21,2026-12-04,3 - Technical Validation,Commit,86500.00,GBP,0,0,,,ws_023880,Legal review,2026-09-20
006O0002990,Valifield - New Business,001A002880,New Business,Marketing (MQL),005A0002,2026-06-21,2026-08-22,Closed Lost,Omitted,29100.00,EUR,1,0,Price / budget,,,,2026-08-26
006O0002991,Opallogic - New Business,001A003809,New Business,Product-led (PQL),005A0012,2026-06-22,2026-09-22,5 - Negotiation,Commit,129200.00,USD,0,0,,,ws_002191,Tech validation call,2026-09-20
006O0002992,Talaworks - New Business,001A007919,New Business,Product-led (PQL),005A0009,2026-06-22,2026-09-18,Closed Won,Closed,10900.00,EUR,1,1,,Make,ws_004137,,2026-09-21
006O0002993,Cirawave - New Business,001A001319,New Business,Product-led (PQL),005A0023,2026-06-22,2026-09-11,Closed Lost,Omitted,63800.00,USD,1,0,Chose self-hosted Community edition,Custom scripts,ws_009440,,2026-09-12
006O0002994,Zephpoint - New Business,001A002252,New Business,Product-led (PQL),005A0006,2026-06-22,2026-09-17,1 - Discovery,Pipeline,68300.00,EUR,0,0,,,ws_020963,,2026-09-18
006O0002995,Valiwave - New Business,001A008523,New Business,Marketing (MQL),005A0009,2026-06-22,2026-09-07,Closed Lost,Omitted,32900.00,EUR,1,0,Unresponsive,Custom scripts,,,2026-09-08
006O0002996,Korabridge - New Business,001A006222,New Business,Product-led (PQL),005A0023,2026-06-23,2026-08-14,Closed Lost,Omitted,52000.00,USD,1,0,Other,Power Automate,ws_006947,,2026-08-20
006O0002997,Mosamark - New Business,001A005113,New Business,Product-led (PQL),005A0015,2026-06-23,2026-09-27,3 - Technical Validation,Best Case,8300.00,USD,0,0,,,ws_008154,Security questionnaire,2026-09-03
006O0002998,Lyralogic - New Business,001A008355,New Business,,005A0012,2026-06-23,2026-10-19,4 - Proposal,Commit,64600.00,USD,0,0,,,ws_008571,,2026-09-18
006O0002999,Lumostack - New Business,001A006653,New Business,Product-led (PQL),005A0008,2026-06-23,2026-07-18,Closed Lost,Omitted,17800.00,EUR,1,0,Security / compliance review,Custom scripts,ws_009943,,2026-07-22
006O0003000,Deltabridge - New Business,001A006269,New Business,Product-led (PQL),005A0024,2026-06-23,2026-08-03,Closed Won,Closed,25700.00,EUR,1,1,,,ws_020811,,2026-08-12
006O0003001,Quarsys - New Business,001A001668,New Business,Product-led (PQL),005A0017,2026-06-23,2026-08-12,Closed Won,Closed,17600.00,EUR,1,1,,,ws_020823,,2026-08-21
006O0003002,Opalwave - New Business,001A005658,New Business,Marketing (MQL),005A0017,2026-06-23,2026-07-08,Closed Lost,Omitted,76900.00,EUR,1,0,Chose self-hosted Community edition,,,,2026-07-14
006O0003003,Boreafield - New Business,001A008059,New Business,Product-led (PQL),005A0016,2026-06-24,2026-08-20,Closed Lost,Omitted,58600.00,USD,1,0,Unresponsive,,ws_001494,,2026-08-30
006O0003004,Quardata - New Business,001A007138,New Business,Product-led (PQL),005A0014,2026-06-24,2026-07-24,Closed Won,Closed,10800.00,USD,1,1,,,ws_006463,,2026-07-29
006O0003005,Ivenworks - New Business,001A008975,New Business,Product-led (PQL),005A0024,2026-06-24,2026-07-23,Closed Won,Closed,3700.00,EUR,1,1,,,ws_016455,,2026-07-31
006O0003006,Veramark - New Business,001A000239,New Business,Inbound,005A0017,2026-06-24,2026-10-13,3 - Technical Validation,Best Case,150300.00,EUR,0,0,,Tray.io,ws_010093,Legal review,2026-08-28
006O0003007,Quarpoint - New Business,001A006232,New Business,Inbound,005A0014,2026-06-24,2026-09-17,Closed Lost,Omitted,13300.00,USD,1,0,Missing feature / integration,Make,ws_011622,,2026-09-21
006O0003008,Yaraware - New Business,001A006212,New Business,Outbound,005A0006,2026-06-24,2026-09-05,Closed Lost,Omitted,11500.00,EUR,1,0,Competitor - Workato,,,,2026-09-06
006O0003009,Yarapoint - New Business,001A004491,New Business,Partner,005A0014,2026-06-24,2026-07-12,Closed Won,Closed,13600.00,USD,1,1,,,,,2026-07-14
006O0003010,Mirafield - New Business,001A007653,New Business,Product-led (PQL),005A0002,2026-06-25,2026-09-16,4 - Proposal,Best Case,39400.00,EUR,0,0,,,ws_008250,Security questionnaire,2026-09-12
006O0003011,Brioworks - New Business,001A008547,New Business,Product-led (PQL),005A0006,2026-06-25,2026-08-26,Closed Lost,Omitted,39700.00,EUR,1,0,Missing feature / integration,Custom scripts,ws_016429,,2026-09-04
006O0003012,Sellasys - New Business,001A006824,New Business,Inbound,005A0014,2026-06-25,2026-09-23,5 - Negotiation,Commit,12400.00,USD,0,0,,,ws_007198,Legal review,2026-09-13
006O0003013,Cobalworks - New Business,001A000601,New Business,Inbound,005A0012,2026-06-25,2026-08-18,Closed Lost,Omitted,63000.00,USD,1,0,Unresponsive,Make,ws_016232,,2026-08-21
006O0003014,Brambridge - New Business,001A005162,New Business,Inbound,005A0002,2026-06-25,2026-08-19,Closed Lost,Omitted,11700.00,EUR,1,0,Missing feature / integration,Power Automate,ws_018098,,2026-08-26
006O0003015,Umbralabs - New Business,001A007228,New Business,Product-led (PQL),005A0002,2026-06-26,2026-07-20,Closed Won,Closed,7300.00,EUR,1,1,,Power Automate,ws_020034,,2026-07-24
006O0003016,Deltaline - New Business,001A008088,New Business,Product-led (PQL),005A0009,2026-06-26,2026-08-30,Closed Won,Closed,41600.00,EUR,1,1,,,ws_016971,,2026-08-31
006O0003017,Veramark - New Business,001A002195,New Business,Inbound,005A0018,2026-06-26,2026-08-08,Closed Won,Closed,60400.00,USD,1,1,,,ws_015401,,2026-08-12
006O0003018,Deltalabs - New Business,001A008972,New Business,Product-led (PQL),005A0014,2026-06-27,2026-08-05,Closed Lost,Omitted,18300.00,USD,1,0,No decision / status quo,,ws_003286,,2026-08-14
006O0003019,Ivenlogic - New Business,001A007622,New Business,Product-led (PQL),005A0017,2026-06-27,2026-08-24,Closed Lost,Omitted,68100.00,EUR,1,0,Competitor - Make,,ws_005324,,2026-08-28
006O0003020,Veralogic - New Business,001A002819,New Business,Product-led (PQL),005A0015,2026-06-27,2026-08-11,Closed Lost,Omitted,52600.00,USD,1,0,,,ws_010674,,2026-08-13
006O0003021,Halobridge - New Business,001A007134,New Business,Product-led (PQL),005A0010,2026-06-27,2026-08-06,Closed Lost,Omitted,7700.00,EUR,1,0,Competitor - Workato,,ws_011820,,2026-08-09
006O0003022,Opalpath - New Business,001A008856,New Business,Inbound,005A0016,2026-06-27,2026-08-21,Closed Lost,Omitted,4300.00,USD,1,0,Chose self-hosted Community edition,Workato,ws_019128,,2026-08-28
006O0003023,Brammark - New Business,001A005705,New Business,Marketing (MQL),005A0009,2026-06-27,2026-07-24,Closed Lost,Omitted,26700.00,EUR,1,0,Champion left,Power Automate,,,2026-07-26
006O0003024,Vexpath - New Business,001A002371,New Business,Product-led (PQL),005A0011,2026-06-28,2026-10-23,3 - Technical Validation,Best Case,48700.00,EUR,0,0,,,ws_002583,Follow up,2026-08-28
006O0003025,Nexabridge - New Business,001A002770,New Business,Product-led (PQL),005A0017,2026-06-28,2026-08-22,Closed Won,Closed,54300.00,EUR,1,1,,,ws_021257,,2026-08-25
006O0003026,Ciramark - New Business,001A004106,New Business,,005A0014,2026-06-28,2026-10-01,3 - Technical Validation,Best Case,3400.00,USD,0,0,,Workato,ws_021558,Tech validation call,2026-07-19
006O0003027,Lyratech - New Business,001A005344,New Business,Inbound,005A0005,2026-06-28,2026-09-17,5 - Negotiation,Commit,6200.00,EUR,0,0,,Tray.io,ws_018202,,2026-09-16
006O0003028,Miraware - New Business,001A000682,New Business,Marketing (MQL),005A0002,2026-06-28,2026-08-21,Closed Lost,Omitted,22400.00,EUR,1,0,Competitor - Workato,Tray.io,,,2026-08-21
006O0003029,Briovik - New Business,001A000669,New Business,Product-led (PQL),005A0009,2026-06-29,2026-08-26,Closed Won,Closed,44500.00,EUR,1,1,,Zapier,ws_002551,,2026-08-29
006O0003030,Miradata - New Business,001A004834,New Business,Product-led (PQL),005A0009,2026-06-29,2026-08-23,Closed Lost,Omitted,20400.00,EUR,1,0,Competitor - Workato,,ws_003731,,2026-08-24
006O0003031,Altoline - New Business,001A006745,New Business,Product-led (PQL),005A0024,2026-06-29,2026-09-29,1 - Discovery,Pipeline,22400.00,EUR,0,0,,,ws_013838,Security questionnaire,2026-09-21
006O0003032,Valiline - New Business,001A007981,New Business,Product-led (PQL),005A0015,2026-06-29,2026-07-21,Closed Won,Closed,42200.00,USD,1,1,,Power Automate,ws_019814,,2026-07-24
006O0003033,Zephtech - New Business,001A000661,New Business,,005A0016,2026-06-29,2026-08-11,Closed Won,Closed,7000.00,USD,1,1,,Power Automate,ws_000449,,2026-08-16
006O0003034,Asterstack - New Business,001A005717,New Business,Inbound,005A0015,2026-06-29,2026-07-28,Closed Lost,Omitted,4500.00,USD,1,0,Chose self-hosted Community edition,,ws_007390,,2026-07-30
006O0003035,Wendline - New Business,001A001994,New Business,,005A0006,2026-06-30,2026-08-23,Closed Won,Closed,64500.00,EUR,1,1,,,ws_004942,,2026-08-27
006O0003036,Ternlabs - New Business,001A006092,New Business,Product-led (PQL),005A0018,2026-06-30,2026-09-03,Closed Won,Closed,36800.00,USD,1,1,,Zapier,ws_018986,,2026-09-04
006O0003037,Koraware - New Business,001A006346,New Business,Product-led (PQL),005A0015,2026-06-30,2026-08-17,Closed Won,Closed,41100.00,USD,1,1,,,ws_023431,,2026-08-24
006O0003038,Talawave - New Business,001A003336,New Business,Product-led (PQL),005A0006,2026-07-01,2026-09-26,2 - Qualification,Pipeline,0.00,EUR,0,0,,Power Automate,ws_008467,Tech validation call,2026-08-16
006O0003039,Runecore - New Business,001A006280,New Business,Product-led (PQL),005A0014,2026-07-01,2026-08-28,Closed Lost,Omitted,13000.00,USD,1,0,Champion left,Zapier,ws_014349,,2026-09-02
006O0003040,Nexadata - New Business,001A001403,New Business,Product-led (PQL),005A0010,2026-07-01,2026-08-11,Closed Won,Closed,6700.00,EUR,1,1,,,ws_022415,,2026-08-20
006O0003041,Briowave - New Business,001A003002,New Business,Inbound,005A0005,2026-07-01,2026-09-13,3 - Technical Validation,Commit,11100.00,GBP,0,0,,,ws_018985,Legal review,2026-08-12
006O0003042,Terndata - New Business,001A004523,New Business,Marketing (MQL),005A0014,2026-07-01,2026-07-21,Closed Won,Closed,7800.00,USD,1,1,,Zapier,,,2026-07-29
006O0003043,Cobalvik - New Business,001A008802,New Business,Product-led (PQL),005A0024,2026-07-02,2026-07-16,Closed Lost,Omitted,15200.00,EUR,1,0,Competitor - Make,Zapier,ws_004072,,2026-07-22
006O0003044,Ciraworks - New Business,001A001809,New Business,Inbound,005A0017,2026-07-02,2026-09-01,Closed Won,Closed,14400.00,EUR,1,1,,,ws_006117,,2026-09-08
006O0003045,Lumosys - New Business,001A000608,New Business,Marketing (MQL),005A0014,2026-07-02,2026-07-20,Closed Lost,Omitted,41800.00,USD,1,0,Chose self-hosted Community edition,,,,2026-07-29
006O0003046,Vexlogic - New Business,001A007561,New Business,Product-led (PQL),005A0005,2026-07-03,2026-08-19,Closed Lost,Omitted,16000.00,EUR,1,0,Unresponsive,Zapier,ws_019380,,2026-08-22
006O0003047,Nexawave - New Business,001A004885,New Business,Marketing (MQL),005A0023,2026-07-03,2026-08-19,Closed Lost,Omitted,40300.00,USD,1,0,No decision / status quo,Zapier,,,2026-08-21
006O0003048,Altopath - New Business,001A008712,New Business,Outbound,005A0018,2026-07-03,2026-10-10,2 - Qualification,Pipeline,44000.00,USD,0,0,,,,Send proposal,2026-09-12
006O0003049,Ternbridge - New Business,001A004743,New Business,Product-led (PQL),005A0003,2026-07-04,2026-10-01,2 - Qualification,Pipeline,171900.00,GBP,0,0,,Power Automate,ws_003891,Legal review,2026-08-18
006O0003050,Cobalpath - New Business,001A006382,New Business,Product-led (PQL),005A0018,2026-07-04,2026-08-30,Closed Won,Closed,26500.00,USD,1,1,,,ws_008475,,2026-09-02
006O0003051,Granpoint - New Business,001A006998,New Business,Product-led (PQL),005A0014,2026-07-04,2026-08-08,Closed Won,Closed,10100.00,USD,1,1,,,ws_009069,,2026-08-15
006O0003052,Korapoint - New Business,001A000582,New Business,Product-led (PQL),005A0002,2026-07-04,2026-09-21,3 - Technical Validation,Best Case,20700.00,EUR,0,0,,,ws_010881,Follow up,2026-08-24
006O0003053,Nordcore - New Business,001A000844,New Business,Product-led (PQL),005A0024,2026-07-04,2026-07-28,Closed Won,Closed,14000.00,EUR,1,1,,Zapier,ws_015092,,2026-08-01
006O0003054,Fjelvik - New Business,001A000800,New Business,Product-led (PQL),005A0014,2026-07-04,2026-07-30,Closed Won,Closed,12600.00,USD,1,1,,,ws_022731,,2026-07-31
006O0003055,Ivenstack - New Business,001A004445,New Business,Inbound,005A0010,2026-07-04,2026-07-29,Closed Won,Closed,17300.00,EUR,1,1,,,ws_019145,,2026-08-05
006O0003056,Zephbridge - New Business,001A000883,New Business,Marketing (MQL),005A0007,2026-07-04,2026-08-25,Closed Lost,Omitted,257100.00,EUR,1,0,Security / compliance review,,,,2026-09-01
006O0003057,Cobalbridge - New Business,001A001856,New Business,Inbound,005A0005,2026-07-05,2026-08-31,Closed Lost,Omitted,17200.00,GBP,1,0,Competitor - Make,Make,ws_016505,,2026-09-08
006O0003058,Yaraflow - New Business,001A001141,New Business,Marketing (MQL),005A0023,2026-07-05,2026-08-16,Closed Lost,Omitted,39100.00,USD,1,0,Missing feature / integration,,,,2026-08-25
006O0003059,Mirasys - New Business,001A008125,New Business,,005A0009,2026-07-05,2026-09-18,3 - Technical Validation,Best Case,26300.00,EUR,0,0,,Make,,Tech validation call,2026-09-15
006O0003060,Stramark - New Business,001A003797,New Business,Outbound,005A0012,2026-07-05,2026-08-30,Closed Lost,Omitted,119000.00,USD,1,0,Unresponsive,,,,2026-09-02
006O0003061,Evobridge - New Business,001A005511,New Business,Product-led (PQL),005A0007,2026-07-06,2026-10-16,2 - Qualification,Pipeline,182100.00,EUR,0,0,,,ws_000081,Tech validation call,2026-08-25
006O0003062,Orionet - New Business,001A004639,New Business,Inbound,005A0020,2026-07-06,2026-09-09,Closed Lost,Omitted,31800.00,GBP,1,0,Competitor - Zapier,,ws_005252,,2026-09-15
006O0003063,Halostack - New Business,001A002185,New Business,Marketing (MQL),005A0017,2026-07-06,2026-10-08,2 - Qualification,Pipeline,36200.00,EUR,0,0,,,,Send proposal,2026-08-20
006O0003064,Cobalbridge - New Business,001A006568,New Business,Partner,005A0014,2026-07-06,2026-08-18,Closed Lost,Omitted,24000.00,USD,1,0,,Zapier,,,2026-08-27
006O0003065,Altologic - New Business,001A003493,New Business,Product-led (PQL),005A0018,2026-07-07,2026-08-02,Closed Won,Closed,64500.00,USD,1,1,,,ws_011093,,2026-08-04
006O0003066,Deltapath - New Business,001A004119,New Business,Product-led (PQL),005A0008,2026-07-07,2026-08-29,Closed Lost,Omitted,7700.00,EUR,1,0,Other,,ws_012519,,2026-09-03
006O0003067,Junologic - New Business,001A004897,New Business,Product-led (PQL),005A0006,2026-07-07,2026-10-04,4 - Proposal,Best Case,83200.00,EUR,0,0,,,ws_019415,Send proposal,2026-09-19
006O0003068,Evotech - New Business,001A003285,New Business,Marketing (MQL),005A0012,2026-07-07,2026-08-19,Closed Lost,Omitted,208800.00,USD,1,0,Competitor - Zapier,,,,2026-08-23
006O0003069,Evologic - New Business,001A002798,New Business,Product-led (PQL),005A0018,2026-07-08,2026-08-08,Closed Won,Closed,42500.00,USD,1,1,,,ws_006394,,2026-08-12
006O0003070,Zephware - New Business,001A000950,New Business,Product-led (PQL),005A0006,2026-07-08,2026-09-05,Closed Won,Closed,41800.00,EUR,1,1,,Make,ws_014791,,2026-09-09
006O0003071,Sellanet - New Business,001A004440,New Business,Partner,005A0024,2026-07-08,2026-09-12,Closed Won,Closed,14400.00,EUR,1,1,,,,,2026-09-21
006O0003072,Asterline - New Business,001A000677,New Business,Partner,005A0008,2026-07-08,2026-09-30,4 - Proposal,Best Case,19900.00,EUR,0,0,,,,Security questionnaire,2026-08-15
006O0003073,Mirastack - New Business,001A007943,New Business,Product-led (PQL),005A0008,2026-07-09,2026-08-20,Closed Lost,Omitted,13100.00,EUR,1,0,Missing feature / integration,,ws_001728,,2026-08-29
006O0003074,Altoworks - New Business,001A006282,New Business,Product-led (PQL),005A0006,2026-07-09,2026-08-30,Closed Won,Closed,26200.00,EUR,1,1,,Custom scripts,ws_010754,,2026-08-30
006O0003075,Vextech - New Business,001A007446,New Business,Product-led (PQL),005A0023,2026-07-09,2026-10-11,4 - Proposal,Commit,28000.00,USD,0,0,,,ws_012000,,2026-09-16
006O0003076,Stralabs - New Business,001A000948,New Business,Product-led (PQL),005A0016,2026-07-09,2026-08-12,Closed Won,Closed,16600.00,USD,1,1,,Power Automate,ws_018760,,2026-08-21
006O0003077,Solvmark - New Business,001A001152,New Business,Inbound,005A0024,2026-07-09,2026-09-26,5 - Negotiation,Commit,3900.00,EUR,0,0,,Zapier,ws_010126,Tech validation call,2026-09-03
006O0003078,Grandata - New Business,001A004684,New Business,Marketing (MQL),005A0015,2026-07-09,2026-08-26,Closed Won,Closed,20900.00,USD,1,1,,,,,2026-08-27
006O0003079,Bramnet - New Business,001A003398,New Business,,005A0014,2026-07-09,2026-07-28,Closed Won,Closed,24200.00,USD,1,1,,,,,2026-08-06
006O0003080,Vexpath - New Business,001A006483,New Business,Product-led (PQL),005A0014,2026-07-10,2026-08-01,Closed Won,Closed,19200.00,USD,1,1,,,ws_022502,,2026-08-04
006O0003081,Junobridge - New Business,001A008240,New Business,Inbound,005A0017,2026-07-10,2026-08-29,Closed Lost,Omitted,78400.00,EUR,1,0,Chose self-hosted Community edition,,ws_016600,,2026-09-03
006O0003082,Veracore - New Business,001A005646,New Business,Marketing (MQL),005A0023,2026-07-10,2026-09-06,Closed Lost,Omitted,18000.00,USD,1,0,Chose self-hosted Community edition,,,,2026-09-06
006O0003083,Haloline - New Business,001A008634,New Business,Product-led (PQL),005A0017,2026-07-11,2026-09-18,5 - Negotiation,Commit,45100.00,EUR,0,0,,,ws_002860,Send proposal,2026-09-07
006O0003084,Astertech - New Business,001A002629,New Business,Product-led (PQL),005A0004,2026-07-11,2026-08-26,Closed Won,Closed,16700.00,GBP,1,1,,,ws_004383,,2026-09-02
006O0003085,Koramark - New Business,001A000672,New Business,Product-led (PQL),005A0015,2026-07-11,2026-07-31,Closed Won,Closed,4800.00,USD,1,1,,Custom scripts,ws_018179,,2026-08-04
006O0003086,Valitech - New Business,001A002889,New Business,Product-led (PQL),005A0017,2026-07-11,2026-09-16,Closed Lost,Omitted,30700.00,EUR,1,0,Timing,Zapier,ws_008402,,2026-09-21
006O0003087,Veracore - New Business,001A008346,New Business,Product-led (PQL),005A0014,2026-07-11,2026-09-28,2 - Qualification,Pipeline,15400.00,USD,0,0,,,ws_017337,Security questionnaire,2026-09-15
006O0003088,Brambridge - New Business,001A002755,New Business,Marketing (MQL),005A0014,2026-07-11,2026-08-29,Closed Lost,Omitted,32700.00,USD,1,0,Chose self-hosted Community edition,,,,2026-09-04
006O0003089,Evolabs - New Business,001A007325,New Business,Product-led (PQL),005A0010,2026-07-12,2026-11-12,4 - Proposal,Best Case,20000.00,EUR,0,0,,Zapier,ws_000940,,2026-09-16
006O0003090,Junowave - New Business,001A006026,New Business,Inbound,005A0002,2026-07-12,2026-09-11,Closed Lost,Omitted,11500.00,EUR,1,0,Timing,,ws_001521,,2026-09-19
006O0003091,Ternline - New Business,001A006861,New Business,Inbound,005A0015,2026-07-12,2026-08-06,Closed Lost,Omitted,10600.00,USD,1,0,Other,,ws_020878,,2026-08-15
006O0003092,Wendwave - New Business,001A008223,New Business,Marketing (MQL),005A0015,2026-07-12,2026-09-10,Closed Won,Closed,29400.00,USD,1,1,,,,,2026-09-11
006O0003093,Opallogic - New Business,001A000673,New Business,,005A0023,2026-07-12,2026-09-14,Closed Won,Closed,26400.00,USD,1,1,,,,,2026-09-18
006O0003094,Runewave - New Business,001A000374,New Business,Product-led (PQL),005A0017,2026-07-13,2026-09-19,Closed Lost,Omitted,27200.00,EUR,1,0,Price / budget,,ws_006507,,2026-09-21
006O0003095,Deltastack - New Business,001A008047,New Business,Product-led (PQL),005A0015,2026-07-13,2026-07-28,Closed Lost,Omitted,12000.00,USD,1,0,Chose self-hosted Community edition,,ws_009124,,2026-08-02
006O0003096,Evogrid - New Business,001A003412,New Business,Product-led (PQL),005A0006,2026-07-13,2026-09-18,Closed Won,Closed,77600.00,EUR,1,1,,,ws_010118,,2026-09-20
006O0003097,Opallogic - New Business,001A001428,New Business,Product-led (PQL),005A0014,2026-07-13,2026-08-04,Closed Lost,Omitted,29300.00,USD,1,0,No decision / status quo,,ws_018740,,2026-08-04
006O0003098,Xenopath - New Business,001A002134,New Business,Marketing (MQL),005A0006,2026-07-13,2026-08-26,Closed Lost,Omitted,132100.00,EUR,1,0,Security / compliance review,,,,2026-09-04
006O0003099,Nexamark - New Business,001A006197,New Business,Product-led (PQL),005A0017,2026-07-14,2026-09-01,Closed Won,Closed,42200.00,EUR,1,1,,,ws_001607,,2026-09-10
006O0003100,Granwave - New Business,001A002945,New Business,Product-led (PQL),005A0011,2026-07-14,2026-09-19,3 - Technical Validation,Best Case,97300.00,EUR,0,0,,,ws_002555,Send proposal,2026-08-18
006O0003101,Umbraworks - New Business,001A002510,New Business,Product-led (PQL),005A0009,2026-07-14,2026-09-25,3 - Technical Validation,Best Case,87600.00,EUR,0,0,,,ws_019078,Send proposal,2026-09-09
006O0003102,Opalfield - New Business,001A004603,New Business,Product-led (PQL),005A0014,2026-07-14,2026-07-28,Closed Won,Closed,25800.00,USD,1,1,,Power Automate,ws_005228,,2026-08-03
006O0003103,Miramark - New Business,001A007983,New Business,Product-led (PQL),005A0015,2026-07-14,2026-08-23,Closed Won,Closed,12700.00,USD,1,1,,Zapier,ws_005582,,2026-08-25
006O0003104,Mosamark - New Business,001A005428,New Business,,005A0015,2026-07-14,2026-08-07,Closed Won,Closed,22600.00,USD,1,1,,Tray.io,ws_007044,,2026-08-08
006O0003105,Miralogic - New Business,001A002101,New Business,Inbound,005A0002,2026-07-14,2026-10-24,1 - Discovery,Pipeline,9900.00,EUR,0,0,,Make,ws_016366,,2026-09-07
006O0003106,Ternmark - New Business,001A006897,New Business,Marketing (MQL),005A0017,2026-07-14,2026-09-29,2 - Qualification,Pipeline,14400.00,EUR,0,0,,Make,,Legal review,2026-08-29
006O0003107,Nordpoint - New Business,001A001165,New Business,Marketing (MQL),005A0018,2026-07-14,2026-08-28,Closed Won,Closed,17000.00,USD,1,1,,,,,2026-09-04
006O0003108,Deltaworks - New Business,001A004357,New Business,Product-led (PQL),005A0011,2026-07-15,2026-09-01,Closed Lost,Omitted,83200.00,EUR,1,0,Competitor - Power Automate,Make,ws_005300,,2026-09-08
006O0003109,Solvline - New Business,001A008877,New Business,Product-led (PQL),005A0018,2026-07-15,2026-11-03,5 - Negotiation,Commit,63200.00,USD,0,0,,,ws_023975,Follow up,2026-09-18
006O0003110,Nexanet - New Business,001A000832,New Business,Inbound,005A0008,2026-07-15,2026-10-12,4 - Proposal,Best Case,8500.00,EUR,0,0,,,ws_009356,Legal review,2026-09-12
006O0003111,Fjelmark - New Business,001A003821,New Business,Product-led (PQL),005A0014,2026-07-16,2026-08-23,Closed Won,Closed,24100.00,USD,1,1,,,ws_015175,,2026-08-29
006O0003112,Nexabridge - New Business,001A000400,New Business,Product-led (PQL),005A0005,2026-07-16,2026-08-29,Closed Won,Closed,8800.00,EUR,1,1,,Make,ws_006777,,2026-09-03
006O0003113,Korapath - New Business,001A008541,New Business,Inbound,005A0002,2026-07-16,2026-08-28,Closed Won,Closed,20800.00,EUR,1,1,,Make,ws_002273,,2026-09-03
006O0003114,Xenobridge - New Business,001A000105,New Business,Inbound,005A0018,2026-07-16,2026-09-24,2 - Qualification,Pipeline,43100.00,USD,0,0,,,ws_023649,Send proposal,2026-09-03
006O0003115,Ivensys - New Business,001A000946,New Business,Marketing (MQL),005A0012,2026-07-16,2026-11-14,1 - Discovery,Pipeline,113000.00,USD,0,0,,,,Security questionnaire,2026-07-23
006O0003116,Runelogic - New Business,001A001744,New Business,,005A0014,2026-07-17,2026-09-14,5 - Negotiation,Commit,8500.00,USD,0,0,,,ws_007144,Follow up,2026-09-02
006O0003117,Mirapoint - New Business,001A008188,New Business,Product-led (PQL),005A0018,2026-07-17,2026-08-30,Closed Lost,Omitted,20100.00,USD,1,0,Other,Zapier,ws_008611,,2026-09-04
006O0003118,Talaline - New Business,001A001457,New Business,Product-led (PQL),005A0010,2026-07-17,2026-09-04,Closed Lost,Omitted,8100.00,EUR,1,0,Chose self-hosted Community edition,Custom scripts,ws_012196,,2026-09-05
006O0003119,Orioline - New Business,001A002461,New Business,Product-led (PQL),005A0018,2026-07-17,2026-09-15,Closed Won,Closed,45900.00,USD,1,1,,,ws_021721,,2026-09-18
006O0003120,Ivenvik - New Business,001A006839,New Business,Product-led (PQL),005A0015,2026-07-17,2026-11-14,4 - Proposal,Commit,47200.00,USD,0,0,,,ws_000823,Follow up,2026-09-01
006O0003121,Nexaware - New Business,001A008211,New Business,Marketing (MQL),005A0015,2026-07-17,2026-10-06,3 - Technical Validation,Best Case,85300.00,USD,0,0,,,,Send proposal,2026-09-20
006O0003122,Xenoworks - New Business,001A003481,New Business,Marketing (MQL),005A0018,2026-07-17,2026-09-27,4 - Proposal,Best Case,31800.00,USD,0,0,,,,Tech validation call,2026-09-05
006O0003123,Umbraworks - New Business,001A000090,New Business,Product-led (PQL),005A0002,2026-07-18,2026-08-20,Closed Won,Closed,22400.00,EUR,1,1,,Workato,ws_012847,,2026-08-29
006O0003124,Vexmark - New Business,001A000992,New Business,Product-led (PQL),005A0014,2026-07-18,2026-09-28,3 - Technical Validation,Best Case,14200.00,USD,0,0,,,ws_023982,Send proposal,2026-09-14
006O0003125,Runebridge - New Business,001A001447,New Business,Marketing (MQL),005A0006,2026-07-18,2026-10-02,5 - Negotiation,Commit,23800.00,EUR,0,0,,,,,2026-09-20
006O0003126,Sellaware - New Business,001A008665,New Business,Marketing (MQL),005A0023,2026-07-18,2026-08-16,Closed Lost,Omitted,25200.00,USD,1,0,Competitor - Make,Make,,,2026-08-26
006O0003127,Mosanet - New Business,001A008555,New Business,Partner,005A0024,2026-07-18,2026-09-19,1 - Discovery,Pipeline,7600.00,EUR,0,0,,,,Security questionnaire,2026-09-14
006O0003128,Haloware - New Business,001A002878,New Business,Product-led (PQL),005A0006,2026-07-19,2026-10-08,3 - Technical Validation,Best Case,48000.00,EUR,0,0,,,ws_006610,Security questionnaire,2026-09-16
006O0003129,Vexsys - New Business,001A005158,New Business,Product-led (PQL),005A0010,2026-07-19,2026-08-21,Closed Lost,Omitted,10600.00,EUR,1,0,Competitor - Zapier,,ws_012151,,2026-08-23
006O0003130,Gransys - New Business,001A002793,New Business,Marketing (MQL),005A0015,2026-07-19,2026-08-19,Closed Lost,Omitted,17900.00,USD,1,0,Chose self-hosted Community edition,,,,2026-08-24
006O0003131,Junoflow - New Business,001A006084,New Business,Marketing (MQL),005A0024,2026-07-19,2026-07-29,Closed Lost,Omitted,9000.00,EUR,1,0,Chose self-hosted Community edition,Make,,,2026-08-01
006O0003132,Zephlogic - New Business,001A000458,New Business,Product-led (PQL),005A0023,2026-07-20,2026-08-30,Closed Won,Closed,72500.00,USD,1,1,,,ws_001205,,2026-08-31
006O0003133,Wendnet - New Business,001A004890,New Business,Product-led (PQL),005A0020,2026-07-20,2026-09-03,Closed Lost,Omitted,58800.00,GBP,1,0,Competitor - Make,,ws_009322,,2026-09-04
006O0003134,Piracore - New Business,001A005827,New Business,Inbound,005A0020,2026-07-20,2026-09-17,Closed Won,Closed,31400.00,GBP,1,1,,Custom scripts,ws_015277,,2026-09-19
006O0003135,Verafield - New Business,001A008145,New Business,Product-led (PQL),005A0014,2026-07-21,2026-09-16,Closed Lost,Omitted,9700.00,USD,1,0,Competitor - Make,,ws_012976,,2026-09-21
006O0003136,Umbrapath - New Business,001A003768,New Business,Product-led (PQL),005A0019,2026-07-21,2026-09-17,4 - Proposal,Best Case,23100.00,USD,0,0,,,ws_015158,Tech validation call,2026-08-16
006O0003137,Evosys - New Business,001A002485,New Business,Product-led (PQL),005A0006,2026-07-21,2026-10-11,3 - Technical Validation,Best Case,49000.00,EUR,0,0,,,ws_018683,Legal review,2026-09-05
006O0003138,Boreasys - New Business,001A001097,New Business,Product-led (PQL),005A0023,2026-07-21,2026-09-20,4 - Proposal,Best Case,151200.00,USD,0,0,,,ws_021818,Follow up,2026-09-10
006O0003139,Nordline - New Business,001A002802,New Business,Inbound,005A0002,2026-07-21,2026-10-19,4 - Proposal,Best Case,38900.00,EUR,0,0,,,ws_000565,Legal review,2026-09-17
006O0003140,Keststack - New Business,001A005657,New Business,Inbound,005A0018,2026-07-21,2026-10-29,1 - Discovery,Pipeline,106900.00,USD,0,0,,Workato,ws_008516,Follow up,2026-09-21
006O0003141,Stradata - New Business,001A007586,New Business,Product-led (PQL),005A0017,2026-07-22,2026-09-10,Closed Won,Closed,55100.00,EUR,1,1,,Make,ws_016382,,2026-09-20
006O0003142,Fjeldata - New Business,001A007758,New Business,,005A0009,2026-07-22,2026-09-15,Closed Won,Closed,26900.00,EUR,1,1,,,ws_017443,,2026-09-21
006O0003143,Lyralogic - New Business,001A000419,New Business,Product-led (PQL),005A0015,2026-07-22,2026-09-30,5 - Negotiation,Commit,17100.00,USD,0,0,,Custom scripts,ws_001551,Follow up,2026-08-21
006O0003144,Brampoint - New Business,001A001364,New Business,Product-led (PQL),005A0010,2026-07-22,2026-10-04,2 - Qualification,Pipeline,41200.00,EUR,0,0,,Workato,ws_015862,Follow up,2026-09-21
006O0003145,Oriowave - New Business,001A005054,New Business,Inbound,005A0014,2026-07-22,2026-09-07,Closed Won,Closed,7600.00,USD,1,1,,,ws_019944,,2026-09-13
006O0003146,Umbranet - New Business,001A003157,New Business,Marketing (MQL),005A0024,2026-07-22,2026-09-10,Closed Lost,Omitted,9700.00,EUR,1,0,Competitor - Zapier,,,,2026-09-17
006O0003147,Ivenstack - New Business,001A000797,New Business,Product-led (PQL),005A0024,2026-07-23,2026-08-14,Closed Lost,Omitted,18400.00,EUR,1,0,Security / compliance review,,ws_006650,,2026-08-19
006O0003148,Ternware - New Business,001A001981,New Business,Product-led (PQL),005A0006,2026-07-23,2026-10-19,4 - Proposal,Commit,40000.00,EUR,0,0,,Power Automate,ws_007140,Security questionnaire,2026-09-21
006O0003149,Valitech - New Business,001A006601,New Business,Product-led (PQL),005A0017,2026-07-23,2026-10-04,5 - Negotiation,Commit,46800.00,EUR,0,0,,Make,ws_011270,Security questionnaire,2026-09-21
006O0003150,Deltaflow - New Business,001A004640,New Business,Partner,005A0005,2026-07-23,2026-10-21,1 - Discovery,Pipeline,12200.00,GBP,0,0,,,,Legal review,2026-09-21
006O0003151,Lyratech - New Business,001A002890,New Business,Product-led (PQL),005A0024,2026-07-24,2026-08-26,Closed Won,Closed,6600.00,EUR,1,1,,Zapier,ws_013071,,2026-09-02
006O0003152,Solvsys - New Business,001A008405,New Business,Product-led (PQL),005A0023,2026-07-24,2026-08-16,Closed Won,Closed,86200.00,USD,1,1,,,ws_017341,,2026-08-21
006O0003153,Junologic - New Business,001A000633,New Business,Product-led (PQL),005A0006,2026-07-24,2026-08-30,Closed Lost,Omitted,68200.00,EUR,1,0,Chose self-hosted Community edition,,ws_017481,,2026-09-08
006O0003154,Wendwave - New Business,001A005570,New Business,Marketing (MQL),005A0017,2026-07-24,2026-09-24,2 - Qualification,Pipeline,42500.00,EUR,0,0,,Zapier,,Send proposal,2026-08-14
006O0003155,Junopath - New Business,001A002966,New Business,Marketing (MQL),005A0010,2026-07-24,2026-09-10,Closed Lost,Omitted,5100.00,EUR,1,0,Competitor - Power Automate,,,,2026-09-12
006O0003156,Valisys - New Business,001A001050,New Business,Product-led (PQL),005A0014,2026-07-25,2026-09-15,Closed Lost,Omitted,25500.00,USD,1,0,Chose self-hosted Community edition,,ws_004089,,2026-09-21
006O0003157,Solvpath - New Business,001A005137,New Business,Product-led (PQL),005A0002,2026-07-25,2026-08-26,Closed Won,Closed,13300.00,EUR,1,1,,,ws_004574,,2026-09-03
006O0003158,Nexacore - New Business,001A007316,New Business,Product-led (PQL),005A0016,2026-07-25,2026-08-31,Closed Lost,Omitted,29100.00,USD,1,0,Security / compliance review,,ws_016392,,2026-09-08
006O0003159,Halopath - New Business,001A004253,New Business,Product-led (PQL),005A0008,2026-07-26,2026-09-04,Closed Won,Closed,,EUR,1,1,,,ws_008464,,2026-09-08
006O0003160,Bramnet - New Business,001A004950,New Business,Product-led (PQL),005A0005,2026-07-26,2026-09-15,Closed Lost,Omitted,15300.00,GBP,1,0,Price / budget,Power Automate,ws_019465,,2026-09-21
006O0003161,Runegrid - New Business,001A006310,New Business,Product-led (PQL),005A0024,2026-07-26,2026-09-04,Closed Lost,Omitted,6800.00,EUR,1,0,Competitor - Zapier,,ws_022371,,2026-09-11
006O0003162,Keststack - New Business,001A007946,New Business,Inbound,005A0015,2026-07-26,2026-08-24,Closed Lost,Omitted,56400.00,USD,1,0,Missing feature / integration,,ws_007384,,2026-08-26
006O0003163,Sellaworks - New Business,001A002480,New Business,Marketing (MQL),005A0006,2026-07-26,2026-09-20,Closed Lost,Omitted,44300.00,EUR,1,0,No decision / status quo,,,,2026-09-21
006O0003164,Vexlogic - New Business,001A005847,New Business,Outbound,005A0004,2026-07-26,2026-09-17,Closed Lost,Omitted,21000.00,GBP,1,0,Price / budget,,,,2026-09-19
006O0003165,Wendpoint - New Business,001A007543,New Business,Product-led (PQL),005A0019,2026-07-27,2026-09-29,3 - Technical Validation,Best Case,247400.00,USD,0,0,,,ws_000560,Security questionnaire,2026-09-21
006O0003166,Ivensys - New Business,001A002509,New Business,Product-led (PQL),005A0023,2026-07-27,2026-09-13,3 - Technical Validation,Best Case,44100.00,USD,0,0,,Power Automate,ws_009517,Send proposal,2026-08-29
006O0003167,Strasys - New Business,001A000689,New Business,Product-led (PQL),005A0006,2026-07-27,2026-10-20,5 - Negotiation,Commit,24800.00,EUR,0,0,,,ws_016860,Security questionnaire,2026-09-21
006O0003168,Mosafield - New Business,001A001259,New Business,Product-led (PQL),005A0015,2026-07-27,2026-10-03,4 - Proposal,Commit,7400.00,USD,0,0,,,ws_020735,Tech validation call,2026-09-15
006O0003169,Yaracore - New Business,001A006133,New Business,Product-led (PQL),005A0004,2026-07-27,2026-08-23,Closed Lost,Omitted,0.00,GBP,1,0,Price / budget,Tray.io,ws_021605,,2026-08-24
006O0003170,Evonet - New Business,001A000855,New Business,Inbound,005A0008,2026-07-27,2026-10-02,1 - Discovery,Pipeline,19500.00,EUR,0,0,,,ws_004948,,2026-09-21
006O0003171,Cirastack - New Business,001A003964,New Business,Inbound,005A0010,2026-07-27,2026-08-18,Closed Won,Closed,28700.00,EUR,1,1,,,ws_017162,,2026-08-20
006O0003172,Talagrid - New Business,001A006405,New Business,Inbound,005A0014,2026-07-27,2026-10-07,3 - Technical Validation,Best Case,10400.00,USD,0,0,,,ws_023052,Security questionnaire,2026-09-16
006O0003173,Runestack - New Business,001A000678,New Business,Marketing (MQL),005A0002,2026-07-27,2026-09-01,Closed Won,Closed,10700.00,EUR,1,1,,,,,2026-09-04
006O0003174,Nordstack - New Business,001A002464,New Business,Product-led (PQL),005A0005,2026-07-28,2026-08-21,Closed Won,Closed,7900.00,GBP,1,1,,,ws_010014,,2026-08-23
006O0003175,Junologic - New Business,001A006463,New Business,Product-led (PQL),005A0005,2026-07-28,2026-09-30,2 - Qualification,Pipeline,25800.00,GBP,0,0,,,ws_012541,Legal review,2026-08-24
006O0003176,Xenowave - New Business,001A004697,New Business,Product-led (PQL),005A0006,2026-07-28,2026-10-11,1 - Discovery,Pipeline,67500.00,EUR,0,0,,,ws_022344,Tech validation call,2026-09-20
006O0003177,Ternline - New Business,001A007525,New Business,Product-led (PQL),005A0005,2026-07-29,2026-08-20,Closed Lost,Omitted,10900.00,GBP,1,0,,Custom scripts,ws_000006,,2026-08-26
006O0003178,Haloflow - New Business,001A008349,New Business,Product-led (PQL),005A0024,2026-07-29,2026-08-30,Closed Won,Closed,11400.00,EUR,1,1,,Zapier,ws_013480,,2026-09-04
006O0003179,Vexdata - New Business,001A008780,New Business,Marketing (MQL),005A0023,2026-07-29,2026-10-02,4 - Proposal,Best Case,74100.00,USD,0,0,,,,Send proposal,2026-09-19
006O0003180,Sellaworks - New Business,001A004982,New Business,Marketing (MQL),005A0009,2026-07-29,2026-09-24,2 - Qualification,Pipeline,36200.00,EUR,0,0,,,,Legal review,2026-09-17
006O0003181,Wendware - New Business,001A001576,New Business,Marketing (MQL),005A0014,2026-07-29,2026-12-12,1 - Discovery,Pipeline,13500.00,USD,0,0,,Zapier,,Send proposal,2026-08-31
006O0003182,Junosys - New Business,001A004041,New Business,Outbound,005A0018,2026-07-29,2026-09-24,3 - Technical Validation,Best Case,62500.00,USD,0,0,,Power Automate,,Tech validation call,2026-09-12
006O0003183,Opalcore - New Business,001A005621,New Business,Product-led (PQL),005A0009,2026-07-30,2026-09-17,3 - Technical Validation,Best Case,62500.00,EUR,0,0,,,ws_001416,Tech validation call,2026-09-21
006O0003184,Yarafield - New Business,001A004384,New Business,Product-led (PQL),005A0012,2026-07-30,2026-11-03,4 - Proposal,Best Case,391100.00,USD,0,0,,,ws_014118,,2026-09-21
006O0003185,Koranet - New Business,001A006992,New Business,Product-led (PQL),005A0015,2026-07-30,2026-12-10,2 - Qualification,Pipeline,45500.00,USD,0,0,,Power Automate,ws_016632,Legal review,2026-08-28
006O0003186,Koraware - New Business,001A008951,New Business,Product-led (PQL),005A0008,2026-07-30,2026-08-22,Closed Lost,Omitted,14900.00,EUR,1,0,Competitor - Make,Make,ws_017676,,2026-08-26
006O0003187,Lyravik - New Business,001A001158,New Business,Product-led (PQL),005A0009,2026-07-30,2026-09-20,5 - Negotiation,Commit,26300.00,EUR,0,0,,,ws_020667,Security questionnaire,2026-09-21
006O0003188,Quarworks - New Business,001A004729,New Business,Marketing (MQL),005A0009,2026-07-30,2026-09-26,4 - Proposal,Best Case,61800.00,EUR,0,0,,Custom scripts,,Follow up,2026-09-06
006O0003189,Valiflow - New Business,001A006095,New Business,Outbound,005A0006,2026-07-30,2026-10-06,2 - Qualification,Pipeline,78900.00,EUR,0,0,,Make,,Send proposal,2026-08-15
006O0003190,Kestsys - New Business,001A008297,New Business,Product-led (PQL),005A0020,2026-07-31,2026-09-20,5 - Negotiation,Commit,60200.00,GBP,0,0,,,ws_004002,,2026-09-17
006O0003191,Ciracore - New Business,001A006878,New Business,Product-led (PQL),005A0014,2026-07-31,2026-10-19,3 - Technical Validation,Best Case,11800.00,USD,0,0,,,ws_004998,Follow up,2026-09-15
006O0003192,Zephwave - New Business,001A003509,New Business,Product-led (PQL),005A0005,2026-07-31,2026-09-29,1 - Discovery,Pipeline,4300.00,GBP,0,0,,,ws_010548,Follow up,2026-09-16
006O0003193,Wendlabs - New Business,001A008842,New Business,Product-led (PQL),005A0002,2026-07-31,2026-08-25,Closed Won,Closed,16600.00,EUR,1,1,,,ws_014692,,2026-08-30
006O0003194,Granfield - New Business,001A000968,New Business,Product-led (PQL),005A0007,2026-07-31,2026-11-02,2 - Qualification,Pipeline,90800.00,EUR,0,0,,,ws_016144,Send proposal,2026-08-12
006O0003195,Piralogic - New Business,001A006641,New Business,Product-led (PQL),005A0014,2026-07-31,2026-09-16,Closed Lost,Omitted,13400.00,USD,1,0,Missing feature / integration,,ws_017677,,2026-09-19
006O0003196,Ivenwave - New Business,001A005583,New Business,Inbound,005A0014,2026-07-31,2026-10-07,2 - Qualification,Pipeline,3500.00,USD,0,0,,,ws_023042,Send proposal,2026-09-10
006O0003197,Orioflow - New Business,001A007351,New Business,Outbound,005A0017,2026-07-31,2026-09-28,1 - Discovery,Pipeline,7900.00,EUR,0,0,,Zapier,,Legal review,2026-08-04
006O0003198,Solvsys - New Business,001A005475,New Business,Product-led (PQL),005A0002,2026-08-01,2026-08-25,Closed Won,Closed,13300.00,EUR,1,1,,Zapier,ws_017665,,2026-09-04
006O0003199,Evobridge - New Business,001A007642,New Business,Inbound,005A0010,2026-08-01,2026-08-26,Closed Lost,Omitted,18800.00,EUR,1,0,Competitor - Zapier,Zapier,ws_010379,,2026-08-28
006O0003200,Cobaltech - New Business,001A005111,New Business,Inbound,005A0023,2026-08-01,2026-09-26,5 - Negotiation,Commit,22400.00,USD,0,0,,Power Automate,ws_013247,Tech validation call,2026-09-17
006O0003201,Sellavik - New Business,001A006330,New Business,,005A0010,2026-08-01,2026-09-21,2 - Qualification,Pipeline,30500.00,EUR,0,0,,,ws_015138,Send proposal,2026-09-09
006O0003202,Deltaware - New Business,001A005709,New Business,Product-led (PQL),005A0012,2026-08-02,2026-10-25,2 - Qualification,Pipeline,139300.00,USD,0,0,,,ws_007949,Security questionnaire,2026-08-06
006O0003203,Vextech - New Business,001A001119,New Business,Product-led (PQL),005A0016,2026-08-02,2026-09-08,Closed Won,Closed,0.00,USD,1,1,,,ws_015320,,2026-09-10
006O0003204,Vexline - New Business,001A001781,New Business,Inbound,005A0014,2026-08-02,2026-09-02,Closed Won,Closed,18000.00,USD,1,1,,,ws_011100,,2026-09-04
006O0003205,Wendnet - New Business,001A001996,New Business,Marketing (MQL),005A0005,2026-08-02,2026-09-14,5 - Negotiation,Commit,24800.00,GBP,0,0,,Make,,,2026-09-04
006O0003206,Altomark - New Business,001A004249,New Business,Marketing (MQL),005A0012,2026-08-02,2026-09-07,Closed Lost,Omitted,242600.00,USD,1,0,Price / budget,,,,2026-09-09
006O0003207,Kestlogic - New Business,001A004326,New Business,Product-led (PQL),005A0017,2026-08-03,2026-09-18,Closed Lost,Omitted,19100.00,EUR,1,0,Chose self-hosted Community edition,Power Automate,ws_021351,,2026-09-20
006O0003208,Boreabridge - New Business,001A003166,New Business,Inbound,005A0024,2026-08-03,2026-09-29,4 - Proposal,Best Case,20600.00,EUR,0,0,,,ws_005265,Security questionnaire,2026-09-10
006O0003209,Talagrid - New Business,001A005804,New Business,Inbound,005A0008,2026-08-03,2026-08-29,Closed Won,Closed,10800.00,EUR,1,1,,,ws_016169,,2026-09-05
006O0003210,Zephcore - New Business,001A001340,New Business,Inbound,005A0024,2026-08-03,2026-09-25,2 - Qualification,Pipeline,12400.00,EUR,0,0,,,ws_022166,Send proposal,2026-09-08
006O0003211,Pirawave - New Business,001A001279,New Business,Partner,005A0012,2026-08-03,2026-09-01,Closed Lost,Omitted,185300.00,USD,1,0,Champion left,,,,2026-09-04
006O0003212,Granline - New Business,001A006933,New Business,Product-led (PQL),005A0014,2026-08-04,2026-10-27,3 - Technical Validation,Best Case,19800.00,USD,0,0,,,ws_004641,Legal review,2026-09-05
006O0003213,Altotech - New Business,001A004799,New Business,Product-led (PQL),005A0014,2026-08-04,2026-09-17,3 - Technical Validation,Best Case,13600.00,USD,0,0,,,ws_009079,Tech validation call,2026-09-05
006O0003214,Valiworks - New Business,001A001939,New Business,Product-led (PQL),005A0024,2026-08-04,2026-10-22,2 - Qualification,Pipeline,24200.00,EUR,0,0,,Workato,ws_011496,Follow up,2026-09-16
006O0003215,Ivenlabs - New Business,001A007130,New Business,Product-led (PQL),005A0009,2026-08-04,2026-11-16,3 - Technical Validation,Best Case,37200.00,EUR,0,0,,Custom scripts,ws_017114,Follow up,2026-09-21
006O0003216,Vexgrid - New Business,001A000973,New Business,Product-led (PQL),005A0015,2026-08-04,2026-09-21,3 - Technical Validation,Best Case,35400.00,USD,0,0,,Zapier,ws_020472,Security questionnaire,2026-08-22
006O0003217,Verasys - New Business,001A007452,New Business,Product-led (PQL),005A0009,2026-08-04,2026-09-24,4 - Proposal,Best Case,36000.00,EUR,0,0,,,ws_022925,Legal review,2026-09-06
006O0003218,Runepath - New Business,001A004740,New Business,Product-led (PQL),005A0005,2026-08-04,2026-09-05,Closed Lost,Omitted,3400.00,GBP,1,0,Price / budget,Custom scripts,ws_023065,,2026-09-13
006O0003219,Lyrapoint - New Business,001A002811,New Business,Inbound,005A0016,2026-08-04,2026-09-11,1 - Discovery,Pipeline,5500.00,USD,0,0,,,ws_018367,Follow up,2026-08-12
006O0003220,Ternpoint - New Business,001A000147,New Business,Marketing (MQL),005A0006,2026-08-04,2026-09-19,4 - Proposal,Commit,21800.00,EUR,0,0,,Zapier,,Tech validation call,2026-08-25
006O0003221,Altogrid - New Business,001A007801,New Business,Marketing (MQL),005A0014,2026-08-04,2026-09-17,Closed Lost,Omitted,32900.00,USD,1,0,Competitor - Make,,,,2026-09-21
006O0003222,Cirabridge - New Business,001A000186,New Business,Product-led (PQL),005A0008,2026-08-05,2026-09-03,Closed Lost,Omitted,14200.00,EUR,1,0,Price / budget,Make,ws_022000,,2026-09-07
006O0003223,Briotech - New Business,001A003533,New Business,Inbound,005A0017,2026-08-05,2026-09-17,Closed Won,Closed,32700.00,EUR,1,1,,Zapier,ws_011684,,2026-09-21
006O0003224,Zephstack - New Business,001A006597,New Business,,005A0020,2026-08-05,2026-09-19,4 - Proposal,Commit,28400.00,GBP,0,0,,,,Security questionnaire,2026-09-21
006O0003225,Boreastack - New Business,001A008588,New Business,Marketing (MQL),005A0007,2026-08-05,2026-11-15,2 - Qualification,Pipeline,235500.00,EUR,0,0,,,,Follow up,2026-09-06
006O0003226,Kestwave - New Business,001A002262,New Business,Marketing (MQL),005A0010,2026-08-05,2026-08-31,Closed Lost,Omitted,13400.00,EUR,1,0,Price / budget,Zapier,,,2026-09-06
006O0003227,Ivenlogic - New Business,001A007331,New Business,Marketing (MQL),005A0016,2026-08-05,2026-09-20,2 - Qualification,Pipeline,36400.00,USD,0,0,,,,Security questionnaire,2026-08-30
006O0003228,Fjelnet - New Business,001A005798,New Business,Product-led (PQL),005A0014,2026-08-06,2026-09-08,Closed Lost,Omitted,12200.00,USD,1,0,Champion left,,ws_005159,,2026-09-18
006O0003229,Ternfield - New Business,001A001674,New Business,Product-led (PQL),005A0012,2026-08-06,2026-10-13,2 - Qualification,Pipeline,213800.00,USD,0,0,,,ws_009950,Send proposal,2026-08-15
006O0003230,Talasys - New Business,001A003529,New Business,Product-led (PQL),005A0006,2026-08-06,2026-09-17,Closed Lost,Omitted,50000.00,EUR,1,0,Other,,ws_011477,,2026-09-20
006O0003231,Sellawave - New Business,001A005427,New Business,Product-led (PQL),005A0014,2026-08-06,2026-09-27,3 - Technical Validation,Best Case,23800.00,USD,0,0,,,ws_014807,Legal review,2026-09-14
006O0003232,Asterbridge - New Business,001A008054,New Business,Product-led (PQL),005A0015,2026-08-07,2026-09-16,Closed Won,Closed,24500.00,USD,1,1,,Power Automate,ws_002117,,2026-09-21
006O0003233,Yaracore - New Business,001A008022,New Business,Product-led (PQL),005A0015,2026-08-07,2026-09-08,Closed Won,Closed,11000.00,USD,1,1,,,ws_007260,,2026-09-10
006O0003234,Nordwave - New Business,001A001056,New Business,Product-led (PQL),005A0015,2026-08-07,2026-09-26,1 - Discovery,Pipeline,54900.00,USD,0,0,,Zapier,ws_019787,Follow up,2026-09-16
006O0003235,Talapoint - New Business,001A000271,New Business,Marketing (MQL),005A0017,2026-08-07,2026-09-21,4 - Proposal,Commit,20800.00,EUR,0,0,,,,,2026-09-18
006O0003236,Lumolabs - New Business,001A005431,New Business,Outbound,005A0009,2026-08-07,2026-10-05,4 - Proposal,Best Case,64700.00,EUR,0,0,,,,Security questionnaire,2026-09-17
006O0003237,Deltaflow - New Business,001A003810,New Business,Product-led (PQL),005A0018,2026-08-08,2026-09-07,Closed Lost,Omitted,12400.00,USD,1,0,,,ws_001817,,2026-09-10
006O0003238,Boreaware - New Business,001A008667,New Business,Marketing (MQL),005A0014,2026-08-08,2026-10-05,4 - Proposal,Best Case,5700.00,USD,0,0,,Custom scripts,,Send proposal,2026-09-16
006O0003239,Briobridge - New Business,001A001160,New Business,Product-led (PQL),005A0002,2026-08-09,2026-09-24,4 - Proposal,Best Case,10100.00,EUR,0,0,,,ws_003139,Legal review,2026-09-09
006O0003240,Nexacore - New Business,001A007850,New Business,Product-led (PQL),005A0008,2026-08-09,2026-09-07,Closed Lost,Omitted,8500.00,EUR,1,0,No decision / status quo,,ws_005940,,2026-09-16
006O0003241,Yarapoint - New Business,001A000149,New Business,Product-led (PQL),005A0024,2026-08-09,2026-10-05,3 - Technical Validation,Best Case,33800.00,EUR,0,0,,,ws_017001,Tech validation call,2026-09-20
006O0003242,Nordcore - New Business,001A000229,New Business,Product-led (PQL),005A0024,2026-08-09,2026-09-18,Closed Lost,Omitted,7500.00,EUR,1,0,No decision / status quo,,ws_019223,,2026-09-21
006O0003243,Lumodata - New Business,001A008801,New Business,Product-led (PQL),005A0005,2026-08-09,2026-09-16,Closed Won,Closed,16100.00,GBP,1,1,,,ws_020094,,2026-09-21
006O0003244,Talacore - New Business,001A008271,New Business,Product-led (PQL),005A0017,2026-08-09,2026-09-12,Closed Lost,Omitted,100700.00,EUR,1,0,Price / budget,,ws_022772,,2026-09-15
006O0003245,Bramline - New Business,001A000990,New Business,Product-led (PQL),005A0014,2026-08-09,2026-08-26,Closed Lost,Omitted,5800.00,USD,1,0,Competitor - Make,Zapier,ws_016271,,2026-09-02
006O0003246,Wendbridge - New Business,001A000951,New Business,Marketing (MQL),005A0004,2026-08-09,2026-10-03,4 - Proposal,Commit,67600.00,GBP,0,0,,Power Automate,,Legal review,2026-09-09
006O0003247,Miraworks - New Business,001A005505,New Business,Product-led (PQL),005A0010,2026-08-10,2026-09-01,Closed Won,Closed,22600.00,EUR,1,1,,Zapier,ws_000436,,2026-09-04
006O0003248,Boreamark - New Business,001A004586,New Business,Product-led (PQL),005A0001,2026-08-10,2026-09-13,1 - Discovery,Pipeline,103000.00,EUR,0,0,,,ws_007287,Legal review,2026-08-11
006O0003249,Terntech - New Business,001A003868,New Business,Product-led (PQL),005A0014,2026-08-10,2026-10-20,1 - Discovery,Pipeline,5800.00,USD,0,0,,Make,ws_016408,Tech validation call,2026-09-11
006O0003250,Deltaware - New Business,001A005903,New Business,Product-led (PQL),005A0018,2026-08-10,2026-10-04,4 - Proposal,Best Case,81200.00,USD,0,0,,,ws_014222,Tech validation call,2026-09-14
006O0003251,Mirawave - New Business,001A005699,New Business,Product-led (PQL),005A0017,2026-08-10,2026-09-19,4 - Proposal,Commit,37800.00,EUR,0,0,,,ws_014611,Send proposal,2026-09-21
006O0003252,Granpoint - New Business,001A004324,New Business,Product-led (PQL),005A0005,2026-08-10,2026-09-26,3 - Technical Validation,Commit,12600.00,GBP,0,0,,,ws_021601,,2026-09-02
006O0003253,Altoflow - New Business,001A001552,New Business,Inbound,005A0009,2026-08-10,2026-10-12,3 - Technical Validation,Best Case,36400.00,EUR,0,0,,,ws_004257,Legal review,2026-08-30
006O0003254,Oriocore - New Business,001A003023,New Business,Marketing (MQL),005A0012,2026-08-10,2026-11-16,1 - Discovery,Pipeline,,USD,0,0,,,,,2026-08-10
006O0003255,Orioworks - New Business,001A003149,New Business,Product-led (PQL),005A0017,2026-08-11,2026-10-05,2 - Qualification,Pipeline,46700.00,EUR,0,0,,,ws_008029,Legal review,2026-08-23
006O0003256,Fjelflow - New Business,001A001644,New Business,Product-led (PQL),005A0024,2026-08-11,2026-10-02,3 - Technical Validation,Best Case,7700.00,EUR,0,0,,,ws_010141,,2026-09-12
006O0003257,Yaraline - New Business,001A001672,New Business,Product-led (PQL),005A0023,2026-08-11,2026-09-02,Closed Won,Closed,207500.00,USD,1,1,,,ws_010250,,2026-09-12
006O0003258,Opalflow - New Business,001A003841,New Business,Product-led (PQL),005A0023,2026-08-11,2026-09-14,1 - Discovery,Pipeline,37400.00,USD,0,0,,,ws_018600,Follow up,2026-08-12
006O0003259,Yaraworks - New Business,001A002763,New Business,Product-led (PQL),005A0010,2026-08-11,2026-09-08,Closed Won,Closed,,EUR,1,1,,,ws_004812,,2026-09-16
006O0003260,Valipoint - New Business,001A000537,New Business,Product-led (PQL),005A0002,2026-08-11,2026-10-30,4 - Proposal,Best Case,31700.00,EUR,0,0,,,ws_007297,,2026-09-08
006O0003261,Nexadata - New Business,001A001234,New Business,Product-led (PQL),005A0004,2026-08-11,2026-09-14,Closed Won,Closed,,GBP,1,1,,,ws_017396,,2026-09-14
006O0003262,Veraline - New Business,001A004629,New Business,Inbound,005A0005,2026-08-11,2026-09-22,1 - Discovery,Pipeline,15600.00,GBP,0,0,,,ws_012618,Tech validation call,2026-09-16
006O0003263,Umbrabridge - New Business,001A004512,New Business,Marketing (MQL),005A0016,2026-08-11,2026-12-23,3 - Technical Validation,Best Case,40600.00,USD,0,0,,,,,2026-09-18
006O0003264,Halopoint - New Business,001A002879,New Business,Product-led (PQL),005A0024,2026-08-12,2026-10-27,3 - Technical Validation,Best Case,22700.00,EUR,0,0,,,ws_005046,Send proposal,2026-09-10
006O0003265,Granware - New Business,001A004633,New Business,Product-led (PQL),005A0004,2026-08-12,2026-10-07,3 - Technical Validation,Best Case,28500.00,GBP,0,0,,Tray.io,ws_016916,Tech validation call,2026-09-05
006O0003266,Oriofield - New Business,001A008886,New Business,Product-led (PQL),005A0000,2026-08-13,2026-11-01,3 - Technical Validation,Commit,285700.00,EUR,0,0,,,ws_003768,Legal review,2026-09-15
006O0003267,Ternpath - New Business,001A005438,New Business,Product-led (PQL),005A0015,2026-08-13,2026-09-24,5 - Negotiation,Commit,87700.00,USD,0,0,,Workato,ws_022040,,2026-09-21
006O0003268,Yarabridge - New Business,001A000316,New Business,Marketing (MQL),005A0008,2026-08-13,2026-09-26,5 - Negotiation,Commit,18100.00,EUR,0,0,,,,Legal review,2026-09-21
006O0003269,Mirawave - New Business,001A000242,New Business,Marketing (MQL),005A0004,2026-08-13,2026-09-01,Closed Lost,Omitted,15400.00,GBP,1,0,Competitor - Power Automate,,,,2026-09-07
006O0003270,Ternlabs - New Business,001A005194,New Business,Marketing (MQL),005A0016,2026-08-13,2026-11-23,2 - Qualification,Pipeline,96600.00,USD,0,0,,,,Legal review,2026-08-23
006O0003271,Lyracore - New Business,001A004494,New Business,Product-led (PQL),005A0005,2026-08-14,2026-09-23,3 - Technical Validation,Best Case,14000.00,GBP,0,0,,,ws_009662,Tech validation call,2026-09-18
006O0003272,Quarsys - New Business,001A006277,New Business,Product-led (PQL),005A0014,2026-08-14,2026-09-11,Closed Won,Closed,6900.00,USD,1,1,,,ws_021409,,2026-09-20
006O0003273,Bramflow - New Business,001A002205,New Business,Product-led (PQL),005A0014,2026-08-14,2026-09-23,4 - Proposal,Best Case,18800.00,USD,0,0,,,ws_023546,Legal review,2026-09-12
006O0003274,Evocore - New Business,001A006692,New Business,Inbound,005A0016,2026-08-14,2026-11-01,2 - Qualification,Pipeline,43800.00,USD,0,0,,Power Automate,ws_000104,Send proposal,2026-09-21
006O0003275,Asterdata - New Business,001A005810,New Business,Marketing (MQL),005A0008,2026-08-14,2026-08-30,Closed Lost,Omitted,8800.00,EUR,1,0,Chose self-hosted Community edition,,,,2026-08-31
006O0003276,Veraflow - New Business,001A006696,New Business,Product-led (PQL),005A0009,2026-08-15,2026-09-30,2 - Qualification,Pipeline,58600.00,EUR,0,0,,,ws_005500,Security questionnaire,2026-08-25
006O0003277,Sellabridge - New Business,001A008339,New Business,Product-led (PQL),005A0014,2026-08-15,2026-08-30,Closed Won,Closed,13400.00,USD,1,1,,Zapier,ws_015178,,2026-09-01
006O0003278,Ciranet - New Business,001D000098,New Business,Product-led (PQL),005A0011,2026-08-15,2026-12-05,3 - Technical Validation,Commit,136700.00,EUR,0,0,,,ws_015326,,2026-09-21
006O0003279,Oriobridge - New Business,001A004999,New Business,Inbound,005A0014,2026-08-15,2026-10-07,5 - Negotiation,Commit,15700.00,USD,0,0,,Zapier,ws_015535,Send proposal,2026-09-21
006O0003280,Granworks - New Business,001A003474,New Business,Product-led (PQL),005A0008,2026-08-16,2026-09-14,Closed Lost,Omitted,13900.00,EUR,1,0,Other,,ws_013945,,2026-09-21
006O0003281,Vexvik - New Business,001A007645,New Business,Product-led (PQL),005A0004,2026-08-16,2026-10-06,4 - Proposal,Commit,68800.00,GBP,0,0,,Make,ws_008175,Send proposal,2026-09-17
006O0003282,Granfield - New Business,001A007858,New Business,Product-led (PQL),005A0014,2026-08-16,2026-09-18,Closed Won,Closed,9900.00,USD,1,1,,,ws_008291,,2026-09-19
006O0003283,Xenoware - New Business,001A007780,New Business,Product-led (PQL),005A0013,2026-08-16,2026-10-23,2 - Qualification,Pipeline,148500.00,USD,0,0,,,ws_022869,Tech validation call,2026-08-23
006O0003284,Evolabs - New Business,001A002052,New Business,Product-led (PQL),005A0009,2026-08-17,2026-09-18,3 - Technical Validation,Best Case,68300.00,EUR,0,0,,Power Automate,ws_002210,Follow up,2026-09-01
006O0003285,Ivenflow - New Business,001A007625,New Business,Product-led (PQL),005A0017,2026-08-17,2026-09-21,3 - Technical Validation,Commit,35500.00,EUR,0,0,,Make,ws_007009,Tech validation call,2026-09-07
006O0003286,Talalabs - New Business,001A008096,New Business,Product-led (PQL),005A0017,2026-08-17,2026-09-22,4 - Proposal,Commit,99400.00,EUR,0,0,,Power Automate,ws_016526,Follow up,2026-09-21
006O0003287,Lumovik - New Business,001A008745,New Business,Product-led (PQL),005A0008,2026-08-17,2026-11-10,1 - Discovery,Pipeline,25400.00,EUR,0,0,,,ws_011280,Legal review,2026-09-16
006O0003288,Umbraware - New Business,001A008201,New Business,Product-led (PQL),005A0015,2026-08-17,2026-09-18,3 - Technical Validation,Best Case,49800.00,USD,0,0,,,ws_012421,Legal review,2026-09-13
006O0003289,Kestflow - New Business,001A000300,New Business,Inbound,005A0014,2026-08-17,2026-09-19,Closed Won,Closed,15000.00,USD,1,1,,,ws_002910,,2026-09-21
006O0003290,Boreaworks - New Business,001A000070,New Business,Marketing (MQL),005A0020,2026-08-17,2026-10-02,3 - Technical Validation,Best Case,24100.00,GBP,0,0,,,,Legal review,2026-09-10
006O0003291,Valimark - New Business,001A000234,New Business,Marketing (MQL),005A0015,2026-08-17,2026-10-06,4 - Proposal,Commit,58400.00,USD,0,0,,,,Security questionnaire,2026-09-10
006O0003292,Junosys - New Business,001A007296,New Business,Product-led (PQL),005A0023,2026-08-18,2026-09-13,Closed Won,Closed,58200.00,USD,1,1,,Workato,ws_011226,,2026-09-19
006O0003293,Miranet - New Business,001A007033,New Business,Inbound,005A0017,2026-08-18,2026-10-19,2 - Qualification,Pipeline,108300.00,EUR,0,0,,Tray.io,ws_005969,Security questionnaire,2026-08-30
006O0003294,Junoworks - New Business,001A007319,New Business,Marketing (MQL),005A0009,2026-08-18,2026-09-26,1 - Discovery,Pipeline,45300.00,EUR,0,0,,,,Follow up,2026-08-21
006O0003295,Sellaflow - New Business,001A006428,New Business,Product-led (PQL),005A0010,2026-08-19,2026-10-04,4 - Proposal,Commit,5200.00,EUR,0,0,,Power Automate,ws_001389,Tech validation call,2026-09-16
006O0003296,Altopath - New Business,001A000909,New Business,Product-led (PQL),005A0004,2026-08-19,2026-10-02,1 - Discovery,Pipeline,51100.00,EUR,0,0,,,ws_006047,Security questionnaire,2026-08-23
006O0003297,Opalpath - New Business,001A007948,New Business,Inbound,005A0004,2026-08-19,2026-09-18,Closed Lost,Omitted,75900.00,GBP,1,0,Chose self-hosted Community edition,,ws_011704,,2026-09-21
006O0003298,Asterworks - New Business,001A006721,New Business,Outbound,005A0008,2026-08-19,2026-10-07,3 - Technical Validation,Best Case,35000.00,EUR,0,0,,,,,2026-09-21
006O0003299,Piranet - New Business,001A004252,New Business,Product-led (PQL),005A0024,2026-08-20,2026-10-04,3 - Technical Validation,Best Case,30400.00,EUR,0,0,,,ws_006969,Send proposal,2026-09-21
006O0003300,Korasys - New Business,001A008175,New Business,Product-led (PQL),005A0016,2026-08-20,2026-09-24,1 - Discovery,Pipeline,14900.00,USD,0,0,,Tray.io,ws_000052,Follow up,2026-08-25
006O0003301,Piravik - New Business,001A004469,New Business,Product-led (PQL),005A0005,2026-08-21,2026-10-20,1 - Discovery,Pipeline,8000.00,GBP,0,0,,,ws_013799,,2026-09-11
006O0003302,Miracore - New Business,001A007150,New Business,Product-led (PQL),005A0008,2026-08-21,2026-09-16,Closed Lost,Omitted,10000.00,EUR,1,0,Competitor - Power Automate,Power Automate,ws_023702,,2026-09-21
006O0003303,Lumologic - New Business,001A007271,New Business,Product-led (PQL),005A0015,2026-08-21,2026-10-04,3 - Technical Validation,Best Case,35800.00,USD,0,0,,,ws_008360,Legal review,2026-09-16
006O0003304,Wendlabs - New Business,001A008061,New Business,Product-led (PQL),005A0004,2026-08-21,2026-09-20,Closed Lost,Omitted,96200.00,GBP,1,0,Unresponsive,,ws_021530,,2026-09-21
006O0003305,Briobridge - New Business,001A003983,New Business,Inbound,005A0020,2026-08-21,2026-10-16,2 - Qualification,Pipeline,15200.00,GBP,0,0,,,ws_001163,Security questionnaire,2026-09-17
006O0003306,Boreacore - New Business,001A007768,New Business,Inbound,005A0015,2026-08-21,2026-11-15,4 - Proposal,Best Case,14700.00,USD,0,0,,,ws_023532,Legal review,2026-09-18
006O0003307,Ciraworks - New Business,001A003900,New Business,Product-led (PQL),005A0002,2026-08-22,2026-09-18,Closed Won,Closed,22100.00,EUR,1,1,,Tray.io,ws_010416,,2026-09-20
006O0003308,Runelabs - New Business,001A002881,New Business,Product-led (PQL),005A0017,2026-08-22,2026-10-08,2 - Qualification,Pipeline,58700.00,EUR,0,0,,,ws_003557,Send proposal,2026-09-05
006O0003309,Grandata - New Business,001A000285,New Business,Product-led (PQL),005A0010,2026-08-22,2026-10-04,4 - Proposal,Best Case,13300.00,EUR,0,0,,,ws_011725,Send proposal,2026-09-19
006O0003310,Mosasys - New Business,001A005878,New Business,Product-led (PQL),005A0023,2026-08-23,2026-09-29,4 - Proposal,Best Case,145000.00,USD,0,0,,,ws_010628,Follow up,2026-09-21
006O0003311,Sellavik - New Business,001A004245,New Business,Product-led (PQL),005A0003,2026-08-23,2026-11-19,1 - Discovery,Pipeline,0.00,GBP,0,0,,Zapier,ws_016907,Security questionnaire,2026-08-28
006O0003312,Solvwave - New Business,001A001125,New Business,Product-led (PQL),005A0008,2026-08-23,2026-09-18,Closed Won,Closed,11700.00,EUR,1,1,,Make,ws_011749,,2026-09-19
006O0003313,Solvpath - New Business,001A000939,New Business,,005A0000,2026-08-23,2026-11-15,2 - Qualification,Pipeline,81300.00,EUR,0,0,,,ws_022813,Security questionnaire,2026-09-17
006O0003314,Quarwave - New Business,001A000869,New Business,Inbound,005A0020,2026-08-23,2026-10-19,4 - Proposal,Commit,36500.00,GBP,0,0,,Zapier,ws_001764,Legal review,2026-09-15
006O0003315,Evomark - New Business,001A002666,New Business,Inbound,005A0016,2026-08-23,2026-09-27,2 - Qualification,Pipeline,23800.00,USD,0,0,,Zapier,ws_019961,Tech validation call,2026-09-21
006O0003316,Boreamark - New Business,001A000903,New Business,Marketing (MQL),005A0007,2026-08-23,2026-12-28,1 - Discovery,Pipeline,181700.00,EUR,0,0,,,,Security questionnaire,2026-08-28
006O0003317,Orioware - New Business,001D000085,New Business,Outbound,005A0009,2026-08-23,2026-10-03,2 - Qualification,Pipeline,98000.00,EUR,0,0,,,,Security questionnaire,2026-08-31
006O0003318,Runeline - New Business,001A003135,New Business,Product-led (PQL),005A0012,2026-08-24,2026-11-26,2 - Qualification,Pipeline,222800.00,USD,0,0,,Zapier,ws_009314,Send proposal,2026-09-08
006O0003319,Runebridge - New Business,001A002837,New Business,Product-led (PQL),005A0005,2026-08-24,2026-09-27,4 - Proposal,Commit,6300.00,GBP,0,0,,,ws_015474,Tech validation call,2026-09-17
006O0003320,Junofield - New Business,001A002469,New Business,Inbound,005A0009,2026-08-24,2026-10-22,2 - Qualification,Pipeline,60900.00,EUR,0,0,,,ws_001934,Security questionnaire,2026-09-16
006O0003321,Junoworks - New Business,001A001231,New Business,Marketing (MQL),005A0014,2026-08-24,2026-09-17,2 - Qualification,Pipeline,19000.00,USD,0,0,,Custom scripts,,Send proposal,2026-09-05
006O0003322,Korapoint - New Business,001A006069,New Business,Marketing (MQL),005A0002,2026-08-24,2026-10-06,3 - Technical Validation,Best Case,15000.00,EUR,0,0,,,,Follow up,2026-09-20
006O0003323,Kestlogic - New Business,001A004233,New Business,Product-led (PQL),005A0012,2026-08-25,2026-11-05,3 - Technical Validation,Best Case,153400.00,USD,0,0,,Zapier,ws_000292,Send proposal,2026-09-17
006O0003324,Quarvik - New Business,001A001083,New Business,Product-led (PQL),005A0014,2026-08-25,2027-01-03,4 - Proposal,Commit,5600.00,USD,0,0,,,ws_001866,Send proposal,2026-09-21
006O0003325,Talaflow - New Business,001A006377,New Business,Product-led (PQL),005A0016,2026-08-25,2026-09-18,2 - Qualification,Pipeline,28000.00,USD,0,0,,Make,ws_020969,Follow up,2026-09-03
006O0003326,Nordcore - New Business,001A002347,New Business,Product-led (PQL),005A0014,2026-08-25,2026-10-14,2 - Qualification,Pipeline,27800.00,USD,0,0,,Zapier,ws_021429,Send proposal,2026-09-21
006O0003327,Kestflow - New Business,001A008218,New Business,Inbound,005A0009,2026-08-25,2026-10-18,1 - Discovery,Pipeline,16700.00,EUR,0,0,,,ws_002162,Security questionnaire,2026-08-29
006O0003328,Kestflow - New Business,001A005613,New Business,Inbound,005A0014,2026-08-25,2026-09-19,Closed Lost,Omitted,17100.00,USD,1,0,Unresponsive,,ws_006014,,2026-09-21
006O0003329,Halomark - New Business,001A002140,New Business,Inbound,005A0015,2026-08-25,2026-10-22,5 - Negotiation,Commit,18400.00,USD,0,0,,Zapier,ws_018437,Legal review,2026-09-21
006O0003330,Fjelflow - New Business,001A001878,New Business,Marketing (MQL),005A0006,2026-08-25,2026-11-02,2 - Qualification,Pipeline,39400.00,EUR,0,0,,Workato,,Security questionnaire,2026-09-04
006O0003331,Granwave - New Business,001A003544,New Business,Marketing (MQL),005A0009,2026-08-25,2026-10-02,1 - Discovery,Pipeline,66700.00,EUR,0,0,,,,Security questionnaire,2026-08-27
006O0003332,Ivennet - New Business,001A001943,New Business,Marketing (MQL),005A0000,2026-08-25,2026-09-05,Closed Lost,Omitted,154600.00,EUR,1,0,Missing feature / integration,,,,2026-09-09
006O0003333,Lyrapoint - New Business,001A003092,New Business,Product-led (PQL),005A0023,2026-08-26,2026-09-25,1 - Discovery,Pipeline,31800.00,USD,0,0,,,ws_016038,,2026-09-03
006O0003334,Ciragrid - New Business,001A002909,New Business,Product-led (PQL),005A0014,2026-08-26,2026-09-19,3 - Technical Validation,Best Case,21500.00,USD,0,0,,Zapier,ws_021293,Security questionnaire,2026-09-15
006O0003335,Halologic - New Business,001A003990,New Business,Inbound,005A0015,2026-08-26,2026-10-19,1 - Discovery,Pipeline,68500.00,USD,0,0,,Zapier,ws_002179,Send proposal,2026-08-26
006O0003336,Kestfield - New Business,001A006665,New Business,Inbound,005A0023,2026-08-26,2026-10-12,1 - Discovery,Pipeline,108700.00,USD,0,0,,,ws_012428,Security questionnaire,2026-09-04
006O0003337,Stramark - New Business,001A005808,New Business,Marketing (MQL),005A0024,2026-08-26,2026-09-30,1 - Discovery,Pipeline,8600.00,EUR,0,0,,,,Send proposal,2026-08-30
006O0003338,Sellasys - New Business,001A002122,New Business,Outbound,005A0020,2026-08-26,2026-10-01,2 - Qualification,Pipeline,45300.00,GBP,0,0,,,,Follow up,2026-08-29
006O0003339,Ternwave - New Business,001A004474,New Business,,005A0008,2026-08-26,2026-09-14,Closed Lost,Omitted,11600.00,EUR,1,0,Competitor - Zapier,,,,2026-09-18
006O0003340,Briologic - New Business,001A008930,New Business,Partner,005A0014,2026-08-26,2026-09-23,3 - Technical Validation,Best Case,14900.00,USD,0,0,,Zapier,,Security questionnaire,2026-09-21
006O0003341,Grantech - New Business,001A007088,New Business,Product-led (PQL),005A0017,2026-08-27,2026-10-01,1 - Discovery,Pipeline,73600.00,EUR,0,0,,,ws_012356,Security questionnaire,2026-09-05
006O0003342,Halotech - New Business,001A004680,New Business,Product-led (PQL),005A0015,2026-08-27,2026-09-16,5 - Negotiation,Commit,19100.00,USD,0,0,,,ws_013565,Security questionnaire,2026-09-18
006O0003343,Evobridge - New Business,001A003659,New Business,Product-led (PQL),005A0024,2026-08-27,2026-09-25,3 - Technical Validation,Best Case,3100.00,EUR,0,0,,Make,ws_021523,,2026-09-21
006O0003344,Vexstack - New Business,001A007468,New Business,Marketing (MQL),005A0014,2026-08-27,2026-09-22,3 - Technical Validation,Best Case,13400.00,USD,0,0,,,,,2026-09-12
006O0003345,Piraworks - New Business,001A003526,New Business,Product-led (PQL),005A0002,2026-08-28,2026-10-09,3 - Technical Validation,Best Case,10300.00,EUR,0,0,,,ws_006568,Legal review,2026-09-21
006O0003346,Granpath - New Business,001A005134,New Business,,005A0016,2026-08-28,2026-09-26,2 - Qualification,Pipeline,16300.00,USD,0,0,,Workato,ws_007952,Follow up,2026-09-10
006O0003347,Evoworks - New Business,001A003441,New Business,Product-led (PQL),005A0017,2026-08-28,2026-10-12,3 - Technical Validation,Best Case,38700.00,EUR,0,0,,,ws_015205,Tech validation call,2026-09-08
006O0003348,Ternware - New Business,001A008961,New Business,Product-led (PQL),005A0006,2026-08-28,2026-10-24,1 - Discovery,Pipeline,45900.00,EUR,0,0,,,ws_015531,Follow up,2026-08-30
006O0003349,Nexasys - New Business,001A003975,New Business,Product-led (PQL),005A0005,2026-08-28,2026-09-15,2 - Qualification,Pipeline,8200.00,GBP,0,0,,,ws_017644,,2026-09-10
006O0003350,Lyralabs - New Business,001A004527,New Business,Product-led (PQL),005A0014,2026-08-28,2026-09-17,Closed Lost,Omitted,26000.00,USD,1,0,Competitor - Power Automate,,ws_023480,,2026-09-17
006O0003351,Halomark - New Business,001A008546,New Business,Inbound,005A0023,2026-08-28,2026-09-27,3 - Technical Validation,Best Case,49100.00,USD,0,0,,Zapier,ws_007011,Legal review,2026-09-20
006O0003352,Halomark - New Business,001A001915,New Business,Inbound,005A0005,2026-08-28,2026-09-30,3 - Technical Validation,Commit,12000.00,GBP,0,0,,Zapier,ws_020859,Tech validation call,2026-09-13
006O0003353,Ciraware - New Business,001A005664,New Business,,005A0013,2026-08-28,2026-10-05,1 - Discovery,Pipeline,7100.00,GBP,0,0,,,,Follow up,2026-08-30
006O0003354,Haloworks - New Business,001A000377,New Business,Partner,005A0010,2026-08-28,2026-10-30,3 - Technical Validation,Best Case,2200.00,EUR,0,0,,,,Follow up,2026-09-21
006O0003355,Runenet - New Business,001A002540,New Business,Product-led (PQL),005A0006,2026-08-29,2026-10-05,2 - Qualification,Pipeline,75500.00,EUR,0,0,,,ws_002251,Send proposal,2026-09-05
006O0003356,Fjelmark - New Business,001A006670,New Business,Product-led (PQL),005A0008,2026-08-29,2026-09-27,3 - Technical Validation,Best Case,18700.00,EUR,0,0,,,ws_009486,Send proposal,2026-09-19
006O0003357,Umbradata - New Business,001D000024,New Business,Product-led (PQL),005A0014,2026-08-29,2026-09-22,3 - Technical Validation,Best Case,18700.00,USD,0,0,,,ws_009712,Legal review,2026-09-09
006O0003358,Xenopoint - New Business,001A004800,New Business,Product-led (PQL),005A0010,2026-08-29,2026-10-15,4 - Proposal,Commit,19800.00,EUR,0,0,,Make,ws_018536,,2026-09-21
006O0003359,Evostack - New Business,001A004021,New Business,Product-led (PQL),005A0017,2026-08-29,2026-09-17,Closed Lost,Omitted,56200.00,EUR,1,0,Unresponsive,Zapier,ws_021431,,2026-09-21
006O0003360,Terncore - New Business,001A008133,New Business,Outbound,005A0023,2026-08-29,2026-09-17,Closed Lost,Omitted,61300.00,USD,1,0,,,,,2026-09-18
006O0003361,Zephfield - New Business,001A002865,New Business,Product-led (PQL),005A0024,2026-08-30,2026-09-16,2 - Qualification,Pipeline,5100.00,EUR,0,0,,,ws_001543,Security questionnaire,2026-09-09
006O0003362,Wendvik - New Business,001A005679,New Business,Product-led (PQL),005A0007,2026-08-30,2026-11-17,2 - Qualification,Pipeline,88800.00,EUR,0,0,,,ws_002473,Tech validation call,2026-09-11
006O0003363,Evotech - New Business,001A000148,New Business,Product-led (PQL),005A0009,2026-08-30,2026-10-08,1 - Discovery,Pipeline,28200.00,EUR,0,0,,,ws_012432,,2026-09-03
006O0003364,Xenobridge - New Business,001A005298,New Business,Inbound,005A0020,2026-08-30,2026-10-22,1 - Discovery,Pipeline,25700.00,GBP,0,0,,,ws_012662,Legal review,2026-08-30
006O0003365,Grantech - New Business,001A002136,New Business,Marketing (MQL),005A0010,2026-08-30,2026-11-02,2 - Qualification,Pipeline,7200.00,EUR,0,0,,Zapier,,Send proposal,2026-09-21
006O0003366,Coballine - New Business,001A000489,New Business,Partner,005A0014,2026-08-30,2026-09-20,5 - Negotiation,Commit,15000.00,USD,0,0,,Make,,Legal review,2026-09-21
006O0003367,Nordwave - New Business,001A002699,New Business,Product-led (PQL),005A0016,2026-08-31,2026-09-29,1 - Discovery,Pipeline,20800.00,USD,0,0,,,ws_005217,,2026-09-08
006O0003368,Vextech - New Business,001A003679,New Business,Inbound,005A0017,2026-08-31,2026-10-03,2 - Qualification,Pipeline,94200.00,EUR,0,0,,Zapier,ws_000008,Follow up,2026-09-16
006O0003369,Wendcore - New Business,001A006707,New Business,Inbound,005A0008,2026-08-31,2026-09-20,1 - Discovery,Pipeline,12500.00,EUR,0,0,,,ws_005535,Send proposal,2026-09-05
006O0003370,Bramdata - New Business,001A008031,New Business,Marketing (MQL),005A0008,2026-08-31,2026-09-13,Closed Lost,Omitted,16300.00,EUR,1,0,Timing,,,,2026-09-15
006O0003371,Talastack - New Business,001A000603,New Business,Marketing (MQL),005A0023,2026-08-31,2026-10-11,1 - Discovery,Pipeline,17100.00,USD,0,0,,,,Follow up,2026-09-05
006O0003372,Fjelvik - New Business,001A005704,New Business,Marketing (MQL),005A0006,2026-08-31,2026-10-15,2 - Qualification,Pipeline,40000.00,EUR,0,0,,,,Send proposal,2026-09-11
006O0003373,Talafield - New Business,001A004889,New Business,,005A0015,2026-09-01,2026-09-24,4 - Proposal,Best Case,14800.00,USD,0,0,,,ws_012505,Follow up,2026-09-20
006O0003374,Cobalflow - New Business,001A004386,New Business,Inbound,005A0010,2026-09-01,2026-09-10,Closed Lost,Omitted,12700.00,EUR,1,0,,,ws_018456,,2026-09-16
006O0003375,Evowave - New Business,001A007924,New Business,Marketing (MQL),005A0023,2026-09-01,2026-10-10,1 - Discovery,Pipeline,73400.00,USD,0,0,,,,Send proposal,2026-09-06
006O0003376,Yarafield - New Business,001A007144,New Business,Product-led (PQL),005A0014,2026-09-02,2026-09-23,3 - Technical Validation,Best Case,11400.00,USD,0,0,,Power Automate,ws_001383,Follow up,2026-09-18
006O0003377,Sellaflow - New Business,001A002016,New Business,Product-led (PQL),005A0005,2026-09-02,2026-11-22,3 - Technical Validation,Commit,13100.00,GBP,0,0,,,ws_003572,Tech validation call,2026-09-18
006O0003378,Valiware - New Business,001A001467,New Business,Product-led (PQL),005A0003,2026-09-02,2026-12-03,1 - Discovery,Pipeline,122300.00,GBP,0,0,,,ws_014870,,2026-09-04
006O0003379,Solvline - New Business,001A005931,New Business,Product-led (PQL),005A0020,2026-09-02,2026-10-01,1 - Discovery,Pipeline,20800.00,GBP,0,0,,,ws_016822,Send proposal,2026-09-08
006O0003380,Nordnet - New Business,001A002592,New Business,Inbound,005A0018,2026-09-02,2026-10-22,3 - Technical Validation,Best Case,62900.00,USD,0,0,,,ws_018666,Security questionnaire,2026-09-18
006O0003381,Miraware - New Business,001A001673,New Business,Marketing (MQL),005A0021,2026-09-02,2026-09-23,3 - Technical Validation,Best Case,10100.00,EUR,0,0,,,,Tech validation call,2026-09-11
006O0003382,Lumoware - New Business,001A004116,New Business,Marketing (MQL),005A0018,2026-09-02,2026-10-25,3 - Technical Validation,Best Case,51200.00,USD,0,0,,Zapier,,Legal review,2026-09-21
006O0003383,Altopoint - New Business,001A004244,New Business,Product-led (PQL),005A0014,2026-09-03,2026-09-25,3 - Technical Validation,Best Case,10000.00,USD,0,0,,,ws_004077,Legal review,2026-09-15
006O0003384,Briopoint - New Business,001A001211,New Business,,005A0023,2026-09-03,2026-10-02,3 - Technical Validation,Best Case,26500.00,USD,0,0,,,ws_014735,Follow up,2026-09-20
006O0003385,Solvfield - New Business,001A003656,New Business,Inbound,005A0021,2026-09-03,2026-09-23,2 - Qualification,Pipeline,9900.00,EUR,0,0,,Workato,ws_018934,,2026-09-19
006O0003386,Quarlogic - New Business,001A002160,New Business,Product-led (PQL),005A0009,2026-09-04,2026-10-17,2 - Qualification,Pipeline,27600.00,EUR,0,0,,,ws_018775,,2026-09-17
006O0003387,Granpath - New Business,001A001258,New Business,Inbound,005A0008,2026-09-04,2026-10-08,2 - Qualification,Pipeline,15700.00,EUR,0,0,,,ws_002827,Tech validation call,2026-09-11
006O0003388,Ternworks - New Business,001A002955,New Business,Product-led (PQL),005A0010,2026-09-05,2026-09-25,2 - Qualification,Pipeline,31800.00,EUR,0,0,,,ws_015262,Tech validation call,2026-09-21
006O0003389,Ciradata - New Business,001A003749,New Business,Product-led (PQL),005A0005,2026-09-05,2026-09-23,3 - Technical Validation,Best Case,11400.00,GBP,0,0,,,ws_016708,Send proposal,2026-09-21
006O0003390,Opalnet - New Business,001A006383,New Business,Product-led (PQL),005A0014,2026-09-05,2026-09-26,5 - Negotiation,Commit,25300.00,USD,0,0,,,ws_020989,Security questionnaire,2026-09-21
006O0003391,Mosaworks - New Business,001A001740,New Business,Product-led (PQL),005A0004,2026-09-05,2026-10-27,2 - Qualification,Pipeline,28100.00,GBP,0,0,,,ws_021342,Follow up,2026-09-16
006O0003392,Ternsys - New Business,001A000479,New Business,Inbound,005A0010,2026-09-05,2026-10-02,1 - Discovery,Pipeline,9200.00,EUR,0,0,,,ws_016725,,2026-09-10
006O0003393,Cobaldata - New Business,001A003406,New Business,Inbound,005A0008,2026-09-05,2026-10-10,1 - Discovery,Pipeline,0.00,EUR,0,0,,,ws_017427,,2026-09-11
006O0003394,Quarlabs - New Business,001A008468,New Business,Inbound,005A0006,2026-09-05,2026-10-20,2 - Qualification,Pipeline,53000.00,EUR,0,0,,Make,ws_018653,Follow up,2026-09-16
006O0003395,Xenolabs - New Business,001A005516,New Business,Inbound,005A0017,2026-09-06,2026-11-02,1 - Discovery,Pipeline,38000.00,EUR,0,0,,,ws_007731,Legal review,2026-09-10
006O0003396,Lumowave - New Business,001A005754,New Business,Inbound,005A0024,2026-09-06,2026-10-04,2 - Qualification,Pipeline,10100.00,EUR,0,0,,,ws_012957,Legal review,2026-09-21
006O0003397,Kestpath - New Business,001A002155,New Business,Product-led (PQL),005A0023,2026-09-07,2026-10-04,4 - Proposal,Best Case,51700.00,USD,0,0,,Workato,ws_008631,,2026-09-21
006O0003398,Piraware - New Business,001A002309,New Business,Product-led (PQL),005A0015,2026-09-07,2026-10-15,3 - Technical Validation,Best Case,58400.00,USD,0,0,,Make,ws_011718,,2026-09-21
006O0003399,Verapoint - New Business,001A003802,New Business,Product-led (PQL),005A0009,2026-09-07,2026-10-09,2 - Qualification,Pipeline,22900.00,EUR,0,0,,,ws_012197,Send proposal,2026-09-21
006O0003400,Altomark - New Business,001A008429,New Business,Inbound,005A0014,2026-09-07,2026-10-05,3 - Technical Validation,Best Case,35100.00,USD,0,0,,Custom scripts,ws_005849,Follow up,2026-09-20
006O0003401,Umbravik - New Business,001A005576,New Business,Inbound,005A0015,2026-09-07,2026-10-03,3 - Technical Validation,Best Case,21600.00,USD,0,0,,,ws_021632,Follow up,2026-09-21
006O0003402,Quarflow - New Business,001A007980,New Business,Product-led (PQL),005A0006,2026-09-08,2026-10-13,1 - Discovery,Pipeline,23900.00,EUR,0,0,,Workato,ws_009175,Follow up,2026-09-16
006O0003403,Halobridge - New Business,001A005614,New Business,Product-led (PQL),005A0014,2026-09-08,2026-09-21,1 - Discovery,Pipeline,22100.00,USD,0,0,,,ws_010561,Follow up,2026-09-12
006O0003404,Zephstack - New Business,001A006672,New Business,Product-led (PQL),005A0006,2026-09-08,2026-11-02,1 - Discovery,Pipeline,23700.00,EUR,0,0,,,ws_012469,Legal review,2026-09-13
006O0003405,Ivenlogic - New Business,001A002577,New Business,Product-led (PQL),005A0014,2026-09-09,2026-09-26,3 - Technical Validation,Best Case,19000.00,USD,0,0,,Custom scripts,ws_003016,Send proposal,2026-09-21
006O0003406,Briopoint - New Business,001A005226,New Business,Inbound,005A0017,2026-09-09,2026-11-03,2 - Qualification,Pipeline,24100.00,EUR,0,0,,,ws_020383,Send proposal,2026-09-20
006O0003407,Cirapoint - New Business,001A007161,New Business,Marketing (MQL),005A0009,2026-09-09,2026-10-14,1 - Discovery,Pipeline,32100.00,EUR,0,0,,,,Send proposal,2026-09-10
006O0003408,Stranet - New Business,001A003084,New Business,Marketing (MQL),005A0023,2026-09-09,2026-10-20,1 - Discovery,Pipeline,88100.00,USD,0,0,,,,Tech validation call,2026-09-18
006O0003409,Ivenlabs - New Business,001A000615,New Business,Marketing (MQL),005A0014,2026-09-09,2026-10-03,2 - Qualification,Pipeline,9200.00,USD,0,0,,Power Automate,,Follow up,2026-09-20
006O0003410,Nordtech - New Business,001A006930,New Business,Outbound,005A0005,2026-09-09,2026-10-04,1 - Discovery,Pipeline,18600.00,GBP,0,0,,,,Security questionnaire,2026-09-13
006O0003411,Yaranet - New Business,001A006340,New Business,Product-led (PQL),005A0016,2026-09-10,2026-10-30,1 - Discovery,Pipeline,39400.00,USD,0,0,,Zapier,ws_004710,,2026-09-16
006O0003412,Quarlogic - New Business,001A001064,New Business,Product-led (PQL),005A0010,2026-09-10,2026-10-05,1 - Discovery,Pipeline,6800.00,EUR,0,0,,Zapier,ws_021866,Follow up,2026-09-16
006O0003413,Umbracore - New Business,001A003858,New Business,Product-led (PQL),005A0014,2026-09-11,2026-10-04,1 - Discovery,Pipeline,21900.00,USD,0,0,,Make,ws_002946,Security questionnaire,2026-09-11
006O0003414,Zephwave - New Business,001A005098,New Business,Product-led (PQL),005A0018,2026-09-11,2026-10-16,2 - Qualification,Pipeline,13000.00,USD,0,0,,Power Automate,ws_013660,Send proposal,2026-09-21
006O0003415,Sellavik - New Business,001A008354,New Business,Product-led (PQL),005A0008,2026-09-11,2026-09-30,1 - Discovery,Pipeline,14100.00,EUR,0,0,,Zapier,ws_016593,Security questionnaire,2026-09-18
006O0003416,Lyrawave - New Business,001A002680,New Business,Inbound,005A0014,2026-09-11,2026-10-04,4 - Proposal,Best Case,12200.00,USD,0,0,,Make,ws_003120,Follow up,2026-09-21
006O0003417,Piraflow - New Business,001A002898,New Business,Inbound,005A0018,2026-09-11,2026-11-02,1 - Discovery,Pipeline,65400.00,USD,0,0,,Custom scripts,ws_016337,Send proposal,2026-09-19
006O0003418,Altovik - New Business,001A004387,New Business,Product-led (PQL),005A0002,2026-09-12,2026-09-27,3 - Technical Validation,Best Case,8100.00,EUR,0,0,,Power Automate,ws_009323,Legal review,2026-09-21
006O0003419,Altovik - New Business,001A002759,New Business,Product-led (PQL),005A0006,2026-09-12,2026-10-31,1 - Discovery,Pipeline,44900.00,EUR,0,0,,Tray.io,ws_012839,,2026-09-20
006O0003420,Lyraworks - New Business,001A008197,New Business,Product-led (PQL),005A0020,2026-09-12,2026-10-26,1 - Discovery,Pipeline,43600.00,GBP,0,0,,,ws_020754,,2026-09-17
006O0003421,Bramgrid - New Business,001A008952,New Business,Inbound,005A0009,2026-09-12,2026-10-29,1 - Discovery,Pipeline,0.00,EUR,0,0,,,ws_002199,Security questionnaire,2026-09-17
006O0003422,Altocore - New Business,001A003662,New Business,Product-led (PQL),005A0016,2026-09-13,2026-10-02,1 - Discovery,Pipeline,25300.00,USD,0,0,,Make,ws_000215,Follow up,2026-09-21
006O0003423,Evodata - New Business,001A003318,New Business,Inbound,005A0017,2026-09-13,2026-10-21,2 - Qualification,Pipeline,35200.00,EUR,0,0,,Custom scripts,ws_005135,Send proposal,2026-09-20
006O0003424,Veralabs - New Business,001A000339,New Business,Inbound,005A0015,2026-09-13,2026-11-07,2 - Qualification,Pipeline,45500.00,USD,0,0,,,ws_012539,Tech validation call,2026-09-21
006O0003425,Oriologic - New Business,001A007480,New Business,Marketing (MQL),005A0007,2026-09-13,2027-01-22,1 - Discovery,Pipeline,285200.00,EUR,0,0,,Zapier,,Security questionnaire,2026-09-21
006O0003426,Veravik - New Business,001A002004,New Business,Product-led (PQL),005A0017,2026-09-14,2026-10-30,1 - Discovery,Pipeline,34000.00,EUR,0,0,,,ws_001862,Send proposal,2026-09-21
006O0003427,Evovik - New Business,001A003186,New Business,Product-led (PQL),005A0014,2026-09-14,2026-10-06,1 - Discovery,Pipeline,12300.00,USD,0,0,,Custom scripts,ws_002234,Security questionnaire,2026-09-21
006O0003428,Lyraware - New Business,001A003514,New Business,Product-led (PQL),005A0015,2026-09-14,2026-10-10,1 - Discovery,Pipeline,19900.00,USD,0,0,,,ws_003191,Follow up,2026-09-16
006O0003429,Kesttech - New Business,001A002230,New Business,Product-led (PQL),005A0009,2026-09-14,2026-10-13,2 - Qualification,Pipeline,12200.00,EUR,0,0,,,ws_005810,Follow up,2026-09-20
006O0003430,Pirasys - New Business,001D000105,New Business,Product-led (PQL),005A0002,2026-09-14,2026-10-04,1 - Discovery,Pipeline,18800.00,EUR,0,0,,Zapier,ws_009289,Security questionnaire,2026-09-15
006O0003431,Fjelpath - New Business,001A001669,New Business,Product-led (PQL),005A0016,2026-09-14,2026-10-20,1 - Discovery,Pipeline,69900.00,USD,0,0,,,ws_010816,Follow up,2026-09-21
006O0003432,Opalvik - New Business,001A001515,New Business,Product-led (PQL),005A0020,2026-09-14,2026-11-09,2 - Qualification,Pipeline,127700.00,GBP,0,0,,,ws_011106,,2026-09-21
006O0003433,Stracore - New Business,001A007633,New Business,Inbound,005A0014,2026-09-14,2026-10-05,1 - Discovery,Pipeline,14900.00,USD,0,0,,,ws_013829,Send proposal,2026-09-14
006O0003434,Cobalvik - New Business,001A007589,New Business,Marketing (MQL),005A0009,2026-09-14,2026-10-31,1 - Discovery,Pipeline,,EUR,0,0,,,,Legal review,2026-09-19
006O0003435,Solvlogic - New Business,001A004085,New Business,Product-led (PQL),005A0015,2026-09-15,2026-10-05,1 - Discovery,Pipeline,9200.00,USD,0,0,,Make,ws_005540,Follow up,2026-09-19
006O0003436,Opalwave - New Business,001A004011,New Business,Product-led (PQL),005A0017,2026-09-15,2026-11-07,2 - Qualification,Pipeline,134200.00,EUR,0,0,,Make,ws_007546,Security questionnaire,2026-09-21
006O0003437,Veragrid - New Business,001A006089,New Business,Product-led (PQL),005A0014,2026-09-15,2026-10-07,2 - Qualification,Pipeline,15500.00,USD,0,0,,,ws_015697,Legal review,2026-09-21
006O0003438,Ciramark - New Business,001A006065,New Business,Product-led (PQL),005A0016,2026-09-15,2026-10-14,1 - Discovery,Pipeline,8400.00,USD,0,0,,,ws_023859,Follow up,2026-09-21
006O0003439,Ivenlabs - New Business,001A001180,New Business,Product-led (PQL),005A0023,2026-09-15,2026-10-27,1 - Discovery,Pipeline,80400.00,USD,0,0,,Zapier,ws_004961,Security questionnaire,2026-09-21
006O0003440,Quarlogic - New Business,001A008216,New Business,Product-led (PQL),005A0014,2026-09-15,2026-10-03,1 - Discovery,Pipeline,8300.00,USD,0,0,,,ws_013886,Tech validation call,2026-09-17
006O0003441,Asterfield - New Business,001A004531,New Business,Marketing (MQL),005A0009,2026-09-15,2026-11-05,2 - Qualification,Pipeline,41200.00,EUR,0,0,,,,Send proposal,2026-09-21
006O0003442,Nexastack - New Business,001A005924,New Business,Outbound,005A0006,2026-09-15,2026-10-24,1 - Discovery,Pipeline,16500.00,EUR,0,0,,,,Follow up,2026-09-21
006O0003443,Opalmark - New Business,001A001435,New Business,Product-led (PQL),005A0015,2026-09-16,2026-10-08,1 - Discovery,Pipeline,33800.00,USD,0,0,,,ws_005338,Send proposal,2026-09-21
006O0003444,Runesys - New Business,001A003816,New Business,Product-led (PQL),005A0010,2026-09-16,2026-10-09,1 - Discovery,Pipeline,47100.00,EUR,0,0,,Make,ws_022413,Follow up,2026-09-21
006O0003445,Valilabs - New Business,001A002335,New Business,Product-led (PQL),005A0014,2026-09-16,2026-10-02,1 - Discovery,Pipeline,10500.00,USD,0,0,,,ws_020253,Legal review,2026-09-21
006O0003446,Altowave - New Business,001A000713,New Business,Inbound,005A0015,2026-09-16,2026-11-04,1 - Discovery,Pipeline,39500.00,USD,0,0,,Power Automate,ws_000639,Send proposal,2026-09-19
006O0003447,Umbracore - New Business,001A005956,New Business,Marketing (MQL),005A0007,2026-09-16,2027-01-09,1 - Discovery,Pipeline,177100.00,EUR,0,0,,Custom scripts,,Security questionnaire,2026-09-21
006O0003448,Sellapath - New Business,001A001415,New Business,Partner,005A0014,2026-09-16,2026-10-10,1 - Discovery,Pipeline,10400.00,USD,0,0,,Zapier,,Security questionnaire,2026-09-17
006O0003449,Boreavik - New Business,001A005177,New Business,Product-led (PQL),005A0002,2026-09-17,2026-10-05,2 - Qualification,Pipeline,8700.00,EUR,0,0,,,ws_006661,Follow up,2026-09-20
006O0003450,Halosys - New Business,001A006527,New Business,Product-led (PQL),005A0002,2026-09-17,2026-10-03,1 - Discovery,Pipeline,11100.00,EUR,0,0,,Workato,ws_011805,Tech validation call,2026-09-21
006O0003451,Lumocore - New Business,001A005374,New Business,Product-led (PQL),005A0014,2026-09-17,2026-10-08,2 - Qualification,Pipeline,16000.00,USD,0,0,,,ws_020909,,2026-09-21
006O0003452,Ivenflow - New Business,001A001714,New Business,Marketing (MQL),005A0004,2026-09-17,2026-11-08,1 - Discovery,Pipeline,29000.00,EUR,0,0,,Make,,Legal review,2026-09-21
006O0003453,Wendnet - New Business,001A007729,New Business,,005A0017,2026-09-18,2026-11-02,1 - Discovery,Pipeline,64300.00,EUR,0,0,,Make,ws_008419,Follow up,2026-09-21
006O0003454,Korasys - New Business,001A008168,New Business,Outbound,005A0020,2026-09-18,2026-10-29,1 - Discovery,Pipeline,24300.00,GBP,0,0,,Power Automate,,Security questionnaire,2026-09-19
006O0003455,Ternpath - New Business,001A005572,New Business,Product-led (PQL),005A0008,2026-09-19,2026-10-14,1 - Discovery,Pipeline,13400.00,EUR,0,0,,,ws_001765,Security questionnaire,2026-09-21
006O0003456,Granflow - New Business,001A002308,New Business,Product-led (PQL),005A0018,2026-09-19,2026-10-29,1 - Discovery,Pipeline,20900.00,USD,0,0,,,ws_008829,Legal review,2026-09-21
006O0003457,Kestgrid - New Business,001A005620,New Business,Product-led (PQL),005A0011,2026-09-19,2027-01-04,1 - Discovery,Pipeline,175500.00,EUR,0,0,,,ws_016267,Legal review,2026-09-21
006O0003458,Altologic - New Business,001A000340,New Business,Product-led (PQL),005A0024,2026-09-19,2026-10-09,1 - Discovery,Pipeline,10800.00,EUR,0,0,,Power Automate,ws_022128,Tech validation call,2026-09-21
006O0003459,Solvnet - New Business,001A004953,New Business,Product-led (PQL),005A0015,2026-09-19,2026-10-10,1 - Discovery,Pipeline,6400.00,USD,0,0,,Make,ws_020277,Send proposal,2026-09-21
006O0003460,Talanet - New Business,001A005377,New Business,Product-led (PQL),005A0014,2026-09-19,2026-10-05,1 - Discovery,Pipeline,8300.00,USD,0,0,,,ws_021416,,2026-09-20
006O0003461,Halofield - New Business,001A003673,New Business,Product-led (PQL),005A0011,2026-09-19,2026-12-30,1 - Discovery,Pipeline,159500.00,EUR,0,0,,,ws_023512,Security questionnaire,2026-09-21
006O0003462,Lumopoint - New Business,001A005635,New Business,Inbound,005A0014,2026-09-19,2026-10-08,1 - Discovery,Pipeline,7500.00,USD,0,0,,Custom scripts,ws_004782,Send proposal,2026-09-21
006O0003463,Xenocore - New Business,001A005559,New Business,Marketing (MQL),005A0002,2026-09-19,2026-10-07,1 - Discovery,Pipeline,7100.00,EUR,0,0,,Power Automate,,Tech validation call,2026-09-21
006O0003464,Valigrid - New Business,001A001273,New Business,Marketing (MQL),005A0014,2026-09-19,2026-10-09,1 - Discovery,Pipeline,6800.00,USD,0,0,,,,,2026-09-21
006O0003465,Straline - New Business,001A000163,New Business,Marketing (MQL),005A0017,2026-09-19,2026-10-25,1 - Discovery,Pipeline,14800.00,EUR,0,0,,Tray.io,,Security questionnaire,2026-09-20
006O0003466,Valimark - New Business,001A000896,New Business,Marketing (MQL),005A0005,2026-09-19,2026-10-22,1 - Discovery,Pipeline,37800.00,GBP,0,0,,Zapier,,Security questionnaire,2026-09-21
006O0003467,Piracore - New Business,001A002401,New Business,Partner,005A0014,2026-09-19,2026-10-15,1 - Discovery,Pipeline,9000.00,USD,0,0,,,,Security questionnaire,2026-09-21
006O0003468,Kestgrid - New Business,001A000108,New Business,Product-led (PQL),005A0024,2026-09-20,2026-10-19,1 - Discovery,Pipeline,15800.00,EUR,0,0,,Make,ws_006512,Security questionnaire,2026-09-21
006O0003469,Piramark - New Business,001A003980,New Business,Product-led (PQL),005A0017,2026-09-20,2026-11-02,1 - Discovery,Pipeline,57600.00,EUR,0,0,,,ws_007733,Security questionnaire,2026-09-21
006O0003470,Koratech - New Business,001A004667,New Business,Product-led (PQL),005A0010,2026-09-20,2026-10-11,1 - Discovery,Pipeline,25300.00,EUR,0,0,,Make,ws_000291,,2026-09-20
006O0003471,Runenet - New Business,001A001431,New Business,Product-led (PQL),005A0014,2026-09-20,2026-10-15,1 - Discovery,Pipeline,5900.00,USD,0,0,,Zapier,ws_004533,Security questionnaire,2026-09-21
006O0003472,Wendmark - New Business,001A008553,New Business,Product-led (PQL),005A0023,2026-09-20,2026-10-28,1 - Discovery,Pipeline,30000.00,USD,0,0,,,ws_005581,Security questionnaire,2026-09-21
006O0003473,Nordline - New Business,001A005116,New Business,Inbound,005A0014,2026-09-20,2026-10-16,1 - Discovery,Pipeline,31600.00,USD,0,0,,,ws_008590,Tech validation call,2026-09-21
006O0003474,Valilogic - New Business,001A001970,New Business,Marketing (MQL),005A0010,2026-09-20,2026-10-17,1 - Discovery,Pipeline,12800.00,EUR,0,0,,Zapier,,Send proposal,2026-09-21
006O0003475,Runelabs - New Business,001A006070,New Business,Product-led (PQL),005A0015,2026-09-21,2026-10-09,1 - Discovery,Pipeline,44500.00,USD,0,0,,,ws_003793,Tech validation call,2026-09-21
006O0003476,Briovik - New Business,001A006275,New Business,Product-led (PQL),005A0023,2026-09-21,2026-10-30,1 - Discovery,Pipeline,30300.00,USD,0,0,,Make,ws_006413,Security questionnaire,2026-09-21
006O0003477,Solvstack - New Business,001A006520,New Business,Partner,005A0015,2026-09-21,2026-11-01,1 - Discovery,Pipeline,66900.00,USD,0,0,,,,Tech validation call,2026-09-21
006O0003478,Cobalcore - Expansion,001A007048,Expansion,Account Management,005A0008,2025-06-26,2025-09-08,Closed Lost,Omitted,6100.00,EUR,1,0,Competitor - Zapier,,,,2025-09-13
006O0003479,Cobalcore - Expansion,001A007048,Expansion,Account Management,005A0008,2026-08-04,2026-08-20,Closed Won,Closed,2800.00,EUR,1,1,,Zapier,,,2026-08-27
006O0003480,Astercore - Expansion,001A008533,Expansion,Account Management,005A0007,2024-07-19,2024-08-11,Closed Won,,5400.00,USD,1,1,,Make,,,2025-01-23
006O0003481,Astercore - Expansion,001A008533,Expansion,Account Management,005A0015,2025-08-02,2025-10-07,Closed Lost,Omitted,2700.00,USD,1,0,Competitor - Make,Make,,,2025-10-09
006O0003482,Astercore - Expansion,001A008533,Expansion,Account Management,005A0015,2026-08-23,2026-09-15,Closed Won,Closed,5900.00,USD,1,1,,Make,,,2026-09-16
006O0003483,Vexmark - Expansion,001A001179,Expansion,Account Management,005A0004,2026-06-05,2026-09-09,Closed Lost,Omitted,15600.00,GBP,1,0,Other,,,,2026-09-14
006O0003484,Junolabs - Expansion,001A002318,Expansion,Account Management,005A0006,2025-02-06,2025-03-23,Closed Lost,Omitted,9700.00,EUR,1,0,Other,Zapier,,,2025-03-30
006O0003485,Junolabs - Expansion,001A002318,Expansion,Account Management,005A0006,2026-02-10,2026-05-20,Closed Lost,Omitted,18100.00,EUR,1,0,,Zapier,,,2026-05-21
006O0003486,Wendmark - Expansion,001A006993,Expansion,Account Management,005A0006,2024-08-29,2024-10-11,Closed Lost,,12200.00,EUR,1,0,Chose self-hosted Community edition,,,,2025-01-16
006O0003487,Wendmark - Expansion,001A006993,Expansion,Account Management,005A0006,2025-09-21,2025-10-14,Closed Won,Closed,12400.00,EUR,1,1,,,,,2025-10-15
006O0003488,Wendmark - Expansion,001A006993,Expansion,Account Management,005A0006,2026-02-19,2026-07-17,Closed Lost,Omitted,10700.00,EUR,1,0,Price / budget,,,,2026-07-24
006O0003489,Runelabs - Expansion,001A001239,Expansion,Account Management,005A0002,2024-07-15,2024-08-18,Closed Lost,,8100.00,EUR,1,0,Other,,,,2025-01-21
006O0003490,Runelabs - Expansion,001A001239,Expansion,Account Management,005A0002,2026-01-19,2026-02-04,Closed Won,Closed,3800.00,EUR,1,1,,Custom scripts,,,2026-02-06
006O0003491,Quarline - Expansion,001A003534,Expansion,Account Management,005A0012,2024-12-04,2025-04-12,Closed Lost,Omitted,6500.00,USD,1,0,Chose self-hosted Community edition,,,,2025-04-21
006O0003492,Quarline - Expansion,001A003534,Expansion,Account Management,005A0021,2025-07-19,2025-08-08,Closed Won,Closed,7900.00,USD,1,1,,,,,2025-08-11
006O0003493,Quarline - Expansion,001A003534,Expansion,Account Management,005A0014,2026-02-26,2026-03-26,Closed Won,Closed,4000.00,USD,1,1,,,,,2026-04-05
006O0003494,Cobalsys - Expansion,001A004880,Expansion,Account Management,005A0000,2025-01-23,2025-02-26,Closed Won,Closed,15300.00,EUR,1,1,,,,,2025-03-04
006O0003495,Cobalsys - Expansion,001A004880,Expansion,Account Management,005A0000,2025-10-19,2025-11-25,Closed Lost,Omitted,6800.00,EUR,1,0,,,,,2025-12-02
006O0003496,Cobalsys - Expansion,001A004880,Expansion,Account Management,005A0017,2026-06-17,2026-09-22,3 - Technical Validation,Best Case,21800.00,EUR,0,0,,Make,,Legal review,2026-09-21
006O0003497,Ternvik - Expansion,001A002034,Expansion,Account Management,005A0002,2024-07-20,2024-08-02,Closed Won,,8600.00,EUR,1,1,,Zapier,,,2025-01-21
006O0003498,Ternvik - Expansion,001A002034,Expansion,Account Management,005A0024,2025-02-09,2025-03-29,Closed Won,Closed,3800.00,EUR,1,1,,,,,2025-03-30
006O0003499,Ternvik - Expansion,001A002034,Expansion,Account Management,005A0024,2026-03-09,2026-04-05,Closed Won,Closed,2700.00,EUR,1,1,,Zapier,,,2026-04-05
006O0003500,Fjellabs - Expansion,001A007095,Expansion,Account Management,005A0005,2025-08-07,2025-08-26,Closed Won,Closed,2000.00,GBP,1,1,,Make,,,2025-08-29
006O0003501,Fjellabs - Expansion,001A007095,Expansion,Account Management,005A0005,2026-02-15,2026-03-18,Closed Lost,Omitted,3200.00,GBP,1,0,Chose self-hosted Community edition,Make,,,2026-03-23
006O0003502,Lyraflow - Expansion,001A008432,Expansion,Account Management,005A0012,2024-10-23,2024-11-18,Closed Lost,,18900.00,USD,1,0,Chose self-hosted Community edition,Make,,,2025-01-16
006O0003503,Lyraflow - Expansion,001A008432,Expansion,,005A0012,2025-08-26,2025-09-27,Closed Lost,Omitted,9900.00,USD,1,0,Other,Make,,,2025-09-27
006O0003504,Lyraflow - Expansion,001A008432,Expansion,Account Management,005A0016,2026-06-10,2026-08-06,Closed Won,Closed,8700.00,USD,1,1,,Make,,,2026-08-11
006O0003505,Mirawave - Expansion,001A005057,Expansion,Account Management,005A0008,2025-07-16,2025-08-06,Closed Lost,Omitted,7800.00,EUR,1,0,Competitor - Make,Tray.io,,,2025-08-08
006O0003506,Mirawave - Expansion,001A005057,Expansion,Account Management,005A0008,2026-05-13,2026-06-03,Closed Won,Closed,5500.00,EUR,1,1,,Tray.io,,,2026-06-12
006O0003507,Ciratech - Expansion,001A002808,Expansion,Account Management,005A0001,2024-11-06,2025-09-09,Closed Lost,Omitted,8900.00,EUR,1,0,Price / budget,,,,2025-09-16
006O0003508,Ciratech - Expansion,001A002808,Expansion,Account Management,005A0017,2026-04-06,2026-05-08,Closed Won,Closed,12000.00,EUR,1,1,,,,,2026-05-14
006O0003509,Granlabs - Expansion,001A003961,Expansion,Account Management,005A0024,2024-11-23,2025-02-15,Closed Lost,Omitted,5000.00,EUR,1,0,No decision / status quo,,,,2025-02-20
006O0003510,Granlabs - Expansion,001A003961,Expansion,Account Management,005A0000,2025-05-23,2025-07-03,Closed Won,Closed,8000.00,EUR,1,1,,,,,2025-07-05
006O0003511,Granlabs - Expansion,001A003961,Expansion,Account Management,005A0002,2025-11-10,2025-12-02,Closed Won,Closed,27600.00,EUR,1,1,,,,,2025-12-05
006O0003512,Granlabs - Expansion,001A003961,Expansion,Account Management,005A0017,2026-05-07,2026-07-09,Closed Won,Closed,16100.00,EUR,1,1,,,,,2026-07-12
006O0003513,Brammark - Expansion,001A005259,Expansion,Account Management,005A0024,2025-06-19,2025-07-06,Closed Lost,Omitted,8000.00,EUR,1,0,Security / compliance review,,,,2025-07-14
006O0003514,Brammark - Expansion,001A005259,Expansion,Account Management,005A0024,2026-03-10,2026-03-27,Closed Won,Closed,1500.00,EUR,1,1,,Tray.io,,,2026-04-02
006O0003515,Brammark - Expansion,001A005259,Expansion,Account Management,005A0002,2026-08-17,2026-09-01,Closed Won,Closed,7400.00,EUR,1,1,,Tray.io,,,2026-09-02
006O0003516,Lumobridge - Expansion,001A005936,Expansion,Account Management,005A0005,2025-03-25,2025-04-17,Closed Lost,Omitted,3300.00,GBP,1,0,Champion left,Custom scripts,,,2025-04-26
006O0003517,Lumobridge - Expansion,001A005936,Expansion,Account Management,005A0005,2026-06-29,2026-07-18,Closed Won,Closed,2600.00,GBP,1,1,,Custom scripts,,,2026-07-22
006O0003518,Ciralogic - Expansion,001A004650,Expansion,Account Management,005A0012,2024-09-08,2024-10-25,Closed Won,,18000.00,USD,1,1,,,,,2025-01-19
006O0003519,Ciralogic - Expansion,001A004650,Expansion,Account Management,005A0023,2026-02-16,2026-03-07,Closed Won,Closed,19200.00,USD,1,1,,Make,,,2026-03-08
006O0003520,Evolabs - Expansion,001A002243,Expansion,Account Management,005A0003,2025-01-05,2025-06-22,Closed Lost,Omitted,212500.00,GBP,1,0,Competitor - Make,,,,2025-06-28
006O0003521,Evolabs - Expansion,001A002243,Expansion,Account Management,005A0003,2025-09-27,2026-02-14,Closed Lost,Omitted,53300.00,GBP,1,0,Security / compliance review,,,,2026-02-22
006O0003522,Koraware - Expansion,001A002589,Expansion,Account Management,005A0006,2025-07-31,2025-08-18,Closed Won,Closed,14200.00,EUR,1,1,,,,,2025-08-20
006O0003523,Koraware - Expansion,001A002589,Expansion,Account Management,005A0006,2025-12-25,2026-02-13,Closed Won,Closed,23400.00,EUR,1,1,,,,,2026-02-16
006O0003524,Koraware - Expansion,001A002589,Expansion,Account Management,005A0006,2026-06-13,2026-09-07,Closed Lost,Omitted,,EUR,1,0,Competitor - Zapier,,,,2026-09-14
006O0003525,Bramwave - Expansion,001A006411,Expansion,Account Management,005A0013,2025-06-07,2025-07-24,Closed Won,Closed,16700.00,USD,1,1,,,,,2025-07-30
006O0003526,Bramwave - Expansion,001A006411,Expansion,Account Management,005A0023,2026-02-10,2026-02-28,Closed Won,Closed,17300.00,USD,1,1,,,,,2026-03-05
006O0003527,Talalabs - Expansion,001A002036,Expansion,Account Management,005A0011,2024-09-04,2024-11-11,Closed Won,,52800.00,USD,1,1,,,,,2025-01-22
006O0003528,Talalabs - Expansion,001A002036,Expansion,Account Management,005A0011,2025-02-20,2025-04-15,Closed Won,Closed,15900.00,USD,1,1,,,,,2025-04-17
006O0003529,Talalabs - Expansion,001A002036,Expansion,Account Management,005A0015,2025-11-28,2026-01-07,Closed Won,Closed,,USD,1,1,,,,,2026-01-12
006O0003530,Talalabs - Expansion,001A002036,Expansion,,005A0015,2026-05-06,2026-06-17,Closed Won,Closed,18400.00,USD,1,1,,,,,2026-06-17
006O0003531,Boreaworks - Expansion,001A004825,Expansion,Account Management,005A0006,2025-01-02,2025-02-23,Closed Won,Closed,22100.00,EUR,1,1,,,,,2025-03-01
006O0003532,Boreaworks - Expansion,001A004825,Expansion,Account Management,005A0006,2025-10-02,2026-03-22,Closed Lost,Omitted,14400.00,EUR,1,0,Missing feature / integration,,,,2026-03-31
006O0003533,Umbralabs - Expansion,001A007568,Expansion,Account Management,005A0012,2025-02-24,2025-03-14,Closed Lost,Omitted,77000.00,USD,1,0,Timing,Workato,,,2025-03-21
006O0003534,Umbralabs - Expansion,001A007568,Expansion,Account Management,005A0015,2026-05-11,2026-09-24,4 - Proposal,Commit,106600.00,USD,0,0,,,,Tech validation call,2026-09-05
006O0003535,Lyralogic - Expansion,001A000901,Expansion,Account Management,005A0004,2025-01-26,2025-03-24,Closed Lost,Omitted,13400.00,GBP,1,0,Timing,Power Automate,,,2025-03-25
006O0003536,Lyralogic - Expansion,001A000901,Expansion,Account Management,005A0004,2025-10-30,2026-01-20,Closed Lost,Omitted,8400.00,GBP,1,0,Competitor - Power Automate,,,,2026-01-23
006O0003537,Lyralogic - Expansion,001A000901,Expansion,,005A0004,2026-07-19,2026-08-26,Closed Won,Closed,22300.00,GBP,1,1,,,,,2026-08-28
006O0003538,Vexbridge - Expansion,001A006864,Expansion,,005A0006,2024-12-16,2025-02-24,Closed Lost,Omitted,11500.00,EUR,1,0,,Tray.io,,,2025-03-05
006O0003539,Vexbridge - Expansion,001A006864,Expansion,Account Management,005A0006,2025-07-19,2025-08-20,Closed Won,Closed,5600.00,EUR,1,1,,Tray.io,,,2025-08-28
006O0003540,Vexbridge - Expansion,001A006864,Expansion,Account Management,005A0006,2026-02-08,2026-03-19,Closed Won,Closed,3200.00,EUR,1,1,,Tray.io,,,2026-03-24
006O0003541,Halosys - Expansion,001A003627,Expansion,Account Management,005A0023,2026-03-03,2026-07-20,Closed Lost,Omitted,26100.00,USD,1,0,Other,,,,2026-07-21
006O0003542,Pirapath - Expansion,001A007893,Expansion,Account Management,005A0024,2025-03-26,2025-05-09,Closed Lost,Omitted,2000.00,EUR,1,0,No decision / status quo,,,,2025-05-15
006O0003543,Pirapath - Expansion,001A007893,Expansion,Account Management,005A0024,2025-11-20,2026-09-06,Closed Lost,Omitted,7100.00,EUR,1,0,,,,,2026-09-14
006O0003544,Fjelgrid - Expansion,001A008090,Expansion,Account Management,005A0011,2024-11-17,2024-12-06,Closed Won,,6700.00,EUR,1,1,,Power Automate,,,2025-01-18
006O0003545,Fjelgrid - Expansion,001A008090,Expansion,Account Management,005A0010,2025-11-21,2025-12-09,Closed Won,Closed,3400.00,EUR,1,1,,,,,2025-12-12
006O0003546,Fjelgrid - Expansion,001A008090,Expansion,Account Management,005A0010,2026-07-14,2026-08-15,Closed Won,Closed,8500.00,EUR,1,1,,Power Automate,,,2026-08-23
006O0003547,Opalworks - Expansion,001A008730,Expansion,Account Management,005A0004,2025-01-31,2025-03-07,Closed Lost,Omitted,14400.00,GBP,1,0,No decision / status quo,Workato,,,2025-03-09
006O0003548,Opalworks - Expansion,001A008730,Expansion,Account Management,005A0004,2025-08-24,2025-11-18,Closed Lost,Omitted,22800.00,GBP,1,0,Missing feature / integration,Workato,,,2025-11-21
006O0003549,Ternline - Expansion,001A007371,Expansion,Account Management,005A0021,2025-07-04,2025-07-15,Closed Won,Closed,6500.00,USD,1,1,,,,,2025-07-24
006O0003550,Zephfield - Expansion,001A002583,Expansion,Account Management,005A0024,2025-02-15,2025-03-31,Closed Won,Closed,21200.00,EUR,1,1,,Zapier,,,2025-04-05
006O0003551,Zephfield - Expansion,001A002583,Expansion,Account Management,005A0024,2025-09-19,2025-11-06,Closed Lost,Omitted,20600.00,EUR,1,0,Chose self-hosted Community edition,,,,2025-11-11
006O0003552,Zephfield - Expansion,001A002583,Expansion,Account Management,005A0017,2026-07-26,2026-09-14,Closed Lost,Omitted,20700.00,EUR,1,0,Chose self-hosted Community edition,,,,2026-09-18
006O0003553,Oriogrid - Expansion,001A000731,Expansion,Account Management,005A0002,2024-12-28,2025-01-06,Closed Won,,3700.00,EUR,1,1,,,,,2025-01-21
006O0003554,Oriogrid - Expansion,001A000731,Expansion,Account Management,005A0024,2026-01-23,2026-02-08,Closed Won,Closed,4700.00,EUR,1,1,,,,,2026-02-08
006O0003555,Oriogrid - Expansion,001A000731,Expansion,Account Management,005A0024,2026-07-13,2026-08-01,Closed Won,Closed,5200.00,EUR,1,1,,,,,2026-08-06
006O0003556,Piracore - Expansion,001A007116,Expansion,Account Management,005A0006,2024-11-06,2024-11-30,Closed Lost,,21800.00,EUR,1,0,Champion left,Zapier,,,2025-01-20
006O0003557,Piracore - Expansion,001A007116,Expansion,Account Management,005A0006,2025-03-13,2025-04-21,Closed Won,Closed,18500.00,EUR,1,1,,Zapier,,,2025-04-23
006O0003558,Piracore - Expansion,001A007116,Expansion,Account Management,005A0006,2025-10-10,2025-12-04,Closed Won,Closed,11700.00,EUR,1,1,,,,,2025-12-07
006O0003559,Piracore - Expansion,001A007116,Expansion,Account Management,005A0006,2026-06-29,2026-07-23,Closed Won,Closed,6400.00,EUR,1,1,,Zapier,,,2026-07-26
006O0003560,Ivenflow - Expansion,001A005737,Expansion,Account Management,005A0012,2024-09-28,2025-09-09,Closed Lost,Omitted,4200.00,USD,1,0,Champion left,,,,2025-09-12
006O0003561,Ivenflow - Expansion,001A005737,Expansion,Account Management,005A0014,2026-02-11,2026-04-06,Closed Lost,Omitted,6400.00,USD,1,0,Chose self-hosted Community edition,,,,2026-04-13
006O0003562,Junofield - Expansion,001A002727,Expansion,Account Management,005A0002,2024-12-17,2024-12-29,Closed Won,,4200.00,EUR,1,1,,,,,2025-01-18
006O0003563,Junofield - Expansion,001A002727,Expansion,Account Management,005A0024,2025-08-20,2025-09-20,Closed Won,Closed,3000.00,EUR,1,1,,,,,2025-09-27
006O0003564,Junofield - Expansion,001A002727,Expansion,Account Management,005A0024,2026-03-06,2026-04-07,Closed Won,Closed,11000.00,EUR,1,1,,,,,2026-04-08
006O0003565,Koranet - Expansion,001A000263,Expansion,Account Management,005A0024,2025-01-26,2025-02-17,Closed Won,Closed,5200.00,EUR,1,1,,Tray.io,,,2025-02-19
006O0003566,Koranet - Expansion,001A000263,Expansion,Account Management,005A0002,2026-02-14,2026-03-02,Closed Won,Closed,3000.00,EUR,1,1,,Tray.io,,,2026-03-02
006O0003567,Oriopath - Expansion,001A001308,Expansion,Account Management,005A0000,2025-08-18,2025-10-03,Closed Won,Closed,38300.00,EUR,1,1,,,,,2025-10-07
006O0003568,Oriopath - Expansion,001A001308,Expansion,Account Management,005A0000,2026-04-11,2026-06-05,Closed Won,Closed,38900.00,EUR,1,1,,,,,2026-06-09
006O0003569,Oriopath - Expansion,001A001308,Expansion,Account Management,005A0022,2026-09-18,2026-11-07,1 - Discovery,Pipeline,39100.00,EUR,0,0,,,,,2026-09-21
006O0003570,Deltafield - Expansion,001A006780,Expansion,Account Management,005A0006,2024-11-02,2025-01-08,Closed Won,,4100.00,EUR,1,1,,,,,2025-01-15
006O0003571,Deltafield - Expansion,001A006780,Expansion,Account Management,005A0006,2025-05-16,2025-07-01,Closed Lost,Omitted,25600.00,EUR,1,0,Competitor - Zapier,,,,2025-07-06
006O0003572,Deltafield - Expansion,001A006780,Expansion,Account Management,005A0006,2026-09-04,2026-10-09,3 - Technical Validation,Best Case,27800.00,EUR,0,0,,,,Follow up,2026-09-19
006O0003573,Opalpoint - Expansion,001A005510,Expansion,Account Management,005A0024,2025-06-12,2025-07-10,Closed Lost,Omitted,7200.00,EUR,1,0,Champion left,,,,2025-07-11
006O0003574,Yaraworks - Expansion,001A002791,Expansion,Account Management,005A0002,2024-11-19,2024-12-06,Closed Won,,2700.00,EUR,1,1,,,,,2025-01-23
006O0003575,Yaraworks - Expansion,001A002791,Expansion,Account Management,005A0024,2025-12-09,2026-02-25,Closed Lost,Omitted,3200.00,EUR,1,0,Competitor - Make,,,,2026-03-04
006O0003576,Solvware - Expansion,001A005908,Expansion,Account Management,005A0004,2025-05-14,2025-07-04,Closed Won,Closed,16300.00,EUR,1,1,,,,,2025-07-14
006O0003577,Solvware - Expansion,001A005908,Expansion,Account Management,005A0020,2026-02-26,2026-06-05,Closed Lost,Omitted,34200.00,EUR,1,0,Missing feature / integration,Power Automate,,,2026-06-05
006O0003578,Runemark - Expansion,001A006213,Expansion,Account Management,005A0012,2025-03-06,2025-03-24,Closed Won,Closed,2800.00,USD,1,1,,Zapier,,,2025-04-03
006O0003579,Runemark - Expansion,001A006213,Expansion,Account Management,005A0021,2025-06-22,2025-07-09,Closed Won,Closed,3800.00,USD,1,1,,Zapier,,,2025-07-12
006O0003580,Runemark - Expansion,001A006213,Expansion,Account Management,005A0021,2025-10-29,2025-11-16,Closed Won,Closed,7700.00,USD,1,1,,Zapier,,,2025-11-22
006O0003581,Runemark - Expansion,001A006213,Expansion,Account Management,005A0014,2026-02-24,2026-03-16,Closed Won,Closed,2900.00,USD,1,1,,,,,2026-03-20
006O0003582,Opalstack - Expansion,001A004483,Expansion,Account Management,005A0003,2025-02-20,2025-03-13,Closed Lost,Omitted,37700.00,GBP,1,0,Price / budget,Workato,,,2025-03-17
006O0003583,Opalstack - Expansion,001A004483,Expansion,Account Management,005A0003,2025-06-22,2025-09-27,Closed Lost,Omitted,62700.00,GBP,1,0,Timing,,,,2025-09-29
006O0003584,Opalstack - Expansion,001A004483,Expansion,Account Management,005A0003,2026-03-30,2026-07-09,Closed Lost,Omitted,73400.00,GBP,1,0,Other,Workato,,,2026-07-14
006O0003585,Halosys - Expansion,001A008819,Expansion,Account Management,005A0015,2025-09-20,2025-11-07,Closed Won,Closed,14100.00,USD,1,1,,Custom scripts,,,2025-11-08
006O0003586,Halosys - Expansion,001A008819,Expansion,Account Management,005A0015,2026-07-23,2026-07-30,Closed Lost,Omitted,6200.00,USD,1,0,No decision / status quo,Custom scripts,,,2026-08-01
006O0003587,Kestpath - Expansion,001A006503,Expansion,Account Management,005A0012,2024-11-23,2024-12-27,Closed Won,,2600.00,USD,1,1,,Power Automate,,,2025-01-17
006O0003588,Kestpath - Expansion,001A006503,Expansion,Account Management,005A0013,2025-04-05,2025-10-28,Closed Lost,Omitted,2100.00,USD,1,0,Competitor - Power Automate,Power Automate,,,2025-11-02
006O0003589,Kestpath - Expansion,001A006503,Expansion,Account Management,005A0016,2026-05-15,2026-06-16,Closed Won,Closed,6100.00,USD,1,1,,Power Automate,,,2026-06-25
006O0003590,Nexavik - Expansion,001A007873,Expansion,,005A0001,2024-11-09,2025-01-22,Closed Lost,Omitted,14700.00,EUR,1,0,Competitor - Power Automate,,,,2025-01-22
006O0003591,Nexavik - Expansion,001A007873,Expansion,Account Management,005A0024,2025-07-04,2025-10-08,Closed Lost,Omitted,0.00,EUR,1,0,Security / compliance review,,,,2025-10-14
006O0003592,Nexavik - Expansion,001A007873,Expansion,Account Management,005A0017,2026-03-26,2026-05-10,Closed Won,Closed,10900.00,EUR,1,1,,Workato,,,2026-05-20
006O0003593,Pirapath - Expansion,001A005546,Expansion,Account Management,005A0024,2024-12-06,2025-08-13,Closed Lost,Omitted,1800.00,USD,1,0,Competitor - Zapier,Zapier,,,2025-08-19
006O0003594,Pirapath - Expansion,001A005546,Expansion,Account Management,005A0015,2026-02-11,2026-02-27,Closed Lost,Omitted,4700.00,USD,1,0,Competitor - Zapier,Zapier,,,2026-03-07
006O0003595,Kesttech - Expansion,001A000232,Expansion,Account Management,005A0015,2025-12-17,2026-02-26,Closed Won,Closed,80900.00,USD,1,1,,,,,2026-03-05
006O0003596,Kesttech - Expansion,001A000232,Expansion,Account Management,005A0015,2026-06-14,2026-08-11,Closed Won,Closed,29600.00,USD,1,1,,Zapier,,,2026-08-14
006O0003597,Vexpath - Expansion,001A007871,Expansion,Account Management,005A0024,2025-07-31,2025-08-16,Closed Won,Closed,10400.00,EUR,1,1,,Zapier,,,2025-08-19
006O0003598,Vexpath - Expansion,001A007871,Expansion,Account Management,005A0002,2026-02-13,2026-03-13,Closed Won,Closed,3400.00,EUR,1,1,,,,,2026-03-16
006O0003599,Vexpath - Expansion,001A007871,Expansion,Account Management,005A0002,2026-07-04,2026-09-19,3 - Technical Validation,Best Case,4500.00,EUR,0,0,,,,,2026-09-16
006O0003600,Valivik - Expansion,001A003586,Expansion,Account Management,005A0006,2025-06-23,2025-07-18,Closed Lost,Omitted,8800.00,EUR,1,0,,,,,2025-07-25
006O0003601,Valivik - Expansion,001A003586,Expansion,Account Management,005A0006,2025-12-23,2026-02-17,Closed Lost,Omitted,11200.00,EUR,1,0,,,,,2026-02-22
006O0003602,Valivik - Expansion,001A003586,Expansion,Account Management,005A0006,2026-08-03,2026-10-17,4 - Proposal,Best Case,18800.00,EUR,0,0,,,,,2026-09-15
006O0003603,Vexstack - Expansion,001A002943,Expansion,Account Management,005A0002,2025-07-24,2025-08-23,Closed Lost,Omitted,0.00,EUR,1,0,No decision / status quo,Zapier,,,2025-08-24
006O0003604,Vexstack - Expansion,001A002943,Expansion,Account Management,005A0002,2026-02-21,2026-03-13,Closed Won,Closed,5400.00,EUR,1,1,,Zapier,,,2026-03-20
006O0003605,Fjelworks - Expansion,001A004809,Expansion,Account Management,005A0013,2025-05-29,2025-06-19,Closed Won,Closed,20200.00,USD,1,1,,Tray.io,,,2025-06-26
006O0003606,Runelogic - Expansion,001A006158,Expansion,Account Management,005A0024,2025-04-04,2025-05-11,Closed Lost,Omitted,15600.00,EUR,1,0,Missing feature / integration,,,,2025-05-19
006O0003607,Runelogic - Expansion,001A006158,Expansion,Account Management,005A0024,2026-06-14,2026-07-08,Closed Won,Closed,3600.00,EUR,1,1,,Make,,,2026-07-10
006O0003608,Bramlogic - Expansion,001A001865,Expansion,Account Management,005A0019,2025-02-27,2025-03-27,Closed Lost,Omitted,,USD,1,0,Chose self-hosted Community edition,Make,,,2025-03-31
006O0003609,Bramlogic - Expansion,001A001865,Expansion,Account Management,005A0023,2026-04-25,2026-05-24,Closed Won,Closed,16800.00,USD,1,1,,Make,,,2026-05-29
006O0003610,Coballabs - Expansion,001A006141,Expansion,Account Management,005A0024,2025-09-01,2025-10-31,Closed Won,Closed,12300.00,EUR,1,1,,Workato,,,2025-11-09
006O0003611,Fjelnet - Expansion,001A004673,Expansion,Account Management,005A0005,2025-01-24,2025-06-19,Closed Lost,Omitted,3200.00,GBP,1,0,Unresponsive,,,,2025-06-20
006O0003612,Fjelnet - Expansion,001A004673,Expansion,Account Management,005A0005,2025-10-26,2026-02-10,Closed Lost,Omitted,5900.00,GBP,1,0,Price / budget,Power Automate,,,2026-02-13
006O0003613,Fjelnet - Expansion,001A004673,Expansion,Account Management,005A0005,2026-08-09,2026-08-25,Closed Won,Closed,8700.00,GBP,1,1,,Power Automate,,,2026-08-31
006O0003614,Orioware - Expansion,001A005461,Expansion,Account Management,005A0000,2025-03-10,2025-04-06,Closed Won,Closed,19600.00,EUR,1,1,,,,,2025-04-14
006O0003615,Orioware - Expansion,001A005461,Expansion,Account Management,005A0017,2025-12-24,2026-01-28,Closed Won,Closed,28500.00,EUR,1,1,,,,,2026-02-01
006O0003616,Altolabs - Expansion,001A005909,Expansion,Account Management,005A0000,2025-07-15,2025-09-19,Closed Lost,Omitted,22900.00,EUR,1,0,Price / budget,,,,2025-09-26
006O0003617,Altolabs - Expansion,001A005909,Expansion,Account Management,005A0017,2026-05-24,2026-07-15,Closed Lost,Omitted,28900.00,EUR,1,0,Champion left,Make,,,2026-07-21
006O0003618,Nordworks - Expansion,001A000310,Expansion,Account Management,005A0006,2025-03-09,2025-04-21,Closed Won,Closed,26400.00,EUR,1,1,,,,,2025-04-28
006O0003619,Nordworks - Expansion,001A000310,Expansion,Account Management,005A0006,2026-03-08,2026-10-29,5 - Negotiation,Commit,10900.00,EUR,0,0,,,,Tech validation call,2026-09-13
006O0003620,Runeflow - Expansion,001A008348,Expansion,Account Management,005A0000,2025-04-24,2025-07-08,Closed Won,Closed,55400.00,EUR,1,1,,Power Automate,,,2025-07-14
006O0003621,Runeflow - Expansion,001A008348,Expansion,Account Management,005A0000,2026-06-11,2026-07-15,Closed Won,Closed,35400.00,EUR,1,1,,Power Automate,,,2026-07-21
006O0003622,Granmark - Expansion,001A004581,Expansion,Account Management,005A0012,2025-02-24,2025-12-18,Closed Lost,Omitted,48800.00,USD,1,0,Chose self-hosted Community edition,,,,2025-12-21
006O0003623,Granmark - Expansion,001A004581,Expansion,Account Management,005A0018,2026-03-29,2026-04-20,Closed Won,Closed,8400.00,USD,1,1,,,,,2026-04-29
006O0003624,Umbrastack - Expansion,001A002729,Expansion,Account Management,005A0019,2025-02-02,2025-03-09,Closed Lost,Omitted,8700.00,USD,1,0,Chose self-hosted Community edition,,,,2025-03-12
006O0003625,Umbrastack - Expansion,001A002729,Expansion,Account Management,005A0016,2026-02-15,2026-03-20,Closed Lost,Omitted,19400.00,USD,1,0,Missing feature / integration,Custom scripts,,,2026-03-27
006O0003626,Zephfield - Expansion,001A008897,Expansion,Account Management,005A0004,2025-11-23,2026-01-21,Closed Won,Closed,23700.00,EUR,1,1,,Custom scripts,,,2026-01-27
006O0003627,Zephfield - Expansion,001A008897,Expansion,Account Management,005A0004,2026-05-16,2026-10-14,5 - Negotiation,Commit,41600.00,EUR,0,0,,Custom scripts,,Send proposal,2026-09-06
006O0003628,Asternet - Expansion,001A007982,Expansion,Account Management,005A0015,2025-04-25,2025-05-15,Closed Lost,Omitted,30700.00,USD,1,0,Unresponsive,Power Automate,,,2025-05-20
006O0003629,Asternet - Expansion,001A007982,Expansion,Account Management,005A0015,2025-09-19,2026-02-20,Closed Lost,Omitted,26200.00,USD,1,0,No decision / status quo,Power Automate,,,2026-02-26
006O0003630,Piraware - Expansion,001A008911,Expansion,Account Management,005A0007,2025-07-08,2025-07-26,Closed Lost,Omitted,73900.00,EUR,1,0,Competitor - Zapier,,,,2025-07-28
006O0003631,Nordlogic - Expansion,001A006496,Expansion,Account Management,005A0009,2025-07-29,2025-08-23,Closed Won,Closed,21200.00,EUR,1,1,,Custom scripts,,,2025-08-29
006O0003632,Nordlogic - Expansion,001A006496,Expansion,Account Management,005A0009,2026-01-20,2026-03-13,Closed Won,Closed,7600.00,EUR,1,1,,Custom scripts,,,2026-03-22
006O0003633,Junopoint - Expansion,001A008046,Expansion,Account Management,005A0013,2025-04-08,2025-05-25,Closed Lost,Omitted,21400.00,USD,1,0,Chose self-hosted Community edition,,,,2025-06-01
006O0003634,Junopoint - Expansion,001A008046,Expansion,Account Management,005A0013,2026-01-03,2026-03-04,Closed Lost,Omitted,7600.00,USD,1,0,Price / budget,,,,2026-03-09
006O0003635,Junopoint - Expansion,001A008046,Expansion,Account Management,005A0023,2026-07-09,2026-07-25,Closed Lost,Omitted,5900.00,USD,1,0,Other,,,,2026-07-28
006O0003636,Lyraline - Expansion,001A008277,Expansion,Account Management,005A0021,2025-03-07,2025-03-22,Closed Won,Closed,6700.00,USD,1,1,,,,,2025-03-31
006O0003637,Lyraline - Expansion,001A008277,Expansion,Account Management,005A0021,2025-07-29,2025-08-12,Closed Won,Closed,6500.00,USD,1,1,,Workato,,,2025-08-20
006O0003638,Xenowave - Expansion,001A007950,Expansion,Account Management,005A0013,2025-05-14,2025-07-10,Closed Won,Closed,15000.00,USD,1,1,,,,,2025-07-15
006O0003639,Xenowave - Expansion,001A007950,Expansion,Account Management,005A0023,2026-04-04,2026-04-27,Closed Lost,Omitted,11100.00,USD,1,0,Competitor - Zapier,Tray.io,,,2026-04-29
006O0003640,Runeline - Expansion,001A006716,Expansion,Account Management,005A0013,2025-03-21,2025-04-10,Closed Won,Closed,13700.00,USD,1,1,,,,,2025-04-12
006O0003641,Runeline - Expansion,001A006716,Expansion,Account Management,005A0013,2025-07-28,2025-09-13,Closed Won,Closed,27000.00,USD,1,1,,,,,2025-09-18
006O0003642,Runeline - Expansion,001A006716,Expansion,Account Management,005A0023,2026-02-16,2026-03-18,Closed Won,Closed,15100.00,USD,1,1,,,,,2026-03-21
006O0003643,Granstack - Expansion,001A001150,Expansion,Account Management,005A0002,2025-04-04,2025-04-17,Closed Won,Closed,5400.00,EUR,1,1,,,,,2025-04-27
006O0003644,Granstack - Expansion,001A001150,Expansion,Account Management,005A0002,2025-08-08,2025-08-26,Closed Won,Closed,3400.00,EUR,1,1,,Make,,,2025-09-04
006O0003645,Granstack - Expansion,001A001150,Expansion,Account Management,005A0002,2026-01-16,2026-02-04,Closed Won,Closed,5700.00,EUR,1,1,,Make,,,2026-02-10
006O0003646,Granstack - Expansion,001A001150,Expansion,Account Management,005A0024,2026-09-13,2026-09-26,3 - Technical Validation,Best Case,7200.00,EUR,0,0,,,,,2026-09-21
006O0003647,Runedata - Expansion,001A007342,Expansion,Account Management,005A0019,2025-02-18,2025-05-23,Closed Lost,Omitted,4900.00,USD,1,0,Chose self-hosted Community edition,Zapier,,,2025-05-31
006O0003648,Runedata - Expansion,001A007342,Expansion,Account Management,005A0016,2026-01-17,2026-03-05,Closed Lost,Omitted,8300.00,USD,1,0,Champion left,,,,2026-03-10
006O0003649,Mosawave - Expansion,001A003795,Expansion,Account Management,005A0019,2025-06-15,2025-10-30,Closed Lost,Omitted,82300.00,USD,1,0,Price / budget,,,,2025-11-09
006O0003650,Mosawave - Expansion,001A003795,Expansion,Account Management,005A0012,2026-05-18,2026-08-11,Closed Won,Closed,74500.00,USD,1,1,,,,,2026-08-14
006O0003651,Cirawave - Expansion,001A003624,Expansion,Account Management,005A0021,2025-03-23,2025-04-08,Closed Won,Closed,3400.00,USD,1,1,,Make,,,2025-04-15
006O0003652,Opalfield - Expansion,001A003124,Expansion,Account Management,005A0002,2025-01-28,2025-02-26,Closed Won,Closed,5200.00,EUR,1,1,,,,,2025-03-03
006O0003653,Opalfield - Expansion,001A003124,Expansion,Account Management,005A0002,2025-11-01,2025-11-26,Closed Won,Closed,9400.00,EUR,1,1,,,,,2025-11-30
006O0003654,Strafield - Expansion,001A001617,Expansion,Account Management,005A0014,2025-10-15,2025-11-04,Closed Won,Closed,4500.00,USD,1,1,,,,,2025-11-09
006O0003655,Strafield - Expansion,001A001617,Expansion,Account Management,005A0014,2026-07-07,2026-07-15,Closed Won,Closed,6200.00,USD,1,1,,,,,2026-07-19
006O0003656,Ciracore - Expansion,001A007120,Expansion,Account Management,005A0006,2025-05-29,2025-07-23,Closed Lost,Omitted,10200.00,EUR,1,0,Unresponsive,,,,2025-07-23
006O0003657,Talafield - Expansion,001A000393,Expansion,Account Management,005A0019,2025-02-20,2025-03-27,Closed Won,Closed,7500.00,USD,1,1,,Zapier,,,2025-04-04
006O0003658,Talafield - Expansion,001A000393,Expansion,Account Management,005A0013,2025-07-23,2025-10-15,Closed Lost,Omitted,33900.00,USD,1,0,Chose self-hosted Community edition,Zapier,,,2025-10-23
006O0003659,Talafield - Expansion,001A000393,Expansion,Account Management,005A0018,2026-03-08,2026-03-29,Closed Won,Closed,15600.00,USD,1,1,,Zapier,,,2026-04-06
006O0003660,Opalbridge - Expansion,001A008302,Expansion,Account Management,005A0004,2025-07-20,2025-11-27,Closed Lost,Omitted,15100.00,GBP,1,0,Chose self-hosted Community edition,,,,2025-12-06
006O0003661,Opalbridge - Expansion,001A008302,Expansion,Account Management,005A0020,2026-04-10,2026-05-06,Closed Lost,Omitted,14200.00,GBP,1,0,Price / budget,,,,2026-05-10
006O0003662,Yarapoint - Expansion,001A007701,Expansion,Account Management,005A0007,2025-04-03,2025-05-16,Closed Lost,Omitted,2300.00,EUR,1,0,No decision / status quo,,,,2025-05-25
006O0003663,Yarapoint - Expansion,001A007701,Expansion,Account Management,005A0008,2026-01-20,2026-04-20,Closed Lost,Omitted,2000.00,EUR,1,0,Missing feature / integration,,,,2026-04-26
006O0003664,Bramcore - Expansion,001A002625,Expansion,Account Management,005A0009,2025-05-09,2025-05-27,Closed Lost,Omitted,20300.00,EUR,1,0,Timing,,,,2025-05-29
006O0003665,Bramcore - Expansion,001A002625,Expansion,Account Management,005A0009,2026-04-25,2026-06-28,Closed Won,Closed,24200.00,EUR,1,1,,,,,2026-07-05
006O0003666,Solvsys - Expansion,001A000925,Expansion,Account Management,005A0004,2026-01-29,2026-02-18,Closed Won,Closed,5900.00,GBP,1,1,,,,,2026-02-20
006O0003667,Solvsys - Expansion,001A000925,Expansion,Account Management,005A0004,2026-06-26,2026-07-08,Closed Lost,Omitted,4800.00,GBP,1,0,Chose self-hosted Community edition,,,,2026-07-17
006O0003668,Lumoline - Expansion,001A008864,Expansion,Account Management,005A0002,2025-07-16,2025-08-03,Closed Won,Closed,4700.00,EUR,1,1,,Zapier,,,2025-08-04
006O0003669,Lumoline - Expansion,001A008864,Expansion,Account Management,005A0002,2025-12-04,2025-12-17,Closed Won,Closed,7400.00,EUR,1,1,,Zapier,,,2025-12-26
006O0003670,Ivenflow - Expansion,001A005842,Expansion,Account Management,005A0005,2025-04-10,2025-05-07,Closed Won,Closed,3900.00,GBP,1,1,,,,,2025-05-16
006O0003671,Ivenflow - Expansion,001A005842,Expansion,,005A0005,2026-01-19,2026-08-06,Closed Lost,Omitted,4800.00,GBP,1,0,Price / budget,Custom scripts,,,2026-08-12
006O0003672,Fjelpath - Expansion,001A000167,Expansion,Account Management,005A0023,2026-06-07,2026-07-12,Closed Lost,Omitted,21100.00,USD,1,0,Competitor - Workato,Workato,,,2026-07-19
006O0003673,Bramworks - Expansion,001A004102,Expansion,Account Management,005A0008,2026-06-21,2026-06-30,Closed Won,Closed,1600.00,EUR,1,1,,Zapier,,,2026-07-01
006O0003674,Xenoflow - Expansion,001A007678,Expansion,Account Management,005A0015,2025-06-05,2025-08-08,Closed Lost,Omitted,33200.00,USD,1,0,Competitor - Power Automate,Power Automate,,,2025-08-10
006O0003675,Xenoflow - Expansion,001A007678,Expansion,Account Management,005A0015,2025-11-10,2025-11-26,Closed Lost,Omitted,13800.00,USD,1,0,Competitor - Workato,,,,2025-12-04
006O0003676,Xenoflow - Expansion,001A007678,Expansion,Account Management,005A0015,2026-03-18,2026-04-03,Closed Lost,Omitted,11500.00,USD,1,0,Competitor - Power Automate,,,,2026-04-06
006O0003677,Deltatech - Expansion,001A008259,Expansion,Account Management,005A0014,2026-05-06,2026-05-23,Closed Won,Closed,4800.00,USD,1,1,,,,,2026-06-01
006O0003678,Solvflow - Expansion,001A001585,Expansion,Account Management,005A0015,2025-04-17,2025-06-19,Closed Lost,Omitted,24900.00,USD,1,0,Competitor - Workato,,,,2025-06-23
006O0003679,Solvflow - Expansion,001A001585,Expansion,,005A0015,2026-02-12,2026-04-07,Closed Won,Closed,35000.00,USD,1,1,,Zapier,,,2026-04-13
006O0003680,Evocore - Expansion,001A000369,Expansion,Account Management,005A0006,2025-03-25,2025-05-05,Closed Won,Closed,14700.00,USD,1,1,,,,,2025-05-07
006O0003681,Evocore - Expansion,001A000369,Expansion,Account Management,005A0015,2025-12-08,2026-01-16,Closed Won,Closed,,USD,1,1,,,,,2026-01-24
006O0003682,Zephsys - Expansion,001A008112,Expansion,Account Management,005A0015,2025-07-02,2025-11-22,Closed Lost,Omitted,33500.00,USD,1,0,Competitor - Workato,Tray.io,,,2025-11-24
006O0003683,Zephsys - Expansion,001A008112,Expansion,Account Management,005A0015,2026-07-01,2026-09-19,2 - Qualification,Pipeline,59800.00,USD,0,0,,,,Legal review,2026-09-05
006O0003684,Solvlogic - Expansion,001A007212,Expansion,Account Management,005A0021,2025-04-18,2025-05-10,Closed Won,Closed,7900.00,USD,1,1,,,,,2025-05-16
006O0003685,Solvlogic - Expansion,001A007212,Expansion,Account Management,005A0014,2025-11-30,2025-12-12,Closed Won,Closed,3200.00,USD,1,1,,,,,2025-12-21
006O0003686,Grangrid - Expansion,001A007637,Expansion,Account Management,005A0015,2025-04-09,2025-05-02,Closed Won,Closed,3800.00,USD,1,1,,,,,2025-05-03
006O0003687,Grangrid - Expansion,001A007637,Expansion,Account Management,005A0015,2025-08-03,2025-08-30,Closed Won,Closed,5200.00,USD,1,1,,Zapier,,,2025-09-01
006O0003688,Grangrid - Expansion,001A007637,Expansion,Account Management,005A0015,2026-06-20,2026-07-13,Closed Won,Closed,11500.00,USD,1,1,,,,,2026-07-14
006O0003689,Quarstack - Expansion,001A003936,Expansion,Account Management,005A0011,2025-07-07,2025-08-23,Closed Won,Closed,90200.00,EUR,1,1,,,,,2025-08-28
006O0003690,Quarstack - Expansion,001A003936,Expansion,Account Management,005A0011,2026-03-21,2026-05-15,Closed Won,Closed,36800.00,EUR,1,1,,Zapier,,,2026-05-23
006O0003691,Haloworks - Expansion,001A007454,Expansion,Account Management,005A0015,2025-08-09,2025-10-05,Closed Won,Closed,36100.00,USD,1,1,,,,,2025-10-07
006O0003692,Haloworks - Expansion,001A007454,Expansion,Account Management,005A0015,2026-05-08,2026-06-29,Closed Won,Closed,42600.00,USD,1,1,,,,,2026-07-04
006O0003693,Nexapoint - Expansion,001A005794,Expansion,Account Management,005A0021,2025-04-12,2025-05-02,Closed Won,Closed,1900.00,USD,1,1,,,,,2025-05-05
006O0003694,Nexapoint - Expansion,001A005794,Expansion,Account Management,005A0014,2026-04-04,2026-05-04,Closed Lost,Omitted,2500.00,USD,1,0,Timing,,,,2026-05-11
006O0003695,Asterlogic - Expansion,001A004076,Expansion,Account Management,005A0023,2026-07-26,2026-08-28,Closed Won,Closed,8100.00,USD,1,1,,,,,2026-08-30
006O0003696,Evowave - Expansion,001A003781,Expansion,Account Management,005A0021,2025-07-16,2025-08-20,Closed Won,Closed,5200.00,USD,1,1,,,,,2025-08-29
006O0003697,Runepath - Expansion,001A004365,Expansion,Account Management,005A0024,2025-05-15,2025-06-18,Closed Won,Closed,4500.00,EUR,1,1,,,,,2025-06-23
006O0003698,Runepath - Expansion,001A004365,Expansion,Account Management,005A0017,2026-02-16,2026-03-26,Closed Won,Closed,8100.00,EUR,1,1,,,,,2026-03-31
006O0003699,Miralabs - Expansion,001A007223,Expansion,Account Management,005A0002,2026-05-07,2026-05-30,Closed Won,Closed,8200.00,EUR,1,1,,Make,,,2026-06-05
006O0003700,Talacore - Expansion,001A001035,Expansion,Account Management,005A0019,2025-06-02,2025-07-13,Closed Won,Closed,67700.00,USD,1,1,,,,,2025-07-22
006O0003701,Talacore - Expansion,001A001035,Expansion,Account Management,005A0012,2026-03-06,2026-06-15,Closed Won,Closed,65600.00,USD,1,1,,,,,2026-06-24
006O0003702,Pirafield - Expansion,001A008228,Expansion,Account Management,005A0015,2025-12-26,2026-01-28,Closed Lost,Omitted,7900.00,USD,1,0,Unresponsive,Custom scripts,,,2026-02-04
006O0003703,Fjelpath - Expansion,001A006397,Expansion,Account Management,005A0024,2025-11-07,2025-12-27,Closed Lost,Omitted,27900.00,EUR,1,0,Competitor - Zapier,Zapier,,,2025-12-29
006O0003704,Fjelpath - Expansion,001A006397,Expansion,Account Management,005A0017,2026-05-03,2026-10-22,5 - Negotiation,Commit,9000.00,EUR,0,0,,,,Security questionnaire,2026-08-28
006O0003705,Yaradata - Expansion,001A001128,Expansion,Account Management,005A0021,2025-03-22,2025-05-15,Closed Lost,Omitted,6700.00,USD,1,0,Missing feature / integration,,,,2025-05-20
006O0003706,Yaradata - Expansion,001A001128,Expansion,Account Management,005A0014,2025-09-20,2025-10-06,Closed Won,Closed,4000.00,USD,1,1,,,,,2025-10-16
006O0003707,Orioware - Expansion,001A004989,Expansion,Account Management,005A0000,2025-10-30,2025-11-27,Closed Lost,Omitted,23600.00,EUR,1,0,Timing,Zapier,,,2025-12-02
006O0003708,Orioware - Expansion,001A004989,Expansion,Account Management,005A0017,2026-09-03,2026-10-04,3 - Technical Validation,Commit,30400.00,EUR,0,0,,Zapier,,Tech validation call,2026-09-21
006O0003709,Quarbridge - Expansion,001A006923,Expansion,Account Management,005A0007,2025-09-11,2025-12-05,Closed Won,Closed,41600.00,EUR,1,1,,Zapier,,,2025-12-10
006O0003710,Quarbridge - Expansion,001A006923,Expansion,Account Management,005A0007,2026-04-04,2026-06-17,Closed Won,Closed,68600.00,EUR,1,1,,,,,2026-06-19
006O0003711,Cobalbridge - Expansion,001A002410,Expansion,Account Management,005A0021,2025-06-10,2025-07-14,Closed Lost,Omitted,2800.00,USD,1,0,Competitor - Make,,,,2025-07-23
006O0003712,Cobalbridge - Expansion,001A002410,Expansion,Account Management,005A0014,2026-03-10,2026-03-24,Closed Won,Closed,8500.00,USD,1,1,,,,,2026-03-28
006O0003713,Oriopath - Expansion,001A004951,Expansion,Account Management,005A0023,2026-05-14,2026-06-12,Closed Won,Closed,6700.00,USD,1,1,,,,,2026-06-15
006O0003714,Lyraflow - Expansion,001A003713,Expansion,Account Management,005A0021,2025-05-28,2025-09-13,Closed Lost,Omitted,5100.00,USD,1,0,Competitor - Workato,Zapier,,,2025-09-17
006O0003715,Lyraflow - Expansion,001A003713,Expansion,Account Management,005A0014,2026-05-10,2026-06-18,Closed Lost,Omitted,3000.00,USD,1,0,Chose self-hosted Community edition,Zapier,,,2026-06-23
006O0003716,Haloline - Expansion,001A005943,Expansion,Account Management,005A0013,2025-05-17,2025-11-29,Closed Lost,Omitted,22900.00,USD,1,0,Competitor - Make,,,,2025-12-09
006O0003717,Piraware - Expansion,001A008813,Expansion,Account Management,005A0015,2025-04-19,2025-05-26,Closed Lost,Omitted,13800.00,USD,1,0,Chose self-hosted Community edition,,,,2025-06-04
006O0003718,Piraware - Expansion,001A008813,Expansion,,005A0015,2026-03-15,2026-04-02,Closed Won,Closed,19600.00,USD,1,1,,,,,2026-04-05
006O0003719,Sellastack - Expansion,001A002742,Expansion,Account Management,005A0017,2026-02-02,2026-03-07,Closed Lost,Omitted,29000.00,EUR,1,0,Unresponsive,,,,2026-03-10
006O0003720,Kestlabs - Expansion,001A001666,Expansion,Account Management,005A0018,2026-04-03,2026-05-17,Closed Won,Closed,13100.00,USD,1,1,,,,,2026-05-23
006O0003721,Sellaflow - Expansion,001A003523,Expansion,Account Management,005A0008,2025-08-07,2025-10-02,Closed Lost,Omitted,3600.00,EUR,1,0,Security / compliance review,Power Automate,,,2025-10-03
006O0003722,Sellaflow - Expansion,001A003523,Expansion,Account Management,005A0008,2026-01-16,2026-03-23,Closed Lost,Omitted,3900.00,EUR,1,0,Competitor - Zapier,Power Automate,,,2026-03-29
006O0003723,Fjeltech - Expansion,001A007815,Expansion,Account Management,005A0009,2025-09-20,2025-10-23,Closed Won,Closed,7400.00,EUR,1,1,,,,,2025-10-24
006O0003724,Lyraworks - Expansion,001A003099,Expansion,Account Management,005A0000,2025-04-18,2026-02-10,Closed Lost,Omitted,28400.00,EUR,1,0,Security / compliance review,,,,2026-02-17
006O0003725,Cobalworks - Expansion,001A003152,Expansion,Account Management,005A0009,2025-08-01,2025-08-11,Closed Lost,Omitted,14700.00,EUR,1,0,Price / budget,,,,2025-08-11
006O0003726,Cobalworks - Expansion,001A003152,Expansion,Account Management,005A0009,2025-12-30,2026-01-30,Closed Won,Closed,40900.00,EUR,1,1,,,,,2026-02-07
006O0003727,Cobalworks - Expansion,001A003152,Expansion,Account Management,005A0009,2026-07-20,2026-08-17,Closed Won,Closed,9300.00,EUR,1,1,,,,,2026-08-25
006O0003728,Kestgrid - Expansion,001A003347,Expansion,Account Management,005A0014,2025-12-16,2026-02-07,Closed Lost,Omitted,2300.00,USD,1,0,Competitor - Zapier,,,,2026-02-13
006O0003729,Kestgrid - Expansion,001A003347,Expansion,Account Management,005A0014,2026-06-12,2026-06-27,Closed Won,Closed,7700.00,USD,1,1,,,,,2026-07-02
006O0003730,Zephbridge - Expansion,001A004325,Expansion,Account Management,005A0006,2025-04-22,2025-05-24,Closed Won,Closed,10800.00,EUR,1,1,,Zapier,,,2025-05-26
006O0003731,Zephbridge - Expansion,001A004325,Expansion,Account Management,005A0006,2025-11-18,2026-04-15,Closed Lost,Omitted,16400.00,EUR,1,0,Missing feature / integration,Zapier,,,2026-04-18
006O0003732,Fjelgrid - Expansion,001A004620,Expansion,Account Management,005A0004,2025-06-01,2025-08-03,Closed Lost,Omitted,24900.00,GBP,1,0,Competitor - Zapier,,,,2025-08-06
006O0003733,Fjelgrid - Expansion,001A004620,Expansion,Account Management,005A0020,2026-02-15,2026-04-09,Closed Won,Closed,13100.00,GBP,1,1,,,,,2026-04-09
006O0003734,Asterlogic - Expansion,001A001446,Expansion,Account Management,005A0015,2026-01-08,2026-01-20,Closed Won,Closed,7800.00,USD,1,1,,Power Automate,,,2026-01-30
006O0003735,Asterlogic - Expansion,001A001446,Expansion,Account Management,005A0015,2026-06-25,2026-07-16,Closed Won,Closed,16800.00,USD,1,1,,Power Automate,,,2026-07-18
006O0003736,Xenodata - Expansion,001A001934,Expansion,Account Management,005A0021,2025-06-28,2025-12-23,Closed Lost,Omitted,10200.00,USD,1,0,Price / budget,,,,2025-12-27
006O0003737,Xenodata - Expansion,001A001934,Expansion,Account Management,005A0014,2026-08-15,2026-10-11,4 - Proposal,Best Case,5400.00,USD,0,0,,,,,2026-09-07
006O0003738,Valicore - Expansion,001A008016,Expansion,,005A0018,2026-02-14,2026-03-25,Closed Won,Closed,13100.00,USD,1,1,,Workato,,,2026-04-02
006O0003739,Valicore - Expansion,001A008016,Expansion,Account Management,005A0018,2026-09-14,2026-10-06,2 - Qualification,Pipeline,7200.00,USD,0,0,,,,Security questionnaire,2026-09-19
006O0003740,Wendtech - Expansion,001A007094,Expansion,Account Management,005A0021,2025-06-16,2025-06-28,Closed Won,Closed,2400.00,USD,1,1,,,,,2025-06-29
006O0003741,Wendtech - Expansion,001A007094,Expansion,,005A0014,2026-03-06,2026-05-16,Closed Lost,Omitted,3500.00,USD,1,0,No decision / status quo,,,,2026-05-21
006O0003742,Xenoworks - Expansion,001A005960,Expansion,Account Management,005A0024,2025-07-13,2025-08-19,Closed Won,Closed,8000.00,EUR,1,1,,,,,2025-08-27
006O0003743,Xenoworks - Expansion,001A005960,Expansion,Account Management,005A0024,2025-12-26,2026-01-14,Closed Won,Closed,,EUR,1,1,,Make,,,2026-01-19
006O0003744,Xenoworks - Expansion,001A005960,Expansion,Account Management,005A0024,2026-04-14,2026-05-26,Closed Lost,Omitted,3400.00,EUR,1,0,Price / budget,,,,2026-05-30
006O0003745,Xenotech - Expansion,001A003881,Expansion,Account Management,005A0015,2025-07-14,2025-09-13,Closed Won,Closed,40400.00,USD,1,1,,Custom scripts,,,2025-09-19
006O0003746,Xenotech - Expansion,001A003881,Expansion,Account Management,005A0015,2026-08-15,2026-09-24,1 - Discovery,Pipeline,40100.00,USD,0,0,,,,Tech validation call,2026-08-15
006O0003747,Pirabridge - Expansion,001A007783,Expansion,Account Management,005A0005,2025-04-23,2025-05-19,Closed Won,Closed,5000.00,GBP,1,1,,,,,2025-05-27
006O0003748,Pirabridge - Expansion,001A007783,Expansion,Account Management,005A0005,2026-01-12,2026-03-09,Closed Lost,Omitted,3600.00,GBP,1,0,Champion left,,,,2026-03-10
006O0003749,Junoline - Expansion,001A007806,Expansion,Account Management,005A0014,2026-03-02,2026-03-17,Closed Won,Closed,6100.00,USD,1,1,,,,,2026-03-19
006O0003750,Piralabs - Expansion,001A007784,Expansion,Account Management,005A0006,2025-07-26,2025-08-30,Closed Won,Closed,3900.00,EUR,1,1,,Workato,,,2025-09-07
006O0003751,Piralabs - Expansion,001A007784,Expansion,Account Management,005A0006,2025-12-29,2026-02-26,Closed Won,Closed,15900.00,EUR,1,1,,Workato,,,2026-03-01
006O0003752,Talabridge - Expansion,001A006677,Expansion,Account Management,005A0021,2025-06-26,2025-07-16,Closed Won,Closed,3800.00,USD,1,1,,,,,2025-07-18
006O0003753,Talabridge - Expansion,001A006677,Expansion,Account Management,005A0016,2026-08-25,2026-09-25,3 - Technical Validation,Best Case,2600.00,USD,0,0,,,,Follow up,2026-09-19
006O0003754,Nordlabs - Expansion,001A001105,Expansion,Account Management,005A0019,2025-06-03,2025-09-12,Closed Lost,Omitted,27600.00,USD,1,0,No decision / status quo,,,,2025-09-19
006O0003755,Deltatech - Expansion,001A001338,Expansion,Account Management,005A0016,2026-01-10,2026-02-09,Closed Won,Closed,3400.00,USD,1,1,,Zapier,,,2026-02-18
006O0003756,Deltatech - Expansion,001A001338,Expansion,Account Management,005A0016,2026-06-06,2026-08-08,Closed Won,Closed,5400.00,USD,1,1,,,,,2026-08-12
006O0003757,Ternlabs - Expansion,001A002827,Expansion,Account Management,005A0005,2025-08-12,2025-09-14,Closed Won,Closed,5400.00,GBP,1,1,,,,,2025-09-18
006O0003758,Ternlabs - Expansion,001A002827,Expansion,Account Management,005A0005,2026-03-11,2026-04-02,Closed Won,Closed,2400.00,GBP,1,1,,Make,,,2026-04-05
006O0003759,Ternmark - Expansion,001A008507,Expansion,Account Management,005A0005,2025-06-06,2025-08-15,Closed Lost,Omitted,4600.00,GBP,1,0,,,,,2025-08-16
006O0003760,Ternmark - Expansion,001A008507,Expansion,Account Management,005A0005,2025-12-28,2026-06-16,Closed Lost,Omitted,1100.00,GBP,1,0,Competitor - Zapier,,,,2026-06-25
006O0003761,Astersys - Expansion,001A001073,Expansion,Account Management,005A0021,2025-04-05,2025-04-19,Closed Won,Closed,4100.00,USD,1,1,,Custom scripts,,,2025-04-24
006O0003762,Astersys - Expansion,001A001073,Expansion,Account Management,005A0015,2025-11-22,2025-12-02,Closed Won,Closed,3900.00,USD,1,1,,,,,2025-12-12
006O0003763,Astersys - Expansion,001A001073,Expansion,Account Management,005A0015,2026-06-21,2026-08-05,Closed Lost,Omitted,5600.00,USD,1,0,Timing,Custom scripts,,,2026-08-12
006O0003764,Borealine - Expansion,001A005214,Expansion,Account Management,005A0008,2025-08-01,2025-08-20,Closed Lost,Omitted,3100.00,EUR,1,0,Price / budget,,,,2025-08-21
006O0003765,Borealine - Expansion,001A005214,Expansion,Account Management,005A0008,2026-06-03,2026-07-03,Closed Lost,Omitted,2600.00,EUR,1,0,Timing,Power Automate,,,2026-07-08
006O0003766,Solvpath - Expansion,001A004499,Expansion,Account Management,005A0018,2026-04-28,2026-05-25,Closed Won,Closed,7300.00,USD,1,1,,,,,2026-06-03
006O0003767,Cirasys - Expansion,001A002233,Expansion,,005A0015,2026-06-20,2026-07-19,Closed Won,Closed,19900.00,USD,1,1,,,,,2026-07-26
006O0003768,Boreacore - Expansion,001A000809,Expansion,Account Management,005A0015,2025-10-07,2025-10-23,Closed Won,Closed,2200.00,USD,1,1,,,,,2025-11-02
006O0003769,Talanet - Expansion,001A007302,Expansion,Account Management,005A0013,2025-06-28,2025-08-29,Closed Won,Closed,23500.00,USD,1,1,,Make,,,2025-09-01
006O0003770,Talanet - Expansion,001A007302,Expansion,Account Management,005A0016,2026-01-21,2026-03-31,Closed Lost,Omitted,11500.00,USD,1,0,Competitor - Make,Make,,,2026-04-08
006O0003771,Talanet - Expansion,001A007302,Expansion,Account Management,005A0016,2026-09-12,2026-10-18,1 - Discovery,Pipeline,4700.00,USD,0,0,,Make,,Tech validation call,2026-09-17
006O0003772,Halowave - Expansion,001A006473,Expansion,Account Management,005A0021,2025-05-28,2025-08-29,Closed Lost,Omitted,5000.00,USD,1,0,Timing,,,,2025-09-02
006O0003773,Halowave - Expansion,001A006473,Expansion,Account Management,005A0014,2026-03-14,2026-04-10,Closed Won,Closed,7900.00,USD,1,1,,,,,2026-04-11
006O0003774,Halowave - Expansion,001A006473,Expansion,Account Management,005A0014,2026-08-24,2026-09-15,Closed Lost,Omitted,20300.00,USD,1,0,Competitor - Zapier,,,,2026-09-21
006O0003775,Ivendata - Expansion,001A006146,Expansion,Account Management,005A0021,2025-06-29,2025-07-20,Closed Won,Closed,2900.00,USD,1,1,,Make,,,2025-07-27
006O0003776,Ivendata - Expansion,001A006146,Expansion,Account Management,005A0014,2026-01-04,2026-01-27,Closed Won,Closed,8800.00,USD,1,1,,,,,2026-01-31
006O0003777,Ivendata - Expansion,001A006146,Expansion,Account Management,005A0014,2026-07-16,2026-08-14,Closed Won,Closed,3800.00,USD,1,1,,,,,2026-08-15
006O0003778,Nordsys - Expansion,001A002698,Expansion,Account Management,005A0006,2025-08-09,2025-09-16,Closed Won,Closed,12800.00,EUR,1,1,,Custom scripts,,,2025-09-16
006O0003779,Yaravik - Expansion,001A000688,Expansion,Account Management,005A0019,2025-11-29,2026-02-22,Closed Won,Closed,83000.00,USD,1,1,,,,,2026-02-27
006O0003780,Yaravik - Expansion,001A000688,Expansion,Account Management,005A0012,2026-07-12,2026-10-01,4 - Proposal,Best Case,33700.00,USD,0,0,,,,Legal review,2026-09-16
006O0003781,Miraworks - Expansion,001A000015,Expansion,Account Management,005A0004,2025-08-15,2025-09-13,Closed Lost,Omitted,20000.00,GBP,1,0,Competitor - Zapier,,,,2025-09-21
006O0003782,Miraworks - Expansion,001A000015,Expansion,Account Management,005A0020,2025-12-16,2026-03-21,Closed Lost,Omitted,7400.00,GBP,1,0,Competitor - Zapier,,,,2026-03-31
006O0003783,Miraworks - Expansion,001A000015,Expansion,Account Management,005A0004,2026-08-21,2026-09-23,3 - Technical Validation,Commit,15100.00,GBP,0,0,,,,Follow up,2026-09-04
006O0003784,Opalpoint - Expansion,001A002103,Expansion,Account Management,005A0015,2025-08-19,2025-10-09,Closed Won,Closed,60600.00,USD,1,1,,Custom scripts,,,2025-10-18
006O0003785,Opalpoint - Expansion,001A002103,Expansion,Account Management,005A0015,2026-02-07,2026-05-03,Closed Won,Closed,95200.00,USD,1,1,,Custom scripts,,,2026-05-12
006O0003786,Miraflow - Expansion,001A000073,Expansion,Account Management,005A0005,2025-07-28,2025-08-18,Closed Won,Closed,2600.00,GBP,1,1,,Workato,,,2025-08-27
006O0003787,Miraflow - Expansion,001A000073,Expansion,Account Management,005A0005,2026-02-18,2026-03-11,Closed Won,Closed,8600.00,GBP,1,1,,,,,2026-03-12
006O0003788,Miraflow - Expansion,001A000073,Expansion,Account Management,005A0005,2026-08-18,2026-11-21,1 - Discovery,Pipeline,7600.00,GBP,0,0,,,,,2026-09-12
006O0003789,Briomark - Expansion,001A000055,Expansion,Account Management,005A0013,2025-08-14,2025-12-02,Closed Lost,Omitted,7200.00,USD,1,0,Missing feature / integration,,,,2025-12-09
006O0003790,Briomark - Expansion,001A000055,Expansion,Account Management,005A0018,2026-07-01,2026-07-23,Closed Won,Closed,9700.00,USD,1,1,,,,,2026-07-24
006O0003791,Deltawave - Expansion,001A004477,Expansion,Account Management,005A0005,2025-05-31,2025-06-30,Closed Won,Closed,3500.00,GBP,1,1,,,,,2025-07-09
006O0003792,Deltawave - Expansion,001A004477,Expansion,Account Management,005A0005,2026-07-22,2026-09-08,Closed Lost,Omitted,7200.00,GBP,1,0,Unresponsive,,,,2026-09-09
006O0003793,Koracore - Expansion,001A005518,Expansion,Account Management,005A0002,2025-08-12,2025-09-11,Closed Won,Closed,10100.00,EUR,1,1,,,,,2025-09-15
006O0003794,Koracore - Expansion,001A005518,Expansion,Account Management,005A0017,2026-02-12,2026-08-22,Closed Lost,Omitted,21800.00,EUR,1,0,Missing feature / integration,,,,2026-08-31
006O0003795,Koragrid - Expansion,001A007505,Expansion,Account Management,005A0021,2025-06-22,2025-07-12,Closed Won,Closed,2900.00,USD,1,1,,Zapier,,,2025-07-16
006O0003796,Grangrid - Expansion,001A001511,Expansion,Account Management,005A0004,2025-06-16,2025-07-22,Closed Won,Closed,27600.00,GBP,1,1,,,,,2025-07-28
006O0003797,Grangrid - Expansion,001A001511,Expansion,Account Management,005A0020,2026-02-04,2026-04-04,Closed Won,Closed,33600.00,GBP,1,1,,,,,2026-04-08
006O0003798,Umbragrid - Expansion,001A008606,Expansion,Account Management,005A0020,2026-08-13,2026-10-02,3 - Technical Validation,Commit,23600.00,GBP,0,0,,,,Tech validation call,2026-09-21
006O0003799,Talalogic - Expansion,001A001199,Expansion,Account Management,005A0013,2025-08-07,2025-09-10,Closed Lost,Omitted,28700.00,USD,1,0,Competitor - Workato,,,,2025-09-11
006O0003800,Talalogic - Expansion,001A001199,Expansion,Account Management,005A0012,2026-01-26,2026-03-20,Closed Lost,Omitted,19100.00,USD,1,0,Competitor - Workato,Workato,,,2026-03-25
006O0003801,Briomark - Expansion,001A002799,Expansion,Account Management,005A0019,2025-10-11,2026-02-23,Closed Lost,Omitted,38800.00,USD,1,0,Other,,,,2026-02-27
006O0003802,Briomark - Expansion,001A002799,Expansion,Account Management,005A0012,2026-08-17,2026-10-16,2 - Qualification,Pipeline,34300.00,USD,0,0,,Custom scripts,,Tech validation call,2026-08-25
006O0003803,Junopath - Expansion,001A000359,Expansion,Account Management,005A0021,2025-06-28,2025-07-25,Closed Won,Closed,7700.00,USD,1,1,,,,,2025-08-02
006O0003804,Junopath - Expansion,001A000359,Expansion,Account Management,005A0014,2026-01-29,2026-02-21,Closed Won,Closed,4800.00,USD,1,1,,,,,2026-03-01
006O0003805,Junopath - Expansion,001A000359,Expansion,Account Management,005A0014,2026-06-09,2026-06-29,Closed Won,Closed,13700.00,USD,1,1,,Tray.io,,,2026-07-08
006O0003806,Veranet - Expansion,001A004875,Expansion,Account Management,005A0008,2025-12-17,2026-01-07,Closed Won,Closed,16100.00,EUR,1,1,,,,,2026-01-08
006O0003807,Veranet - Expansion,001A004875,Expansion,Account Management,005A0008,2026-07-01,2026-07-10,Closed Won,Closed,6300.00,EUR,1,1,,,,,2026-07-17
006O0003808,Oriopoint - Expansion,001A004548,Expansion,Account Management,005A0023,2026-02-09,2026-03-23,Closed Won,Closed,20200.00,USD,1,1,,Workato,,,2026-03-25
006O0003809,Cobalworks - Expansion,001A000899,Expansion,Account Management,005A0006,2025-10-16,2025-11-20,Closed Won,Closed,18600.00,EUR,1,1,,,,,2025-11-26
006O0003810,Cobalworks - Expansion,001A000899,Expansion,Account Management,005A0006,2026-07-19,2026-09-23,4 - Proposal,Commit,21900.00,EUR,0,0,,,,Tech validation call,2026-08-29
006O0003811,Sellaware - Expansion,001A002051,Expansion,Account Management,005A0024,2025-10-20,2025-11-30,Closed Lost,Omitted,,EUR,1,0,,,,,2025-12-03
006O0003812,Sellaware - Expansion,001A002051,Expansion,Account Management,005A0024,2026-06-18,2026-06-30,Closed Won,Closed,1500.00,EUR,1,1,,,,,2026-07-09
006O0003813,Briopath - Expansion,001A001577,Expansion,Account Management,005A0021,2025-08-02,2025-08-17,Closed Won,Closed,4700.00,USD,1,1,,,,,2025-08-22
006O0003814,Briopath - Expansion,001A001577,Expansion,Account Management,005A0014,2026-03-22,2026-05-06,Closed Lost,Omitted,4200.00,USD,1,0,Price / budget,,,,2026-05-12
006O0003815,Ciralabs - Expansion,001A006851,Expansion,Account Management,005A0008,2025-12-15,2026-01-13,Closed Won,Closed,9800.00,EUR,1,1,,,,,2026-01-18
006O0003816,Ciratech - Expansion,001A007260,Expansion,Account Management,005A0019,2025-08-02,2025-08-15,Closed Won,Closed,7200.00,USD,1,1,,,,,2025-08-22
006O0003817,Ciratech - Expansion,001A007260,Expansion,Account Management,005A0016,2026-08-10,2026-10-26,2 - Qualification,Pipeline,2300.00,USD,0,0,,,,Security questionnaire,2026-09-11
006O0003818,Halomark - Expansion,001A005904,Expansion,Account Management,005A0009,2025-08-17,2025-09-15,Closed Won,Closed,11000.00,EUR,1,1,,Make,,,2025-09-23
006O0003819,Talaflow - Expansion,001A002704,Expansion,Account Management,005A0013,2025-07-21,2025-09-23,Closed Lost,Omitted,13300.00,USD,1,0,Other,Custom scripts,,,2025-09-27
006O0003820,Talaflow - Expansion,001A002704,Expansion,Account Management,005A0018,2026-03-17,2026-04-07,Closed Won,Closed,16200.00,USD,1,1,,Custom scripts,,,2026-04-16
006O0003821,Keststack - Expansion,001A003085,Expansion,,005A0009,2025-09-26,2025-11-09,Closed Lost,Omitted,28800.00,EUR,1,0,Timing,,,,2025-11-14
006O0003822,Keststack - Expansion,001A003085,Expansion,Account Management,005A0009,2026-07-01,2026-08-10,Closed Won,Closed,8700.00,EUR,1,1,,Zapier,,,2026-08-14
006O0003823,Zephlabs - Expansion,001A006952,Expansion,Account Management,005A0017,2026-06-09,2026-07-07,Closed Won,Closed,20600.00,EUR,1,1,,Make,,,2026-07-08
006O0003824,Lyraworks - Expansion,001A002275,Expansion,Account Management,005A0002,2025-08-30,2025-09-13,Closed Won,Closed,2600.00,EUR,1,1,,,,,2025-09-18
006O0003825,Lyraworks - Expansion,001A002275,Expansion,Account Management,005A0002,2026-08-19,2026-09-07,Closed Won,Closed,7600.00,EUR,1,1,,,,,2026-09-15
006O0003826,Fjelnet - Expansion,001A003095,Expansion,Account Management,005A0017,2026-02-13,2026-04-20,Closed Won,Closed,18100.00,EUR,1,1,,Make,,,2026-04-27
006O0003827,Sellanet - Expansion,001A008844,Expansion,Account Management,005A0019,2025-09-18,2025-11-16,Closed Won,Closed,58100.00,USD,1,1,,,,,2025-11-19
006O0003828,Sellanet - Expansion,001A008844,Expansion,,005A0012,2026-05-06,2026-09-21,4 - Proposal,Commit,65000.00,USD,0,0,,,,Send proposal,2026-07-14
006O0003829,Nordflow - Expansion,001A001573,Expansion,Account Management,005A0021,2025-06-27,2026-01-31,Closed Lost,Omitted,14900.00,USD,1,0,Missing feature / integration,,,,2026-02-07
006O0003830,Piravik - Expansion,001A005748,Expansion,Account Management,005A0015,2026-06-01,2026-09-19,Closed Lost,Omitted,15300.00,USD,1,0,Missing feature / integration,,,,2026-09-19
006O0003831,Talagrid - Expansion,001A008881,Expansion,Account Management,005A0015,2026-04-05,2026-07-20,Closed Lost,Omitted,17400.00,USD,1,0,Chose self-hosted Community edition,,,,2026-07-21
006O0003832,Opalstack - Expansion,001A008422,Expansion,Account Management,005A0021,2025-08-29,2025-09-20,Closed Lost,Omitted,5000.00,USD,1,0,Unresponsive,,,,2025-09-27
006O0003833,Opalstack - Expansion,001A008422,Expansion,Account Management,005A0014,2026-09-09,2026-10-30,3 - Technical Validation,Best Case,7000.00,USD,0,0,,,,Security questionnaire,2026-09-20
006O0003834,Evotech - Expansion,001A000423,Expansion,Account Management,005A0024,2025-09-05,2025-10-24,Closed Won,Closed,11000.00,EUR,1,1,,,,,2025-10-25
006O0003835,Evotech - Expansion,001A000423,Expansion,Account Management,005A0017,2026-02-05,2026-03-03,Closed Won,Closed,17800.00,EUR,1,1,,,,,2026-03-04
006O0003836,Quarcore - Expansion,001A006040,Expansion,Account Management,005A0009,2026-03-07,2026-04-15,Closed Won,Closed,8200.00,EUR,1,1,,,,,2026-04-22
006O0003837,Granstack - Expansion,001A000813,Expansion,Account Management,005A0014,2025-12-28,2026-03-16,Closed Lost,Omitted,8200.00,USD,1,0,Price / budget,Custom scripts,,,2026-03-24
006O0003838,Brioworks - Expansion,001A008414,Expansion,,005A0024,2025-07-22,2025-10-07,Closed Lost,Omitted,5100.00,EUR,1,0,Competitor - Make,Make,,,2025-10-10
006O0003839,Brioworks - Expansion,001A008414,Expansion,Account Management,005A0002,2026-05-16,2026-05-27,Closed Won,Closed,9000.00,EUR,1,1,,Make,,,2026-06-06
006O0003840,Miracore - Expansion,001A001521,Expansion,Account Management,005A0008,2025-07-17,2025-07-27,Closed Lost,Omitted,3100.00,EUR,1,0,Chose self-hosted Community edition,Power Automate,,,2025-07-30
006O0003841,Miracore - Expansion,001A001521,Expansion,Account Management,005A0008,2025-11-11,2026-01-07,Closed Lost,Omitted,0.00,EUR,1,0,No decision / status quo,Power Automate,,,2026-01-09
006O0003842,Quarmark - Expansion,001A003890,Expansion,Account Management,005A0017,2025-12-26,2026-03-04,Closed Won,Closed,4600.00,EUR,1,1,,,,,2026-03-13
006O0003843,Quarmark - Expansion,001A003890,Expansion,Account Management,005A0017,2026-08-07,2026-09-03,Closed Won,Closed,19500.00,EUR,1,1,,,,,2026-09-05
006O0003844,Wendnet - Expansion,001A008137,Expansion,Account Management,005A0024,2026-04-02,2026-04-24,Closed Won,Closed,5700.00,EUR,1,1,,,,,2026-04-27
006O0003845,Altonet - Expansion,001A000976,Expansion,Account Management,005A0009,2025-07-25,2025-09-15,Closed Lost,Omitted,6700.00,EUR,1,0,Competitor - Power Automate,,,,2025-09-21
006O0003846,Altonet - Expansion,001A000976,Expansion,Account Management,005A0010,2026-04-18,2026-04-30,Closed Won,Closed,3600.00,EUR,1,1,,,,,2026-05-03
006O0003847,Altonet - Expansion,001A000976,Expansion,Account Management,005A0010,2026-09-19,2026-09-30,2 - Qualification,Pipeline,7900.00,EUR,0,0,,,,Follow up,2026-09-21
006O0003848,Junowave - Expansion,001A003093,Expansion,Account Management,005A0015,2025-09-24,2025-12-25,Closed Lost,Omitted,80600.00,USD,1,0,No decision / status quo,Zapier,,,2025-12-26
006O0003849,Evowave - Expansion,001A003386,Expansion,Account Management,005A0008,2025-12-02,2026-01-01,Closed Lost,Omitted,5000.00,EUR,1,0,Chose self-hosted Community edition,,,,2026-01-04
006O0003850,Valivik - Expansion,001A000564,Expansion,,005A0014,2026-02-23,2026-03-25,Closed Lost,Omitted,3400.00,USD,1,0,Price / budget,,,,2026-03-26
006O0003851,Junosys - Expansion,001A006581,Expansion,Account Management,005A0023,2026-03-19,2026-04-03,Closed Won,Closed,11800.00,USD,1,1,,,,,2026-04-09
006O0003852,Quarflow - Expansion,001A002711,Expansion,Account Management,005A0005,2025-11-21,2025-12-09,Closed Won,Closed,2200.00,GBP,1,1,,,,,2025-12-16
006O0003853,Quarflow - Expansion,001A002711,Expansion,Account Management,005A0005,2026-06-22,2026-10-08,2 - Qualification,Pipeline,6100.00,GBP,0,0,,Custom scripts,,,2026-09-14
006O0003854,Talabridge - Expansion,001A006172,Expansion,,005A0006,2025-12-27,2026-02-13,Closed Lost,Omitted,11100.00,EUR,1,0,Competitor - Make,,,,2026-02-20
006O0003855,Talabridge - Expansion,001A006172,Expansion,Account Management,005A0006,2026-07-23,2026-09-07,Closed Won,Closed,,EUR,1,1,,,,,2026-09-08
006O0003856,Solvflow - Expansion,001A003986,Expansion,Account Management,005A0005,2026-01-22,2026-02-06,Closed Won,Closed,2800.00,GBP,1,1,,Power Automate,,,2026-02-12
006O0003857,Solvflow - Expansion,001A003986,Expansion,Account Management,005A0005,2026-08-31,2026-09-19,1 - Discovery,Pipeline,1500.00,GBP,0,0,,Power Automate,,Send proposal,2026-09-02
006O0003858,Lyracore - Expansion,001A006247,Expansion,Account Management,005A0015,2026-05-07,2026-06-07,Closed Lost,Omitted,31200.00,USD,1,0,Price / budget,,,,2026-06-17
006O0003859,Runepath - Expansion,001A005124,Expansion,Account Management,005A0008,2025-12-25,2026-01-14,Closed Won,Closed,11300.00,EUR,1,1,,Zapier,,,2026-01-23
006O0003860,Runepath - Expansion,001A005124,Expansion,Account Management,005A0008,2026-06-23,2026-07-14,Closed Won,Closed,4100.00,EUR,1,1,,,,,2026-07-23
006O0003861,Talacore - Expansion,001A004715,Expansion,Account Management,005A0017,2026-01-11,2026-02-15,Closed Won,Closed,15000.00,EUR,1,1,,Custom scripts,,,2026-02-23
006O0003862,Talacore - Expansion,001A004715,Expansion,Account Management,005A0017,2026-09-03,2026-10-02,4 - Proposal,Commit,6000.00,EUR,0,0,,Custom scripts,,Send proposal,2026-09-21
006O0003863,Opalsys - Expansion,001A004625,Expansion,Account Management,005A0021,2025-09-21,2026-01-06,Closed Lost,Omitted,6600.00,USD,1,0,Chose self-hosted Community edition,Custom scripts,,,2026-01-08
006O0003864,Pirapath - Expansion,001A006513,Expansion,Account Management,005A0014,2026-06-21,2026-06-29,Closed Won,Closed,3000.00,USD,1,1,,,,,2026-07-02
006O0003865,Runegrid - Expansion,001A004595,Expansion,Account Management,005A0015,2025-09-12,2025-10-02,Closed Won,Closed,3700.00,USD,1,1,,Zapier,,,2025-10-08
006O0003866,Runegrid - Expansion,001A004595,Expansion,Account Management,005A0015,2026-04-16,2026-05-04,Closed Won,Closed,4700.00,USD,1,1,,Zapier,,,2026-05-04
006O0003867,Evologic - Expansion,001A007016,Expansion,Account Management,005A0008,2026-06-12,2026-07-15,Closed Lost,Omitted,3200.00,EUR,1,0,Competitor - Make,Make,,,2026-07-20
006O0003868,Veraflow - Expansion,001A002725,Expansion,Account Management,005A0014,2025-08-29,2025-09-17,Closed Won,Closed,13000.00,USD,1,1,,,,,2025-09-20
006O0003869,Veraflow - Expansion,001A002725,Expansion,Account Management,005A0014,2026-04-24,2026-05-07,Closed Won,Closed,8400.00,USD,1,1,,,,,2026-05-09
006O0003870,Mosapath - Expansion,001A004156,Expansion,Account Management,005A0015,2026-07-10,2026-10-09,4 - Proposal,Best Case,17900.00,USD,0,0,,,,Follow up,2026-09-06
006O0003871,Ivenlabs - Expansion,001A003027,Expansion,Account Management,005A0013,2025-10-05,2025-11-27,Closed Won,Closed,25000.00,USD,1,1,,Zapier,,,2025-12-07
006O0003872,Lumostack - Expansion,001A003786,Expansion,Account Management,005A0015,2025-11-28,2026-01-26,Closed Won,Closed,3400.00,USD,1,1,,,,,2026-02-02
006O0003873,Lumostack - Expansion,001A003786,Expansion,Account Management,005A0015,2026-08-01,2026-08-27,Closed Won,Closed,30700.00,USD,1,1,,,,,2026-09-05
006O0003874,Granstack - Expansion,001A007851,Expansion,Account Management,005A0014,2025-12-30,2026-01-17,Closed Lost,Omitted,3600.00,USD,1,0,Champion left,,,,2026-01-26
006O0003875,Granstack - Expansion,001A007851,Expansion,Account Management,005A0014,2026-05-23,2026-06-11,Closed Won,Closed,9300.00,USD,1,1,,,,,2026-06-16
006O0003876,Opalfield - Expansion,001A002910,Expansion,Account Management,005A0014,2025-09-15,2025-10-16,Closed Lost,Omitted,3000.00,USD,1,0,Chose self-hosted Community edition,Custom scripts,,,2025-10-19
006O0003877,Opalfield - Expansion,001A002910,Expansion,Account Management,005A0014,2026-06-11,2026-06-28,Closed Won,Closed,7300.00,USD,1,1,,Custom scripts,,,2026-07-07
006O0003878,Koraworks - Expansion,001A008937,Expansion,Account Management,005A0024,2025-10-31,2025-12-15,Closed Lost,Omitted,6000.00,EUR,1,0,Competitor - Zapier,Zapier,,,2025-12-22
006O0003879,Koraworks - Expansion,001A008937,Expansion,Account Management,005A0024,2026-05-11,2026-05-29,Closed Won,Closed,8200.00,EUR,1,1,,,,,2026-06-04
006O0003880,Oriopoint - Expansion,001A007052,Expansion,Account Management,005A0006,2025-10-22,2025-11-30,Closed Won,Closed,16700.00,EUR,1,1,,Zapier,,,2025-12-08
006O0003881,Oriopoint - Expansion,001A007052,Expansion,Account Management,005A0006,2026-08-22,2026-09-29,1 - Discovery,Pipeline,19400.00,EUR,0,0,,Zapier,,Tech validation call,2026-08-31
006O0003882,Bramlabs - Expansion,001A007384,Expansion,Account Management,005A0024,2025-07-28,2025-10-06,Closed Lost,Omitted,3400.00,EUR,1,0,Competitor - Make,,,,2025-10-10
006O0003883,Boreadata - Expansion,001A004745,Expansion,Account Management,005A0017,2026-07-01,2026-08-06,Closed Won,Closed,31400.00,EUR,1,1,,,,,2026-08-12
006O0003884,Verabridge - Expansion,001A003431,Expansion,Account Management,005A0006,2026-05-19,2026-06-30,Closed Won,Closed,3800.00,EUR,1,1,,Custom scripts,,,2026-07-07
006O0003885,Granline - Expansion,001A001739,Expansion,Account Management,005A0014,2026-08-02,2026-10-26,4 - Proposal,Best Case,12500.00,USD,0,0,,,,Security questionnaire,2026-09-15
006O0003886,Kestline - Expansion,001A000060,Expansion,Account Management,005A0013,2025-10-13,2025-11-25,Closed Lost,Omitted,23600.00,USD,1,0,Competitor - Workato,,,,2025-11-27
006O0003887,Kestline - Expansion,001A000060,Expansion,Account Management,005A0023,2026-03-09,2026-03-30,Closed Won,Closed,19700.00,USD,1,1,,,,,2026-04-04
006O0003888,Solvlabs - Expansion,001A006278,Expansion,,005A0014,2026-05-08,2026-05-27,Closed Won,Closed,6000.00,USD,1,1,,,,,2026-05-30
006O0003889,Bramline - Expansion,001A004008,Expansion,Account Management,005A0002,2026-01-24,2026-04-13,Closed Lost,Omitted,7300.00,EUR,1,0,Chose self-hosted Community edition,,,,2026-04-23
006O0003890,Talafield - Expansion,001A002264,Expansion,Account Management,005A0013,2025-12-12,2026-02-22,Closed Lost,Omitted,39500.00,USD,1,0,Other,,,,2026-02-22
006O0003891,Zephfield - Expansion,001A003819,Expansion,Account Management,005A0014,2025-09-06,2025-10-01,Closed Won,Closed,6700.00,USD,1,1,,Zapier,,,2025-10-10
006O0003892,Zephfield - Expansion,001A003819,Expansion,Account Management,005A0014,2026-09-05,2026-09-20,4 - Proposal,Best Case,4400.00,USD,0,0,,,,Security questionnaire,2026-09-20
006O0003893,Nexavik - Expansion,001A000675,Expansion,Account Management,005A0006,2026-03-12,2026-04-19,Closed Won,Closed,15300.00,EUR,1,1,,,,,2026-04-25
006O0003894,Quarmark - Expansion,001A001756,Expansion,Account Management,005A0017,2026-08-14,2026-09-18,Closed Lost,Omitted,13300.00,EUR,1,0,Timing,,,,2026-09-19
006O0003895,Nordline - Expansion,001A000096,Expansion,Account Management,005A0010,2025-12-05,2025-12-20,Closed Lost,Omitted,2700.00,EUR,1,0,Competitor - Make,,,,2025-12-29
006O0003896,Orioworks - Expansion,001A001923,Expansion,,005A0010,2025-11-23,2025-11-30,Closed Lost,Omitted,4700.00,EUR,1,0,Chose self-hosted Community edition,Zapier,,,2025-12-07
006O0003897,Orioworks - Expansion,001A001923,Expansion,Account Management,005A0010,2026-07-26,2026-08-11,Closed Won,Closed,5100.00,EUR,1,1,,Zapier,,,2026-08-15
006O0003898,Mosalabs - Expansion,001A006858,Expansion,Account Management,005A0005,2025-12-15,2026-02-21,Closed Lost,Omitted,3100.00,GBP,1,0,Missing feature / integration,Custom scripts,,,2026-03-02
006O0003899,Mosalabs - Expansion,001A006858,Expansion,Account Management,005A0005,2026-08-14,2026-09-06,Closed Won,Closed,5700.00,GBP,1,1,,,,,2026-09-12
006O0003900,Nexafield - Expansion,001A003840,Expansion,Account Management,005A0018,2026-05-23,2026-06-22,Closed Won,Closed,15600.00,USD,1,1,,Zapier,,,2026-06-23
006O0003901,Opalstack - Expansion,001A002813,Expansion,Account Management,005A0002,2025-12-30,2026-05-08,Closed Lost,Omitted,4300.00,EUR,1,0,Competitor - Make,,,,2026-05-14
006O0003902,Talamark - Expansion,001A005651,Expansion,Account Management,005A0009,2026-06-30,2026-09-16,2 - Qualification,Pipeline,31000.00,EUR,0,0,,,,Follow up,2026-08-10
006O0003903,Mosastack - Expansion,001A003848,Expansion,Account Management,005A0005,2025-11-25,2026-04-15,Closed Lost,Omitted,4300.00,GBP,1,0,Timing,Make,,,2026-04-22
006O0003904,Veraline - Expansion,001A005743,Expansion,Account Management,005A0015,2026-03-21,2026-06-03,Closed Lost,Omitted,56400.00,USD,1,0,,,,,2026-06-07
006O0003905,Quardata - Expansion,001A007507,Expansion,Account Management,005A0014,2026-03-14,2026-03-28,Closed Won,Closed,4000.00,USD,1,1,,,,,2026-04-07
006O0003906,Quardata - Expansion,001A007507,Expansion,Account Management,005A0014,2026-07-10,2026-08-05,Closed Won,Closed,5200.00,USD,1,1,,Zapier,,,2026-08-09
006O0003907,Ternsys - Expansion,001A004161,Expansion,,005A0005,2025-12-12,2025-12-22,Closed Lost,Omitted,6900.00,GBP,1,0,,Make,,,2025-12-24
006O0003908,Ternsys - Expansion,001A004161,Expansion,Account Management,005A0005,2026-03-27,2026-04-11,Closed Won,Closed,,GBP,1,1,,,,,2026-04-12
006O0003909,Ternsys - Expansion,001A004161,Expansion,Account Management,005A0005,2026-08-20,2026-09-14,Closed Lost,Omitted,7700.00,GBP,1,0,Champion left,,,,2026-09-16
006O0003910,Nexasys - Expansion,001A004283,Expansion,Account Management,005A0000,2025-09-14,2025-10-24,Closed Lost,Omitted,,EUR,1,0,Price / budget,,,,2025-11-02
006O0003911,Nexasys - Expansion,001A004283,Expansion,Account Management,005A0017,2026-04-05,2026-06-02,Closed Won,Closed,9400.00,EUR,1,1,,,,,2026-06-09
006O0003912,Zephgrid - Expansion,001A008362,Expansion,Account Management,005A0006,2026-03-01,2026-07-10,Closed Lost,Omitted,15500.00,EUR,1,0,Price / budget,,,,2026-07-10
006O0003913,Boreavik - Expansion,001A007585,Expansion,Account Management,005A0008,2026-01-03,2026-01-19,Closed Won,Closed,7300.00,EUR,1,1,,,,,2026-01-19
006O0003914,Fjelline - Expansion,001A006598,Expansion,Account Management,005A0002,2026-02-24,2026-10-20,5 - Negotiation,Commit,2000.00,EUR,0,0,,,,,2026-08-19
006O0003915,Ivenwave - Expansion,001A002388,Expansion,Account Management,005A0018,2026-07-17,2026-09-06,Closed Lost,Omitted,15600.00,USD,1,0,No decision / status quo,Power Automate,,,2026-09-09
006O0003916,Granpath - Expansion,001A000803,Expansion,Account Management,005A0021,2025-09-08,2025-09-30,Closed Won,Closed,2700.00,USD,1,1,,,,,2025-10-01
006O0003917,Granpath - Expansion,001A000803,Expansion,Account Management,005A0014,2026-05-16,2026-06-06,Closed Won,Closed,5700.00,USD,1,1,,,,,2026-06-15
006O0003918,Junolabs - Expansion,001A005201,Expansion,Account Management,005A0017,2026-08-29,2026-09-20,3 - Technical Validation,Best Case,11000.00,EUR,0,0,,,,Send proposal,2026-09-21
006O0003919,Vexflow - Expansion,001A007464,Expansion,Account Management,005A0015,2025-10-12,2025-11-16,Closed Won,Closed,12100.00,USD,1,1,,,,,2025-11-25
006O0003920,Vexflow - Expansion,001A007464,Expansion,Account Management,005A0015,2026-04-08,2026-05-21,Closed Won,Closed,36600.00,USD,1,1,,,,,2026-05-24
006O0003921,Nordtech - Expansion,001A005027,Expansion,Account Management,005A0010,2026-01-06,2026-03-05,Closed Lost,Omitted,0.00,EUR,1,0,Timing,,,,2026-03-10
006O0003922,Talaline - Expansion,001A000195,Expansion,Account Management,005A0017,2026-03-31,2026-10-11,4 - Proposal,Commit,12500.00,EUR,0,0,,,,Legal review,2026-09-20
006O0003923,Nexastack - Expansion,001A008904,Expansion,Account Management,005A0015,2025-12-16,2025-12-28,Closed Won,Closed,5700.00,USD,1,1,,,,,2026-01-02
006O0003924,Evoware - Expansion,001A004341,Expansion,Account Management,005A0002,2025-10-27,2025-12-10,Closed Won,Closed,20300.00,EUR,1,1,,,,,2025-12-16
006O0003925,Evoware - Expansion,001A004341,Expansion,Account Management,005A0017,2026-07-31,2026-09-09,Closed Won,Closed,17200.00,EUR,1,1,,Make,,,2026-09-15
006O0003926,Lumodata - Expansion,001A008891,Expansion,Account Management,005A0014,2026-02-07,2026-02-23,Closed Won,Closed,4800.00,USD,1,1,,,,,2026-02-24
006O0003927,Lumodata - Expansion,001A008891,Expansion,Account Management,005A0014,2026-08-26,2026-09-09,Closed Won,Closed,9500.00,USD,1,1,,,,,2026-09-12
006O0003928,Borealogic - Expansion,001A005555,Expansion,Account Management,005A0016,2026-06-23,2026-09-26,5 - Negotiation,Commit,6700.00,USD,0,0,,,,Send proposal,2026-09-21
006O0003929,Korawave - Expansion,001A000685,Expansion,Account Management,005A0010,2026-06-16,2026-06-26,Closed Won,Closed,3100.00,EUR,1,1,,Zapier,,,2026-07-04
006O0003930,Valivik - Expansion,001D000051,Expansion,Account Management,005A0009,2026-02-25,2026-07-31,Closed Lost,Omitted,14500.00,EUR,1,0,Chose self-hosted Community edition,Tray.io,,,2026-08-09
006O0003931,Strapoint - Expansion,001A008155,Expansion,Account Management,005A0015,2025-08-29,2025-10-12,Closed Lost,Omitted,9200.00,USD,1,0,Unresponsive,,,,2025-10-18
006O0003932,Strapoint - Expansion,001A008155,Expansion,Account Management,005A0015,2026-05-04,2026-05-30,Closed Won,Closed,0.00,USD,1,1,,,,,2026-06-03
006O0003933,Yaradata - Expansion,001A007083,Expansion,Account Management,005A0020,2026-06-06,2026-09-02,Closed Lost,Omitted,3900.00,GBP,1,0,Other,Tray.io,,,2026-09-09
006O0003934,Coballine - Expansion,001A004099,Expansion,Account Management,005A0015,2025-11-20,2026-04-27,Closed Lost,Omitted,18200.00,USD,1,0,Missing feature / integration,,,,2026-05-02
006O0003935,Lyragrid - Expansion,001A005942,Expansion,Account Management,005A0000,2026-02-05,2026-07-30,Closed Lost,Omitted,24800.00,EUR,1,0,Competitor - Workato,Workato,,,2026-08-01
006O0003936,Koraflow - Expansion,001A005627,Expansion,Account Management,005A0014,2026-02-10,2026-02-28,Closed Won,Closed,2700.00,USD,1,1,,,,,2026-03-10
006O0003937,Koraflow - Expansion,001A005627,Expansion,Account Management,005A0014,2026-08-22,2026-09-12,Closed Won,Closed,1700.00,USD,1,1,,,,,2026-09-21
006O0003938,Sellafield - Expansion,001A002547,Expansion,Account Management,005A0017,2026-02-03,2026-04-02,Closed Won,Closed,11900.00,EUR,1,1,,Power Automate,,,2026-04-02
006O0003939,Sellafield - Expansion,001A002547,Expansion,Account Management,005A0017,2026-07-18,2026-09-16,4 - Proposal,Commit,19200.00,EUR,0,0,,,,Legal review,2026-09-07
006O0003940,Nexafield - Expansion,001A000740,Expansion,Account Management,005A0024,2026-01-31,2026-03-06,Closed Won,Closed,3000.00,EUR,1,1,,Make,,,2026-03-13
006O0003941,Nexaflow - Expansion,001A003342,Expansion,Account Management,005A0002,2025-10-22,2025-11-11,Closed Won,Closed,7800.00,EUR,1,1,,,,,2025-11-12
006O0003942,Nexaflow - Expansion,001A003342,Expansion,Account Management,005A0024,2026-06-27,2026-07-24,Closed Lost,Omitted,2600.00,EUR,1,0,No decision / status quo,,,,2026-08-01
006O0003943,Talasys - Expansion,001A008502,Expansion,,005A0017,2026-07-11,2026-09-21,2 - Qualification,Pipeline,9000.00,EUR,0,0,,,,Security questionnaire,2026-08-21
006O0003944,Lyrasys - Expansion,001A007550,Expansion,Account Management,005A0016,2026-03-11,2026-04-17,Closed Lost,Omitted,9300.00,USD,1,0,Competitor - Workato,,,,2026-04-19
006O0003945,Nexadata - Expansion,001A004544,Expansion,Account Management,005A0009,2026-02-17,2026-04-04,Closed Won,Closed,12500.00,EUR,1,1,,,,,2026-04-11
006O0003946,Nexadata - Expansion,001A004544,Expansion,Account Management,005A0009,2026-08-10,2026-09-14,Closed Won,Closed,8200.00,EUR,1,1,,,,,2026-09-18
006O0003947,Bramcore - Expansion,001A002089,Expansion,Account Management,005A0010,2026-07-25,2026-08-08,Closed Won,Closed,6500.00,EUR,1,1,,Zapier,,,2026-08-11
006O0003948,Miraline - Expansion,001A001114,Expansion,Account Management,005A0015,2026-04-06,2026-07-31,Closed Lost,Omitted,6700.00,USD,1,0,Other,,,,2026-08-07
006O0003949,Korabridge - Expansion,001A007035,Expansion,Account Management,005A0014,2025-12-19,2026-01-08,Closed Won,Closed,6100.00,USD,1,1,,Tray.io,,,2026-01-09
006O0003950,Lyrapoint - Expansion,001A002152,Expansion,Account Management,005A0014,2026-05-10,2026-08-31,Closed Lost,Omitted,3100.00,USD,1,0,Chose self-hosted Community edition,Make,,,2026-09-08
006O0003951,Valiwave - Expansion,001A008584,Expansion,Account Management,005A0018,2026-03-27,2026-06-09,Closed Lost,Omitted,23400.00,USD,1,0,Champion left,,,,2026-06-17
006O0003952,Zephpath - Expansion,001A004284,Expansion,Account Management,005A0015,2025-12-04,2025-12-23,Closed Won,Closed,2700.00,USD,1,1,,,,,2025-12-28
006O0003953,Zephpath - Expansion,001A004284,Expansion,,005A0015,2026-05-24,2026-06-19,Closed Won,Closed,2800.00,USD,1,1,,,,,2026-06-22
006O0003954,Fjelcore - Expansion,001A000347,Expansion,Account Management,005A0005,2025-10-28,2026-04-08,Closed Lost,Omitted,4600.00,GBP,1,0,Competitor - Workato,,,,2026-04-17
006O0003955,Fjelcore - Expansion,001A000347,Expansion,Account Management,005A0005,2026-09-04,2026-09-15,4 - Proposal,Commit,2300.00,GBP,0,0,,,,Send proposal,2026-09-21
006O0003956,Evosys - Expansion,001A006967,Expansion,Account Management,005A0017,2026-01-29,2026-03-04,Closed Lost,Omitted,20300.00,EUR,1,0,No decision / status quo,,,,2026-03-10
006O0003957,Evosys - Expansion,001A006967,Expansion,Account Management,005A0017,2026-09-03,2026-09-22,2 - Qualification,Pipeline,7500.00,EUR,0,0,,,,Tech validation call,2026-09-14
006O0003958,Quargrid - Expansion,001A003403,Expansion,Account Management,005A0015,2025-10-28,2025-12-19,Closed Won,Closed,10000.00,USD,1,1,,Zapier,,,2025-12-26
006O0003959,Quargrid - Expansion,001A003403,Expansion,Account Management,005A0015,2026-04-20,2026-07-14,Closed Lost,Omitted,18500.00,USD,1,0,Security / compliance review,Zapier,,,2026-07-16
006O0003960,Miralabs - Expansion,001A008797,Expansion,Account Management,005A0012,2026-04-17,2026-09-20,1 - Discovery,Pipeline,20400.00,USD,0,0,,Custom scripts,,Tech validation call,2026-09-15
006O0003961,Oriopoint - Expansion,001A000074,Expansion,Account Management,005A0000,2025-11-27,2026-01-12,Closed Won,Closed,22900.00,EUR,1,1,,,,,2026-01-14
006O0003962,Oriopoint - Expansion,001A000074,Expansion,Account Management,005A0000,2026-07-21,2026-09-27,5 - Negotiation,Commit,43900.00,EUR,0,0,,Zapier,,Tech validation call,2026-09-20
006O0003963,Mosadata - Expansion,001A004649,Expansion,Account Management,005A0010,2025-11-23,2025-12-14,Closed Won,Closed,4200.00,EUR,1,1,,Make,,,2025-12-17
006O0003964,Mosadata - Expansion,001A004649,Expansion,Account Management,005A0010,2026-06-08,2026-07-06,Closed Lost,Omitted,3700.00,EUR,1,0,Champion left,Make,,,2026-07-11
006O0003965,Fjelwave - Expansion,001A002718,Expansion,Account Management,005A0002,2025-12-23,2026-01-23,Closed Won,Closed,2800.00,EUR,1,1,,,,,2026-01-23
006O0003966,Evostack - Expansion,001A004509,Expansion,Account Management,005A0010,2026-05-15,2026-06-14,Closed Won,Closed,,EUR,1,1,,,,,2026-06-19
006O0003967,Mirafield - Expansion,001A003932,Expansion,Account Management,005A0006,2026-03-06,2026-03-29,Closed Won,Closed,9400.00,EUR,1,1,,,,,2026-04-03
006O0003968,Verafield - Expansion,001A004930,Expansion,Account Management,005A0014,2025-12-23,2026-01-14,Closed Won,Closed,3700.00,USD,1,1,,,,,2026-01-22
006O0003969,Verafield - Expansion,001A004930,Expansion,Account Management,005A0014,2026-06-02,2026-06-19,Closed Won,Closed,6100.00,USD,1,1,,,,,2026-06-24
006O0003970,Ciracore - Expansion,001A005244,Expansion,Account Management,005A0011,2025-10-19,2025-11-12,Closed Won,Closed,3000.00,EUR,1,1,,,,,2025-11-18
006O0003971,Miratech - Expansion,001A002565,Expansion,Account Management,005A0006,2026-07-29,2026-10-05,5 - Negotiation,Commit,10000.00,EUR,0,0,,,,Tech validation call,2026-09-21
006O0003972,Zephware - Expansion,001A006303,Expansion,Account Management,005A0002,2026-05-24,2026-06-13,Closed Won,Closed,4800.00,EUR,1,1,,Make,,,2026-06-17
006O0003973,Miralabs - Expansion,001A000233,Expansion,Account Management,005A0014,2026-01-19,2026-02-04,Closed Won,Closed,5100.00,USD,1,1,,,,,2026-02-11
006O0003974,Fjelcore - Expansion,001A002114,Expansion,,005A0017,2026-07-06,2026-08-05,Closed Won,Closed,21800.00,EUR,1,1,,,,,2026-08-10
006O0003975,Miraflow - Expansion,001A000576,Expansion,Account Management,005A0015,2026-02-11,2026-03-06,Closed Won,Closed,28200.00,USD,1,1,,Zapier,,,2026-03-15
006O0003976,Lyraline - Expansion,001A006833,Expansion,Account Management,005A0015,2026-04-25,2026-05-06,Closed Won,Closed,3600.00,USD,1,1,,,,,2026-05-07
006O0003977,Granbridge - Expansion,001A008871,Expansion,Account Management,005A0016,2026-08-10,2026-11-14,4 - Proposal,Commit,24500.00,USD,0,0,,,,Follow up,2026-09-08
006O0003978,Cobalfield - Expansion,001A007767,Expansion,Account Management,005A0006,2026-01-09,2026-03-03,Closed Won,Closed,18100.00,EUR,1,1,,,,,2026-03-04
006O0003979,Cobalfield - Expansion,001A007767,Expansion,Account Management,005A0006,2026-06-18,2026-07-13,Closed Lost,Omitted,29200.00,EUR,1,0,Competitor - Power Automate,,,,2026-07-15
006O0003980,Taladata - Expansion,001A004261,Expansion,Account Management,005A0016,2026-01-30,2026-04-01,Closed Lost,Omitted,2600.00,USD,1,0,Competitor - Make,,,,2026-04-04
006O0003981,Astersys - Expansion,001A002678,Expansion,Account Management,005A0014,2026-04-01,2026-04-13,Closed Won,Closed,3200.00,USD,1,1,,,,,2026-04-18
006O0003982,Fjelpoint - Expansion,001A007028,Expansion,Account Management,005A0014,2026-04-22,2026-05-05,Closed Won,Closed,6600.00,USD,1,1,,Zapier,,,2026-05-08
006O0003983,Nexapoint - Expansion,001A004058,Expansion,Account Management,005A0008,2026-05-01,2026-08-10,Closed Lost,Omitted,4000.00,EUR,1,0,Timing,,,,2026-08-16
006O0003984,Bramstack - Expansion,001A001629,Expansion,Account Management,005A0009,2026-03-21,2026-05-23,Closed Lost,Omitted,19000.00,EUR,1,0,Champion left,,,,2026-05-28
006O0003985,Xenosys - Expansion,001A001196,Expansion,Account Management,005A0004,2025-12-07,2026-01-24,Closed Won,Closed,8100.00,GBP,1,1,,,,,2026-01-31
006O0003986,Xenosys - Expansion,001A001196,Expansion,Account Management,005A0020,2026-06-14,2026-07-28,Closed Won,Closed,0.00,GBP,1,1,,,,,2026-08-02
006O0003987,Talabridge - Expansion,001A003137,Expansion,Account Management,005A0002,2026-01-27,2026-02-14,Closed Won,Closed,1900.00,EUR,1,1,,,,,2026-02-19
006O0003988,Talabridge - Expansion,001A003137,Expansion,Account Management,005A0002,2026-09-19,2026-09-29,1 - Discovery,Pipeline,9200.00,EUR,0,0,,,,Legal review,2026-09-21
006O0003989,Wendsys - Expansion,001A003515,Expansion,Account Management,005A0018,2026-02-13,2026-04-22,Closed Lost,Omitted,23900.00,USD,1,0,Missing feature / integration,,,,2026-05-01
006O0003990,Orioware - Expansion,001A000963,Expansion,Account Management,005A0017,2025-12-01,2026-05-12,Closed Lost,Omitted,8400.00,EUR,1,0,Price / budget,,,,2026-05-21
006O0003991,Nordvik - Expansion,001A003484,Expansion,Account Management,005A0014,2026-02-02,2026-04-17,Closed Lost,Omitted,12700.00,USD,1,0,No decision / status quo,,,,2026-04-25
006O0003992,Vexlabs - Expansion,001A008781,Expansion,Account Management,005A0002,2026-08-22,2026-10-19,1 - Discovery,Pipeline,3500.00,EUR,0,0,,,,,2026-09-07
006O0003993,Veratech - Expansion,001A005647,Expansion,,005A0024,2025-12-25,2026-01-18,Closed Won,Closed,,EUR,1,1,,Make,,,2026-01-23
006O0003994,Veratech - Expansion,001A005647,Expansion,Account Management,005A0002,2026-09-05,2026-09-15,Closed Won,Closed,10000.00,EUR,1,1,,,,,2026-09-19
006O0003995,Nordpoint - Expansion,001A006361,Expansion,Account Management,005A0014,2026-02-12,2026-02-22,Closed Won,Closed,6200.00,USD,1,1,,,,,2026-03-03
006O0003996,Grancore - Expansion,001A006560,Expansion,Account Management,005A0010,2026-02-22,2026-06-22,Closed Lost,Omitted,4700.00,EUR,1,0,Price / budget,,,,2026-06-28
006O0003997,Granvik - Expansion,001A000135,Expansion,Account Management,005A0017,2026-01-09,2026-02-08,Closed Lost,Omitted,6400.00,EUR,1,0,Chose self-hosted Community edition,,,,2026-02-15
006O0003998,Zephnet - Expansion,001A004394,Expansion,Account Management,005A0010,2026-03-01,2026-03-13,Closed Won,Closed,1700.00,EUR,1,1,,,,,2026-03-20
006O0003999,Zephnet - Expansion,001A004394,Expansion,Account Management,005A0010,2026-08-30,2026-09-21,4 - Proposal,Commit,7900.00,EUR,0,0,,Make,,Legal review,2026-09-21
006O0004000,Quarbridge - Expansion,001A003652,Expansion,Account Management,005A0009,2026-07-23,2026-08-21,Closed Lost,Omitted,9300.00,EUR,1,0,Security / compliance review,,,,2026-08-30
006O0004001,Bramware - Expansion,001A005500,Expansion,Account Management,005A0002,2026-05-11,2026-06-03,Closed Won,Closed,5300.00,EUR,1,1,,,,,2026-06-06
006O0004002,Astermark - Expansion,001A002307,Expansion,Account Management,005A0009,2026-01-10,2026-03-02,Closed Won,Closed,16000.00,EUR,1,1,,,,,2026-03-12
006O0004003,Astermark - Expansion,001A002307,Expansion,Account Management,005A0009,2026-09-10,2026-10-04,1 - Discovery,Pipeline,11800.00,EUR,0,0,,,,Security questionnaire,2026-09-14
006O0004004,Veravik - Expansion,001A000924,Expansion,Account Management,005A0017,2026-07-03,2026-07-30,Closed Lost,Omitted,5100.00,EUR,1,0,Champion left,Tray.io,,,2026-08-05
006O0004005,Solvpoint - Expansion,001A005234,Expansion,Account Management,005A0018,2026-03-13,2026-04-20,Closed Won,Closed,6300.00,USD,1,1,,Zapier,,,2026-04-23
006O0004006,Stragrid - Expansion,001A004733,Expansion,Account Management,005A0004,2026-03-27,2026-08-01,Closed Lost,Omitted,6200.00,GBP,1,0,Competitor - Zapier,Zapier,,,2026-08-10
006O0004007,Kestwave - Expansion,001A005911,Expansion,Account Management,005A0024,2025-11-25,2026-02-18,Closed Lost,Omitted,10600.00,EUR,1,0,Price / budget,,,,2026-02-21
006O0004008,Kestwave - Expansion,001A005911,Expansion,Account Management,005A0002,2026-08-22,2026-11-03,4 - Proposal,Commit,4800.00,EUR,0,0,,,,Follow up,2026-09-01
006O0004009,Mosadata - Expansion,001A005089,Expansion,Account Management,005A0020,2026-07-30,2026-09-23,4 - Proposal,Commit,4300.00,EUR,0,0,,,,,2026-09-21
006O0004010,Halovik - Expansion,001A007245,Expansion,Account Management,005A0015,2026-08-04,2026-08-25,Closed Won,Closed,,USD,1,1,,Zapier,,,2026-08-26
006O0004011,Granworks - Expansion,001A005864,Expansion,Account Management,005A0014,2026-01-22,2026-02-03,Closed Won,Closed,9300.00,USD,1,1,,,,,2026-02-13
006O0004012,Granworks - Expansion,001A005864,Expansion,Account Management,005A0014,2026-05-20,2026-06-11,Closed Won,Closed,11200.00,USD,1,1,,,,,2026-06-15
006O0004013,Granmark - Expansion,001A002611,Expansion,Account Management,005A0023,2026-03-15,2026-04-21,Closed Won,Closed,31300.00,USD,1,1,,,,,2026-04-29
006O0004014,Granmark - Expansion,001A002611,Expansion,Account Management,005A0023,2026-09-03,2026-09-22,1 - Discovery,Pipeline,23700.00,USD,0,0,,,,Security questionnaire,2026-09-04
006O0004015,Astergrid - Expansion,001A005677,Expansion,Account Management,005A0023,2026-05-12,2026-05-31,Closed Lost,Omitted,16200.00,USD,1,0,Unresponsive,Custom scripts,,,2026-06-03
006O0004016,Granpoint - Expansion,001A002911,Expansion,Account Management,005A0017,2026-09-03,2026-09-24,2 - Qualification,Pipeline,18800.00,EUR,0,0,,,,,2026-09-18
006O0004017,Cobalpoint - Expansion,001A001286,Expansion,Account Management,005A0006,2026-07-28,2026-09-01,Closed Won,Closed,22800.00,EUR,1,1,,,,,2026-09-07
006O0004018,Terncore - Expansion,001A007018,Expansion,Account Management,005A0002,2026-07-03,2026-07-23,Closed Won,Closed,4900.00,EUR,1,1,,,,,2026-08-01
006O0004019,Umbralogic - Expansion,001D000022,Expansion,Account Management,005A0006,2026-07-11,2026-10-06,4 - Proposal,Best Case,20100.00,EUR,0,0,,,,Tech validation call,2026-08-19
006O0004020,Verastack - Expansion,001A004931,Expansion,Account Management,005A0021,2025-12-27,2026-01-09,Closed Won,Closed,9500.00,USD,1,1,,,,,2026-01-17
006O0004021,Verastack - Expansion,001A004931,Expansion,Account Management,005A0014,2026-05-25,2026-09-23,5 - Negotiation,Commit,4800.00,USD,0,0,,,,Follow up,2026-09-17
006O0004022,Fjelpath - Expansion,001A002289,Expansion,,005A0020,2026-04-13,2026-05-02,Closed Won,Closed,10000.00,EUR,1,1,,Tray.io,,,2026-05-07
006O0004023,Miramark - Expansion,001A007571,Expansion,Account Management,005A0015,2026-04-08,2026-06-25,Closed Lost,Omitted,11200.00,USD,1,0,Security / compliance review,,,,2026-06-26
006O0004024,Taladata - Expansion,001A006120,Expansion,Account Management,005A0024,2026-01-30,2026-04-26,Closed Lost,Omitted,3300.00,EUR,1,0,Other,Zapier,,,2026-04-28
006O0004025,Quarvik - Expansion,001A002393,Expansion,Account Management,005A0024,2025-12-26,2026-01-16,Closed Won,Closed,6500.00,EUR,1,1,,,,,2026-01-17
006O0004026,Quarvik - Expansion,001A002393,Expansion,Account Management,005A0002,2026-05-08,2026-09-28,1 - Discovery,Pipeline,9600.00,EUR,0,0,,Power Automate,,Security questionnaire,2026-09-20
006O0004027,Mosalabs - Expansion,001A007015,Expansion,Account Management,005A0015,2026-03-16,2026-04-09,Closed Won,Closed,22700.00,USD,1,1,,,,,2026-04-10
006O0004028,Mosalabs - Expansion,001A007015,Expansion,Account Management,005A0015,2026-07-12,2026-09-13,Closed Won,Closed,30900.00,USD,1,1,,,,,2026-09-21
006O0004029,Solvfield - Expansion,001A005853,Expansion,Account Management,005A0004,2026-03-14,2026-04-26,Closed Won,Closed,7500.00,GBP,1,1,,Make,,,2026-05-03
006O0004030,Junogrid - Expansion,001A005912,Expansion,Account Management,005A0006,2026-04-27,2026-06-25,Closed Won,Closed,22300.00,EUR,1,1,,Power Automate,,,2026-06-28
006O0004031,Xenopath - Expansion,001A008970,Expansion,Account Management,005A0016,2026-03-29,2026-09-08,Closed Lost,Omitted,14700.00,USD,1,0,Missing feature / integration,,,,2026-09-10
006O0004032,Brampath - Expansion,001A005146,Expansion,Account Management,005A0015,2026-03-10,2026-04-04,Closed Won,Closed,6100.00,USD,1,1,,,,,2026-04-13
006O0004033,Brampath - Expansion,001A005146,Expansion,Account Management,005A0019,2026-08-06,2026-12-06,5 - Negotiation,Commit,25200.00,USD,0,0,,Make,,,2026-09-21
006O0004034,Cirafield - Expansion,001A002060,Expansion,,005A0015,2026-07-06,2026-07-25,Closed Won,Closed,0.00,USD,1,1,,,,,2026-08-02
006O0004035,Lumoflow - Expansion,001A001151,Expansion,Account Management,005A0016,2026-01-16,2026-02-23,Closed Lost,Omitted,5600.00,USD,1,0,Timing,Make,,,2026-02-28
006O0004036,Solvvik - Expansion,001A001698,Expansion,Account Management,005A0015,2026-07-13,2026-09-03,Closed Won,Closed,6000.00,USD,1,1,,,,,2026-09-05
006O0004037,Halovik - Expansion,001A003683,Expansion,Account Management,005A0006,2026-03-13,2026-04-25,Closed Lost,Omitted,11700.00,EUR,1,0,Competitor - Zapier,,,,2026-05-01
006O0004038,Fjeldata - Expansion,001A006153,Expansion,Account Management,005A0005,2026-07-08,2026-07-28,Closed Won,Closed,8200.00,GBP,1,1,,,,,2026-07-29
006O0004039,Altosys - Expansion,001A008771,Expansion,Account Management,005A0015,2026-02-18,2026-03-20,Closed Won,Closed,15000.00,USD,1,1,,,,,2026-03-23
006O0004040,Fjellogic - Expansion,001A005997,Expansion,Account Management,005A0014,2026-01-13,2026-02-02,Closed Won,Closed,5800.00,USD,1,1,,,,,2026-02-06
006O0004041,Quarpath - Expansion,001A002111,Expansion,Account Management,005A0006,2026-04-23,2026-07-03,Closed Won,Closed,5900.00,EUR,1,1,,,,,2026-07-10
006O0004042,Miracore - Expansion,001A000964,Expansion,Account Management,005A0015,2026-08-27,2026-10-08,5 - Negotiation,Commit,5500.00,USD,0,0,,Zapier,,Legal review,2026-09-21
006O0004043,Wendgrid - Expansion,001A005939,Expansion,Account Management,005A0018,2026-05-25,2026-06-10,Closed Won,Closed,11000.00,USD,1,1,,,,,2026-06-10
006O0004044,Runelogic - Expansion,001A001075,Expansion,Account Management,005A0010,2026-05-04,2026-07-31,Closed Lost,Omitted,3000.00,EUR,1,0,Champion left,,,,2026-08-04
006O0004045,Fjelvik - Expansion,001A003944,Expansion,Account Management,005A0017,2026-08-31,2026-09-20,2 - Qualification,Pipeline,52900.00,EUR,0,0,,Zapier,,,2026-09-14
006O0004046,Bramwave - Expansion,001A006358,Expansion,Account Management,005A0006,2026-03-14,2026-05-18,Closed Won,Closed,6200.00,EUR,1,1,,,,,2026-05-19
006O0004047,Solvworks - Expansion,001A000921,Expansion,Account Management,005A0023,2026-07-18,2026-08-20,Closed Won,Closed,12100.00,USD,1,1,,,,,2026-08-23
006O0004048,Sellaworks - Expansion,001A004237,Expansion,Account Management,005A0016,2026-04-22,2026-07-02,Closed Won,Closed,22100.00,USD,1,1,,,,,2026-07-09
006O0004049,Valistack - Expansion,001A007465,Expansion,Account Management,005A0000,2026-03-22,2026-05-22,Closed Lost,Omitted,51400.00,EUR,1,0,Security / compliance review,,,,2026-05-27
006O0004050,Valistack - Expansion,001A007465,Expansion,Account Management,005A0022,2026-09-14,2026-11-05,1 - Discovery,Pipeline,45000.00,EUR,0,0,,Zapier,,Send proposal,2026-09-15
006O0004051,Halotech - Expansion,001A006482,Expansion,Account Management,005A0016,2026-03-08,2026-07-23,Closed Lost,Omitted,11700.00,USD,1,0,Chose self-hosted Community edition,,,,2026-07-24
006O0004052,Wendcore - Expansion,001A006944,Expansion,Account Management,005A0006,2026-07-25,2026-08-12,Closed Lost,Omitted,25700.00,EUR,1,0,Champion left,,,,2026-08-19
006O0004053,Korafield - Expansion,001A007798,Expansion,Account Management,005A0008,2026-02-17,2026-03-06,Closed Won,Closed,9900.00,EUR,1,1,,Make,,,2026-03-12
006O0004054,Korafield - Expansion,001A007798,Expansion,Account Management,005A0008,2026-07-19,2026-07-31,Closed Won,Closed,6300.00,EUR,1,1,,Make,,,2026-08-04
006O0004055,Nexawave - Expansion,001A000838,Expansion,Account Management,005A0009,2026-09-20,2026-10-25,1 - Discovery,Pipeline,12200.00,EUR,0,0,,,,,2026-09-21
006O0004056,Asterline - Expansion,001A000018,Expansion,Account Management,005A0014,2026-04-06,2026-07-26,Closed Lost,Omitted,8200.00,USD,1,0,Competitor - Workato,,,,2026-07-30
006O0004057,Talaware - Expansion,001A004582,Expansion,Account Management,005A0018,2026-03-14,2026-04-27,Closed Won,Closed,8600.00,USD,1,1,,Zapier,,,2026-04-28
006O0004058,Pirapoint - Expansion,001A001486,Expansion,Account Management,005A0015,2026-04-23,2026-10-06,3 - Technical Validation,Best Case,10300.00,USD,0,0,,,,Tech validation call,2026-09-09
006O0004059,Cirapoint - Expansion,001A005899,Expansion,Account Management,005A0017,2026-03-20,2026-04-27,Closed Won,Closed,12800.00,EUR,1,1,,,,,2026-05-04
006O0004060,Cirapoint - Expansion,001A005899,Expansion,Account Management,005A0017,2026-08-22,2026-09-23,3 - Technical Validation,Commit,10700.00,EUR,0,0,,Zapier,,Legal review,2026-09-12
006O0004061,Runetech - Expansion,001A005007,Expansion,Account Management,005A0012,2026-06-18,2026-08-16,Closed Won,Closed,18400.00,USD,1,1,,,,,2026-08-17
006O0004062,Ternlabs - Expansion,001A001571,Expansion,Account Management,005A0014,2026-03-20,2026-04-14,Closed Won,Closed,3500.00,USD,1,1,,,,,2026-04-18
006O0004063,Talapoint - Expansion,001A000959,Expansion,Account Management,005A0008,2026-07-13,2026-08-02,Closed Won,Closed,3200.00,EUR,1,1,,Custom scripts,,,2026-08-07
006O0004064,Boreasys - Expansion,001A004192,Expansion,Account Management,005A0006,2026-07-18,2026-09-09,Closed Lost,Omitted,7700.00,EUR,1,0,Price / budget,,,,2026-09-11
006O0004065,Sellagrid - Expansion,001A008909,Expansion,Account Management,005A0005,2026-08-27,2026-09-10,Closed Lost,Omitted,3200.00,GBP,1,0,Champion left,Zapier,,,2026-09-17
006O0004066,Wendpoint - Expansion,001A003559,Expansion,,005A0008,2026-08-25,2026-10-20,5 - Negotiation,Commit,11800.00,EUR,0,0,,Power Automate,,Send proposal,2026-09-20
006O0004067,Oriomark - Expansion,001A000049,Expansion,Account Management,005A0002,2026-07-16,2026-07-31,Closed Won,Closed,6700.00,EUR,1,1,,Zapier,,,2026-08-02
006O0004068,Ciratech - Expansion,001A005585,Expansion,Account Management,005A0015,2026-06-13,2026-07-28,Closed Won,Closed,72800.00,USD,1,1,,Zapier,,,2026-08-04
006O0004069,Cobalware - Expansion,001A000801,Expansion,Account Management,005A0010,2026-02-07,2026-02-28,Closed Won,Closed,0.00,EUR,1,1,,Make,,,2026-03-09
006O0004070,Miraware - Expansion,001A002635,Expansion,Account Management,005A0010,2026-06-21,2026-07-13,Closed Won,Closed,3000.00,EUR,1,1,,,,,2026-07-14
006O0004071,Vexwave - Expansion,001A002246,Expansion,Account Management,005A0005,2026-06-15,2026-07-11,Closed Won,Closed,3200.00,GBP,1,1,,Custom scripts,,,2026-07-15
006O0004072,Deltavik - Expansion,001A008400,Expansion,Account Management,005A0006,2026-08-05,2026-10-06,3 - Technical Validation,Best Case,15700.00,EUR,0,0,,,,Follow up,2026-09-10
006O0004073,Altocore - Expansion,001A001824,Expansion,Account Management,005A0014,2026-02-18,2026-02-25,Closed Won,Closed,6800.00,USD,1,1,,,,,2026-03-02
006O0004074,Altocore - Expansion,001A001824,Expansion,Account Management,005A0014,2026-08-13,2026-09-01,Closed Won,Closed,1900.00,USD,1,1,,,,,2026-09-07
006O0004075,Ciraworks - Expansion,001A001524,Expansion,Account Management,005A0014,2026-05-11,2026-05-28,Closed Won,Closed,4700.00,USD,1,1,,Custom scripts,,,2026-05-30
006O0004076,Runepath - Expansion,001A007989,Expansion,,005A0014,2026-08-19,2026-09-13,Closed Won,Closed,5300.00,USD,1,1,,Power Automate,,,2026-09-21
006O0004077,Oriomark - Expansion,001A008532,Expansion,Account Management,005A0005,2026-05-27,2026-07-24,Closed Lost,Omitted,3500.00,GBP,1,0,Security / compliance review,,,,2026-08-01
006O0004078,Veraworks - Expansion,001A001894,Expansion,Account Management,005A0010,2026-04-21,2026-05-19,Closed Won,Closed,5900.00,EUR,1,1,,Power Automate,,,2026-05-28
006O0004079,Veranet - Expansion,001A003704,Expansion,Account Management,005A0024,2026-03-09,2026-04-24,Closed Won,Closed,4600.00,EUR,1,1,,,,,2026-04-25
006O0004080,Veranet - Expansion,001A003704,Expansion,Account Management,005A0002,2026-08-28,2026-09-14,Closed Won,Closed,4700.00,EUR,1,1,,Zapier,,,2026-09-18
006O0004081,Ternvik - Expansion,001A004505,Expansion,Account Management,005A0008,2026-09-02,2026-09-14,2 - Qualification,Pipeline,4300.00,EUR,0,0,,,,Tech validation call,2026-09-12
006O0004082,Halogrid - Expansion,001A001794,Expansion,Account Management,005A0015,2026-09-16,2026-10-16,2 - Qualification,Pipeline,22300.00,USD,0,0,,,,,2026-09-21
006O0004083,Nordpath - Expansion,001A002901,Expansion,Account Management,005A0015,2026-04-16,2026-09-17,Closed Lost,Omitted,20000.00,USD,1,0,No decision / status quo,,,,2026-09-21
006O0004084,Runeworks - Expansion,001A001475,Expansion,Account Management,005A0008,2026-09-08,2026-09-26,4 - Proposal,Best Case,,EUR,0,0,,Custom scripts,,,2026-09-20
006O0004085,Yaranet - Expansion,001A008298,Expansion,Account Management,005A0024,2026-05-05,2026-06-15,Closed Lost,Omitted,6100.00,EUR,1,0,Chose self-hosted Community edition,Zapier,,,2026-06-17
006O0004086,Oriostack - Expansion,001A003695,Expansion,Account Management,005A0010,2026-03-20,2026-04-04,Closed Lost,Omitted,12800.00,EUR,1,0,Timing,,,,2026-04-14
006O0004087,Brioworks - Expansion,001A005172,Expansion,Account Management,005A0018,2026-06-14,2026-09-01,Closed Lost,Omitted,16800.00,USD,1,0,Price / budget,,,,2026-09-03
006O0004088,Zephlogic - Expansion,001A008678,Expansion,Account Management,005A0023,2026-06-05,2026-10-15,4 - Proposal,Best Case,14900.00,USD,0,0,,Custom scripts,,Security questionnaire,2026-07-30
006O0004089,Asterstack - Expansion,001A001887,Expansion,Account Management,005A0024,2026-09-01,2026-09-15,Closed Won,Closed,9500.00,EUR,1,1,,Make,,,2026-09-21
006O0004090,Runeworks - Expansion,001A007897,Expansion,Account Management,005A0022,2026-06-25,2026-07-09,Closed Lost,Omitted,22500.00,EUR,1,0,Competitor - Make,,,,2026-07-15
006O0004091,Solvtech - Expansion,001A008288,Expansion,Account Management,005A0009,2026-08-27,2026-10-01,1 - Discovery,Pipeline,17200.00,EUR,0,0,,,,Legal review,2026-08-29
006O0004092,Kestlabs - Expansion,001A005686,Expansion,Account Management,005A0002,2026-04-26,2026-08-20,Closed Lost,Omitted,2600.00,EUR,1,0,Champion left,,,,2026-08-21
006O0004093,Yarafield - Expansion,001A004881,Expansion,Account Management,005A0014,2026-06-02,2026-07-15,Closed Lost,Omitted,4300.00,USD,1,0,Price / budget,,,,2026-07-19
006O0004094,Orioflow - Expansion,001A007372,Expansion,Account Management,005A0008,2026-04-14,2026-04-23,Closed Lost,Omitted,9300.00,EUR,1,0,Security / compliance review,,,,2026-04-28
006O0004095,Evobridge - Expansion,001A006055,Expansion,Account Management,005A0024,2026-06-25,2026-09-02,Closed Lost,Omitted,4400.00,EUR,1,0,,Make,,,2026-09-04
006O0004096,Solvgrid - Expansion,001A008275,Expansion,Account Management,005A0008,2026-09-19,2026-10-05,1 - Discovery,Pipeline,4100.00,EUR,0,0,,Workato,,Tech validation call,2026-09-21
006O0004097,Cobaldata - Expansion,001A005277,Expansion,Account Management,005A0014,2026-03-27,2026-04-19,Closed Won,Closed,6000.00,USD,1,1,,,,,2026-04-28
006O0004098,Boreaflow - Expansion,001A000119,Expansion,Account Management,005A0014,2026-06-12,2026-07-14,Closed Won,Closed,8800.00,USD,1,1,,,,,2026-07-23
006O0004099,Boreaflow - Expansion,001A000126,Expansion,Account Management,005A0010,2026-04-02,2026-06-29,Closed Lost,Omitted,3600.00,EUR,1,0,Competitor - Workato,Tray.io,,,2026-07-03
006O0004100,Sellawave - Expansion,001A006989,Expansion,Account Management,005A0024,2026-04-26,2026-06-01,Closed Won,Closed,5600.00,EUR,1,1,,Zapier,,,2026-06-10
006O0004101,Yaraworks - Expansion,001A008428,Expansion,Account Management,005A0015,2026-05-25,2026-06-17,Closed Won,Closed,5700.00,USD,1,1,,Zapier,,,2026-06-18
006O0004102,Terntech - Expansion,001A002855,Expansion,Account Management,005A0015,2026-05-16,2026-06-10,Closed Won,Closed,16100.00,USD,1,1,,,,,2026-06-12
006O0004103,Solvbridge - Expansion,001A001145,Expansion,Account Management,005A0010,2026-05-01,2026-05-27,Closed Won,Closed,4600.00,EUR,1,1,,Workato,,,2026-05-30
006O0004104,Bramline - Expansion,001A000421,Expansion,Account Management,005A0024,2026-05-25,2026-06-13,Closed Won,Closed,3600.00,EUR,1,1,,,,,2026-06-22
006O0004105,Bramtech - Expansion,001A005368,Expansion,Account Management,005A0023,2026-09-13,2026-10-05,1 - Discovery,Pipeline,9600.00,USD,0,0,,Make,,Security questionnaire,2026-09-19
006O0004106,Ciravik - Expansion,001A005468,Expansion,Account Management,005A0006,2026-04-14,2026-05-26,Closed Won,Closed,23600.00,EUR,1,1,,,,,2026-06-04
006O0004107,Zephfield - Expansion,001A005235,Expansion,Account Management,005A0014,2026-05-24,2026-07-02,Closed Won,Closed,6700.00,USD,1,1,,,,,2026-07-08
006O0004108,Asterstack - Expansion,001A003489,Expansion,Account Management,005A0006,2026-06-20,2026-08-28,Closed Won,Closed,19700.00,EUR,1,1,,,,,2026-09-05
006O0004109,Umbrafield - Expansion,001A008002,Expansion,,005A0005,2026-04-13,2026-05-06,Closed Won,Closed,5800.00,GBP,1,1,,Tray.io,,,2026-05-06
006O0004110,Runeflow - Expansion,001A000266,Expansion,Account Management,005A0003,2026-06-12,2026-07-28,Closed Won,Closed,84700.00,GBP,1,1,,,,,2026-08-03
006O0004111,Quarmark - Expansion,001A006196,Expansion,Account Management,005A0023,2026-05-15,2026-06-16,Closed Won,Closed,12300.00,USD,1,1,,,,,2026-06-26
006O0004112,Bramfield - Expansion,001A008752,Expansion,Account Management,005A0014,2026-04-24,2026-05-21,Closed Won,Closed,5900.00,USD,1,1,,,,,2026-05-28
006O0004113,Deltavik - Expansion,001A000793,Expansion,Account Management,005A0002,2026-08-28,2026-09-24,5 - Negotiation,Commit,5300.00,EUR,0,0,,,,Security questionnaire,2026-09-18
006O0004114,Quartech - Expansion,001A005954,Expansion,Account Management,005A0009,2026-06-18,2026-09-28,4 - Proposal,Commit,21000.00,EUR,0,0,,,,Legal review,2026-07-25
006O0004115,Solvpoint - Expansion,001A004845,Expansion,Account Management,005A0020,2026-07-14,2026-08-28,Closed Won,Closed,6500.00,EUR,1,1,,,,,2026-09-07
006O0004116,Umbraworks - Expansion,001A005445,Expansion,Account Management,005A0005,2026-04-28,2026-05-19,Closed Won,Closed,4500.00,GBP,1,1,,,,,2026-05-27
006O0004117,Umbraworks - Expansion,001A005445,Expansion,Account Management,005A0005,2026-09-11,2026-10-01,3 - Technical Validation,Commit,12300.00,GBP,0,0,,,,Tech validation call,2026-09-21
006O0004118,Nordsys - Expansion,001A004100,Expansion,Account Management,005A0005,2026-08-14,2026-09-08,Closed Won,Closed,2800.00,EUR,1,1,,,,,2026-09-17
006O0004119,Yarastack - Expansion,001A006266,Expansion,Account Management,005A0017,2026-09-15,2026-10-07,1 - Discovery,Pipeline,25400.00,EUR,0,0,,Tray.io,,Send proposal,2026-09-21
006O0004120,Norddata - Expansion,001A007921,Expansion,Account Management,005A0006,2026-07-07,2026-10-08,2 - Qualification,Pipeline,14800.00,EUR,0,0,,,,Follow up,2026-08-25
006O0004121,Quarstack - Expansion,001A003710,Expansion,Account Management,005A0016,2026-09-20,2026-10-17,1 - Discovery,Pipeline,19400.00,USD,0,0,,Custom scripts,,Send proposal,2026-09-21
006O0004122,Veragrid - Expansion,001A000534,Expansion,Account Management,005A0000,2026-06-14,2026-08-29,Closed Won,Closed,73300.00,EUR,1,1,,,,,2026-09-03
006O0004123,Asterware - Expansion,001A000174,Expansion,Account Management,005A0017,2026-08-20,2026-10-09,2 - Qualification,Pipeline,6900.00,EUR,0,0,,,,Security questionnaire,2026-09-19
006O0004124,Fjelpath - Expansion,001A004355,Expansion,Account Management,005A0023,2026-06-21,2026-08-30,Closed Lost,Omitted,32400.00,USD,1,0,Unresponsive,,,,2026-09-06
006O0004125,Yaraflow - Expansion,001A002634,Expansion,Account Management,005A0008,2026-05-31,2026-09-17,Closed Lost,Omitted,4400.00,EUR,1,0,No decision / status quo,,,,2026-09-21
006O0004126,Ivennet - Expansion,001A008906,Expansion,Account Management,005A0009,2026-07-26,2026-09-07,Closed Won,Closed,8900.00,EUR,1,1,,,,,2026-09-14
006O0004127,Halofield - Expansion,001A000059,Expansion,Account Management,005A0017,2026-05-23,2026-08-06,Closed Lost,Omitted,11800.00,EUR,1,0,Price / budget,,,,2026-08-09
006O0004128,Briologic - Expansion,001A006419,Expansion,Account Management,005A0014,2026-04-16,2026-05-01,Closed Won,Closed,2200.00,USD,1,1,,Zapier,,,2026-05-04
006O0004129,Evoware - Expansion,001A007329,Expansion,Account Management,005A0010,2026-06-19,2026-07-22,Closed Lost,Omitted,6900.00,EUR,1,0,Competitor - Make,Make,,,2026-07-24
006O0004130,Yaraflow - Expansion,001A005872,Expansion,Account Management,005A0002,2026-07-31,2026-08-12,Closed Won,Closed,2300.00,EUR,1,1,,Workato,,,2026-08-22
006O0004131,Lumolabs - Expansion,001A007861,Expansion,Account Management,005A0017,2026-07-31,2026-08-26,Closed Won,Closed,11200.00,EUR,1,1,,,,,2026-08-28
006O0004132,Runepoint - Expansion,001A005299,Expansion,Account Management,005A0017,2026-07-29,2026-08-20,Closed Lost,Omitted,11100.00,EUR,1,0,Timing,,,,2026-08-22
006O0004133,Ternpoint - Expansion,001A006116,Expansion,Account Management,005A0006,2026-06-29,2026-09-17,3 - Technical Validation,Best Case,19300.00,EUR,0,0,,Power Automate,,Tech validation call,2026-09-19
006O0004134,Lumofield - Expansion,001A000152,Expansion,,005A0017,2026-06-22,2026-09-08,Closed Won,Closed,11800.00,EUR,1,1,,Zapier,,,2026-09-12
006O0004135,Strastack - Expansion,001A001157,Expansion,Account Management,005A0002,2026-08-29,2026-09-11,5 - Negotiation,Commit,3300.00,EUR,0,0,,,,Follow up,2026-09-13
006O0004136,Ternstack - Expansion,001A005185,Expansion,Account Management,005A0016,2026-07-01,2026-08-13,Closed Lost,Omitted,26400.00,USD,1,0,Competitor - Zapier,,,,2026-08-17
006O0004137,Grandata - Expansion,001A002500,Expansion,Account Management,005A0017,2026-06-20,2026-08-16,Closed Lost,Omitted,14500.00,EUR,1,0,Missing feature / integration,,,,2026-08-20
006O0004138,Junogrid - Expansion,001A001731,Expansion,Account Management,005A0017,2026-08-02,2026-08-13,Closed Lost,Omitted,9300.00,EUR,1,0,Unresponsive,,,,2026-08-18
006O0004139,Ciralabs - Expansion,001A003946,Expansion,Account Management,005A0003,2026-09-18,2026-10-30,1 - Discovery,Pipeline,17800.00,GBP,0,0,,,,,2026-09-21
006O0004140,Ternfield - Expansion,001A001091,Expansion,Account Management,005A0014,2026-05-14,2026-05-25,Closed Won,Closed,6200.00,USD,1,1,,,,,2026-06-02
006O0004141,Oriovik - Expansion,001A007583,Expansion,Account Management,005A0018,2026-06-11,2026-07-24,Closed Won,Closed,10300.00,USD,1,1,,,,,2026-08-03
006O0004142,Veraworks - Expansion,001A002323,Expansion,Account Management,005A0024,2026-07-02,2026-07-27,Closed Lost,Omitted,10900.00,EUR,1,0,Unresponsive,Make,,,2026-08-05
006O0004143,Nordvik - Expansion,001A001497,Expansion,Account Management,005A0014,2026-08-26,2026-11-22,4 - Proposal,Best Case,7100.00,USD,0,0,,,,Security questionnaire,2026-09-21
006O0004144,Umbrafield - Expansion,001A008204,Expansion,Account Management,005A0020,2026-09-11,2026-10-10,2 - Qualification,Pipeline,36700.00,EUR,0,0,,Power Automate,,Tech validation call,2026-09-21
006O0004145,Solvgrid - Expansion,001A006722,Expansion,Account Management,005A0010,2026-07-15,2026-10-02,4 - Proposal,Best Case,3800.00,EUR,0,0,,,,Security questionnaire,2026-09-09
006O0004146,Solvdata - Expansion,001A006221,Expansion,Account Management,005A0004,2026-08-11,2026-09-05,Closed Lost,Omitted,5300.00,GBP,1,0,Competitor - Make,Make,,,2026-09-08
006O0004147,Orioware - Expansion,001A004560,Expansion,Account Management,005A0015,2026-06-26,2026-07-13,Closed Won,Closed,0.00,USD,1,1,,Make,,,2026-07-18
006O0004148,Cobalfield - Expansion,001A006415,Expansion,Account Management,005A0024,2026-07-09,2026-08-22,Closed Lost,Omitted,7600.00,EUR,1,0,Competitor - Zapier,Zapier,,,2026-08-22
006O0004149,Kestvik - Expansion,001A003785,Expansion,Account Management,005A0015,2026-07-23,2026-08-10,Closed Lost,Omitted,10800.00,USD,1,0,Competitor - Make,,,,2026-08-13
006O0004150,Sellagrid - Expansion,001A004815,Expansion,Account Management,005A0002,2026-07-09,2026-07-26,Closed Won,Closed,6000.00,EUR,1,1,,Zapier,,,2026-07-29
006O0004151,Cirapath - Expansion,001A006928,Expansion,Account Management,005A0010,2026-06-12,2026-07-11,Closed Won,Closed,3100.00,EUR,1,1,,Make,,,2026-07-18
006O0004152,Boreafield - Expansion,001A003904,Expansion,Account Management,005A0008,2026-05-23,2026-06-23,Closed Won,Closed,4500.00,EUR,1,1,,,,,2026-07-03
006O0004153,Mosalabs - Expansion,001A004069,Expansion,Account Management,005A0024,2026-08-19,2026-11-27,4 - Proposal,Commit,7600.00,EUR,0,0,,,,Send proposal,2026-09-17
006O0004154,Ternlogic - Expansion,001A008824,Expansion,Account Management,005A0016,2026-05-19,2026-06-18,Closed Won,Closed,6400.00,USD,1,1,,,,,2026-06-28
006O0004155,Lyrawave - Expansion,001A005729,Expansion,Account Management,005A0005,2026-05-16,2026-09-23,4 - Proposal,Commit,8800.00,EUR,0,0,,,,Follow up,2026-08-31
006O0004156,Stranet - Expansion,001A002580,Expansion,Account Management,005A0024,2026-08-30,2026-09-24,4 - Proposal,Best Case,2800.00,EUR,0,0,,,,Legal review,2026-09-21
006O0004157,Runemark - Expansion,001A008505,Expansion,Account Management,005A0005,2026-06-25,2026-07-12,Closed Won,Closed,3500.00,GBP,1,1,,,,,2026-07-14
006O0004158,Nordnet - Expansion,001A001191,Expansion,Account Management,005A0006,2026-08-04,2026-09-17,5 - Negotiation,Commit,17400.00,EUR,0,0,,Zapier,,,2026-09-18
006O0004159,Kestline - Expansion,001A005248,Expansion,Account Management,005A0024,2026-07-03,2026-07-18,Closed Won,Closed,4900.00,EUR,1,1,,,,,2026-07-22
006O0004160,Oriopoint - Expansion,001A000723,Expansion,Account Management,005A0015,2026-08-02,2026-08-28,Closed Won,Closed,6900.00,USD,1,1,,,,,2026-09-01
006O0004161,Deltalogic - Expansion,001A003495,Expansion,Account Management,005A0014,2026-07-20,2026-10-05,1 - Discovery,Pipeline,8000.00,USD,0,0,,Make,,Legal review,2026-09-12
006O0004162,Boreamark - Expansion,001A000420,Expansion,Account Management,005A0014,2026-08-12,2026-08-24,Closed Won,Closed,5300.00,USD,1,1,,Power Automate,,,2026-08-31
006O0004163,Opaltech - Expansion,001A006466,Expansion,Account Management,005A0020,2026-08-19,2026-09-20,4 - Proposal,Commit,12300.00,GBP,0,0,,,,Security questionnaire,2026-09-17
006O0004164,Miranet - Expansion,001A005419,Expansion,Account Management,005A0010,2026-08-28,2026-10-11,5 - Negotiation,Commit,2300.00,EUR,0,0,,Zapier,,,2026-09-21
006O0004165,Lyravik - Expansion,001A002491,Expansion,Account Management,005A0008,2026-07-24,2026-08-18,Closed Won,Closed,3600.00,EUR,1,1,,,,,2026-08-26
006O0004166,Norddata - Expansion,001A000078,Expansion,Account Management,005A0008,2026-06-06,2026-06-27,Closed Won,Closed,3600.00,EUR,1,1,,Make,,,2026-06-30
006O0004167,Runestack - Expansion,001A002506,Expansion,Account Management,005A0015,2026-05-27,2026-06-20,Closed Won,Closed,14400.00,USD,1,1,,,,,2026-06-22
006O0004168,Lumopath - Expansion,001A005211,Expansion,Account Management,005A0004,2026-09-15,2026-10-16,1 - Discovery,Pipeline,33600.00,GBP,0,0,,,,Security questionnaire,2026-09-21
006O0004169,Ternworks - Expansion,001D000097,Expansion,Account Management,005A0008,2026-07-19,2026-08-08,Closed Won,Closed,7200.00,EUR,1,1,,Zapier,,,2026-08-14
006O0004170,Fjelpath - Expansion,001A008592,Expansion,Account Management,005A0016,2026-09-14,2026-10-27,1 - Discovery,Pipeline,12600.00,USD,0,0,,,,Legal review,2026-09-16
006O0004171,Oriomark - Expansion,001A008296,Expansion,Account Management,005A0023,2026-07-29,2026-08-27,Closed Won,Closed,59100.00,USD,1,1,,,,,2026-09-06
006O0004172,Brammark - Expansion,001A004648,Expansion,Account Management,005A0010,2026-08-22,2026-09-17,Closed Lost,Omitted,5800.00,EUR,1,0,No decision / status quo,Power Automate,,,2026-09-21
006O0004173,Yaralabs - Expansion,001A006987,Expansion,Account Management,005A0002,2026-09-08,2026-09-28,4 - Proposal,Commit,3100.00,EUR,0,0,,,,Tech validation call,2026-09-21
006O0004174,Valiworks - Expansion,001A005443,Expansion,Account Management,005A0014,2026-09-06,2026-09-18,Closed Won,Closed,3300.00,USD,1,1,,,,,2026-09-21
006O0004175,Cirastack - Expansion,001A008816,Expansion,Account Management,005A0014,2026-08-12,2026-08-22,Closed Won,Closed,2600.00,USD,1,1,,Make,,,2026-08-30
006O0004176,Orioflow - Expansion,001A007469,Expansion,Account Management,005A0018,2026-08-29,2026-09-26,2 - Qualification,Pipeline,7000.00,USD,0,0,,Make,,Tech validation call,2026-09-12
006O0004177,Xenostack - Expansion,001A008833,Expansion,Account Management,005A0023,2026-08-11,2026-11-12,5 - Negotiation,Commit,9100.00,USD,0,0,,Power Automate,,,2026-09-21
006O0004178,Ivencore - Expansion,001A001292,Expansion,Account Management,005A0006,2026-08-15,2026-09-24,2 - Qualification,Pipeline,9600.00,EUR,0,0,,Zapier,,Tech validation call,2026-09-07
006O0004179,Fjeltech - Expansion,001A007732,Expansion,Account Management,005A0009,2026-09-03,2026-09-25,2 - Qualification,Pipeline,26700.00,EUR,0,0,,,,,2026-09-15
006O0004180,Koramark - Expansion,001A003793,Expansion,Account Management,005A0017,2026-09-18,2026-10-20,1 - Discovery,Pipeline,3200.00,EUR,0,0,,,,Send proposal,2026-09-21
006O0004181,Lyrapoint - Expansion,001A005998,Expansion,Account Management,005A0018,2026-09-11,2026-09-29,2 - Qualification,Pipeline,0.00,USD,0,0,,,,Security questionnaire,2026-09-21
006O0004182,Verasys - Expansion,001A002105,Expansion,Account Management,005A0023,2026-08-22,2026-09-17,2 - Qualification,Pipeline,24100.00,USD,0,0,,,,Legal review,2026-08-28
006O0004183,Brammark - Expansion,001A007022,Expansion,Account Management,005A0009,2026-09-01,2026-10-04,3 - Technical Validation,Best Case,28500.00,EUR,0,0,,Make,,Send proposal,2026-09-12
006O0004184,Xenodata - Expansion,001A008251,Expansion,Account Management,005A0024,2026-09-13,2026-09-28,2 - Qualification,Pipeline,4600.00,EUR,0,0,,,,,2026-09-19
006O0004185,Ciranet - Expansion,001A001823,Expansion,Account Management,005A0014,2026-09-02,2026-09-28,3 - Technical Validation,Best Case,7600.00,USD,0,0,,,,Follow up,2026-09-18
006O0004186,Briopath - Expansion,001A007175,Expansion,Account Management,005A0024,2026-08-14,2026-09-29,3 - Technical Validation,Best Case,3000.00,EUR,0,0,,,,Send proposal,2026-09-16
006O0004187,Fjelsys - Expansion,001A002211,Expansion,Account Management,005A0010,2026-08-05,2026-08-31,Closed Won,Closed,4400.00,EUR,1,1,,,,,2026-09-01
006O0004188,Junotech - Expansion,001A001108,Expansion,Account Management,005A0015,2026-09-16,2026-10-06,1 - Discovery,Pipeline,14800.00,USD,0,0,,,,Send proposal,2026-09-21
006O0004189,Solvworks - Expansion,001A004019,Expansion,Account Management,005A0014,2026-07-13,2026-10-04,3 - Technical Validation,Best Case,5500.00,USD,0,0,,,,Follow up,2026-09-08
006O0004190,Cobalcore - Expansion,001A003870,Expansion,Account Management,005A0006,2026-08-18,2026-09-03,Closed Lost,Omitted,12100.00,EUR,1,0,Timing,,,,2026-09-09
006O0004191,Brampoint - Expansion,001A004297,Expansion,Account Management,005A0023,2026-09-10,2026-09-28,1 - Discovery,Pipeline,28800.00,USD,0,0,,,,Tech validation call,2026-09-18
006O0004192,Runewave - Expansion,001A002927,Expansion,Account Management,005A0023,2026-08-10,2026-08-20,Closed Lost,Omitted,32200.00,USD,1,0,,,,,2026-08-26
006O0004193,Cirawave - Expansion,001A007517,Expansion,Account Management,005A0018,2026-08-21,2026-09-20,2 - Qualification,Pipeline,10300.00,USD,0,0,,,,,2026-09-10
006O0004194,Lyrasys - Expansion,001A007183,Expansion,Account Management,005A0010,2026-09-15,2026-10-01,1 - Discovery,Pipeline,3500.00,EUR,0,0,,,,Security questionnaire,2026-09-18
006O0004195,Zephgrid - Expansion,001A003876,Expansion,Account Management,005A0024,2026-08-09,2026-09-01,Closed Won,Closed,3200.00,EUR,1,1,,,,,2026-09-10
006O0004196,Mosasys - Expansion,001A005780,Expansion,Account Management,005A0015,2026-08-13,2026-09-15,Closed Lost,Omitted,15500.00,USD,1,0,No decision / status quo,Workato,,,2026-09-18
006O0004197,Yaraware - Expansion,001A004627,Expansion,Account Management,005A0010,2026-08-23,2026-09-08,Closed Lost,Omitted,4000.00,EUR,1,0,Competitor - Make,,,,2026-09-12
006O0004198,Asterlogic - Expansion,001A004634,Expansion,Account Management,005A0023,2026-09-05,2026-09-21,4 - Proposal,Best Case,11900.00,USD,0,0,,Zapier,,Tech validation call,2026-09-21
006O0004199,Xenoflow - Expansion,001A002130,Expansion,Account Management,005A0004,2026-09-07,2026-10-04,2 - Qualification,Pipeline,10600.00,GBP,0,0,,,,Legal review,2026-09-18
